t_s,t_us,x1_um,x2_um,Vout_mV,ER_J,energy_residual_J,tip_overlap_nm
0.0,0.0,13.860000000000001,13.680000000000001,0.0,0.0,0.0,-29.999999999999712
2.5e-7,0.25,13.860992524048434,13.681586215680813,1.5828042966139089,4.2135417942105067e-19,3.4363389527175126e-21,-28.41378431918874
5.0e-7,0.5,13.861970340610414,13.684235200462846,4.102526604479326,5.313757647889465e-18,2.032770606929119e-21,-25.76479953715582
7.5e-7,0.75,13.862933850011814,13.687791560092124,7.378610713970398,2.5078752768141238e-17,3.0063629956975996e-21,-22.208439907877217
1.0e-6,1.0,13.863883493002538,13.69211078118531,11.264569268592123,7.704737865679709e-17,5.189432481486317e-21,-17.889218814690615
1.25e-6,1.25,13.864819750036657,13.697056234135385,15.637612650853894,1.8512044430550496e-16,6.875606838691028e-21,-12.943765864616248
1.5e-6,1.5,13.865743145620634,13.702494792972136,20.387683486114376,3.78790944757752e-16,1.6666095566235923e-20,-7.5052070278659775
1.75e-6,1.75,13.866654247899698,13.708294422680826,25.405334427525087,6.916235501866376e-16,7.701028884648813e-21,-1.7055773191752788
2.0e-6,2.0,13.867553688501005,13.714315768623713,30.4719985655007,1.1580650382049955e-15,8.396173215303765e-21,4.315768623712422
2.25e-6,2.25,13.868442689505184,13.720244371918769,35.02781446428051,1.8001829062727796e-15,7.252283402338796e-21,10.244371918767788
2.5e-6,2.5,13.869323140323385,13.725574384614186,38.49460091711054,2.6100575604019208e-15,6.12659237064356e-21,15.574384614184167
2.75e-6,2.75,13.870196711367752,13.72988977693326,40.48377179157445,3.5446446842418245e-15,1.5609925672292788e-20,19.889776933260674
3.0e-6,3.0,13.871064325554533,13.733017313351704,40.92420984597709,4.536858822938052e-15,-2.399454501620852e-20,23.017313351703375
3.25e-6,3.25,13.871926113511986,13.73502280304697,40.024501569665475,5.516736788317941e-15,-2.732470307651312e-20,25.022803046969248
3.5e-6,3.5,13.872781684233452,13.73611303802247,38.13496031050356,6.429089198282949e-15,-4.055006737562013e-20,26.11303802246895
3.75e-6,3.75,13.873630437680237,13.736533019983789,35.61888013025029,7.240556719314608e-15,-4.225602722260845e-20,26.533019983788222
4.0e-6,4.0,13.874471769484403,13.736503757150151,32.78157113041198,7.937836941449237e-15,-4.4935656198754106e-20,26.503757150149774
4.25e-6,4.25,13.875305159904652,13.736199544878229,29.84991092385784,8.522015141108565e-15,-4.255629216937806e-20,26.199544878228213
4.5e-6,4.5,13.876130192829747,13.735747671167347,26.978662154278467,9.002669578843435e-15,-4.3783085028325165e-20,25.74767116734602
4.75e-6,4.75,13.876946545329405,13.735236557287372,24.265626381791034,9.393315857488886e-15,-4.2653744385294466e-20,25.236557287371742
5.0e-6,5.0,13.877753969693163,13.73472511808834,21.7668691871188,9.708422062691422e-15,-4.258552944974012e-20,24.725118088339403
5.25e-6,5.25,13.878552276646792,13.734250713022174,19.509102225709928,9.961696598146207e-15,-4.2394856240610975e-20,24.250713022172956
5.5e-6,5.5,13.879341321965537,13.733835210732837,17.498938235120914,1.0165254209412469e-14,-4.3188975478056024e-20,23.835210732836092
5.75e-6,5.75,13.880120996282773,13.73348944245552,15.729589217414311,1.0329329280976638e-14,-4.276143134570408e-20,23.489442455519384
6.0e-6,6.0,13.880891217294923,13.733216462746354,14.185686094808545,1.0462300513300349e-14,-4.1925743051303973e-20,23.216462746352754
6.25e-6,6.25,13.881651923623266,13.733013972845619,12.846769231948793,1.0570872863208267e-14,-4.123914598438088e-20,23.01397284561745
6.5e-6,6.5,13.88240306981346,13.73287615823268,11.689837068346229,1.0660322329583271e-14,-4.073064316516244e-20,22.876158232678616
6.75e-6,6.75,13.883144622161906,13.732795102332902,10.6912078703064,1.0734749498197247e-14,-4.0437934319418043e-20,22.795102332901987
7.0e-6,7.0,13.883876555205953,13.732761875492237,9.82785877920288,1.0797313685598995e-14,-4.0377438659189434e-20,22.7618754922353
7.25e-6,7.25,13.88459884880323,13.732767359588838,9.078350269881547,1.0850435445562129e-14,-4.02838509276973e-20,22.767359588837703
7.5e-6,7.5,13.885311485765934,13.732802847971135,8.423413091956391,1.0895964436169137e-14,-4.0314697332844713e-20,22.80284797113415
7.75e-6,7.75,13.886014450024874,13.732860451656805,7.846259639741228,1.0935314527689942e-14,-4.025093818660564e-20,22.860451656803775
8.0e-6,8.0,13.886707725288598,13.73293334059394,7.332675095059434,1.0969570223971204e-14,-4.0169609530285486e-20,22.933340593938286
8.25e-6,8.25,13.887391294147196,13.733015849343776,6.870940426048189,1.0999569105892585e-14,-4.01283442037116e-20,23.01584934377407
8.5e-6,8.5,13.888065137555653,13.733103477231943,6.451636212317577,1.1025964817384119e-14,-4.013993281022301e-20,23.103477231941817
8.75e-6,8.75,13.888729234622236,13.733192812376746,6.067371679400058,1.1049274578205296e-14,-4.015190107971089e-20,23.19281237674482
9.0e-6,9.0,13.889383562625689,13.733281406657802,5.712477011607789,1.1069914574139303e-14,-4.013281291772395e-20,23.281406657802346
9.25e-6,9.25,13.890028097189376,13.733367624865123,5.3826894185047705,1.1088225974506596e-14,-4.0138074885019035e-20,23.36762486512127
9.5e-6,9.5,13.890662812550064,13.7334504865464,5.074855384252161,1.1104493801699019e-14,-4.0159935394527737e-20,23.45048654639981
9.75e-6,9.75,13.891287681870903,13.733529514103473,4.786663844488435,1.111896043582269e-14,-4.015694332715577e-20,23.529514103472682
1.0e-5,10.0,13.891902677561145,13.733604595999012,4.516418297297165,1.1131835168009115e-14,-4.010746758676744e-20,23.6045959990109
1.025e-5,10.25,13.892507771576602,13.733675870036214,4.26285063696181,1.1143300905345256e-14,-4.0099754773790236e-20,23.67587003621342
1.05e-5,10.5,13.893102935685484,13.733743628428886,4.02497540383763,1.1153518875974775e-14,-4.010067888963082e-20,23.743628428885554
1.075e-5,10.75,13.893688141691724,13.733808244248483,3.8019807719695256,1.1162631966072534e-14,-4.0090956286259057e-20,23.808244248480857
1.1e-5,11.0,13.894263361614286,13.733870117285791,3.5931510395633763,1.1170767150211521e-14,-4.009013233682077e-20,23.870117285790414
1.125e-5,11.25,13.894828567824485,13.733929636632148,3.3978149543776515,1.1178037336544162e-14,-4.008882855800372e-20,23.92963663214771
1.15e-5,11.5,13.89538373314601,13.733987156925268,3.2153142239269012,1.1184542844811848e-14,-4.0091515279407384e-20,23.987156925267133
1.175e-5,11.75,13.895928830923486,13.734042985257172,3.044987075007569,1.1190372657210652e-14,-4.008473950696784e-20,24.042985257170713
1.2e-5,12.0,13.89646383506553,13.7340973760037,2.8861624420142973,1.119560552541732e-14,-4.0079055871430804e-20,24.09737600369912
1.225e-5,12.25,13.896988720068292,13.734150531197004,2.7381611406729927,1.1200310981993723e-14,-4.00756760631467e-20,24.150531197002852
1.25e-5,12.5,13.897503461024568,13.73420260448944,2.600301175178655,1.1204550278929495e-14,-4.0087914135685937e-20,24.202604489439608
1.275e-5,12.75,13.898008033623064,13.734253707180432,2.471905050490223,1.1208377264119128e-14,-4.0085996433758006e-20,24.25370718043223
1.3e-5,13.0,13.898502414141278,13.73430391514963,2.352307571045935,1.1211839194777667e-14,-4.0087846281026313e-20,24.3039151496282
1.325e-5,13.25,13.898986579434924,13.734353275882091,2.2408631269406167,1.1214977492142222e-14,-4.0087116035641794e-20,24.35327588209095
1.35e-5,13.5,13.89946050692585,13.734401815068708,2.1369518994276446,1.1217828431185727e-14,-4.0089676741249014e-20,24.401815068707553
1.375e-5,13.75,13.899924174590033,13.734449542436387,2.0399846676777593,1.1220423767699255e-14,-4.0091843243595564e-20,24.44954243638594
1.4e-5,14.0,13.900377560946449,13.734496456674096,1.9494061676619308,1.1222791302372072e-14,-4.009410344999588e-20,24.496456674095285
1.425e-5,14.25,13.900820645047474,13.734542549414277,1.8646970721821412,1.1224955384072582e-14,-4.0093218108246506e-20,24.54254941427663
1.45e-5,14.5,13.901253406470957,13.734587808316947,1.7853747572069842,1.1226937355481232e-14,-4.0093578384177364e-20,24.587808316945726
1.475e-5,14.75,13.901675825314111,13.734632219350582,1.710993063360638,1.1228755944942254e-14,-4.0094284395754876e-20,24.63221935057998
1.5e-5,15.0,13.90208788218899,13.734675768391059,1.641141270399126,1.1230427609674565e-14,-4.009362200502998e-20,24.675768391057463
1.525e-5,15.25,13.902489558219415,13.734718442260732,1.5754424978296206,1.123196683413678e-14,-4.009471898869389e-20,24.71844226073086
1.55e-5,15.5,13.90288083503918,13.734760229333565,1.5135517210515945,1.1233386389071926e-14,-4.009519558689839e-20,24.76022933356475
1.575e-5,15.75,13.903261694791176,13.734801119814978,1.455153562687946,1.123469755560868e-14,-4.009537814824452e-20,24.801119814976662
1.6e-5,16.0,13.903632120127305,13.734841105791412,1.3999599890227263,1.1235910318774067e-14,-4.0093777101394833e-20,24.8411057914122
1.625e-5,16.25,13.903992094208908,13.7348801811277,1.3477080109191044,1.123703353441244e-14,-4.009190463590665e-20,24.880181127698226
1.65e-5,16.5,13.904341600707617,13.734918341273454,1.2981574610490834,1.1238075073112847e-14,-4.008944571228887e-20,24.918341273453475
1.675e-5,16.75,13.904680623806398,13.734955583024734,1.2510888958250908,1.1239041944331033e-14,-4.009094820832339e-20,24.955583024733468
1.7e-5,17.0,13.905009148200767,13.73499190427398,1.2063016508388644,1.1239940403541472e-14,-4.008937139528071e-20,24.991904273977926
1.725e-5,17.25,13.905327159099983,13.735027303770025,1.1636120621012604,1.1240776044907165e-14,-4.0089345545886566e-20,25.02730377002433
1.75e-5,17.5,13.905634642228302,13.735061780902157,1.1228518587756475,1.1241553881403946e-14,-4.008996593134598e-20,25.06178090215683
1.775e-5,17.75,13.905931583826128,13.735095335514934,1.0838667194561822,1.1242278414376707e-14,-4.009081573017841e-20,25.095335514933033
1.8e-5,18.0,13.906217970651117,13.7351279677561,1.046514982462843,1.1242953693991663e-14,-4.008948125520581e-20,25.127967756099192
1.825e-5,18.25,13.906493789979155,13.735159677956615,1.010666496794777,1.1243583371897417e-14,-4.0090369828129454e-20,25.159677956613113
1.85e-5,18.5,13.906759029605313,13.735190466539997,0.9762015990987618,1.1244170747203204e-14,-4.009154597556293e-20,25.19046653999634
1.875e-5,18.75,13.907013677844652,13.73522033395696,0.9430102019278206,1.1244718806712476e-14,-4.0091271325750166e-20,25.220333956958502
1.9e-5,19.0,13.907257723532977,13.735249280640911,0.9109909794199231,1.1245230260197191e-14,-4.009077534050006e-20,25.24928064090941
1.925e-5,19.25,13.9074911560275,13.735277306980288,0.8800506371501515,1.124570757142431e-14,-4.009083673281115e-20,25.27730698028652
1.95e-5,19.5,13.907713965207469,13.735304413303277,0.8501032550142398,1.1246152985449862e-14,-4.0091798007155815e-20,25.30441330327614
1.975e-5,19.75,13.907926141474704,13.735330599872015,0.8210696936402309,1.124656855269017e-14,-4.009119377756774e-20,25.330599872012932
2.0e-5,20.0,13.9081276757541,13.735355866883033,0.7928770553161048,1.1246956150199302e-14,-4.0090453838660416e-20,25.355866883032267
2.025e-5,20.25,13.90831855949408,13.735380214471839,0.76545819264524,1.1247317500494319e-14,-4.0089104823403616e-20,25.380214471837387
2.05e-5,20.5,13.908498784667009,13.735403642719724,0.7387512590389569,1.1247654188234227e-14,-4.00887655501055e-20,25.403642719723134
2.075e-5,20.75,13.908668343769575,13.735426151661652,0.7126992961917233,1.1247967675015706e-14,-4.008756193769075e-20,25.42615166165163
2.1e-5,21.0,13.908827229823133,13.735447741294191,0.6872498545353265,1.1248259312512014e-14,-4.008868315516167e-20,25.447741294190706
2.125e-5,21.25,13.908975436374037,13.735468411583058,0.6623546434768003,1.124853035415322e-14,-4.0087528010360937e-20,25.468411583057545
2.15e-5,21.5,13.909112957493889,13.7354881624698,0.6379692082075175,1.124878196553187e-14,-4.008834226627642e-20,25.488162469798407
2.175e-5,21.75,13.909239787779844,13.735506993877495,0.6140526313656735,1.1249015233647944e-14,-4.008737614517035e-20,25.50699387749423
2.2e-5,22.0,13.909355922354804,13.735524905715518,0.5905672572150075,1.1249231175157652e-14,-4.00875263947738e-20,25.52490571551757
2.225e-5,22.25,13.909461356867657,13.735541897883277,0.5674784365916867,1.1249430743731469e-14,-4.0086526346337923e-20,25.541897883276484
2.25e-5,22.5,13.909556087493424,13.735557970273128,0.5447542911336599,1.1249614836620975e-14,-4.008633409146899e-20,25.557970273126642
2.275e-5,22.75,13.90964011093344,13.735573122772534,0.5223654953892858,1.1249784300522957e-14,-4.008565877604702e-20,25.573122772532937
2.3e-5,23.0,13.90971342441545,13.735587355265594,0.5002850756566927,1.1249939936819347e-14,-4.008733413990487e-20,25.587355265592468
2.325e-5,23.25,13.909776025693745,13.735600667634163,0.4784882241580396,1.1250082506281886e-14,-4.00874165348487e-20,25.600667634162768
2.35e-5,23.5,13.909827913049188,13.735613059758489,0.45695212751851566,1.1250212733258077e-14,-4.0086805842912087e-20,25.61305975848863
2.375e-5,23.75,13.909869085289285,13.735624531517692,0.4356558087943819,1.125033130941219e-14,-4.008609336898604e-20,25.624531517691672
2.4e-5,24.0,13.909899541748189,13.735635082790006,0.4145799816113285,1.1250438897082001e-14,-4.0086070750766165e-20,25.63508279000583
2.425e-5,24.25,13.909919282286697,13.735644713452881,0.3937069157706411,1.1250536132280831e-14,-4.0085103014072964e-20,25.644713452880676
2.45e-5,24.5,13.909928307292189,13.735653423383008,0.37302031367607896,1.1250623627443083e-14,-4.0086821998783426e-20,25.653423383006857
2.475e-5,24.75,13.909926617678583,13.735661212456284,0.3525051962997745,1.125070197384913e-14,-4.008676868440801e-20,25.661212456283874
2.5e-5,25.0,13.909914214886227,13.735668080547784,0.33214779829808555,1.125077174370257e-14,-4.00845327118147e-20,25.66808054778284
2.525e-5,25.25,13.909891100881746,13.735674027531726,0.3119354712414675,1.1250833492127903e-14,-4.008596089084106e-20,25.674027531724445
2.55e-5,25.5,13.909857278157931,13.735679053281642,0.2918565954857464,1.1250887759042391e-14,-4.008609013781177e-20,25.67905328163989
2.575e-5,25.75,13.909812749733545,13.735683157669786,0.2719004970969442,1.1250935070439315e-14,-4.0085390588582797e-20,25.68315766978476
2.6e-5,26.0,13.909757519153075,13.735686340567884,0.2520573738177102,1.1250975940102196e-14,-4.008609336898604e-20,25.686340567882677
2.625e-5,26.25,13.90969159048654,13.735688601846773,0.23231822552032189,1.1251010870707659e-14,-4.0087036871872233e-20,25.688601846771288
2.65e-5,26.5,13.909614968329205,13.73568994137608,0.21267478955245897,1.125104035488528e-14,-4.0085988355822337e-20,25.689941376078668
2.675e-5,26.75,13.909527657801267,13.735690359025028,0.1931194833789795,1.1251064876461189e-14,-4.0085626464304345e-20,25.690359025028016
2.7e-5,27.0,13.909429664547552,13.735689854662006,0.17364534999524897,1.1251084911200577e-14,-4.008620969125968e-20,25.689854662005654
2.725e-5,27.25,13.909320994737167,13.735688428154422,0.15424600782061934,1.1251100927619936e-14,-4.0086846232590434e-20,25.688428154420436
2.75e-5,27.5,13.909201655063098,13.735686079369154,0.13491560557145865,1.1251113387813539e-14,-4.008650857487945e-20,25.686079369152658
2.775e-5,27.75,13.909071652741808,13.735682808172676,0.11564878023670333,1.1251122748109898e-14,-4.0086663671244304e-20,25.68280817267436
2.8e-5,28.0,13.908930995512812,13.735678614430574,0.09644061769050535,1.1251129459571213e-14,-4.0085132094641374e-20,25.67861443057327
2.825e-5,28.25,13.90877969163819,13.735673498007815,0.07728661721522356,1.1251133968549776e-14,-4.008650857487945e-20,25.673498007813695
2.85e-5,28.5,13.908617749902115,13.735667458769045,0.058182658986030124,1.1251136717262032e-14,-4.00871402694488e-20,25.66745876904486
2.875e-5,28.75,13.908445179610322,13.735660496578562,0.03912497383430025,1.1251138144122082e-14,-4.008669598298698e-20,25.660496578561915
2.9e-5,29.0,13.908261990589548,13.735652611299683,0.020110114500554166,1.1251138684082322e-14,-4.00885846043465e-20,25.65261129968255
2.925e-5,29.25,13.90806819318699,13.735643802795432,0.0011349308107136073,1.1251138769058486e-14,-4.008755870651648e-20,25.643802795431366
2.95e-5,29.5,13.907863798269638,13.735634070928551,-0.017803453879598693,1.1251138828218267e-14,-4.008879463067391e-20,25.634070928550067
2.975e-5,29.75,13.907648817223713,13.73562341556118,-0.03670766489124639,1.1251139288218213e-14,-4.008807407881219e-20,25.623415561178955
3.0e-5,30.0,13.907423261953953,13.735611836554881,-0.05558009616811306,1.1251140573449305e-14,-4.0085999664932274e-20,25.61183655488066
3.025e-5,30.25,13.907187144882942,13.735599333770605,-0.07442292878233367,1.125114310624961e-14,-4.008465226526261e-20,25.599333770604563
3.05e-5,30.5,13.906940478950393,13.735585907068819,-0.09323814772867087,1.125114730709802e-14,-4.008596573760246e-20,25.585907068817228
3.075e-5,30.750000000000004,13.906683277612418,13.735571556309283,-0.11202755780982972,1.1251153594797163e-14,-4.008665074654723e-20,25.571556309282187
3.1e-5,31.0,13.906415554840734,13.735556281351242,-0.13079279778523578,1.1251162386608095e-14,-4.008635994086313e-20,25.556281351241196
3.125e-5,31.25,13.906137325121868,13.735540082053166,-0.14953535389688952,1.1251174098371087e-14,-4.008515955962265e-20,25.54008205316522
3.15e-5,31.5,13.90584860345634,13.735522958272638,-0.16825657216731324,1.1251189144619404e-14,-4.008426290876334e-20,25.522958272637528
3.175e-5,31.75,13.90554940535779,13.735504909866284,-0.18695766968986852,1.1251207938679076e-14,-4.00853001157033e-20,25.504909866284237
3.2e-5,32.0,13.905239746852132,13.73548593668994,-0.20563974476988095,1.1251230892763959e-14,-4.008521287399807e-20,25.48593668994034
3.225e-5,32.25,13.904919644476593,13.73546603859827,-0.22430378679281815,1.1251258418064094e-14,-4.008604328578489e-20,25.466038598268533
3.25e-5,32.5,13.904589115278814,13.735445215445,-0.24295068471332584,1.125129092479492e-14,-4.0086332475881856e-20,25.445215444999782
3.275e-5,32.75,13.904248176815873,13.735423467082512,-0.26158123551741874,1.1251328822247163e-14,-4.008724366702537e-20,25.423467082511493
3.3e-5,33.0,13.903896847153302,13.735400793361725,-0.2801961517546995,1.1251372518834297e-14,-4.0086091753398906e-20,25.40079336172417
3.325e-5,33.25,13.90353514486405,13.735377194132036,-0.2987960684002358,1.1251422422132877e-14,-4.0085256494850684e-20,25.377194132035356
3.35e-5,33.5,13.903163089027442,13.735352669241317,-0.3173815490668549,1.1251478938927185e-14,-4.008712734475173e-20,25.35266924131624
3.375e-5,33.75,13.902780699228128,13.735327218535703,-0.33595309200042744,1.1251542475244694e-14,-4.0087515085663865e-20,25.32721853570159
3.4e-5,34.0,13.90238799555495,13.735300841859559,-0.35451113534894685,1.1251613436361124e-14,-4.0087414919261564e-20,25.300841859557575
3.425e-5,34.25,13.901984998599834,13.735273539055086,-0.3730560624537113,1.1251692226814446e-14,-4.0087269516419514e-20,25.273539055085347
3.45e-5,34.5,13.901571729456633,13.735245309962172,-0.3915882064943236,1.1251779250417906e-14,-4.008833418834075e-20,25.245309962171955
3.475e-5,34.75,13.901148209719945,13.735216154418312,-0.4101078546202201,1.125187491027041e-14,-4.0089049893441063e-20,25.21615441831075
3.5e-5,35.0,13.900714461483895,13.735186072258502,-0.4286152518330676,1.1251979608776776e-14,-4.009148943001324e-20,25.1860722585014
3.525e-5,35.25,13.900270507340926,13.73515506331509,-0.4471106045541571,1.1252093747652474e-14,-4.009224390920477e-20,25.15506331509068
3.55e-5,35.5,13.899816370380492,13.735123127417541,-0.46559408402562175,1.1252217727908404e-14,-4.0093155100348285e-20,25.123127417540356
3.575e-5,35.75,13.899352074187817,13.735090264392042,-0.48406582964555267,1.1252351949847542e-14,-4.00937754858077e-20,25.090264392040968
3.6e-5,36.0,13.898877642842558,13.735056474061276,-0.5025259518631608,1.1252496813061182e-14,-4.0095118038715964e-20,25.056474061274635
3.625e-5,36.25,13.898393100917472,13.735021756244423,-0.5209745345846294,1.1252652716425843e-14,-4.009503241259787e-20,25.02175624442185
3.65e-5,36.5,13.89789847347702,13.734986110756825,-0.5394116377530039,1.1252820058112604e-14,-4.0096205328857074e-20,24.986110756824345
3.675e-5,36.75,13.897393786076004,13.734949537409946,-0.5578372993350252,1.1252999235573902e-14,-4.009815372694055e-20,24.949537409946142
3.7e-5,37.0,13.896879064758142,13.734912036010936,-0.5762515376954074,1.1253190645521447e-14,-4.0098712720088875e-20,24.912036010934774
3.725e-5,37.25,13.896354336054612,13.73487360636218,-0.5946543537329261,1.1253394683915545e-14,-4.009728777223678e-20,24.873606362179153
3.75e-5,37.5,13.895819626982574,13.734834248261016,-0.6130457327305464,1.1253611745954433e-14,-4.009768197549745e-20,24.834248261014785
3.775e-5,37.75,13.895274965043692,13.734793961499808,-0.6314256456312642,1.125384222606734e-14,-4.0097786988661155e-20,24.793961499806795
3.8e-5,38.0,13.89472037822258,13.734752745865292,-0.6497940509982143,1.1254086517919162e-14,-4.0098194116618896e-20,24.752745865290912
3.825e-5,38.25,13.894155894985268,13.734710601138724,-0.6681508959129954,1.1254345014387808e-14,-4.009908753630394e-20,24.710601138724275
3.85e-5,38.5,13.893581544277621,13.73466752709516,-0.686496117824925,1.1254618107542497e-14,-4.009998095598898e-20,24.667527095158643
3.875e-5,38.75,13.892997355523752,13.73462352350302,-0.7048296459116639,1.1254906188631517e-14,-4.009768035991032e-20,24.623523503018603
3.9e-5,39.0,13.89240335862435,13.734578590123746,-0.7231514022712588,1.1255209648070254e-14,-4.009825712451712e-20,24.57859012374579
3.925e-5,39.25,13.891799583955079,13.734532726711942,-0.7414613024422146,1.1255528875436311e-14,-4.009901806605718e-20,24.53272671194121
3.95e-5,39.5,13.891186062364842,13.734485933014422,-0.7597592571182755,1.1255864259471803e-14,-4.0102241162389297e-20,24.48593301442163
3.975e-5,39.75,13.89056282517413,13.734438208770493,-0.7780451722839569,1.1256216188057577e-14,-4.010364833878292e-20,24.438208770492334
4.0e-5,40.0,13.88992990417325,13.734389553710987,-0.7963189508336805,1.1256585048195642e-14,-4.010316366264275e-20,24.389553710984885
4.025e-5,40.25,13.889287331620586,13.734339967557789,-0.8145804934523508,1.1256971225998705e-14,-4.010149152995917e-20,24.339967557787876
4.05e-5,40.5,13.888635140240812,13.734289450023537,-0.8328296993275692,1.1257375106680465e-14,-4.010176617977193e-20,24.289450023536904
4.075e-5,40.75,13.887973363223077,13.734238000811487,-0.8510664665207088,1.125779707455596e-14,-4.010576152675405e-20,24.23800081148584
4.1e-5,41.0,13.887302034219202,13.734185619614786,-0.8692906929986121,1.1258237513042981e-14,-4.0108590419825495e-20,24.18561961478514
4.125e-5,41.25,13.886621187341778,13.734132306116342,-0.8875022768862948,1.125869680463739e-14,-4.010936428606263e-20,24.132306116341237
4.15e-5,41.5,13.885930857162323,13.734078059987842,-0.9057011177045129,1.1259175330902027e-14,-4.010820591008763e-20,24.078059987842476
4.175e-5,41.75,13.885231078709348,13.734022880889253,-0.9238871170096971,1.1259673472460196e-14,-4.0106299517269635e-20,24.022880889252555
4.2e-5,42.0,13.88452188746643,13.733966768468452,-0.9420601787629368,1.1260191608990696e-14,-4.0108457941680516e-20,23.96676846845141
4.225e-5,42.25,13.883803319370275,13.733909722360881,-0.9602202097286591,1.126073011923575e-14,-4.011294927391274e-20,23.90972236087945
4.25e-5,42.5,13.883075410808708,13.733851742188966,-0.9783671199663827,1.1261289381001452e-14,-4.011720957718481e-20,23.851742188964963
4.275e-5,42.75,13.882338198618683,13.733792827561583,-0.9965008233304117,1.1261869771138814e-14,-4.0117401832053745e-20,23.792827561582012
4.3e-5,43.0,13.881591720084248,13.733732978073073,-1.0146212384272217,1.1262471665540022e-14,-4.011539042607205e-20,23.732978073072967
4.325e-5,43.25,13.880836012934479,13.733672193302615,-1.0327282891317933,1.1263095439137698e-14,-4.0113978402917027e-20,23.67219330261492
4.35e-5,43.5,13.880071115341421,13.733610472813933,-1.0508219046595269,1.1263741465906778e-14,-4.0115883180147886e-20,23.610472813931697
4.375e-5,43.75,13.87929706591797,13.733547816154555,-1.0689020201569057,1.126441011888119e-14,-4.0119796132186174e-20,23.547816154555232
4.4e-5,44.0,13.87851390371575,13.733484222855433,-1.0869685767414254,1.1265101770154166e-14,-4.012255555501086e-20,23.48422285543256
4.425e-5,44.25,13.87772166822295,13.733419692429953,-1.1050215223071977,1.1265816790868482e-14,-4.012292067770312e-20,23.419692429951727
4.45e-5,44.5,13.87692039936217,13.733354224372956,-1.123060812275475,1.126655555122092e-14,-4.0119909223285547e-20,23.354224372955837
4.475e-5,44.75,13.876110137488189,13.73328781815997,-1.1410864100553388,1.126731842046893e-14,-4.0120015852036384e-20,23.287818159970556
4.5e-5,45.0,13.875290923385784,13.733220473246984,-1.159098286843254,1.1268105766941557e-14,-4.012217266086013e-20,23.22047324698389
4.525e-5,45.25,13.874462798267434,13.733152189069227,-1.1770964225592386,1.1268917958065118e-14,-4.012607268820135e-20,23.15218906922646
4.55e-5,45.5,13.873625803771084,13.733082965040976,-1.1950808054608364,1.1269755360365495e-14,-4.012822303467656e-20,23.082965040974983
4.575e-5,45.75,13.872779981957832,13.733012800554125,-1.2130514332834377,1.1270618339470101e-14,-4.012719390567227e-20,23.012800554124173
4.6e-5,46.0,13.871925375309615,13.732941694977157,-1.2310083138592725,1.1271507260121679e-14,-4.0124785065255635e-20,22.941694977156764
4.625e-5,46.25,13.871062026726882,13.732869647654208,-1.248951465571407,1.1272422486194084e-14,-4.0123544294336805e-20,22.869647654208368
4.65e-5,46.5,13.870189979526206,13.732796657904952,-1.266880916819431,1.1273364380714694e-14,-4.012639419004099e-20,22.79665790495228
4.675e-5,46.75,13.869309277437903,13.732722725022713,-1.2847967075688411,1.1274333305898827e-14,-4.013160607413493e-20,22.722725022712307
4.7e-5,47.0,13.868419964603621,13.732647848274567,-1.3026988884003978,1.1275329623157419e-14,-4.0133911516974994e-20,22.647848274566083
4.725e-5,47.25,13.867522085573924,13.732572026899367,-1.3205875221136056,1.1276353693112606e-14,-4.0131168250021644e-20,22.572026899366413
4.75e-5,47.5,13.866615685305792,13.732495260106646,-1.3384626842203953,1.1277405875622535e-14,-4.012761718950135e-20,22.495260106645215
4.775e-5,47.75,13.865700809160186,13.732417547075595,-1.3563244632923588,1.1278486529808272e-14,-4.012727791620323e-20,22.41754707559537
4.8e-5,48.0,13.864777502899527,13.732338886954606,-1.3741729606896267,1.127959601409013e-14,-4.0131384738697586e-20,22.33888695460487
4.825e-5,48.25,13.86384581268515,13.732259278859443,-1.3920082917158783,1.1280734686231164e-14,-4.0136614394249996e-20,22.259278859442475
4.85e-5,48.5,13.862905785074789,13.732178721872783,-1.409830585224616,1.128190290335413e-14,-4.013894730207134e-20,22.17872187278166
4.875e-5,48.75,13.861957467019991,13.732097215042106,-1.4276399851282087,1.128310102197274e-14,-4.0135575571722903e-20,22.097215042105084
4.9e-5,49.0,13.861000905863515,13.73201475737839,-1.4454366509295908,1.1284329398029531e-14,-4.013196635006579e-20,22.014757378389966
4.925e-5,49.25,13.86003614933673,13.731931347854992,-1.4632207579636536,1.1285588386936448e-14,-4.013318450276474e-20,21.931347854991724
4.95e-5,49.5,13.85906324555698,13.731846985406666,-1.4809924975065678,1.1286878343628133e-14,-4.013933504298347e-20,21.846985406664775
4.975e-5,49.75,13.858082243024901,13.731761668927948,-1.4987520774572318,1.1288199622614734e-14,-4.014383768432563e-20,21.76166892794812
5.0e-5,50.0,13.857093190621754,13.73167539727188,-1.5164997226610608,1.1289552578013604e-14,-4.0144134952358267e-20,21.675397271879522
5.025e-5,50.25,13.856096137606722,13.731588169247813,-1.5342356762818552,1.1290937563598066e-14,-4.013954506931088e-20,21.588169247811877
5.05e-5,50.5,13.855091133614179,13.73149998361979,-1.5519602004320743,1.1292354932851316e-14,-4.01360521699274e-20,21.499983619788583
5.075e-5,50.75,13.85407822865096,13.731410839105386,-1.569673576250009,1.1293805039023925e-14,-4.013766614147416e-20,21.410839105384827
5.1e-5,51.0,13.853057473093559,13.731320734374007,-1.5873761045450243,1.1295288235207191e-14,-4.014502514086904e-20,21.320734374006708
5.125e-5,51.25,13.852028917685354,13.731229668045422,-1.605068106029971,1.1296804874397332e-14,-4.0151455177661934e-20,21.229668045420816
5.15e-5,51.5,13.8509926135338,13.73113763868764,-1.6227499223701145,1.1298355309547384e-14,-4.015172336512616e-20,21.137638687638336
5.175e-5,51.75,13.849948612107585,13.73104464481456,-1.6404219174601369,1.1299939893636358e-14,-4.0146624572131595e-20,21.0446448145586
5.2e-5,52.0,13.848896965233784,13.73095068488395,-1.658084478191344,1.1301558979742954e-14,-4.0141362604836507e-20,20.950684883949744
5.225e-5,52.25,13.84783772509496,13.73085575729621,-1.675738014336575,1.1303212921124378e-14,-4.0144254505806175e-20,20.855757296208697
5.25e-5,52.5,13.846770944226288,13.730759860391775,-1.693382959889841,1.130490207131316e-14,-4.015274926295618e-20,20.75986039177429
5.275e-5,52.75,13.845696675512626,13.730662992449737,-1.7110197728851952,1.1306626784196852e-14,-4.01562631649724e-20,20.66299244973646
5.3e-5,53.0,13.844614972185557,13.73056515168479,-1.7286489371670128,1.1308387414096026e-14,-4.0155684784778465e-20,20.56515168478862
5.325e-5,53.25,13.843525887820464,13.730466336244605,-1.7462709636405473,1.1310184315857983e-14,-4.0148708679534317e-20,20.46633624460524
5.35e-5,53.5,13.842429476333514,13.730366544207332,-1.763886391228914,1.131201784495533e-14,-4.014501221617197e-20,20.366544207331245
5.375e-5,53.75,13.84132579197867,13.730265773580259,-1.7814957864738832,1.1313888357591838e-14,-4.014924505446277e-20,20.26577358025725
5.4e-5,54.0,13.840214889344645,13.730164022295973,-1.7990997459455758,1.1315796210827064e-14,-4.01588755693679e-20,20.164022295972337
5.425e-5,54.25,13.839096823351875,13.730061288211104,-1.816698895449486,1.1317741762678114e-14,-4.016527006324385e-20,20.061288211103687
5.45e-5,54.5,13.837971649249456,13.72995756910219,-1.8342938926808088,1.1319725372230345e-14,-4.0162160058011107e-20,19.95756910218981
5.475e-5,54.75,13.836839422612032,13.729852862662616,-1.8518854284962019,1.1321747399761739e-14,-4.0154206522550953e-20,19.852862662615994
5.5e-5,55.0,13.835700199336705,13.729747166499608,-1.8694742279979726,1.1323808206873093e-14,-4.015053913975702e-20,19.747166499607342
5.525e-5,55.25,13.834554035639893,13.729640478132277,-1.8870610503755174,1.1325908156628701e-14,-4.015726806016968e-20,19.640478132275494
5.55e-5,55.5,13.833400988054182,13.72953279498702,-1.9046466916338929,1.1328047613714434e-14,-4.0169289644032975e-20,19.53279498701757
5.575e-5,55.75,13.832241113425175,13.72942411439554,-1.9222319841619104,1.1330226944571196e-14,-4.0172826164269066e-20,19.42411439553918
5.6e-5,56.0,13.83107446890826,13.729314433589806,-1.9398177998623836,1.1332446517546531e-14,-4.016807472250829e-20,19.314433589806107
5.625e-5,56.25,13.829901111965436,13.729203749698302,-1.957405051647273,1.133470670305826e-14,-4.0159187377684744e-20,19.203749698300427
5.65e-5,56.5,13.828721100362054,13.729092059742431,-1.9749946945898624,1.13370078737655e-14,-4.015825518390849e-20,19.092059742430784
5.675e-5,56.75,13.827534492163586,13.728979360633295,-1.9925877266452572,1.1339350404755024e-14,-4.016856101423559e-20,18.979360633293325
5.7e-5,57.0,13.826341345732324,13.72886564916691,-2.010185190845998,1.1341734673740351e-14,-4.017775047385317e-20,18.865649166908003
5.725e-5,57.25,13.825141719724094,13.728750922020389,-2.0277881763637553,1.1344161061240828e-14,-4.0180963876662483e-20,18.750922020388284
5.75e-5,57.5,13.823935673084963,13.728635175746257,-2.0453978216764788,1.1346629950784807e-14,-4.0173755126871054e-20,18.63517574625586
5.775e-5,57.75,13.822723265047873,13.7285184067676,-2.0630153165442513,1.1349141729124746e-14,-4.0162980776275124e-20,18.518406767599014
5.8e-5,58.0,13.821504555129302,13.728400611373699,-2.0806419032769843,1.1351696786462092e-14,-4.016372233076958e-20,18.40061137369855
5.825e-5,58.25,13.820279603125876,13.728281785715165,-2.09827887856526,1.1354295516693606e-14,-4.0176241515470115e-20,18.281785715164098
5.85e-5,58.5,13.81904846911098,13.728161925798547,-2.1159275954066374,1.1356938317664112e-14,-4.018627915833299e-20,18.161925798547028
5.875e-5,58.75,13.817811213431336,13.728041027480515,-2.1335894656654983,1.1359625591409077e-14,-4.01865893510627e-20,18.041027480514526
5.9e-5,59.0,13.81656789670356,13.72791908646105,-2.151265963539663,1.1362357744424801e-14,-4.017736434852817e-20,17.919086461049627
5.925e-5,59.25,13.815318579810713,13.727796098277157,-2.1689586281991264,1.1365135187952538e-14,-4.016833644762398e-20,17.796098277156055
5.95e-5,59.5,13.814063323898814,13.727672058297461,-2.1866690652276666,1.1367958338275725e-14,-4.017365011370735e-20,17.67205829746095
5.975e-5,59.75,13.812802190373347,13.727546961715005,-2.2043989500086845,1.1370827617046106e-14,-4.018710957011981e-20,17.546961715003203
6.0e-5,60.0,13.811535240895697,13.727420803540923,-2.222150029533815,1.1373743451609972e-14,-4.0197570496811765e-20,17.420803540921387
6.025e-5,60.25,13.810262537379673,13.727293578596116,-2.239924126710565,1.1376706275338107e-14,-4.019582566270716e-20,17.29357859611556
6.05e-5,60.5,13.808984141987903,13.727165281502792,-2.2577231444003196,1.1379716527986106e-14,-4.0184555326861126e-20,17.165281502790467
6.075e-5,60.75,13.807700117128258,13.727035906676186,-2.2755490690140063,1.1382774656072738e-14,-4.0174302810909444e-20,17.035906676185157
6.1e-5,61.0,13.806410525450222,13.726905448317703,-2.293403972206508,1.1385881113276396e-14,-4.0183907476420435e-20,16.905448317701797
6.125e-5,61.25,13.80511542984132,13.726773900404327,-2.3112900166156116,1.138903636086987e-14,-4.020071766054859e-20,16.773900404326277
6.15e-5,61.50000000000001,13.803814893423414,13.726641256681054,-2.3292094575766518,1.1392240868149979e-14,-4.020918979947872e-20,16.641256681054006
6.175e-5,61.75,13.802508979549053,13.726507510649125,-2.347164649673748,1.1395495112888879e-14,-4.020551272316198e-20,16.50751064912296
6.2e-5,62.0,13.801197751797783,13.726372655555206,-2.3651580517601745,1.1398799581818961e-14,-4.019012264012452e-20,16.372655555205508
6.225e-5,62.24999999999999,13.799881273972426,13.726236684380336,-2.383192231873478,1.1402154771142858e-14,-4.01827426380969e-20,16.236684380334342
6.25e-5,62.5,13.798559610095344,13.726099589830682,-2.4012698697270056,1.1405561187069265e-14,-4.0195245666926094e-20,16.099589830679953
6.275e-5,62.74999999999999,13.797232824404679,13.725961364322632,-2.4193937652606428,1.1409019346398879e-14,-4.02143225198031e-20,15.961364322631002
6.3e-5,63.0,13.795900981350574,13.72582199997279,-2.4375668410011944,1.1412529777103472e-14,-4.022104336228009e-20,15.821999972789166
6.325e-5,63.25000000000001,13.79456414559136,13.725681488581824,-2.4557921513243843,1.14160930189485e-14,-4.021263423124818e-20,15.681488581823004
6.35e-5,63.5,13.793222381989741,13.725539821620035,-2.47407288915146,1.141970962415519e-14,-4.019676755000622e-20,15.539821620034502
6.375e-5,63.75000000000001,13.791875755608936,13.725396990212584,-2.4924123925058046,1.1423380158098477e-14,-4.019288690971061e-20,15.396990212583438
6.4e-5,64.0,13.790524331708792,13.72525298512527,-2.510814150004643,1.1427105200045606e-14,-4.021084092952956e-20,15.252985125269088
6.425e-5,64.25,13.789168175741901,13.725107796746068,-2.5292818103693757,1.1430885343954334e-14,-4.023116663126106e-20,15.1077967460666
6.45e-5,64.5,13.787807353349672,13.72496141506878,-2.547819189089263,1.1434721199276792e-14,-4.02359972367914e-20,14.961415068779255
6.475e-5,64.75,13.786441930358377,13.724813829671973,-2.566430279949114,1.1438613391827942e-14,-4.0223610530235847e-20,14.813829671972762
6.5e-5,65.0,13.785071972775187,13.724665029698802,-2.5851192647755954,1.1442562564707296e-14,-4.020596024079807e-20,14.665029698800625
6.525e-5,65.25,13.783697546784172,13.724515003836615,-2.603890522632557,1.1446569379273163e-14,-4.020544486850236e-20,14.515003836614369
6.55e-5,65.5,13.78231871874226,13.724363740295495,-2.622748639659927,1.1450634516181313e-14,-4.022754125373261e-20,14.363740295492942
6.575e-5,65.75,13.780935555175208,13.724211226783792,-2.64169842108366,1.1454758676496749e-14,-4.024770862792499e-20,14.211226783790575
6.6e-5,66.0,13.779548122773505,13.724057450482917,-2.660744903522812,1.1458942582837162e-14,-4.0247768404648943e-20,14.05745048291553
6.625e-5,66.25,13.778156488388289,13.723902398018554,-2.6798933704966865,1.1463186980608041e-14,-4.0231798325830415e-20,13.902398018552988
6.65e-5,66.5,13.776760719027193,13.723746055431668,-2.6991493670258753,1.1467492639316245e-14,-4.021340971307245e-20,13.746055431667747
6.675e-5,66.75,13.7753608818502,13.72358840814957,-2.7185187130513326,1.1471860353962775e-14,-4.0219704040546094e-20,13.588408149569554
6.7e-5,67.0,13.773957044165435,13.723429440953101,-2.738007520315243,1.1476290946539197e-14,-4.024565036991641e-20,13.429440953100757
6.725e-5,67.25,13.772549273424953,13.723269137942502,-2.757622208910445,1.1480785267619746e-14,-4.026450911853034e-20,13.26913794250087
6.75e-5,67.5,13.771137637220487,13.723107482499023,-2.7773695279583803,1.148534419803093e-14,-4.0262150361314856e-20,13.107482499022433
6.775e-5,67.75,13.769722203279168,13.722944457243685,-2.7972565779295895,1.1489968650653845e-14,-4.0241509620092243e-20,12.94445724368389
6.8e-5,68.0,13.76830303945921,13.722780043994378,-2.8172908332624815,1.1494659572349078e-14,-4.022349582354934e-20,12.780043994377541
6.825e-5,68.25,13.766880213745564,13.722614223723268,-2.8374801628772652,1.1499417946006014e-14,-4.0237380179378014e-20,12.614223723267164
6.85e-5,68.5,13.765453794245532,13.722446976505614,-2.857832858901571,1.1504244792762667e-14,-4.026888089731465e-20,12.446976505613684
6.875e-5,68.75,13.764023849184348,13.722278281469881,-2.8783576612517927,1.1509141174361784e-14,-4.028562161119605e-20,12.27828146987984
6.9e-5,69.0,13.762590446900726,13.722108116738438,-2.8990637916870416,1.1514108195664083e-14,-4.027756629374646e-20,12.108116738437886
6.925e-5,69.25,13.761153655842392,13.72193645936575,-2.919960988091883,1.1519147007363146e-14,-4.025320323976736e-20,11.936459365749732
6.95e-5,69.5,13.759713544561558,13.721763285272473,-2.941059540888626,1.1524258808902355e-14,-4.023751588869726e-20,11.763285272472869
6.975e-5,69.75,13.758270181710323,13.7215885691802,-2.9623703260029752,1.1529444851595722e-14,-4.0260008092775314e-20,11.588569180199864
7.0e-5,70.0,13.75682363603611,13.721412284529102,-2.9839048545239524,1.1534706442040205e-14,-4.029546376801572e-20,11.412284529101349
7.025e-5,70.25,13.755373976376987,13.721234403401697,-3.0056753115211485,1.1540044945738389e-14,-4.0309390129109876e-20,11.234403401696442
7.05e-5,70.5,13.753921271657005,13.721054896428274,-3.0276946131814544,1.1545461791023208e-14,-4.029641050207618e-20,11.054896428273048
7.075e-5,70.75,13.752465590881478,13.720873732689574,-3.04997646287883,1.1550958473309156e-14,-4.026550108903055e-20,10.873732689572252
7.1e-5,71.0,13.751007003132194,13.720690879611956,-3.0725354115661117,1.1556536559692184e-14,-4.025503531557719e-20,10.690879611954422
7.125e-5,71.25,13.74954557756259,13.72050630285828,-3.0953869186588943,1.1562197693914675e-14,-4.028754092871111e-20,10.506302858277666
7.15e-5,71.5,13.748081383392897,13.720319966198359,-3.118547430838694,1.1567943601820947e-14,-4.032747501148667e-20,10.319966198357685
7.175e-5,71.75,13.746614489905216,13.720131831377987,-3.1420344569223086,1.1573776097207467e-14,-4.033875180968124e-20,10.131831377985987
7.2e-5,72.0,13.745144966438573,13.719941857965392,-3.165866663033495,1.1579697088222798e-14,-4.0317238651406327e-20,9.941857965389929
7.225e-5,72.25,13.743672882383912,13.719750003188336,-3.190063971365424,1.1585708584349822e-14,-4.028266831791529e-20,9.750003188334707
7.25e-5,72.5,13.74219830717901,13.719556221757822,-3.2146476667517736,1.1591812704023985e-14,-4.028082977975692e-20,9.556221757820252
7.275e-5,72.75,13.740721310303382,13.719360465677003,-3.2396405123425445,1.1598011682947546e-14,-4.032695156125529e-20,9.36046567700243
7.3e-5,73.0,13.739241961273102,13.719162684022987,-3.2650668861508825,1.1604307883278862e-14,-4.036838814006537e-20,9.162684022985516
7.325e-5,73.25,13.737760329635572,13.718962822712108,-3.2909529270971585,1.161070380362097e-14,-4.0373263982035455e-20,8.962822712105961
7.35e-5,73.5,13.7362764849643,13.718760824233165,-3.3173267065954817,1.1617202090056832e-14,-4.0341530619551536e-20,8.760824233164458
7.375e-5,73.75,13.73479049685355,13.718556627354241,-3.3442184177320273,1.1623805548297431e-14,-4.0328373277933115e-20,8.556627354240732
7.4e-5,74.0,13.733302434912973,13.718350166814185,-3.3716605667512223,1.1630517157117821e-14,-4.03158169347285e-20,8.350166814183805
7.425e-5,74.25,13.731812368762172,13.718141372954548,-3.39968821830889,1.1637340083199213e-14,-4.030850801853477e-20,8.141372954547387
7.45e-5,74.5,13.730320368025284,13.717930171323946,-3.4283392535814743,1.1644277697604917e-14,-4.0311186662002765e-20,7.930171323945875
7.475e-5,74.75,13.72882650232543,13.717716482231511,-3.4576546668645647,1.1651333594092016e-14,-4.032753317262349e-20,7.716482231510426
7.5e-5,75.0,13.727330841279215,13.717500220244405,-3.487678903205887,1.1658511609539178e-14,-4.035430668260636e-20,7.500220244403613
7.525e-5,75.25,13.725833454491154,13.717281293628576,-3.518460235272509,1.1665815846740337e-14,-4.038448908144174e-20,7.2812936285743906
7.55e-5,75.5,13.724334411548105,13.71705960371289,-3.5500511986549834,1.167325069995799e-14,-4.041349856401792e-20,7.059603712888764
7.575e-5,75.75,13.722833782013698,13.716835044171285,-3.582509087291339,1.1680820883630186e-14,-4.043643990131919e-20,6.835044171284616
7.6e-5,76.0,13.721331635422777,13.716607500207807,-3.6158965215959005,1.1688531464719395e-14,-4.0451975387198704e-20,6.607500207805731
7.625e-5,76.25,13.719828041275909,13.716376847627952,-3.6502821023267673,1.1696387899280158e-14,-4.0457914285502894e-20,6.376847627952142
7.65e-5,76.5,13.71832306903396,13.716142951776408,-3.6857411660880723,1.1704396073932852e-14,-4.0453726683651844e-20,6.142951776407643
7.675e-5,76.75,13.7168167881128,13.715905666317116,-3.7223566615662675,1.171256235306787e-14,-4.0440310848092e-20,5.905666317115827
7.7e-5,77.0,13.71530926787818,13.715664831821016,-3.7602201765848284,1.1720893632769812e-14,-4.045812754300457e-20,5.6648318210152855
7.725e-5,77.25,13.713800577640852,13.715420274146338,-3.799433119394016,1.1729397402674288e-14,-4.047704929951672e-20,5.420274146336422
7.75e-5,77.5,13.712290786652064,13.715171802526667,-3.840108139375317,1.1738081817190966e-14,-4.0496500968608785e-20,5.171802526666833
7.775e-5,77.75,13.710779964099501,13.71491920734654,-3.882370788681018,1.174695577793077e-14,-4.051706416164897e-20,4.919207346539445
7.8e-5,78.0,13.709268179103875,13.714662257515633,-3.92636150501744,1.1756029029528893e-14,-4.054001519247305e-20,4.6622575156320725
7.825e-5,78.25,13.707755500716369,13.714400697352938,-3.972237987393536,1.1765312271631686e-14,-4.056455596103688e-20,4.400697352936395
7.85e-5,78.5,13.706241997917212,13.714134242862302,-4.020178063084996,1.177481729051349e-14,-4.059204032935866e-20,4.13424286230157
7.875e-5,78.75,13.704727739615796,13.713862577247252,-4.070383171190364,1.178455711469826e-14,-4.058323214830468e-20,3.8625772472507838
7.9e-5,79.0,13.703212794652943,13.713585345441649,-4.123082654159359,1.1794546200296113e-14,-4.055926006641198e-20,3.5853454416471573
7.925e-5,79.25,13.701697231805895,13.713302147415646,-4.178539046147506,1.1804800653136963e-14,-4.0516169126376794e-20,3.30214741564488
7.95e-5,79.5,13.700181119797323,13.713012529828465,-4.237054731265627,1.1815338497446577e-14,-4.05418052630174e-20,3.0125298284641198
7.975e-5,79.75,13.698664527309758,13.712715975513587,-4.2989803932632595,1.1826180003820453e-14,-4.0614677936278764e-20,2.7159755135865935
8.0e-5,80.0,13.697147523007741,13.712411890013742,-4.364725922227711,1.183734809344531e-14,-4.0711755335980104e-20,2.4118900137404693
8.025e-5,80.25,13.695630175571303,13.71209958396692,-4.434774808570203,1.1848868843035486e-14,-4.076101781886676e-20,2.0995839669179888
8.05e-5,80.5,13.694112553746313,13.711778249497788,-4.509703647936865,1.1860772124750742e-14,-4.0656198525619804e-20,1.7782494977867653
8.075e-5,80.75,13.692594726421234,13.711446927565316,-4.590209542797201,1.1873092432268574e-14,-4.081104609005488e-20,1.446927565315056
8.1e-5,81.0,13.691076762747441,13.711104460735326,-4.67715074671729,1.1885869974666435e-14,-4.098627590177114e-20,1.1044607353249276
8.125e-5,81.25,13.689558732339314,13.710749419966353,-4.771612399995548,1.1899152178336025e-14,-4.102291418679356e-20,0.7494199663524274
8.15e-5,81.5,13.688040705641969,13.710379977771197,-4.875027775829652,1.1912995873729894e-14,-4.107188586399611e-20,0.37997777119695264
8.175e-5,81.75,13.686522754718585,13.709993648858031,-4.989444393308956,1.192747082138718e-14,-4.0628142239452625e-20,-0.006351141970195942
8.2e-5,82.0,13.685004954549937,13.7095868733819,-5.117950018385696,1.1942665933251082e-14,-4.10372832187624e-20,-0.4131266181015399
8.225e-5,82.25,13.683487382165568,13.709155292727724,-5.264238843307692,1.1958697118096693e-14,-4.0968119933560455e-20,-0.8447072722776039
8.25e-5,82.5,13.681970113143288,13.708694818556136,-5.4313011973963405,1.1975709882059205e-14,-4.0956768818357725e-20,-1.305181443864262
8.275e-5,82.75,13.680453220052891,13.708202032952803,-5.621023075537787,1.199387656770314e-14,-4.0883104507400757e-20,-1.7979670471980125
8.3e-5,83.0,13.678936772237998,13.70767416007576,-5.834319376252261,1.2013392833513757e-14,-4.102520185817515e-20,-2.3258399242418952
8.325e-5,83.25,13.677420835800826,13.707108987071443,-6.071312978511163,1.2034474587330289e-14,-4.085008513755826e-20,-2.891012928558611
8.35e-5,83.5,13.675905473619833,13.706504788670633,-6.33149278786105,1.2057355253001593e-14,-4.0985364710627625e-20,-3.49521132936764
8.375e-5,83.75,13.67439074538099,13.705860259988327,-6.61384845097144,1.2082283156017379e-14,-4.1273711471110514e-20,-4.139740011673219
8.4e-5,84.0,13.672876707617684,13.7051744575045,-6.916984660091511,1.2109518864689205e-14,-4.12700117765739e-20,-4.825542495500774
8.425e-5,84.25,13.671363413756271,13.704446747761011,-7.239217651864794,1.2139332390745905e-14,-4.1202060181722376e-20,-5.553252238990172
8.45e-5,84.5,13.669850914164707,13.703676763293817,-7.578655939750642,1.2172000208769912e-14,-4.119015976689412e-20,-6.3232367061843435
8.475e-5,84.75,13.668339256202364,13.702864365269264,-7.933267104188214,1.2207802091503793e-14,-4.1273110472696706e-20,-7.135634730736793
8.5e-5,85.0,13.66682848426954,13.702009612322003,-8.300932240605892,1.2247017788227013e-14,-4.149463331814753e-20,-7.990387677997923
8.525e-5,85.25,13.6653186398556,13.70111273508197,-8.679489571566103,1.228992359093305e-14,-4.182471392547313e-20,-8.887264918029976
8.55e-5,85.5,13.663809761585044,13.700174115863991,-9.066768652941613,1.2336788843836605e-14,-4.143397771479266e-20,-9.825884136010384
8.575e-5,85.75,13.662301885261396,13.699194272975424,-9.460616567399164,1.238787243805334e-14,-4.0743191430431387e-20,-10.805727024577601
8.6e-5,86.0,13.66079504390898,13.698173849077488,-9.858917358896502,1.244341935766977e-14,-4.1347343470324804e-20,-11.826150922512719
8.625e-5,86.25,13.659289267813582,13.697113602897305,-10.259606067718416,1.2503657347168657e-14,-4.119755915596735e-20,-12.88639710269598
8.65e-5,86.5,13.657784584562629,13.696014403712327,-10.66067854985895,1.256879367693439e-14,-4.019978546677233e-20,-13.985596287673612
8.675e-5,86.75,13.656281019086967,13.694877227777575,-11.060198254280905,1.2639012096908651e-14,-3.9881705440677283e-20,-15.122772222425866
8.7e-5,87.0,13.654778593706599,13.693703155617184,-11.456301361833656,1.2714470058264443e-14,-3.993595362545913e-20,-16.29684438281754
8.725e-5,87.25,13.653277328182517,13.692493369456242,-11.847201241675737,1.2795296151690378e-14,-3.940720103710448e-20,-17.506630543757836
8.75e-5,87.5,13.651777239777687,13.691249149660718,-12.231193303590175,1.2881587865504637e-14,-3.8664751507375587e-20,-18.75085033928322
8.775e-5,87.75,13.650278343331895,13.689971868616212,-12.606661705293648,1.2973409746074184e-14,-3.819134570305383e-20,-20.028131383788402
8.8e-5,88.0,13.648780651353123,13.688662981033444,-12.972088622501474,1.307079200649349e-14,-3.776838822257501e-20,-21.337018966557277
8.825e-5,88.25,13.647284174129274,13.687324009372682,-13.326066913614612,1.317372964846083e-14,-3.784019783950227e-20,-22.67599062731784
8.85e-5,88.5,13.645788919865497,13.6859565226906,-13.66731713797676,1.32821822494881e-14,-3.702304032952791e-20,-24.043477309400973
8.875e-5,88.75,13.644294894849336,13.684562107727107,-13.994709497906696,1.3396074504535949e-14,-3.6704782588848133e-20,-25.437892272893286
8.9e-5,89.0,13.642802103642099,13.68314233281337,-14.30728899771141,1.3515297627662575e-14,-3.725022419229589e-20,-26.8576671866314
8.925e-5,89.25,13.641310549246777,13.681698721159234,-14.604286899343489,1.3639711610091142e-14,-3.6679627897173425e-20,-28.30127884076658
8.95e-5,89.5,13.639820233213317,13.680232745860007,-14.885108689685223,1.376914794370246e-14,-3.722831359958604e-20,-29.7672541399935
8.975e-5,89.75,13.638331155726462,13.678745830167065,-15.149317315263307,1.3903412536740063e-14,-3.7081243471613527e-20,-31.254169832936732
9.0e-5,90.0,13.636843315690584,13.67723934777285,-15.39661775569386,1.4042288696537808e-14,-3.666365943394203e-20,-32.760652227149585
9.025e-5,90.25,13.635356710811418,13.675714623285714,-15.62684235967384,1.4185540157484266e-14,-3.6792550975483984e-20,-34.28537671428778
9.05e-5,90.5,13.633871337674675,13.674172932823295,-15.83993705587447,1.4332914108778917e-14,-3.6899619166021317e-20,-35.827067176706926
9.075e-5,90.75,13.632387191822144,13.672615504595916,-16.035948693194705,1.4484144148734073e-14,-3.666150424070542e-20,-37.38449540408557
9.1e-5,91.0,13.630904267824693,13.671043519559765,-16.215013287494433,1.4638953141088168e-14,-3.6595940483637787e-20,-38.9564804402357
9.125e-5,91.25,13.629422559352301,13.669458112168568,-16.37734500102732,1.4797055964751073e-14,-3.679289347995637e-20,-40.54188783143217
9.15e-5,91.5,13.627942059241937,13.667860371109459,-16.523226056547166,1.4958162116068497e-14,-3.661611270459157e-20,-42.13962889054265
9.175e-5,91.75,13.626462759562349,13.666251340041244,-16.65299759738459,1.5121978116575088e-14,-3.653908151004757e-20,-43.74865995875713
9.2e-5,92.0,13.624984651676076,13.664632018430858,-16.767051084795366,1.5288209774618382e-14,-3.667063553918618e-20,-45.36798156914285
9.225e-5,92.25,13.623507726299474,13.663003362366977,-16.865820509205356,1.545656425435312e-14,-3.655294324765637e-20,-46.99663763302342
9.25e-5,92.5,13.622031973559752,13.661366285348839,-16.949775456087018,1.5626751920341687e-14,-3.655411939508984e-20,-48.63371465116246
9.275e-5,92.75,13.62055738304941,13.659721659183107,-17.019414528128657,1.5798488031266644e-14,-3.659641546625515e-20,-50.278340816892936
9.3e-5,93.0,13.619083943878804,13.658070314829361,-17.075259539378283,1.5971494220939334e-14,-3.651621772092872e-20,-51.929685170639324
9.325e-5,93.25,13.617611644725796,13.656413043230023,-17.117850384113716,1.614549977113188e-14,-3.6588382767025437e-20,-53.586956769977846
9.35e-5,93.5,13.616140473883137,13.65475059627149,-17.14774006622907,1.6320242757588027e-14,-3.6558578415579386e-20,-55.249403728509826
9.375e-5,93.75,13.614670419303915,13.653083687610676,-17.165490637401824,1.649547096137894e-14,-3.65501418195662e-20,-56.91631238932527
9.4e-5,94.0,13.6132014686441,13.651412993596304,-17.171669351008113,1.6670942650498376e-14,-3.6527591454351325e-20,-58.587006403697
9.425e-5,94.25,13.611733609303556,13.649739154225912,-17.166845145557172,1.6846427217231034e-14,-3.6576217395907225e-20,-60.260845774089255
9.45e-5,94.5,13.610266828464479,13.648062773993018,-17.151585877845715,1.7021705626489967e-14,-3.654385072326682e-20,-61.93722600698244
9.475e-5,94.75,13.608801113127655,13.646384422906968,-17.126455412322045,1.7196570793365665e-14,-3.656464009850575e-20,-63.61557709303363
9.5e-5,95.0,13.607336450147153,13.644704637363544,-17.09201151644008,1.7370827780537027e-14,-3.662273661184053e-20,-65.29536263645711
9.525e-5,95.25,13.60587282626222,13.643023921130016,-17.048803716700796,1.7544293930580585e-14,-3.6532771026702585e-20,-66.97607886998436
9.55e-5,95.5,13.604410228128149,13.641342746316083,-16.997371527019894,1.7716798879012685e-14,-3.670962935024981e-20,-68.65725368391867
9.575e-5,95.75,13.602948642344314,13.639661554282382,-16.938243077204554,1.7888184476620143e-14,-3.651573627596282e-20,-70.33844571761945
9.6e-5,96.0,13.601488055481106,13.637980756692086,-16.871933612928338,1.8058304654739588e-14,-3.6774485480152797e-20,-72.01924330791589
9.625e-5,96.25,13.600028454104562,13.636300736389138,-16.798944686227454,1.822702519389635e-14,-3.650675038032411e-20,-73.69926361086259
9.65e-5,96.5,13.598569824799501,13.63462184847297,-16.71976297866339,1.839422346544136e-14,-3.683289864856582e-20,-75.37815152703088
9.675e-5,96.75,13.597112154190915,13.632944421180769,-16.63485987195021,1.8559788095674122e-14,-3.648203189717555e-20,-77.05557881923257
9.7e-5,97.0,13.595655428963692,13.631268756962442,-16.544690583563117,1.8723618610879834e-14,-3.6904507932688476e-20,-78.73124303755884
9.725e-5,97.25,13.594199635880804,13.629595133362336,-16.44969403106643,1.8885625033704995e-14,-3.652265098889588e-20,-80.4048666376648
9.75e-5,97.5,13.59274476179997,13.627923804091695,-16.350292226849632,1.9045727459856438e-14,-3.6991856266669515e-20,-82.07619590830537
9.775e-5,97.75,13.59129079368884,13.626254999908065,-16.24689036291988,1.9203855615376325e-14,-3.653732698242016e-20,-83.7450000919356
9.8e-5,98.0,13.589837718638869,13.624588929677861,-16.139876437221155,1.935994838747532e-14,-3.702364132794172e-20,-85.41107032213996
9.825e-5,98.25,13.58838552387758,13.622925781239148,-16.029621483326977,1.9513953370801123e-14,-3.6626623714484676e-20,-87.07421876085311
9.85e-5,98.5,13.58693419678011,13.621265722454304,-15.916479440789624,1.9665826367296992e-14,-3.679734280692311e-20,-88.73427754569784
9.875e-5,98.75,13.585483724878646,13.619608902066384,-15.800787389062785,1.981553093860243e-14,-3.694131423877282e-20,-90.39109793361773
9.9e-5,99.0,13.584034095871742,13.617955450691325,-15.682865747538113,1.996303790839819e-14,-3.6313041482970383e-20,-92.04454930867644
9.925e-5,99.25,13.582585297631613,13.616305481729281,-15.563018392966812,2.0108324895576277e-14,-3.7382195042915046e-20,-93.69451827071964
9.95e-5,99.5,13.581137318210814,13.614659092218327,-15.441533148432967,2.0251375886807712e-14,-3.657960689771413e-20,-95.3409077816742
9.975e-5,99.75,13.579690145848122,13.613016363829287,-15.318681903209143,2.0392180724424624e-14,-3.6803711451404915e-20,-96.98363617071485
0.0001,100.0,13.578243768972825,13.611377363634503,-15.194721099512153,2.0530734726496363e-14,-3.7609107487044534e-20,-98.62263636549869
0.00010025,100.25,13.576798176208795,13.609742145037538,-15.06989213578822,2.0667038243980995e-14,-3.644830490016841e-20,-100.25785496246185
0.0001005,100.5,13.57535335637738,13.608110748593019,-14.944421636605291,2.0801096219275405e-14,-3.697186176030046e-20,-101.88925140698144
0.00010075,100.75,13.573909298499519,13.60648320282492,-14.81852205237135,2.0932917820763356e-14,-4.0418623206406625e-20,-103.51679717508064
0.000101,101.0,13.572465991797078,13.604859524952513,-14.692391988340418,2.1062516162785744e-14,-3.8078199673718795e-20,-105.14047504748766
0.00010125,101.25,13.571023425694001,13.603239721939445,-14.566216808489928,2.1189907697827783e-14,-3.58862582921585e-20,-106.7602780605549
0.0001015,101.5,13.56958158981609,13.601623790820131,-14.440168819869655,2.1315112109174513e-14,-3.6369764747241354e-20,-108.37620917987007
0.00010175,101.75,13.568140473990626,13.60001171977828,-14.314408047582985,2.1438151913890284e-14,-3.6411986501398504e-20,-109.98828022172067
0.000102,102.0,13.56670006824534,13.598403488765307,-14.189082587396863,2.1559052127240625e-14,-3.5754600865443324e-20,-111.59651123469384
0.00010225,102.25,13.565260362807143,13.596799070099525,-14.064329069100829,2.1677839988711574e-14,-3.620463235511192e-20,-113.20092990047513
0.0001025,102.5,13.563821348100014,13.595198429207302,-13.940273139013904,2.179454472155211e-14,-3.6331627197358684e-20,-114.80157079269803
0.00010275,102.75,13.56238301474248,13.593601525286356,-13.817029962580747,2.1909197245071616e-14,-3.559362699459653e-20,-116.39847471364435
0.000103,103.0,13.560945353545344,13.592008311795915,-13.694704714302855,2.2021829930751558e-14,-3.571963309751735e-20,-117.99168820408485
0.00010325,103.25,13.559508355508333,13.590418737137494,-13.573392970086616,2.213247641996175e-14,-3.596998771095962e-20,-119.58126286250706
0.0001035,103.5,13.558072011816716,13.588832745220246,-13.453181182831617,2.2241171404789783e-14,-3.545899365638072e-20,-121.16725477975461
0.00010375,103.75,13.556636313837846,13.587250275915519,-13.3341472571261,2.2347950400293867e-14,-3.540895246049553e-20,-122.74972408448228
0.000104,104.0,13.555201253117348,13.585671265606813,-13.216360840580256,2.2452849617172687e-14,-3.5586266379614515e-20,-124.32873439318767
0.00010425,104.25,13.553766821375076,13.584095647702195,-13.099883742054644,2.2555905800386352e-14,-3.531512885328185e-20,-125.90435229780539
0.0001045,104.5,13.552333010500622,13.582523353037864,-12.98477056088548,2.26571560298837e-14,-3.522199025501294e-20,-127.4766469621365
0.00010475,104.75,13.550899812549499,13.580954310299132,-12.871068921265747,2.2756637630390082e-14,-3.5244291819809194e-20,-129.04568970086808
0.000105,105.0,13.549467219738593,13.579388446487517,-12.758819818830297,2.2854388054648867e-14,-3.5144671485959106e-20,-130.61155351248368
0.00010525,105.25,13.548035224440985,13.577825687263756,-12.64805824517887,2.2950444724810207e-14,-3.506826067687452e-20,-132.17431273624547
0.0001055,105.5,13.546603819182351,13.576265957255282,-12.538813405291837,2.304484496563923e-14,-3.4984201678298087e-20,-133.73404274471784
0.00010575,105.75,13.545172996635948,13.57470918047685,-12.431109021502449,2.3137625917140573e-14,-3.495220012834994e-20,-135.29081952315133
0.000106,106.0,13.543742749617326,13.57315528060783,-12.324963864775949,2.3228824425606506e-14,-3.48900775718775e-20,-136.84471939217056
0.00010625,106.25,13.542313071080873,13.57160418120606,-12.220392012196744,2.3318476987403875e-14,-3.4815841343075136e-20,-138.39581879394103
0.0001065,106.5,13.540883954114415,13.570055806078221,-12.117403108960426,2.340661968605572e-14,-3.475673024102027e-20,-139.94419392178006
0.00010675,106.75,13.539455391934478,13.56851007948903,-12.016002765390956,2.3493288127292234e-14,-3.4774702032297694e-20,-141.4899205109702
0.000107,107.0,13.53802737788241,13.56696692630994,-11.916192905664738,2.357851738652504e-14,-3.4727442877457066e-20,-143.03307369006097
0.00010725,107.25,13.536599905419466,13.565426272317092,-11.817971925199046,2.3662341974906074e-14,-3.4585487698350456e-20,-144.57372768290966
0.0001075,107.5,13.535172968122332,13.563888044354089,-11.721335020174823,2.3744795797836353e-14,-3.4675126934887355e-20,-146.1119556459122
0.00010775,107.75,13.533746559678962,13.562352170428069,-11.626274565574615,2.3825912115466885e-14,-3.468444564147565e-20,-147.64782957193256
0.000108,108.0,13.5323206738844,13.560818579923449,-11.532780219165812,2.3905723526530862e-14,-3.44558142126357e-20,-149.18142007655243
0.00010825,108.25,13.530895304636553,13.55928720373832,-11.440839168360704,2.3984261944679247e-14,-3.457760686431133e-20,-150.71279626168186
0.0001085,108.5,13.529470445931914,13.557757974332016,-11.350436511971232,2.4061558573768454e-14,-3.464964912578587e-20,-152.24202566798488
0.00010875,108.75,13.528046091862116,13.55623082586135,-11.261555345440424,2.413764390210747e-14,-3.436907657059127e-20,-153.76917413865115
0.000109,109.0,13.526622236610015,13.554705694295459,-11.174176929452114,2.4212547691427657e-14,-3.4474787667936133e-20,-155.2943057045417
0.00010925,109.25,13.52519887444548,13.553182517423021,-11.08828104519471,2.4286298966998118e-14,-3.4573816696895216e-20,-156.81748257697896
0.0001095,109.5,13.523775999722641,13.551661234924293,-11.003846078218839,2.4358926018065856e-14,-3.4332115168142075e-20,-158.33876507570838
0.00010975,109.75,13.522353606876182,13.550141788458586,-10.920849142065574,2.4430456394849088e-14,-3.436596818094566e-20,-159.85821154141507
0.00011,110.0,13.520931690417553,13.54862412164977,-10.839266354325078,2.450091691218907e-14,-3.445672863495348e-20,-161.37587835023183
0.00011025,110.25,13.519510244932697,13.547108180099062,-10.75907295599426,2.4570333652597853e-14,-3.4350468237983095e-20,-162.8918199009388
0.0001105,110.5,13.518089265078473,13.545593911445202,-10.680243396126063,2.463873197137958e-14,-3.4260816076749125e-20,-164.40608855479866
0.00011075,110.75,13.516668745579775,13.544081265343248,-10.602751507509538,2.470613650662263e-14,-3.44038278498413e-20,-165.9187346567529
0.000111,111.0,13.51524868122702,13.542570193422579,-10.5265706881464,2.4772571187101937e-14,-3.4411055986678337e-20,-167.42980657742257
0.00011125,111.25,13.513829066873445,13.541060649322521,-10.451673928231338,2.4838059243028258e-14,-3.418744903382479e-20,-168.93935067748066
0.0001115,111.5,13.512409897432654,13.539552588672802,-10.378033918405631,2.490262321659996e-14,-3.4328176366709644e-20,-170.44741132719975
0.00011175,111.75,13.510991167875975,13.538045969011826,-10.305623248976088,2.4966284978371803e-14,-3.442619080694864e-20,-171.95403098817542
0.000112,112.0,13.509572873230686,13.536540749791152,-10.234414424282782,2.5029065738823584e-14,-3.418999196797354e-20,-173.459250208849
0.00011225,112.25,13.508155008577763,13.535036892359555,-10.164379916804386,2.5090986058896452e-14,-3.422105001503549e-20,-174.96310764044512
0.0001125,112.5,13.506737569049484,13.53353435987079,-10.095492322485542,2.5152065872845712e-14,-3.43303574093404e-20,-176.46564012921044
0.00011275,112.75,13.505320549828197,13.532033117247613,-10.027724416841178,2.5212324498719163e-14,-3.428908238924371e-20,-177.9668827523886
0.000113,113.0,13.503903946144138,13.530533131155599,-9.961049171374299,2.5271780654074532e-14,-3.413005691648039e-20,-179.4668688444023
0.00011325,113.25,13.50248775327394,13.529034369945402,-9.895439821543198,2.5330452472122982e-14,-3.4268984485298086e-20,-180.96563005459856
0.0001135,113.5,13.501071966538907,13.527536803553097,-9.830869984082488,2.538835752224474e-14,-3.435440380824126e-20,-182.46319644690416
0.00011375,113.75,13.49965658130386,13.52604040348106,-9.76731364403543,2.5445512822890763e-14,-3.415487556603125e-20,-183.95959651894134
0.000114,114.0,13.498241592975695,13.524545142751588,-9.704745178043362,2.5501934853732646e-14,-3.415401284250175e-20,-185.45485724841296
0.00011425,114.25,13.496826997001849,13.523050995802741,-9.643139436828388,2.55576395815638e-14,-3.427372138677466e-20,-186.9490041972589
0.0001145,114.5,13.495412788869523,13.521557938436366,-9.582471785055827,2.5612642471421344e-14,-3.4301270378581797e-20,-188.44206156363495
0.00011475,114.75,13.493998964104376,13.520065947771165,-9.522718084816598,2.56669585033743e-14,-3.410536105155171e-20,-189.9340522288352
0.000115,115.0,13.492585518269692,13.51857500219485,-9.463854714362988,2.5720602184071408e-14,-3.417922569531328e-20,-191.4249978051509
0.00011525,115.25,13.491172446965095,13.517085081244062,-9.405858637745142,2.577358757344804e-14,-3.4258657652338245e-20,-192.9149187559392
0.0001155,115.5,13.489759745826186,13.51559616558475,-9.348707400589007,2.582592829157193e-14,-3.424296707009388e-20,-194.40383441525063
0.00011575,115.75,13.488347410523364,13.514108236942567,-9.292379116805229,2.5877637536361583e-14,-3.409693738023559e-20,-195.89176305743305
0.000116,116.0,13.486935436761327,13.512621278057651,-9.236852480036578,2.5928728095440998e-14,-3.4186075784760984e-20,-197.37872194234978
0.00011625,116.25,13.48552382027813,13.511135272572671,-9.182106808306601,2.5979212370102153e-14,-3.4243787788357897e-20,-198.8647274273302
0.0001165,116.5,13.484112556844961,13.509650205023407,-9.128122026861112,2.6029102380561345e-14,-3.422300810664177e-20,-200.34979497659384
0.00011675,116.75,13.482701642265235,13.508166060763651,-9.074878650234522,2.6078409783030987e-14,-3.4119109698061135e-20,-201.83393923635003
0.000117,117.0,13.48129107237426,13.506682825925878,-9.022357786516682,2.6127145880652802e-14,-3.4192870944246137e-20,-203.31717407412222
0.00011725,117.25,13.479880843038575,13.505200487322684,-8.970541160486611,2.617532164486467e-14,-3.423319276793383e-20,-204.79951267731727
0.0001175,117.5,13.478470950155796,13.503719032439566,-8.919411095725689,2.6222947719728247e-14,-3.421872033838842e-20,-206.28096756043524
0.00011775,117.75,13.477061389653946,13.502238449366246,-8.868950489519658,2.627003443738562e-14,-3.414784453082455e-20,-207.76155063375558
0.000118,118.0,13.475652157491238,13.500758726763278,-8.819142811826453,2.6316591827704738e-14,-3.420132692730493e-20,-209.24127323672172
0.00011825,118.25,13.474243249655606,13.499279853778845,-8.769972112700149,2.6362629637080862e-14,-3.422581276590621e-20,-210.7201462211556
0.0001185,118.5,13.472834662164567,13.497801820042286,-8.721423005809063,2.6408157332142168e-14,-3.42162549524221e-20,-212.1981799577153
0.00011875,118.75,13.47142639106478,13.496324615606333,-8.673480639202257,2.6453184113120355e-14,-3.4170727706989004e-20,-213.67538439366768
0.000119,119.0,13.470018432431845,13.494848230920057,-8.626130689748226,2.6497718922326854e-14,-3.4207857130500125e-20,-215.15176907994288
0.00011925,119.25,13.468610782369973,13.493372656760823,-8.57935936084363,2.654177046034902e-14,-3.4219851249382143e-20,-216.62734323917792
0.0001195,119.5,13.467203437011905,13.491897884229422,-8.533153367142932,2.6585347189191055e-14,-3.421472337581917e-20,-218.1021157705787
0.00011975,119.75,13.465796392518534,13.490423904704338,-8.487499903629892,2.6628457343603298e-14,-3.4188030645192994e-20,-219.5760952956634
0.00012,120.0,13.464389645078775,13.488950709820847,-8.442386637294648,2.6671108938429366e-14,-3.4212190135193225e-20,-221.04929017915504
0.00012025,120.25,13.462983190909311,13.487478291417336,-8.39780169927223,2.6713309782331344e-14,-3.4214128839753896e-20,-222.52170858266504
0.0001205,120.5,13.461577026254488,13.486006641532477,-8.353733670690628,2.6755067480428846e-14,-3.421099783188841e-20,-223.9933584675238
0.00012075,120.75,13.460171147386045,13.484535752371439,-8.310171551902982,2.679638944372233e-14,-3.4196418773592165e-20,-225.4642476285622
0.000121,121.0,13.458765550602983,13.483065616290627,-8.267104752765059,2.6837282895400448e-14,-3.421177331371268e-20,-226.93438370937335
0.00012125,121.25,13.457360232231322,13.481596225757093,-8.224523082296761,2.6877754882313797e-14,-3.42081705544041e-20,-228.4037742429076
0.0001215,121.5,13.455955188624038,13.480127573347568,-8.1824167356696,2.6917812277178333e-14,-3.4207404766102635e-20,-229.8724266524329
0.00012175,121.75,13.45455041616079,13.478659651725643,-8.140776264930198,2.695746178628902e-14,-3.4201158906243006e-20,-231.3403482743574
0.000122,122.0,13.453145911247802,13.477192453631677,-8.099592568860638,2.6996709954891394e-14,-3.421010925896477e-20,-232.8075463683244
0.00012225,122.24999999999999,13.451741670317626,13.475725971853192,-8.058856882403584,2.7035563176681304e-14,-3.4201785754050956e-20,-234.2740281468093
0.0001225,122.5,13.450337689829073,13.474260199225844,-8.018560764673465,2.7074027695635118e-14,-3.420228981723673e-20,-235.7398007741573
0.00012275,122.75,13.44893396626695,13.472795128620215,-7.978696072074485,2.711210961222895e-14,-3.420033818797899e-20,-237.20487137978546
0.000123,123.00000000000001,13.447530496141907,13.471330752935717,-7.939254948545809,2.714981488799855e-14,-3.4205262497563093e-20,-238.6692470642829
0.00012325,123.24999999999999,13.44612727599023,13.469867065080205,-7.90022981612634,2.7187149353350894e-14,-3.419509722331664e-20,-240.13293491979547
0.0001235,123.5,13.444724302373738,13.468404057972446,-7.861613364011734,2.722411870908076e-14,-3.419579515695848e-20,-241.59594202755423
0.00012375,123.75,13.443321571879501,13.466941724536715,-7.823398524578371,2.726072853132116e-14,-3.4195497888925846e-20,-243.05827546328615
0.000124,124.0,13.441919081119707,13.465480057699999,-7.7855784644346695,2.7296984275411772e-14,-3.419870321379949e-20,-244.51994230000264
0.00012425,124.25000000000001,13.440516826731399,13.464019050378733,-7.748146577001655,2.733289128230384e-14,-3.4188104962201153e-20,-245.98094962126743
0.0001245,124.49999999999999,13.439114805376388,13.462558695482393,-7.711096472580701,2.736845477981648e-14,-3.418917771205806e-20,-247.44130451760856
0.00012475,124.75,13.437713013740936,13.461098985914031,-7.67442195749837,2.740367988653507e-14,-3.4188951529859313e-20,-248.90101408596954
0.000125,125.0,13.436311448535628,13.459639914569975,-7.6381170262499625,2.7438571615100996e-14,-3.419115519070994e-20,-250.36008543002603
0.00012525,125.25000000000001,13.434910106495062,13.458181474331726,-7.602175856441369,2.7473134877472555e-14,-3.4181009303509097e-20,-251.81852566827516
0.0001255,125.49999999999999,13.433508984377779,13.456723658070374,-7.5665927998171085,2.750737448596717e-14,-3.4181959268743826e-20,-253.27634192962736
0.00012575,125.75,13.432108078965912,13.455266458651339,-7.531362364542314,2.754129515630462e-14,-3.418101576585763e-20,-254.7335413486615
0.000126,126.0,13.430707387065043,13.45380986893569,-7.496479208549713,2.7574901510422503e-14,-3.418316126557144e-20,-256.1901310643119
0.00012625,126.25,13.42930690550389,13.452353881775563,-7.461938136877798,2.7608198080824547e-14,-3.417393303186265e-20,-257.64611822443715
0.0001265,126.50000000000001,13.427906631134212,13.450898490019071,-7.42773409359727,2.7641189311448704e-14,-3.417493469588566e-20,-259.10150998092945
0.00012675,126.74999999999999,13.426506560830447,13.449443686517645,-7.393862147057787,2.7673879560029657e-14,-3.417302184071913e-20,-260.5563134823555
0.000127,127.0,13.425106691489576,13.447989464128302,-7.360317484457098,2.7706273100529974e-14,-3.417538706028315e-20,-262.01053587169855
0.00012725,127.25,13.423707020030767,13.446535815711155,-7.327095411360199,2.773837412677481e-14,-3.4167238038779796e-20,-263.46418428884647
0.0001275,127.50000000000001,13.422307543395297,13.445082734134536,-7.294191344460097,2.7770186753178987e-14,-3.416761285499486e-20,-264.9172658654661
0.00012775,127.74999999999999,13.420908258546172,13.443630212283644,-7.2616007995157625,2.78017150165765e-14,-3.4164071487997366e-20,-266.3697877163564
0.000128,128.0,13.41950916246799,13.44217824306315,-7.229319387046883,2.7832962878345986e-14,-3.416736082340197e-20,-267.8217569368514
0.00012825,128.25,13.418110252166572,13.440726819395785,-7.1973428137081115,2.7863934227493493e-14,-3.416094371130615e-20,-269.27318060421635
0.0001285,128.5,13.416711524668882,13.439275934227322,-7.1656668758455355,2.789463288126649e-14,-3.4160788614941297e-20,-270.72406577267884
0.00012875,128.75,13.415312977022655,13.437825580535417,-7.134287449773954,2.79250625865745e-14,-3.415585138066012e-20,-272.1744194645842
0.000129,129.0,13.413914606296235,13.436375751332275,-7.103200488437183,2.795522702187106e-14,-3.415986449910071e-20,-273.62424866772716
0.00012925,129.25,13.412516409578231,13.434926439663458,-7.072402024241336,2.7985129799816068e-14,-3.4155030662396103e-20,-275.07356033654304
0.0001295,129.5,13.411118383977422,13.433477638612523,-7.04188816333463,2.8014774467798616e-14,-3.415510821057853e-20,-276.5223613874777
0.00012975,129.75,13.409720526622399,13.432029341309295,-7.011655077877332,2.804416450904781e-14,-3.4149498892049655e-20,-277.9706586907052
0.00013,130.0,13.408322834661385,13.430581540932295,-6.981699003510006,2.807330334432035e-14,-3.415369295624924e-20,-279.41845906770715
0.00013025,130.25,13.40692530526193,13.429134230707062,-6.952016243248096,2.810219433424661e-14,-3.414969922485426e-20,-280.86576929293955
0.0001305,130.5,13.40552793561079,13.427687403910543,-6.922603162359721,2.813084077977944e-14,-3.414944719326137e-20,-282.31259608945874
0.00013075,130.75,13.404130722913582,13.426241053878305,-6.8934561822593965,2.815924592307e-14,-3.4143443671471825e-20,-283.7589461216963
0.000131,131.0,13.402733664394638,13.424795174006377,-6.864571778665387,2.8187412949002995e-14,-3.414785745552162e-20,-285.2048259936241
0.00013125,131.25,13.401336757296665,13.423349757748914,-6.835946486140961,2.8215344987301094e-14,-3.414476199057308e-20,-286.65024225108584
0.0001315,131.5,13.39993999888067,13.421904798622126,-6.807576893537138,2.824304511291377e-14,-3.414412221806806e-20,-288.0952013778746
0.00013175,131.75,13.398543386425612,13.42046029021013,-6.779459639162674,2.8270516346717243e-14,-3.4137330289757176e-20,-289.5397097898704
0.000132,132.0,13.397146917228254,13.419016226166232,-6.751591409423041,2.8297761656927528e-14,-3.414251955563124e-20,-290.983773833769
0.00013225,132.25,13.39575058860286,13.417572600209883,-6.723968943683656,2.8324783961017602e-14,-3.41406777862986e-20,-292.42739979011816
0.0001325,132.5,13.394354397881116,13.416129406129944,-6.696589030237197,2.8351586126056993e-14,-3.414019957250697e-20,-293.8705938700564
0.00013275,132.75,13.392958342411795,13.414686637789082,-6.669448502458954,2.8378170969279818e-14,-3.4133582127606545e-20,-295.31336221091834
0.000133,133.0,13.391562419560634,13.413244289124618,-6.642544237757579,2.8404541259395777e-14,-3.4138719694692323e-20,-296.75571087538304
0.00013325,133.25,13.390166626710032,13.411802354144559,-6.615873162516141,2.843069971836132e-14,-3.413707825816429e-20,-298.19764585544124
0.0001335,133.5,13.388770961258986,13.41036082693044,-6.589432248468033,2.845664902167752e-14,-3.4136380324522447e-20,-299.6391730695611
0.00013375,133.75,13.387375420622782,13.408919701640347,-6.5632185095747575,2.84823917988549e-14,-3.4130182932276835e-20,-301.0802983596543
0.000134,134.0,13.385980002232873,13.407478972509193,-6.5372290012192025,2.8507930634640066e-14,-3.413506200542119e-20,-302.52102749080836
0.00013425,134.25,13.384584703536602,13.406038633844044,-6.511460824998153,2.8533268070666177e-14,-3.4133711374577256e-20,-303.9613661559572
0.0001345,134.5,13.383189521997146,13.404598680026526,-6.485911125456937,2.855840660571545e-14,-3.41330651397237e-20,-305.4013199734754
0.00013475,134.75,13.381794455093226,13.403159105514607,-6.4605770874704,2.858334869610191e-14,-3.412726841308729e-20,-306.8408944853944
0.000135,135.0,13.380399500318996,13.40171990484244,-6.435455935581662,2.8608096756824695e-14,-3.413204408865508e-20,-308.2800951575621
0.00013525,135.25,13.379004655183795,13.400281072615142,-6.410544938493193,2.8632653163115e-14,-3.413084209182746e-20,-309.7189273848582
0.0001355,135.5,13.377609917212082,13.398842603510813,-6.385841406111824,2.865702025066764e-14,-3.41302669428078e-20,-311.1573964891875
0.00013575,135.75,13.376215283943182,13.397404492281295,-6.361342687284863,2.868120031595544e-14,-3.4125032440493985e-20,-312.5955077187067
0.000136,136.0,13.374820752931178,13.395966733751676,-6.337046169199297,2.870519561731732e-14,-3.412934282696721e-20,-314.0332662483247
0.00013625,136.25,13.37342632174469,13.394529322814742,-6.312949281482436,2.872900837641221e-14,-3.4128302388852984e-20,-315.47067718525886
0.0001365,136.5,13.372031987966803,13.393092254432633,-6.289049493515171,2.875264077842321e-14,-3.412770785278771e-20,-316.907745567368
0.00013675,136.75,13.370637749194852,13.391655523636855,-6.265344312406937,2.8776094972312277e-14,-3.412288047843164e-20,-318.3444763631459
0.000137,137.0,13.369243603040312,13.390219125527542,-6.241831282396254,2.879937307184916e-14,-3.412712624141951e-20,-319.7808744724578
0.00013725,137.25,13.367849547128593,13.388783055267814,-6.218507988514767,2.882247715697812e-14,-3.412616335148771e-20,-321.2169447321872
0.0001375,137.5,13.366455579098982,13.387347308085104,-6.195372054146501,2.88454092739975e-14,-3.4125704524741684e-20,-322.65269191489716
0.00013775,137.75,13.365061696604448,13.385911879270623,-6.172421139158294,2.886817143576098e-14,-3.412184650266595e-20,-324.08812072937764
0.000138,138.0,13.363667897311533,13.384476764178567,-6.14965293926153,2.889076562265017e-14,-3.412545895549733e-20,-325.5232358214333
0.00013825,138.25,13.362274178900169,13.383041958220426,-6.127065189263193,2.8913193783859476e-14,-3.4124289270412394e-20,-326.9580417795754
0.0001385,138.5,13.360880539063636,13.38160745686619,-6.104655660799619,2.8935457837553154e-14,-3.412398554003122e-20,-328.3925431338107
0.00013875,138.75,13.35948697550835,13.380173255643525,-6.082422160561001,2.8957559671015803e-14,-3.412076082811197e-20,-329.82674435647493
0.000139,139.0,13.3580934859538,13.378739350136863,-6.060362529644826,2.897950114157276e-14,-3.412391445419733e-20,-331.26064986313713
0.00013925,139.25,13.356700068132366,13.377305735981928,-6.038474646380752,2.9001284077795404e-14,-3.412266075858143e-20,-332.69426401807374
0.0001395,139.5,13.355306719789267,13.375872408866824,-6.016756424233085,2.902291027963753e-14,-3.412257028570193e-20,-334.127591133177
0.00013975,139.75,13.353913438682387,13.374439364531078,-5.99520581010237,2.904438151853842e-14,-3.41201662920467e-20,-335.5606354689228
0.00014,140.0,13.352520222582207,13.373006598764752,-5.973820783646629,2.9065699538292934e-14,-3.412289340312871e-20,-336.99340123524945
0.00014025,140.25,13.35112706927163,13.371574107403253,-5.952599359728718,2.9086866056180485e-14,-3.4121180880766785e-20,-338.4258925967469
0.0001405,140.5,13.34973397654595,13.370141886328378,-5.931539586459551,2.9107882763082374e-14,-3.412107102084168e-20,-339.85811367162336
0.00014075,140.75,13.348340942212676,13.36870993146741,-5.91063954356453,2.9128751323539084e-14,-3.411888028468812e-20,-341.290068532591
0.000141,141.0,13.34694796409147,13.367278238792236,-5.889897341675729,2.914947337657376e-14,-3.4121226117206534e-20,-342.72176120776425
0.00014125,141.25,13.345555040013993,13.36584680431463,-5.8693111244526115,2.917005053674628e-14,-3.411980440052871e-20,-344.1531956853705
0.0001415,141.5,13.344162167823866,13.364415624087188,-5.848879066774822,2.919048439425351e-14,-3.411973331469482e-20,-345.58437591281216
0.00014175,141.75,13.342769345376512,13.362984694202513,-5.828599373166233,2.921077651494412e-14,-3.411789154536218e-20,-347.0153057974876
0.000142,142.0,13.341376570539099,13.36155401079253,-5.8084702770512715,2.92309284410968e-14,-3.4120030582727453e-20,-348.4459892074712
0.00014225,142.25,13.339983841190385,13.36012357002419,-5.788490042613585,2.925094169240349e-14,-3.411850546847306e-20,-349.8764299758122
0.0001425,142.5,13.338591155220692,13.358693368100358,-5.7686569631118525,2.927081776605385e-14,-3.411842792029063e-20,-351.3066318996425
0.00014275,142.75,13.337198510531751,13.357263401259205,-5.748969359375749,2.929055813670991e-14,-3.411711606353791e-20,-352.7365987407964
0.000143,143.0,13.335805905036658,13.355833665773648,-5.72942557904952,2.931016425724178e-14,-3.4119009531658833e-20,-354.1663342263526
0.00014325,143.25,13.334413336659713,13.354404157947522,-5.710023998234314,2.9329637559643916e-14,-3.4117271159902765e-20,-355.59584205247836
0.0001435,143.5,13.333020803336403,13.352974874116423,-5.690763019917726,2.93489794551051e-14,-3.4117297009296907e-20,-357.025125883577
0.00014375,143.75,13.33162830301326,13.35154581064736,-5.671641072550482,2.9368191333946066e-14,-3.411610793716636e-20,-358.45418935264075
0.000144,144.0,13.330235833647802,13.350116963938314,-5.652656609292343,2.938727456631522e-14,-3.411777522308854e-20,-359.88303606168733
0.00014425,144.25,13.328843393208397,13.348688330414832,-5.63380810948396,2.94062305030422e-14,-3.4116237184137073e-20,-361.3116695851686
0.0001445,144.5,13.327450979674241,13.347259906530907,-5.615094077183312,2.942506047569489e-14,-3.411614024890904e-20,-362.7400934690949
0.00014475,144.75,13.326058591035222,13.345831688768802,-5.596513039836874,2.944376579648307e-14,-3.411492532738435e-20,-364.1683112311991
0.000145,145.0,13.324666225291859,13.344403673638768,-5.578063547534116,2.946234775891725e-14,-3.411666369914042e-20,-365.59632636123325
0.00014525,145.25,13.32327388045518,13.342975857676098,-5.559744174339625,2.948080763860373e-14,-3.41152613695082e-20,-367.0241423239026
0.0001455,145.5,13.321881554546694,13.341548237441906,-5.541553516946944,2.949914669328991e-14,-3.411532599299356e-20,-368.45176255809486
0.00014575,145.75,13.320489245598264,13.340120809523167,-5.523490193456496,2.9517366162738096e-14,-3.41143889524559e-20,-369.87919047683437
0.000146,146.0,13.319096951652048,13.3386935705326,-5.505552842634935,2.9535467269349105e-14,-3.411575897034544e-20,-371.3064294674009
0.00014625,146.25,13.31770467076038,13.337266517106011,-5.487740125167597,2.955345121890475e-14,-3.4114175694954226e-20,-372.7334828939907
0.0001465,146.5,13.316312400985746,13.335839645903123,-5.4700507223852295,2.9571319200602446e-14,-3.411450527472954e-20,-374.1603540968783
0.00014675,146.75,13.314920140400652,13.334412953607833,-5.452483335148319,2.9589072386902214e-14,-3.4113943050406946e-20,-375.587046392167
0.000147,147.0,13.31352788708758,13.332986436928083,-5.435036683166572,2.960671193411808e-14,-3.411507396140067e-20,-377.0135630719183
0.00014725,147.25,13.312135639138878,13.331560092593504,-5.41770950616062,2.9624238983112796e-14,-3.4113361439038745e-20,-378.4399074064975
0.0001475,147.5,13.310743394656702,13.330133917356303,-5.400500562667507,2.964165465932298e-14,-3.411354238479774e-20,-379.8660826436984
0.00014775,147.75,13.309351151752942,13.32870790799166,-5.383408629040733,2.965896007258259e-14,-3.411303185926343e-20,-381.29209200834134
0.000148,148.0,13.307958908549123,13.327282061297595,-5.366432498815282,2.9676156317685265e-14,-3.411415630790862e-20,-382.71793870240566
0.00014825,148.25,13.30656666317634,13.32585637409291,-5.349570983806494,2.969324447503538e-14,-3.411256657016887e-20,-384.1436259070914
0.0001485,148.5,13.3051744137752,13.324430843218025,-5.332822913000643,2.9710225610664873e-14,-3.411261180660862e-20,-385.5691567819754
0.00014875,148.75,13.30378215849571,13.323005465535473,-5.316187131664189,2.9727100776037026e-14,-3.41121723669082e-20,-386.99453446452696
0.000149,149.0,13.30238989549724,13.321580237929819,-5.2996625007441756,2.974387100858212e-14,-3.411326450381071e-20,-388.41976207018246
0.00014925,149.25,13.30099762294841,13.320155157305834,-5.28324789791029,2.976053733230885e-14,-3.411183632478435e-20,-389.84484269416623
0.0001495,149.5,13.29960533902706,13.318730220589252,-5.266942216545027,2.9777100757814014e-14,-3.4111972034103597e-20,-391.26977941074887
0.00014975,149.75,13.298213041920144,13.317305424727273,-5.250744364959747,2.979356228207001e-14,-3.4111506745009036e-20,-392.6945752727285
0.00015,150.0,13.29682072982368,13.315880766688583,-5.23465326580882,2.9809922888935727e-14,-3.411254072077473e-20,-394.11923331141753
0.00015025,150.25,13.295428400942642,13.314456243461668,-5.21866785711365,2.982618354973271e-14,-3.411118362758226e-20,-395.54375653833324
0.0001505,150.5,13.294036053490952,13.313031852055511,-5.202787091318338,2.9842345223248567e-14,-3.4111319336901504e-20,-396.96814794448954
0.00015075,150.75,13.292643685691347,13.311607589500122,-5.187009934596355,2.985840885551103e-14,-3.411097683242912e-20,-398.3924104998787
0.000151,151.0,13.29125129577535,13.310183452846564,-5.171335366320177,2.987437538027578e-14,-3.4111842787132885e-20,-399.81654715343745
0.00015125,151.25,13.289858881983177,13.308759439165325,-5.15576238003802,2.98902457195717e-14,-3.411050508098602e-20,-401.24056083467667
0.0001515,151.5,13.28846644256369,13.307335545547051,-5.140289982589783,2.990602078369857e-14,-3.4110518005683094e-20,-402.6644544529496
0.00015175,151.75,13.287073975774312,13.305911769103066,-5.1249171935068825,2.992170147098973e-14,-3.411008502833121e-20,-404.088230896935
0.000152,152.0,13.285681479880976,13.304488106965325,-5.109643044520775,2.993728866827973e-14,-3.411096390773205e-20,-405.5118930346763
0.00015225,152.25,13.28428895315804,13.303064556284946,-5.094466580494656,2.995278325142085e-14,-3.4109832996738323e-20,-406.93544371505527
0.0001525,152.5,13.282896393888237,13.301641114232842,-5.079386858615786,2.996818608527603e-14,-3.411008502833121e-20,-408.3588857671586
0.00015275,152.75,13.281503800362609,13.300217778000166,-5.06440294787581,2.998349802347303e-14,-3.410952926635715e-20,-409.78222199983566
0.000153,153.0,13.28011117088044,13.298794544798326,-5.049513928599703,2.9998719908852816e-14,-3.4110472769243345e-20,-411.2054552016747
0.00015325,153.25,13.278718503749177,13.29737141185757,-5.034718893332948,3.001385257396065e-14,-3.410930954650694e-20,-412.62858814243117
0.0001535,153.5,13.277325797284405,13.295948376427539,-5.020016946098322,3.002889684103477e-14,-3.4109477567568867e-20,-414.05162357246166
0.00015375,153.75,13.275933049809746,13.294525435777683,-5.005407201953256,3.0043853521753636e-14,-3.4109057514914055e-20,-415.4745642223192
0.000154,154.0,13.274540259656828,13.293102587197248,-4.990888786536348,3.0058723417666694e-14,-3.4109929931966357e-20,-416.89741280275314
0.00015425,154.25,13.273147425165188,13.29167982799391,-4.976460836919494,3.007350732066247e-14,-3.4108908880897736e-20,-418.32017200608993
0.0001545,154.5,13.271754544682258,13.290257155494304,-4.962122500914274,3.00882060129535e-14,-3.410897350438309e-20,-419.742844505696
0.00015475,154.75,13.270361616563273,13.288834567044333,-4.947872936688172,3.010282026681825e-14,-3.4108676236350456e-20,-421.1654329556677
0.000155,155.0,13.268968639171222,13.28741206000919,-4.9337113123436565,3.011735084501556e-14,-3.41094840299174e-20,-422.58793999081126
0.00015525,155.25,13.267575610876776,13.285989631772,-4.919636806710045,3.013179850123172e-14,-3.410839189301489e-20,-424.01036822799927
0.0001555,155.5,13.26618253005827,13.284567279734313,-4.905648608704515,3.014616398006211e-14,-3.410871501044167e-20,-425.43272026568826
0.00015575,155.75,13.264789395101598,13.28314500131637,-4.89174591700875,3.0160448016749103e-14,-3.4108501752939995e-20,-426.8549986836307
0.000156,156.0,13.263396204400191,13.281722793957085,-4.877927939662843,3.0174651337581123e-14,-3.410914798779355e-20,-428.2772060429152
0.00015625,156.25,13.262002956354937,13.280300655112692,-4.8641938948184045,3.0188774660320737e-14,-3.410795891566301e-20,-429.699344887309
0.0001565,156.5,13.260609649374153,13.278878582257251,-4.8505430101310285,3.0202818694183357e-14,-3.410817217316468e-20,-431.12141774275057
0.00015675,156.75,13.259216281873506,13.277456572882896,-4.836974522474442,3.021678413957187e-14,-3.4107816743995225e-20,-432.5434271171046
0.000157,157.0,13.257822852275979,13.276034624499719,-4.823487677568025,3.0230671688461814e-14,-3.410842420475757e-20,-433.9653755002821
0.00015725,157.25,13.256429359011788,13.274612734634527,-4.810081730669337,3.0244482024811285e-14,-3.4107538863008195e-20,-435.3872653654735
0.0001575,157.5,13.255035800518373,13.273190900831267,-4.796755946023688,3.0258215824537116e-14,-3.41076487229333e-20,-436.8090991687339
0.00015775,157.75,13.253642175240316,13.271769120651175,-4.783509596614841,3.0271873755247565e-14,-3.4107157584444597e-20,-438.2308793488253
0.000158,158.0,13.252248481629293,13.270347391672738,-4.770341963788835,3.028545647661422e-14,-3.4107907216874723e-20,-439.65260832726244
0.00015825,158.25,13.250854718144021,13.26892571149052,-4.757252337898817,3.029896464076488e-14,-3.410722867027849e-20,-441.0742885094816
0.0001585,158.5,13.249460883250226,13.26750407771548,-4.7442400178043815,3.031239889225752e-14,-3.410748716421991e-20,-442.4959222845224
0.00015875,158.75,13.24806697542058,13.266082487975066,-4.731304310660278,3.032575986781192e-14,-3.4107409616037484e-20,-443.9175120249359
0.000159,159.0,13.24667299313465,13.264660939913247,-4.7184445315443675,3.0339048196668275e-14,-3.41078490557379e-20,-445.3390600867544
0.00015925,159.25,13.245278934878838,13.263239431189257,-4.705660004063741,3.035226450096518e-14,-3.410675691883539e-20,-446.76056881074334
0.0001595,159.5,13.24388479914638,13.261817959478014,-4.6929500598658915,3.036540939571154e-14,-3.4107028337473885e-20,-448.18204052198604
0.00015975,159.75,13.242490584437238,13.260396522470234,-4.680314038453789,3.03784834885166e-14,-3.410690555285171e-20,-449.60347752976713
0.00016,160.0,13.241096289258097,13.25897511787231,-4.667751286847066,3.039148737993732e-14,-3.410741607838602e-20,-451.0248821276909
0.00016025,160.25,13.239701912122289,13.257553743405213,-4.6552611601294585,3.040442166384121e-14,-3.4106550123682253e-20,-452.4462565947876
0.0001605,160.5,13.238307451549776,13.25613239680483,-4.642843021005133,3.0417286927376563e-14,-3.4106692295350036e-20,-453.8676031951711
0.00016075,160.75,13.236912906067081,13.254711075822028,-4.630496239633452,3.0430083750702227e-14,-3.410642733906008e-20,-455.28892417797323
0.000161,161.0,13.235518274207255,13.253289778222603,-4.618220193287367,3.044281270732365e-14,-3.4106983101034136e-20,-456.71022177739746
0.00016125,161.25,13.234123554509818,13.251868501786273,-4.606014266854413,3.0455474364441594e-14,-3.4106401489665935e-20,-458.1314982137272
0.0001615,161.5,13.232728745520742,13.25044724430692,-4.593877852436146,3.046806928292085e-14,-3.4106595360122e-20,-459.5527556930801
0.00016175,161.75,13.231333845792385,13.249026003592618,-4.5818103492105475,3.0480598017020185e-14,-3.410676984353246e-20,-460.97399640738263
0.000162,162.0,13.229938853883448,13.247604777465677,-4.569811163088245,3.0493061114717095e-14,-3.4107073573913634e-20,-462.3952225343243
0.00016225,162.25,13.228543768358941,13.246183563761548,-4.557879707187389,3.050545911804406e-14,-3.410618823216426e-20,-463.8164362384538
0.0001625,162.5,13.22714858779015,13.244762360329187,-4.5460154014361285,3.0517792563055775e-14,-3.410623346860401e-20,-465.2376396708146
0.00016275,162.75,13.225753310754566,13.243341165031124,-4.5342176724522405,3.05300619795587e-14,-3.41060137487538e-20,-466.65883496887744
0.000163,163.0,13.224357935835872,13.241919975743345,-4.522485953230352,3.054226789142645e-14,-3.410661474716761e-20,-468.0800242566554
0.00016325,163.25,13.222962461623881,13.24049879035446,-4.510819683554692,3.055441081692286e-14,-3.41058134159492e-20,-469.5012096455407
0.0001635,163.5,13.221566886714513,13.239077606765864,-4.4992183096564595,3.056649126866817e-14,-3.41060137487538e-20,-470.9223932341371
0.00016375,163.75,13.220171209709743,13.237656422891796,-4.4876812841138625,3.057850975336952e-14,-3.410603313579941e-20,-472.34357710820564
0.000164,164.0,13.218775429217573,13.236235236659379,-4.476208065516272,3.059046677212627e-14,-3.410634979087765e-20,-473.7647633406222
0.00016425,164.25,13.217379543851965,13.234814046007752,-4.464798118859673,3.0602362820741426e-14,-3.410576817950945e-20,-475.1859539922486
0.0001645,164.5,13.21598355223284,13.233392848888267,-4.453450915225692,3.061419838968671e-14,-3.410595558761698e-20,-476.60715111173386
0.00016475,164.75,13.214587452986015,13.23197164326452,-4.442165931696598,3.062597396383387e-14,-3.410583926534334e-20,-478.0283567354807
0.000165,165.0,13.213191244743165,13.230550427112398,-4.430942651033994,3.0637690022750574e-14,-3.410620115686133e-20,-479.44957288760315
0.00016525,165.25,13.21179492614179,13.229129198419242,-4.419780562047772,3.064934704100101e-14,-3.410547737382535e-20,-480.87080158075815
0.0001655,165.5,13.21039849582518,13.227707955184075,-4.408679159284082,3.066094548810996e-14,-3.41057229430697e-20,-482.29204481592564
0.00016575,165.75,13.209001952442378,13.226286695417672,-4.397637942953894,3.067248582829492e-14,-3.4105567846704846e-20,-483.7133045823285
0.000166,166.0,13.207605294648136,13.224865417142535,-4.386656418634815,3.0683968520753463e-14,-3.410598789935966e-20,-485.1345828574651
0.00016625,166.25,13.206208521102875,13.223444118392194,-4.3757340975955605,3.0695394019953114e-14,-3.410547091147681e-20,-486.5558816078072
0.0001665,166.5,13.204811630472662,13.222022797211357,-4.364870496517934,3.070676277559457e-14,-3.410576817950945e-20,-487.9772027886439
0.00016675,166.75,13.20341462142917,13.220601451655973,-4.354065137445719,3.071807523234547e-14,-3.410582634064627e-20,-489.3985483440277
0.000167,167.0,13.202017492649638,13.219180079793269,-4.343317547486142,3.0729331830118746e-14,-3.410607190989062e-20,-490.8199202067318
0.00016725,167.25,13.200620242816823,13.217758679701,-4.332627259122146,3.074053300435322e-14,-3.410528350336928e-20,-492.241320299001
0.0001675,167.5,13.199222870618998,13.216337249467692,-4.321993809930014,3.0751679185976075e-14,-3.4105541997310704e-20,-493.6627505323092
0.00016775,167.75,13.19782537474989,13.214915787192773,-4.311416742540723,3.0762770801137556e-14,-3.410549029852242e-20,-495.08421280722877
0.000168,168.0,13.196427753908651,13.213494290986459,-4.300895604375161,3.077380827148192e-14,-3.410580695360066e-20,-496.50570901354286
0.00016825,168.25,13.195030006799826,13.212072758969155,-4.290429947914824,3.0784792014418255e-14,-3.410521241753539e-20,-497.92724103084635
0.0001685,168.5,13.193632132133319,13.210651189271642,-4.280019330452821,3.0795722443082514e-14,-3.410537397624878e-20,-499.348810728358
0.00016875,168.75,13.192234128624367,13.209229580035146,-4.269663314070521,3.0806599966073986e-14,-3.4105231804580997e-20,-500.7704199648543
0.000169,169.0,13.190835994993488,13.207807929411345,-4.259361465363761,3.081742498771872e-14,-3.410563893253874e-20,-502.192070588656
0.00016925,169.25,13.18943772996646,13.206386235561805,-4.249113355693205,3.082819790833129e-14,-3.4105050858822e-20,-503.61376443819563
0.0001695,169.5,13.188039332274295,13.204964496658096,-4.238918560965966,3.083891912417633e-14,-3.4105218879883926e-20,-505.03550334190396
0.00016975,169.75,13.186640800653189,13.203542710881853,-4.228776661628472,3.084958902720713e-14,-3.410522534223246e-20,-506.45728911814723
0.00017,170.0,13.185242133844504,13.202120876424832,-4.218687242387713,3.086020800532158e-14,-3.410554845965924e-20,-507.879123575168
0.00017025,170.25,13.183843330594728,13.20069899148834,-4.208649892456176,3.087077644261577e-14,-3.4104856988365934e-20,-509.30100851166105
0.0001705,170.5,13.18244438965545,13.199277054283382,-4.198664205333896,3.0881294719345154e-14,-3.410525765397514e-20,-510.7229457166193
0.00017075,170.75,13.181045309783316,13.197855063030755,-4.1887297788117674,3.0891763211665075e-14,-3.410534812685464e-20,-512.1449369692455
0.000171,171.0,13.17964608974002,13.196433015961038,-4.1788462147236904,3.090218229187966e-14,-3.410547737382535e-20,-513.5669840389628
0.00017125,171.25,13.178246728292244,13.195010911314016,-4.169013119162687,3.0912552328687926e-14,-3.4104650193212795e-20,-514.9890886859853
0.0001715,171.5,13.176847224211654,13.193588747338904,-4.159230102269803,3.0922873687144495e-14,-3.410492161185129e-20,-516.4112526610978
0.00017175,171.75,13.175447576274854,13.192166522294443,-4.1494967782526,3.0933146728402115e-14,-3.4105076708216143e-20,-517.8334777055578
0.000172,172.0,13.174047783263362,13.190744234448827,-4.139812765151685,3.094337180995432e-14,-3.4105289965717817e-20,-519.2557655511735
0.00017225,172.25,13.172647843963567,13.189321882079232,-4.130177685027787,3.0953549285873784e-14,-3.410463080616719e-20,-520.678117920769
0.0001725,172.5,13.171247757166729,13.187899463471965,-4.1205911637803645,3.0963679506772874e-14,-3.410481821427472e-20,-522.100536528036
0.00017275,172.75,13.169847521668915,13.18647697692253,-4.111052831177282,3.097376281954869e-14,-3.410488930010861e-20,-523.5230230774708
0.000173,173.0,13.168447136270997,13.185054420735623,-4.101562320612599,3.098379956761933e-14,-3.4105102557610285e-20,-524.9455792643777
0.00017325,173.25,13.167046599778597,13.183631793224674,-4.092119269290892,3.0993790091155176e-14,-3.410457264503037e-20,-526.3682067753281
0.0001735,173.5,13.165645911002091,13.182209092711965,-4.08272331805705,3.100373472703935e-14,-3.4104695429652544e-20,-527.7909072880365
0.00017375,173.75,13.164245068756552,13.180786317528698,-4.073374111432012,3.101363380861515e-14,-3.4104695429652544e-20,-529.2136824713037
0.000174,174.0,13.162844071861732,13.179363466014992,-4.064071297380121,3.1023487665916485e-14,-3.4104882837760076e-20,-530.6365339850078
0.00017425,174.25,13.161442919142033,13.177940536519497,-4.054814527468949,3.103329662589225e-14,-3.4104430473362586e-20,-532.0594634805035
0.0001745,174.5,13.16004160942649,13.176517527399433,-4.045603456725227,3.1043061012366724e-14,-3.4104766515486436e-20,-533.4824726005676
0.00017475,174.75,13.158640141548718,13.175094437020636,-4.036437743683723,3.105278114578976e-14,-3.410480528957765e-20,-534.9055629793651
0.000175,175.0,13.157238514346918,13.173671263757623,-4.027317050147636,3.10624573434612e-14,-3.4105044396473465e-20,-536.328736242378
0.00017525,175.25,13.15583672666382,13.172248005993145,-4.018241041346788,3.1072089919749214e-14,-3.4104488634499406e-20,-537.7519940068562
0.0001755,175.5,13.154434777346674,13.170824662118301,-4.009209385792477,3.1081679186050565e-14,-3.410470189200108e-20,-539.1753378817
0.00017575,175.75,13.153032665247217,13.16940123053258,-4.000221755330661,3.1091225450543306e-14,-3.4104856988365934e-20,-540.5987694674203
0.000176,176.0,13.151630389221651,13.167977709643862,-3.991277824925058,3.110072901840578e-14,-3.410494746124543e-20,-542.0222903561378
0.00017625,176.25,13.1502279481306,13.166554097868014,-3.982377272794205,3.111019019202894e-14,-3.4104430473362586e-20,-543.4459021319868
0.0001765,176.5,13.148825340839117,13.165130393629013,-3.973519780276228,3.111960927097664e-14,-3.410473420374376e-20,-544.8696063709874
0.00017675,176.75,13.147422566216624,13.163706595358969,-3.964705031889563,3.112898655174104e-14,-3.4104928074199825e-20,-546.2934046410315
0.000177,177.0,13.14601962313691,13.162282701498116,-3.9559327151280668,3.1138322327956167e-14,-3.410503793412493e-20,-547.7172985018846
0.00017725,177.25,13.144616510478093,13.160858710494413,-3.947202520582893,3.1147616890604794e-14,-3.410429476404334e-20,-549.1412895055886
0.0001775,177.5,13.143213227122592,13.159434620803673,-3.938514141809459,3.1156870527978695e-14,-3.410452740859062e-20,-550.5653791963289
0.00017775,177.75,13.141809771957123,13.158010430889647,-3.9298672753955235,3.116608352543661e-14,-3.410461788147012e-20,-551.9895691103537
0.000178,178.0,13.14040614387265,13.15658613922392,-3.9212616207681057,3.117525616561299e-14,-3.410467604260694e-20,-553.4138607760799
0.00017825,178.25,13.139002341764368,13.155161744285607,-3.912696880296038,3.118438872861921e-14,-3.410428183934627e-20,-554.8382557143941
0.0001785,178.5,13.137598364531694,13.153737244561421,-3.9041727591779556,3.1193481492003934e-14,-3.410435292518016e-20,-556.2627554385799
0.00017875,178.75,13.136194211078223,13.15231263854571,-3.8956889655144487,3.120253473051401e-14,-3.41044692474538e-20,-557.6873614542908
0.000179,179.0,13.134789880311708,13.150887924740442,-3.8872452101100805,3.1211548716298266e-14,-3.4104721279046687e-20,-559.112075259559
0.00017925,179.25,13.13338537114404,13.14946310165488,-3.878841206569306,3.122052371910349e-14,-3.410415905472409e-20,-560.53689834512
0.0001795,179.5,13.131980682491236,13.148038167805659,-3.870476671193839,3.122946000623497e-14,-3.4104301226391875e-20,-561.9618321943419
0.00017975,179.75,13.130575813273385,13.14661312171678,-3.862151323061916,3.123835784232009e-14,-3.410444339805966e-20,-563.386878283222
0.00018,180.0,13.129170762414656,13.14518796191963,-3.853864883831698,3.124721748950763e-14,-3.41045597203333e-20,-564.8120380803715
0.00018025,180.25,13.127765528843259,13.143762686952709,-3.845617077818152,3.125603920765856e-14,-3.410416551707263e-20,-566.2373130472914
0.0001805,180.5,13.12636011149143,13.142337295361637,-3.8374076319129085,3.1264823254306725e-14,-3.410426245230066e-20,-567.6627046383646
0.00018075,180.75,13.124954509295396,13.140911785699112,-3.8292362756731855,3.1273569884425424e-14,-3.4104243065255055e-20,-569.0882143008889
0.000181,181.0,13.12354872119537,13.139486156525024,-3.821102741112547,3.1282279350622135e-14,-3.410443693571112e-20,-570.5138434749765
0.00018125,181.25,13.122142746135511,13.13806040640615,-3.813006762774374,3.129095190332449e-14,-3.410412028063288e-20,-571.9395935938492
0.0001815,181.5,13.120736583063916,13.136634533916167,-3.8049480776590068,3.129958779074118e-14,-3.410427537699773e-20,-573.3654660838345
0.00018175,181.75,13.119330230932595,13.135208537635608,-3.79692642531581,3.130818725863137e-14,-3.4104417548665515e-20,-574.7914623643933
0.000182,182.0,13.117923688697443,13.133782416151966,-3.788941547642217,3.1316750550494924e-14,-3.410457264503037e-20,-576.2175838480346
0.00018225,182.25,13.116516955318215,13.132356168059376,-3.780993188952722,3.132527790775403e-14,-3.410392641017681e-20,-577.6438319406246
0.0001825,182.5,13.11511002975853,13.130929791958662,-3.77308109589924,3.1333769569714273e-14,-3.410423660290652e-20,-579.0702080413382
0.00018275,182.75,13.113702910985817,13.129503286457362,-3.7652050175637246,3.134222577333674e-14,-3.4104533870939155e-20,-580.4967135426382
0.000183,183.0,13.112295597971316,13.128076650169701,-3.7573647052828956,3.135064675342399e-14,-3.410464373086426e-20,-581.9233498302991
0.00018325,183.25,13.110888089690045,13.126649881716311,-3.7495599126991763,3.1359032742797565e-14,-3.41039974960107e-20,-583.350118283689
0.0001835,183.5,13.10948038512079,13.125222979724322,-3.7417903956809644,3.1367383972259196e-14,-3.410413320532995e-20,-584.7770202756786
0.00018375,183.75,13.108072483246074,13.123795942827398,-3.7340559124196235,3.1375700670365464e-14,-3.4104139667678485e-20,-586.2040571726035
0.000184,184.0,13.106664383052145,13.122368769665652,-3.7263562232617384,3.1383983063610206e-14,-3.410436584987723e-20,-587.6312303343494
0.00018425,184.25,13.105256083528948,13.120941458885497,-3.718691090738605,3.139223137659733e-14,-3.410397164661656e-20,-589.0585411145039
0.0001845,184.5,13.10384758367011,13.11951400913962,-3.711060279514379,3.1400445832002344e-14,-3.410424952760359e-20,-590.4859908603812
0.00018475,184.75,13.10243888247292,13.118086419086953,-3.703463556488739,3.140862665035016e-14,-3.4104533870939155e-20,-591.9135809130481
0.000185,185.0,13.101029978938312,13.116658687392755,-3.69590069061474,3.1416774050193143e-14,-3.410442401101405e-20,-593.3413126072454
0.00018525,185.25,13.099620872070831,13.115230812728301,-3.6883714529386484,3.142488824828031e-14,-3.410393933487388e-20,-594.7691872717002
0.0001855,185.5,13.098211560878635,13.113802793770997,-3.6808756165314733,3.143296945951903e-14,-3.4104068581844594e-20,-596.1972062290035
0.00018575,185.75,13.096802044373463,13.112374629204401,-3.6734129565920903,3.1441017896755364e-14,-3.410435292518016e-20,-597.6253707955989
0.000186,186.0,13.09539232157061,13.11094631771814,-3.665983250295049,3.1449033770948466e-14,-3.4104288301694804e-20,-599.0536822818615
0.00018625,186.25,13.09398239148892,13.109517858007681,-3.6585862768090776,3.1457017291335975e-14,-3.410376485146342e-20,-600.4821419923202
0.0001865,186.5,13.092572253150767,13.108089248774446,-3.6512218172374875,3.146496866539593e-14,-3.41038876360856e-20,-601.9107512255546
0.00018675,186.75,13.091161905582025,13.10666048872582,-3.643889654723057,3.147288809862978e-14,-3.4103978108965096e-20,-603.3395112741808
0.000187,187.0,13.089751347812063,13.10523157657507,-3.6365895742933,3.148077579473354e-14,-3.410401688305631e-20,-604.7684234249302
0.00018725,187.25,13.088340578873709,13.103802511041241,-3.6293213628651637,3.148863195575893e-14,-3.410366791623539e-20,-606.1974889587588
0.0001875,187.5,13.08692959780325,13.102373290849116,-3.622084809212696,3.14964567820757e-14,-3.4103861786691456e-20,-607.6267091508846
0.00018775,187.75,13.085518403640405,13.100943914729186,-3.614879704076347,3.150425047215768e-14,-3.410405565714752e-20,-609.0560852708155
0.000188,188.0,13.08410699542831,13.099514381417716,-3.6077058399896247,3.1512013222750136e-14,-3.410413320532995e-20,-610.4856185822839
0.00018825,188.25,13.082695372213491,13.098084689656561,-3.6005630112942373,3.1519745229027484e-14,-3.410368084093246e-20,-611.9153103434404
0.0001885,188.5,13.081283533045859,13.096654838193162,-3.5934510141010123,3.152744668455592e-14,-3.410377131381196e-20,-613.3451618068382
0.00018875,188.75,13.079871476978683,13.095224825780557,-3.5863696463983694,3.153511778108206e-14,-3.410404273245045e-20,-614.7751742194438
0.000189,189.0,13.078459203068583,13.093794651177367,-3.579318707896598,3.1542758708696935e-14,-3.41039974960107e-20,-616.2053488226346
0.00018925,189.25,13.077046710375493,13.092364313147645,-3.572298000031,3.155036965599031e-14,-3.410369376562953e-20,-617.6356868523555
0.0001895,189.5,13.075633997962663,13.090933810460893,-3.5653073259271992,3.155795081001363e-14,-3.4103758389114887e-20,-619.0661895391083
0.00018975,189.75,13.07422106489664,13.089503141892045,-3.5583464905106514,3.1565502356071265e-14,-3.410406211949606e-20,-620.4968581079548
0.00019,190.0,13.072807910247237,13.088072306221479,-3.551415300356857,3.1573024477881343e-14,-3.410405565714752e-20,-621.9276937785227
0.00019025,190.25,13.071394533087522,13.086641302234849,-3.544513563685717,3.158051735772668e-14,-3.410363560449271e-20,-623.3586977651522
0.0001905,190.5,13.069980932493817,13.08521012872312,-3.537641090332583,3.158798117641803e-14,-3.410387471138853e-20,-624.7898712768813
0.00019075,190.75,13.068567107545658,13.083778784482549,-3.53079769186085,3.159541611308807e-14,-3.410395872191949e-20,-626.221215517452
0.000191,191.0,13.067153057325791,13.082347268314672,-3.523983181413924,3.1602822345348975e-14,-3.410400395835924e-20,-627.6527316853281
0.00019125,191.25,13.065738780920151,13.080915579026192,-3.517197373704874,3.161020004944026e-14,-3.410365499153832e-20,-629.0844209738095
0.0001915,191.5,13.064324277417855,13.079483715428966,-3.510440084991817,3.1617549400192225e-14,-3.410387471138853e-20,-630.5162845710361
0.00019175,191.75,13.062909545911168,13.078051676340005,-3.5037111331915614,3.162487057082268e-14,-3.4103978108965096e-20,-631.948323659996
0.000192,192.0,13.061494585495508,13.076619460581464,-3.4970103377357917,3.163216373309146e-14,-3.4104094431238736e-20,-633.380539418538
0.00019225,192.25,13.060079395269405,13.075187066980531,-3.4903375195544166,3.1639429057445085e-14,-3.4103803625554636e-20,-634.8129330194704
0.0001925,192.5,13.058663974334513,13.073754494369423,-3.48369250105404,3.164666671298069e-14,-3.4103978108965096e-20,-636.2455056305772
0.00019275,192.75,13.057248321795578,13.07232174158538,-3.477075106234448,3.1653876867245235e-14,-3.4104184904118234e-20,-637.6782584146213
0.000193,193.0,13.05583243676042,13.07088880747065,-3.4704851605515223,3.166105968638703e-14,-3.410420429116384e-20,-639.111192529351
0.00019325,193.25,13.054416318339923,13.069455690872342,-3.463922490896154,3.166821533529761e-14,-3.410378423850903e-20,-640.5443091276595
0.0001935,193.5,13.052999965648024,13.06802239064249,-3.4573869255686778,3.167534397757589e-14,-3.4103894098434134e-20,-641.9776093575118
0.00019375,193.75,13.051583377801688,13.066588905638055,-3.450878294395595,3.168244577532991e-14,-3.410405565714752e-20,-643.4110943619468
0.000194,194.0,13.050166553920894,13.065155234720846,-3.4443964286024165,3.168952088932562e-14,-3.41040879688902e-20,-644.8447652791548
0.00019425,194.25,13.04874949312863,13.063721376757462,-3.437941160782392,3.169656947912573e-14,-3.410366791623539e-20,-646.2786232425387
0.0001945,194.5,13.04733219455087,13.062287330619275,-3.4315123248840567,3.1703591703054255e-14,-3.410378423850903e-20,-647.712669380726
0.00019475,194.75,13.045914657316555,13.060853095182415,-3.4251097563275414,3.1710587718000875e-14,-3.410407504419313e-20,-649.1469048175868
0.000195,195.0,13.044496880557586,13.059418669327775,-3.4187332918718476,3.1717557679566985e-14,-3.410399103366217e-20,-650.5813306722265
0.00019525,195.25,13.043078863408809,13.0579840519409,-3.4123827695828863,3.172450174220166e-14,-3.410372607737221e-20,-652.0159480590997
0.0001955,195.5,13.041660605007994,13.056549241912016,-3.4060580288237015,3.173142005916656e-14,-3.410390056078267e-20,-653.4507580879839
0.00019575,195.75,13.040242104495825,13.055114238135975,-3.399758910373473,3.173831278234296e-14,-3.410412028063288e-20,-654.8857618640268
0.000196,196.0,13.038823361015892,13.053679039512263,-3.393485256299798,3.174518006237482e-14,-3.410415905472409e-20,-656.3209604877375
0.00019625,196.25,13.037404373714654,13.052243644944888,-3.3872369099248116,3.1752022048802406e-14,-3.410366791623539e-20,-657.7563550551139
0.0001965,196.5,13.035985141741456,13.050808053342406,-3.3810137158100617,3.1758838890027415e-14,-3.4103803625554636e-20,-659.1919466575955
0.00019675,196.75,13.03456566424849,13.04937226361794,-3.374815519874813,3.1765630733122345e-14,-3.4104126742981414e-20,-660.6277363820609
0.000197,197.0,13.033145940390797,13.047936274689103,-3.368642169279215,3.177239772397125e-14,-3.4104036270101916e-20,-662.0637253108979
0.00019725,197.25,13.03172596932624,13.04650008547794,-3.3624935123790367,3.177914000740048e-14,-3.4103687303280995e-20,-663.4999145220611
0.0001975,197.5,13.030305750215497,13.04506369491094,-3.356369398723766,3.1785857727144275e-14,-3.4103674378583924e-20,-664.9363050890613
0.00019775,197.75,13.02888528222205,13.043627101918975,-3.3502696791750544,3.179255102565668e-14,-3.4103952259570954e-20,-666.3728980810253
0.000198,198.0,13.027464564512167,13.042190305437334,-3.3441942057823604,3.179922004424967e-14,-3.410404919479899e-20,-667.8096945626667
0.00019825,198.25,13.026043596254885,13.040753304405637,-3.3381428317398107,3.180586492322145e-14,-3.4103745464417816e-20,-669.2466955943638
0.0001985,198.5,13.024622376622009,13.039316097767824,-3.33211541138547,3.181248580182232e-14,-3.4103952259570954e-20,-670.6839022321773
0.00019875,198.75,13.023200904788084,13.037878684472131,-3.326111800320979,3.1819082818069135e-14,-3.4104113818284343e-20,-672.1213155278695
0.000199,199.0,13.021779179930393,13.036441063471084,-3.3201318552936243,3.182565610888081e-14,-3.410405565714752e-20,-673.5589365289169
0.00019925,199.25,13.020357201228935,13.035003233721396,-3.314175434150134,3.1832205810204366e-14,-3.410369376562953e-20,-674.996766278605
0.0001995,199.5,13.018934967866413,13.033565194184014,-3.3082423958306446,3.183873205698114e-14,-3.41038876360856e-20,-676.4348058159875
0.00019975,199.75,13.017512479028234,13.032126943824117,-3.3023326004889633,3.1845234982963474e-14,-3.410393933487388e-20,-677.8730561758842
0.0002,200.0,13.016089733902481,13.03068848161102,-3.2964459093837872,3.1851714720848037e-14,-3.410401688305631e-20,-679.3115183889821
0.00020025,200.25,13.014666731679899,13.029249806518179,-3.290582184821412,3.185817140239937e-14,-3.410371315267514e-20,-680.7501934818224
0.0002005,200.5,13.013243471553896,13.027810917523162,-3.2847412901634017,3.1864605158416453e-14,-3.4103777776160493e-20,-682.1890824768398
0.00020075,200.75,13.011819952720522,13.026371813607595,-3.278923089947795,3.1871016118551835e-14,-3.410388117373706e-20,-683.6281863924067
0.000201,201.0,13.010396174378458,13.02493249375719,-3.273127449768571,3.187740441144276e-14,-3.4103965184268025e-20,-685.0675062428114
0.00020125,201.25,13.008972135728996,13.02349295696173,-3.267354236217572,3.188377016483215e-14,-3.4103719615023673e-20,-686.507043038271
0.0002015,201.5,13.007547835976036,13.022053202214996,-3.261603316904196,3.1890113505535644e-14,-3.4103790700857565e-20,-687.9467977850047
0.00020175,201.75,13.006123274326074,13.02061322851469,-3.2558745605776007,3.1896434559263204e-14,-3.410400395835924e-20,-689.3867714853102
0.000202,202.0,13.004698449988185,13.019173034862526,-3.250167836999062,3.190273345074773e-14,-3.410405565714752e-20,-690.8269651374749
0.00020225,202.25,13.003273362174014,13.017732620264148,-3.2444830168927723,3.19090103038641e-14,-3.4103642066841246e-20,-692.2673797358527
0.0002025,202.5,13.001848010097753,13.016291983729127,-3.2388199719544755,3.1915265241596426e-14,-3.410381008790317e-20,-693.7080162708728
0.00020275,202.75,13.00042239297615,13.01485112427091,-3.233178574971708,3.192149838586198e-14,-3.410420429116384e-20,-695.1488757290911
0.000203,203.0,12.998996510028485,13.013410040906821,-3.2275586997167247,3.192770985763749e-14,-3.410413320532995e-20,-696.5899590931795
0.00020325,203.25,12.997570360476546,13.011968732657987,-3.2219602208861517,3.193389977707627e-14,-3.410372607737221e-20,-698.0312673420132
0.0002035,203.5,12.99614394354464,13.010527198549381,-3.2163830141050145,3.1940068263475795e-14,-3.4103848861994385e-20,-699.4728014506204
0.00020375,203.75,12.994717258459572,13.009085437609794,-3.210826956049857,3.194621543510363e-14,-3.4104113818284343e-20,-700.9145623902057
0.000204,204.0,12.993290304450625,13.007643448871777,-3.205291924348558,3.195234140932196e-14,-3.410414613002702e-20,-702.3565511282246
0.00020425,204.25,12.991863080749559,13.006201231371632,-3.1997777975082693,3.195844630270236e-14,-3.410368084093246e-20,-703.7987686283685
0.0002045,204.5,12.990435586590594,13.004758784149399,-3.1942844549330576,3.196453023099378e-14,-3.410376485146342e-20,-705.2412158506021
0.00020475,204.75,12.989007821210409,13.003316106248802,-3.188811777047884,3.197059330895084e-14,-3.410400395835924e-20,-706.6838937511999
0.000205,205.0,12.987579783848112,13.001873196717261,-3.1833596451875628,3.1976635650456155e-14,-3.4104081506541665e-20,-708.1268032827404
0.00020525,205.25,12.986151473745247,13.000430054605866,-3.1779279415320567,3.198265736863316e-14,-3.410371315267514e-20,-709.5699453941343
0.0002055,205.5,12.984722890145767,12.998986678969352,-3.1725165491245333,3.19886585758144e-14,-3.410382947494878e-20,-711.0133210306482
0.00020575,205.75,12.983294032296037,12.997543068866047,-3.167125351992965,3.199463938337202e-14,-3.4103978108965096e-20,-712.4569311339542
0.000206,206.0,12.981864899444815,12.99609922335788,-3.1617542350417187,3.200059990183819e-14,-3.410400395835924e-20,-713.9007766421207
0.00020625,206.25,12.980435490843243,12.994655141510417,-3.156403083978522,3.200654024101579e-14,-3.410376485146342e-20,-715.344858489583
0.0002065,206.5,12.979005805744835,12.993210822392776,-3.151071785343544,3.201246050994709e-14,-3.410386824903999e-20,-716.7891776072249
0.00020675,206.75,12.977575843405466,12.991766265077533,-3.145760226633841,3.2018360816746555e-14,-3.410422367820945e-20,-718.233734922468
0.000207,207.0,12.976145603083369,12.99032146864083,-3.140468296189536,3.202424126871901e-14,-3.410410089358727e-20,-719.6785313591693
0.00020725,207.25,12.974715084039099,12.988876432162273,-3.135195883131685,3.203010197246878e-14,-3.4103687303280995e-20,-721.1235678377268
0.0002075,207.5,12.97328428553557,12.987431154724957,-3.129942877374386,3.20359430338686e-14,-3.4103719615023673e-20,-722.5688452750435
0.00020775,207.75,12.971853206837983,12.985985635415458,-3.1247091697456817,3.204176455789436e-14,-3.410399103366217e-20,-724.0143645845427
0.000208,208.0,12.970421847213878,12.984539873323747,-3.119494651893568,3.2047566648741667e-14,-3.410399103366217e-20,-725.4601266762529
0.00020825,208.25,12.96899020593307,12.98309386754329,-3.1142992162035905,3.205334940993281e-14,-3.410382301260024e-20,-726.9061324567095
0.0002085,208.5,12.967558282267671,12.981647617170932,-3.1091227558324905,3.205911294428611e-14,-3.410391348547974e-20,-728.3523828290698
0.00020875,208.75,12.966126075492072,12.98020112130681,-3.103965164830985,3.2064857353752954e-14,-3.410415905472409e-20,-729.7988786931911
0.000209,209.0,12.96469358488293,12.978754379054472,-3.0988263380315617,3.2070582739532264e-14,-3.410415905472409e-20,-731.2456209455291
0.00020925,209.25,12.963260809719158,12.977307389520812,-3.093706170980835,3.207628920217581e-14,-3.410387471138853e-20,-732.6926104791884
0.0002095,209.5,12.961827749281918,12.97586015181606,-3.088604559962599,3.208197684155794e-14,-3.410398457131363e-20,-734.1398481839417
0.00020975,209.75,12.960394402854602,12.974412665053714,-3.0835214021189365,3.208764575671449e-14,-3.410434000048309e-20,-735.5873349462868
0.00021,210.0,12.958960769722841,12.972964928350558,-3.0784565953535594,3.209329604595557e-14,-3.4104197828815306e-20,-737.0350716494419
0.00021025,210.25,12.957526849174473,12.971516940826668,-3.0734100382518412,3.209892780696913e-14,-3.41038876360856e-20,-738.4830591733337
0.0002105,210.5,12.956092640499548,12.97006870160537,-3.0683816301079476,3.2104541136790955e-14,-3.410398457131363e-20,-739.9312983946311
0.00021075,210.75,12.954658142990306,12.968620209813194,-3.0633712710487973,3.211013613164568e-14,-3.4104197828815306e-20,-741.3797901868063
0.000211,211.0,12.953223355941187,12.967171464579879,-3.0583788619350787,3.211571288705776e-14,-3.410416551707263e-20,-742.8285354201213
0.00021125,211.25,12.9517882786488,12.965722465038382,-3.053404304281951,3.212127149795338e-14,-3.4103907023131205e-20,-744.2775349616177
0.0002115,211.5,12.950352910411922,12.96427321032485,-3.048447500287847,3.2126812058630746e-14,-3.410392641017681e-20,-745.7267896751522
0.00021175,211.75,12.94891725053149,12.962823699578545,-3.04350835295482,3.213233466260313e-14,-3.4104171979421163e-20,-747.1763004214558
0.000212,212.0,12.9474812983106,12.961373931941884,-3.0385867659921364,3.21378394027081e-14,-3.410406211949606e-20,-748.6260680581175
0.00021225,212.25,12.946045053054462,12.959923906560427,-3.033682643740221,3.2143326371207785e-14,-3.410392641017681e-20,-750.0760934395747
0.0002125,212.5,12.944608514070445,12.958473622582849,-3.0287958911980275,3.214879565975947e-14,-3.410391348547974e-20,-751.5263774171516
0.00021275,212.75,12.943171680668021,12.95702307916089,-3.023926414139303,3.2154247359260666e-14,-3.410412028063288e-20,-752.9769208391093
0.000213,213.0,12.941734552158783,12.955572275449356,-3.01907411902318,3.215968155995661e-14,-3.410407504419313e-20,-754.4277245506444
0.00021325,213.25,12.940297127856416,12.954121210606141,-3.0142389129128895,3.216509835153894e-14,-3.410384239964585e-20,-755.87878939386
0.0002135,213.5,12.938859407076711,12.95266988379218,-3.0094207035060934,3.2170497823116637e-14,-3.410390056078267e-20,-757.330116207822
0.00021375,213.75,12.93742138913753,12.9512182941714,-3.0046193992532086,3.217588006306296e-14,-3.4104081506541665e-20,-758.7817058286009
0.000214,214.0,12.935983073358823,12.94976644091073,-2.999834909264456,3.218124515912146e-14,-3.410404273245045e-20,-760.2335590892707
0.00021425,214.25,12.93454445906259,12.948314323180162,-2.9950671432245266,3.21865931985029e-14,-3.4103907023131205e-20,-761.6856768198389
0.0002145,214.5,12.933105545572902,12.946861940152658,-2.990316011433541,3.219192426785659e-14,-3.4103894098434134e-20,-763.1380598473435
0.00021475,214.75,12.931666332215874,12.945409291004044,-2.9855814249268544,3.219723845311931e-14,-3.410407504419313e-20,-764.5907089959575
0.000215,215.0,12.930226818319657,12.943956374913123,-2.980863295372291,3.220253583961963e-14,-3.410394579722242e-20,-766.0436250868778
0.00021525,215.25,12.928787003214433,12.9425031910617,-2.9761615349891777,3.2207816512173374e-14,-3.410382947494878e-20,-767.4968089383009
0.0002155,215.5,12.927346886232408,12.941049738634481,-2.971476056589659,3.221308055505521e-14,-3.410386824903999e-20,-768.9502613655197
0.00021575,215.75,12.925906466707803,12.939596016818992,-2.9668067736968333,3.22183280518495e-14,-3.4104113818284343e-20,-770.4039831810084
0.000216,216.0,12.924465743976839,12.938142024805662,-2.9621536004461557,3.222355908555299e-14,-3.410401688305631e-20,-771.8579751943389
0.00021625,216.25,12.923024717377732,12.936687761787821,-2.9575164515093415,3.222877373866887e-14,-3.4103803625554636e-20,-773.3122382121796
0.0002165,216.5,12.921583386250688,12.93523322696166,-2.9528952421256602,3.2233972093178713e-14,-3.410393933487388e-20,-774.7667730383412
0.00021675,216.75,12.920141749937892,12.933778419526176,-2.9482898882158617,3.223915423039504e-14,-3.4104081506541665e-20,-776.2215804738254
0.000217,217.0,12.918699807783495,12.932323338683172,-2.9437003062994807,3.2244320231062574e-14,-3.4104036270101916e-20,-777.6766613168286
0.00021725,217.25,12.917257559133613,12.930867983637295,-2.9391264134095985,3.224947017545081e-14,-3.410381008790317e-20,-779.1320163627063
0.0002175,217.5,12.91581500333632,12.929412353595993,-2.9345681271263064,3.2254604143326313e-14,-3.410393287252535e-20,-780.5876464040085
0.00021775,217.75,12.914372139741621,12.92795644776946,-2.9300253656911104,3.225972221380708e-14,-3.4104301226391875e-20,-782.0435522305411
0.000218,218.0,12.91292896770148,12.926500265370642,-2.9254980479242185,3.226482446546226e-14,-3.410410735593581e-20,-783.4997346293585
0.00021825,218.25,12.911485486569767,12.925043805615267,-2.920986093139474,3.226991097640342e-14,-3.410390056078267e-20,-784.9561943847336
0.0002185,218.5,12.910041695702285,12.923587067721815,-2.916489421178346,3.227498182425704e-14,-3.410390056078267e-20,-786.4129322781865
0.00021875,218.75,12.908597594456747,12.922130050911436,-2.912007952523177,3.228003708602072e-14,-3.4104113818284343e-20,-787.8699490885639
0.000219,219.0,12.90715318219277,12.920672754407988,-2.907541608216679,3.228507683816148e-14,-3.410410089358727e-20,-789.3272455920123
0.00021925,219.25,12.905708458271873,12.919215177438055,-2.90309030977547,3.229010115670553e-14,-3.410377131381196e-20,-790.7848225619457
0.0002195,219.5,12.904263422057449,12.917757319230903,-2.8986539792256227,3.2295110117211233e-14,-3.410384239964585e-20,-792.2426807690979
0.00021975,219.75,12.902818072914785,12.916299179018424,-2.8942325392161528,3.230010379462691e-14,-3.4104126742981414e-20,-793.7008209815771
0.00022,220.0,12.901372410211039,12.914840756035145,-2.889825912936916,3.230508226338789e-14,-3.4103861786691456e-20,-795.1592439648554
0.00022025,220.25,12.899926433315231,12.913382049518312,-2.885434024027366,3.2310045597504796e-14,-3.410375192676635e-20,-796.6179504816893
0.0002205,220.5,12.898480141598233,12.91192305870779,-2.881056796622206,3.231499387053681e-14,-3.410385532434292e-20,-798.0769412922112
0.00022075,220.75,12.897033534432774,12.910463782845957,-2.8766941554673755,3.231992715545132e-14,-3.410397164661656e-20,-799.5362171540432
0.000221,221.0,12.895586611193425,12.909004221177808,-2.872346025827517,3.2324845524719496e-14,-3.4103978108965096e-20,-800.9957788221931
0.00022125,221.25,12.894139371256585,12.907544372951003,-2.868012333398459,3.232974905040332e-14,-3.4103687303280995e-20,-802.455627048997
0.0002215,221.5,12.892691814000484,12.906084237415774,-2.8636930043524904,3.2334637804129085e-14,-3.4103894098434134e-20,-803.9157625842269
0.00022175,221.75,12.891243938805163,12.904623813824823,-2.859387965454221,3.233951185694886e-14,-3.410427537699773e-20,-805.3761861751772
0.000222,222.0,12.88979574505249,12.90316310143342,-2.8550971439735693,3.2344371279434424e-14,-3.4104139667678485e-20,-806.8368985665815
0.00022225,222.25,12.888347232126126,12.901702099499357,-2.850820467605061,3.234921614176343e-14,-3.4103777776160493e-20,-808.2979005006439
0.0002225,222.5,12.886898399411526,12.900240807282978,-2.8465578644961034,3.2354046513693006e-14,-3.410388117373706e-20,-809.7591927170223
0.00022275,222.75,12.88544924629594,12.898779224047145,-2.8423092633571962,3.235886246442277e-14,-3.4104126742981414e-20,-811.2207759528558
0.000223,223.0,12.8839997721684,12.897317349057158,-2.838074593396301,3.2363664062687694e-14,-3.4104036270101916e-20,-812.6826509428437
0.00022325,223.25,12.882549976419703,12.895855181580846,-2.8338537842252807,3.23684513768427e-14,-3.4103790700857565e-20,-814.1448184191561
0.0002235,223.5,12.881099858442429,12.894392720888515,-2.8296467658980142,3.237322447483682e-14,-3.410369376562953e-20,-815.6072791114866
0.00022375,223.75,12.879649417630898,12.89292996625288,-2.825453469020451,3.237798342407772e-14,-3.4104036270101916e-20,-817.0700337471214
0.000224,224.0,12.878198653381203,12.891466916949085,-2.8212738246751083,3.2382728291523394e-14,-3.410393933487388e-20,-818.5330830509157
0.00022425,224.25,12.876747565091172,12.890003572254791,-2.817107764326804,3.2387459143765455e-14,-3.410375192676635e-20,-819.9964277452091
0.0002245,224.5,12.875296152160367,12.888539931450078,-2.8129552198708088,3.23921760470035e-14,-3.4103777776160493e-20,-821.4600685499236
0.00022475,224.75,12.873844413990094,12.887075993817325,-2.8088161237457983,3.239687906691142e-14,-3.410400395835924e-20,-822.9240061826756
0.000225,225.0,12.87239234998337,12.885611758641334,-2.8046904088467395,3.240156826872774e-14,-3.410397164661656e-20,-824.3882413586678
0.00022525,225.25,12.870939959544941,12.884147225209373,-2.800578008436012,3.2406243717337726e-14,-3.4103777776160493e-20,-825.8527747906273
0.0002255,225.5,12.869487242081256,12.882682392811077,-2.7964788561917597,3.2410905477248054e-14,-3.410395872191949e-20,-827.3176071889236
0.00022575,225.75,12.868034197000469,12.881217260738346,-2.792392886320466,3.24155536124547e-14,-3.410415905472409e-20,-828.7827392616541
0.000226,226.0,12.866580823712436,12.879751828285437,-2.7883200334708933,3.242018818653204e-14,-3.4103978108965096e-20,-830.2481717145633
0.00022625,226.25,12.865127121628696,12.87828609474904,-2.7842602326444985,3.2424809262713806e-14,-3.4103919947828276e-20,-831.7139052509614
0.0002265,226.5,12.86367309016247,12.876820059428168,-2.7802134192443564,3.2429416903867995e-14,-3.410390056078267e-20,-833.1799405718324
0.00022675,226.75,12.862218728728662,12.875353721624053,-2.7761795291852214,3.2434011172366415e-14,-3.410420429116384e-20,-834.6462783759479
0.000227,227.0,12.860764036743843,12.873887080640243,-2.772158498810776,3.243859213017242e-14,-3.4104152592375557e-20,-836.112919359759
0.00022725,227.25,12.859309013626246,12.872420135782631,-2.768150264811509,3.244315983892088e-14,-3.410384239964585e-20,-837.5798642173698
0.0002275,227.5,12.85785365879576,12.870952886359401,-2.764154764262459,3.2447714359893376e-14,-3.4104036270101916e-20,-839.0471136406001
0.00022775,227.75,12.856397971673923,12.869485331680966,-2.760171934727765,3.2452255753889156e-14,-3.4104327075786017e-20,-840.5146683190342
0.000228,228.0,12.854941951683923,12.86801747105998,-2.7562017141948507,3.245678408131174e-14,-3.410416551707263e-20,-841.982528940021
0.00022825,228.25,12.853485598250575,12.866549303811386,-2.752244040982197,3.2461299402247844e-14,-3.410393933487388e-20,-843.4506961886151
0.0002285,228.5,12.85202891080033,12.865080829252385,-2.7482988537798927,3.246580177644275e-14,-3.410392641017681e-20,-844.9191707476167
0.00022875,228.75,12.850571888761257,12.863612046702352,-2.7443660917565653,3.247029126317284e-14,-3.4104243065255055e-20,-846.387953297649
0.000229,229.0,12.849114531563052,12.862142955482856,-2.7404456944890936,3.247476792133105e-14,-3.410410735593581e-20,-847.8570445171446
0.00022925,229.25,12.84765683863701,12.860673554917767,-2.7365376018674366,3.2479231809504667e-14,-3.4103952259570954e-20,-849.3264450822339
0.0002295,229.5,12.846198809416041,12.859203844333152,-2.732641754142991,3.2483682985950946e-14,-3.41039974960107e-20,-850.7961556668488
0.00022975,229.75,12.844740443334645,12.857733823057176,-2.728758092037078,3.248812150847123e-14,-3.410436584987723e-20,-852.2661769428252
0.00023,230.0,12.843281739828925,12.856263490420183,-2.724886556666145,3.2492547434495125e-14,-3.4104268914649197e-20,-853.736509579817
0.00023025,230.25,12.841822698336554,12.854792845754694,-2.721027089456518,3.249696082115738e-14,-3.4103965184268025e-20,-855.2071542453069
0.0002305,230.5,12.840363318296797,12.853321888395415,-2.717179632176814,3.250136172527383e-14,-3.410404919479899e-20,-856.6781116045864
0.00023075,230.75,12.838903599150482,12.8518506176792,-2.713344127042819,3.250575020321673e-14,-3.410438523692284e-20,-858.1493823208011
0.000231,231.0,12.837443540340022,12.850379032944979,-2.7095205166607634,3.251012631099803e-14,-3.410434000048309e-20,-859.620967055023
0.00023125,231.25,12.835983141309367,12.848907133533862,-2.7057087439309244,3.251449010434511e-14,-3.4103952259570954e-20,-861.0928664661386
0.0002315,231.5,12.83452240150404,12.847434918789082,-2.7019087520891434,3.251884163867697e-14,-3.4104081506541665e-20,-862.5650812109187
0.00023175,231.75,12.833061320371101,12.845962388055934,-2.6981204848115303,3.252318096898108e-14,-3.410430768874041e-20,-864.0376119440672
0.000232,232.0,12.831599897359167,12.844489540681767,-2.694343886148301,3.252750814989564e-14,-3.410422367820945e-20,-865.5104593182332
0.00023225,232.25,12.830138131918376,12.843016376016125,-2.690578900426379,3.2531823235784095e-14,-3.4103978108965096e-20,-866.9836239838753
0.0002325,232.5,12.828676023500407,12.841542893410624,-2.6868254722993012,3.2536126280711707e-14,-3.4104210753512377e-20,-868.4571065893768
0.00023275,232.75,12.827213571558458,12.840069092218856,-2.683083546854414,3.254041733832385e-14,-3.4104462785105264e-20,-869.9309077811442
0.000233,233.0,12.825750775547256,12.838594971796478,-2.679353069539904,3.254469646192705e-14,-3.4104255989952126e-20,-871.4050282035224
0.00023325,233.25,12.82428763492303,12.8371205315012,-2.6756339860803244,3.254896370456274e-14,-3.410394579722242e-20,-872.879468498801
0.0002335,233.5,12.822824149143523,12.835645770692798,-2.671926242510214,3.2553219118984e-14,-3.410405565714752e-20,-874.3542293072031
0.00023375,233.75,12.821360317667972,12.834170688733078,-2.6682297852761114,3.2557462757535136e-14,-3.410428183934627e-20,-875.8293112669223
0.000234,234.0,12.819896139957123,12.8326952849858,-2.6645445611812173,3.256169467223184e-14,-3.4104184904118234e-20,-877.3047150142008
0.00023425,234.25,12.8184316154732,12.831219558816837,-2.660870517285199,3.256591491483382e-14,-3.4103907023131205e-20,-878.7804411831646
0.0002345,234.5,12.816966743679917,12.829743509594056,-2.657207600953831,3.2570123536821806e-14,-3.410410089358727e-20,-880.2564904059442
0.00023475,234.75,12.815501524042459,12.828267136687236,-2.653555759962719,3.2574320589278653e-14,-3.4104417548665515e-20,-881.7328633127643
0.000235,235.0,12.814035956027503,12.826790439468136,-2.6499149424286697,3.257850612296827e-14,-3.410424952760359e-20,-883.2095605318658
0.00023525,235.25,12.81257003910317,12.825313417310497,-2.6462850967240072,3.258268018840751e-14,-3.410412028063288e-20,-884.6865826895043
0.0002355,235.5,12.811103772739061,12.823836069590064,-2.642666171509743,3.258684283584339e-14,-3.410414613002702e-20,-886.163930409938
0.00023575,235.75,12.80963715640622,12.822358395684532,-2.6390581158376554,3.259099411513538e-14,-3.4104462785105264e-20,-887.6416043154685
0.000236,236.0,12.808170189577158,12.82088039497349,-2.6354608790991367,3.25951340758335e-14,-3.4104314151088946e-20,-889.1196050265116
0.00023625,236.25,12.806702871725813,12.81940206683851,-2.6318744109247647,3.2599262767249185e-14,-3.410410089358727e-20,-890.5979331614915
0.0002365,236.5,12.805235202327571,12.817923410663118,-2.6282986612276775,3.260338023843271e-14,-3.410421721586091e-20,-892.076589336882
0.00023675,236.75,12.803767180859257,12.816444425832723,-2.6247335803065015,3.260748653805697e-14,-3.4104430473362586e-20,-893.5555741672782
0.000237,237.0,12.802298806799119,12.81496511173461,-2.6211791187853977,3.261158171449441e-14,-3.410430768874041e-20,-895.0348882653901
0.00023725,237.25,12.800830079626826,12.81348546775798,-2.6176352275257315,3.2615665815887124e-14,-3.4104094431238736e-20,-896.5145322420215
0.0002375,237.5,12.799360998823476,12.812005493293956,-2.614101857660434,3.261973889012452e-14,-3.410421721586091e-20,-897.9945067060451
0.00023775,237.75,12.797891563871568,12.810525187735557,-2.610578960691957,3.2623800984728254e-14,-3.4104327075786017e-20,-899.4748122644447
0.000238,238.0,12.79642177425502,12.809044550477596,-2.6070664884418937,3.262785214692845e-14,-3.410430768874041e-20,-900.955449522405
0.00023825,238.25,12.794951629459142,12.807563580916874,-2.6035643929501613,3.2631892423732636e-14,-3.4104210753512377e-20,-902.4364190831271
0.0002385,238.5,12.793481128970646,12.806082278452042,-2.6000726265265772,3.2635921861903716e-14,-3.4104152592375557e-20,-903.9177215479585
0.00023875,238.75,12.792010272277636,12.804600642483509,-2.59659114185058,3.2639940507846347e-14,-3.410439816161991e-20,-905.3993575164918
0.000239,239.0,12.790539058869602,12.803118672413536,-2.5931198919032936,3.2643948407682025e-14,-3.410435292518016e-20,-906.8813275864647
0.00023925,239.25,12.789067488237418,12.801636367646271,-2.5896588298825516,3.2647945607317287e-14,-3.4104113818284343e-20,-908.3636323537293
0.0002395,239.5,12.78759555987333,12.800153727587707,-2.5862079092435586,3.2651932152421903e-14,-3.4104255989952126e-20,-909.8462724122944
0.00023975,239.75,12.786123273270952,12.798670751645611,-2.582767083796169,3.2655908088316425e-14,-3.410445632275673e-20,-911.3292483543904
0.00024,240.0,12.784650627925283,12.797187439229527,-2.579336307650661,3.265987346004643e-14,-3.4104301226391875e-20,-912.8125607704736
0.00024025,240.25,12.783177623332657,12.795703789750869,-2.575915535121961,3.266382831244983e-14,-3.4104139667678485e-20,-914.2962102491322
0.0002405,240.5,12.781704258990786,12.794219802622857,-2.5725047207731073,3.266777269013531e-14,-3.410424952760359e-20,-915.7801973771446
0.00024075,240.75,12.780230534398715,12.792735477260448,-2.5691038195166165,3.2671706637371096e-14,-3.4104430473362586e-20,-917.2645227395516
0.000241,241.0,12.778756449056853,12.79125081308036,-2.565712786556047,3.267563019815832e-14,-3.410424952760359e-20,-918.7491869196404
0.00024125,241.25,12.777282002466936,12.78976580950113,-2.5623315772914097,3.26795434162975e-14,-3.41040879688902e-20,-920.23419049887
0.0002415,241.5,12.775807194132048,12.788280465943087,-2.5589601473637127,3.268344633536719e-14,-3.410410089358727e-20,-921.7195340569147
0.00024175,241.75,12.774332023556589,12.786794781828258,-2.5555984527536815,3.268733899861396e-14,-3.4104346462831624e-20,-923.2052181717436
0.000242,242.0,12.772856490246305,12.785308756580394,-2.5522464497234587,3.26912214490249e-14,-3.4104255989952126e-20,-924.6912434196068
0.00024225,242.25,12.771380593708246,12.78382238962505,-2.548904094727477,3.269509372939325e-14,-3.4104126742981414e-20,-926.1776103749522
0.0002425,242.5,12.769904333450786,12.782335680389522,-2.5455713444550674,3.2698955882297284e-14,-3.4104210753512377e-20,-927.664319610479
0.00024275,242.75,12.768427708983614,12.780848628302785,-2.5422481559242938,3.270280794999153e-14,-3.4104314151088946e-20,-929.151371697216
0.000243,243.0,12.766950719817725,12.779361232795495,-2.5389344864273493,3.270664997447837e-14,-3.410428183934627e-20,-930.6387672045065
0.00024325,243.25,12.765473365465413,12.77787349330013,-2.5356302934360184,3.271048199757287e-14,-3.4104023345404845e-20,-932.1265066998712
0.0002435,243.5,12.76399564544027,12.776385409250866,-2.5323355346529834,3.2714304060881844e-14,-3.4104139667678485e-20,-933.614590749135
0.00024375,243.75,12.762517559257184,12.77489698008347,-2.529050168107978,3.271811620569633e-14,-3.4104301226391875e-20,-935.1030199165301
0.000244,244.0,12.76103910643233,12.773408205235405,-2.525774152092861,3.27219184730623e-14,-3.410420429116384e-20,-936.5917947645947
0.00024425,244.25,12.759560286483168,12.771919084145917,-2.522507445071852,3.272571090384472e-14,-3.4104139667678485e-20,-938.0809158540835
0.0002445,244.49999999999997,12.758081098928432,12.770429616255933,-2.5192500057314757,3.2729493538706795e-14,-3.4104255989952126e-20,-939.5703837440669
0.00024475,244.75,12.756601543288138,12.768939801007951,-2.5160017930765446,3.273326641800368e-14,-3.410454033328769e-20,-941.0601989920501
0.000245,245.0,12.75512161908357,12.767449637846136,-2.51276276637013,3.2737029581852216e-14,-3.4104359387528695e-20,-942.5503621538646
0.00024525,245.25000000000003,12.753641325837268,12.76595912621632,-2.509532885049566,3.2740783070194363e-14,-3.4104139667678485e-20,-944.0408737836818
0.0002455,245.5,12.752160663073047,12.764468265566013,-2.506312108761788,3.2744526922776696e-14,-3.410422367820945e-20,-945.531734433989
0.00024575,245.74999999999997,12.750679630315968,12.762977055344365,-2.503100397455481,3.274826117904505e-14,-3.410434000048309e-20,-947.0229446556355
0.000246,246.00000000000003,12.74919822709235,12.761485495002088,-2.4998977113362235,3.2751985878213673e-14,-3.4104243065255055e-20,-948.5145049979136
0.00024625,246.25,12.747716452929755,12.759993583991626,-2.4967040107685747,3.27557010593277e-14,-3.41040879688902e-20,-950.0064160083743
0.0002465,246.49999999999997,12.746234307356987,12.75850132176705,-2.493519256327252,3.2759406761242895e-14,-3.4104197828815306e-20,-951.4986782329507
0.00024675,246.75,12.744751789904091,12.757008707783939,-2.490343408889595,3.2763103022521556e-14,-3.4104359387528695e-20,-952.9912922160613
0.000247,247.0,12.74326890010235,12.75551574149948,-2.4871764295756873,3.276678988150075e-14,-3.410423660290652e-20,-954.4842585005222
0.00024725,247.25000000000003,12.741785637484268,12.754022422372516,-2.4840182796643275,3.277046737635407e-14,-3.41040879688902e-20,-955.9775776274838
0.0002475,247.5,12.740302001583578,12.75252874986351,-2.4808689206345087,3.277413554507167e-14,-3.410413320532995e-20,-957.4712501364911
0.00024775,247.74999999999997,12.738817991935235,12.751034723434456,-2.4777283142551454,3.277779442535714e-14,-3.4104268914649197e-20,-958.9652765655455
0.000248,248.0,12.737333608075414,12.749540342548887,-2.4745964225370263,3.2781444054694995e-14,-3.4104255989952126e-20,-960.4596574511137
0.00024825,248.25,12.73584884954149,12.748045606671981,-2.4714732076420165,3.2785084470411787e-14,-3.410405565714752e-20,-961.9543933280189
0.0002485,248.50000000000003,12.734363715872059,12.746550515270496,-2.468358631926295,3.2788715709656225e-14,-3.410413320532995e-20,-963.4494847295058
0.00024875,248.75,12.732878206606914,12.74505506781269,-2.4652526580311913,3.279233780929719e-14,-3.4104243065255055e-20,-964.944932187311
0.000249,248.99999999999997,12.731392321287052,12.743559263768338,-2.4621552488317735,3.2795950805990546e-14,-3.4104243065255055e-20,-966.440736231662
0.00024925,249.25,12.729906059454656,12.742063102608881,-2.4590663673438393,3.279955473623936e-14,-3.410406211949606e-20,-967.9368973911191
0.0002495,249.5,12.728419420653111,12.74056658380729,-2.455985976774661,3.2803149636374285e-14,-3.410407504419313e-20,-969.4334161927115
0.00024975,249.75000000000003,12.726932404426982,12.739069706837974,-2.4529140406141225,3.280673554245278e-14,-3.4104288301694804e-20,-970.9302931620281
0.00025,250.0,12.725445010322021,12.737572471176867,-2.4498505225765816,3.281031249032495e-14,-3.410428183934627e-20,-972.4275288231348
0.00025025,250.24999999999997,12.723957237885156,12.736074876301492,-2.4467953865169787,3.281388051569322e-14,-3.4104126742981414e-20,-973.925123698509
0.0002505,250.50000000000003,12.72246908666449,12.734576921690895,-2.4437485964733296,3.281743965409294e-14,-3.410420429116384e-20,-975.4230783091061
0.00025075,250.75,12.720980556209291,12.733078606825591,-2.4407101167546337,3.2820989940792503e-14,-3.4104346462831624e-20,-976.9213931744099
0.000251,250.99999999999997,12.719491646070008,12.731579931187538,-2.4376799118918506,3.282453141085858e-14,-3.4104301226391875e-20,-978.420068812464
0.00025125,251.25,12.718002355798237,12.73008089426032,-2.4346579465465443,3.2828064099215054e-14,-3.4104068581844594e-20,-979.9191057396807
0.0002515,251.5,12.716512684946736,12.728581495529006,-2.431644185560757,3.283158804062374e-14,-3.4104255989952126e-20,-981.418504470995
0.00025175,251.75000000000003,12.715022633069424,12.727081734480054,-2.4286385940453235,3.2835103269585704e-14,-3.410423660290652e-20,-982.9182655199478
0.000252,252.0,12.713532199721362,12.725581610601383,-2.4256411373246314,3.2838609820405654e-14,-3.410423660290652e-20,-984.4183893986179
0.00025225,252.24999999999997,12.712041384458763,12.72408112338247,-2.4226517808531525,3.284210772725024e-14,-3.410412028063288e-20,-985.9188766175307
0.0002525,252.5,12.710550186838974,12.722580272314259,-2.4196704902574315,3.2845597024129006e-14,-3.410415905472409e-20,-987.4197276857428
0.00025275,252.75,12.709058606420495,12.72107905688911,-2.416697231422885,3.284907774479664e-14,-3.41041784417697e-20,-988.9209431108912
0.000253,253.00000000000003,12.707566642762945,12.719577476600785,-2.4137319704465323,3.285254992281673e-14,-3.410421721586091e-20,-990.4225233992155
0.00025325,253.25,12.70607429542708,12.718075530944628,-2.4107746735446867,3.285601359161934e-14,-3.4104081506541665e-20,-991.9244690553726
0.0002535,253.49999999999997,12.704581563974786,12.716573219417405,-2.4078253071037046,3.285946878448216e-14,-3.4104152592375557e-20,-993.426780582595
0.00025375,253.75000000000003,12.703088447969066,12.715070541517226,-2.404883837769117,3.28629155344338e-14,-3.4104126742981414e-20,-994.9294584827752
0.000254,254.0,12.701594946974042,12.713567496743613,-2.4019502323880966,3.2866353874316815e-14,-3.410434000048309e-20,-996.4325032563877
0.00025425,254.24999999999997,12.700101060554958,12.71206408459765,-2.399024457922588,3.286978383684466e-14,-3.410419136646677e-20,-997.9359154023518
0.0002545,254.5,12.698606788278163,12.710560304581817,-2.396106481499249,3.2873205454582996e-14,-3.4104081506541665e-20,-999.4396954181842
0.00025475,254.74999999999997,12.69711212971111,12.709056156199923,-2.393196270496907,3.287661875985399e-14,-3.4104346462831624e-20,-1000.9438438000784
0.000255,255.00000000000003,12.695617084422365,12.707551638957176,-2.3902937924918284,3.288002378479862e-14,-3.410426245230066e-20,-1002.4483610428255
0.00025525,255.25,12.694121651981588,12.706046752360258,-2.3873990151760727,3.288342056143304e-14,-3.4104068581844594e-20,-1003.9532476397424
0.0002555,255.49999999999997,12.692625831959539,12.704541495917258,-2.384511906398829,3.2886809121630064e-14,-3.410423660290652e-20,-1005.4585040827435
0.00025575,255.75,12.691129623928067,12.703035869137608,-2.3816324342507817,3.2890189497024404e-14,-3.410432061343748e-20,-1006.964130862393
0.000256,256.0,12.689633027460108,12.701529871532085,-2.3787605670194107,3.289356171907434e-14,-3.4104359387528695e-20,-1008.4701284679169
0.00025625,256.25,12.68813604212969,12.700023502612963,-2.375896273097202,3.289692581911741e-14,-3.410414613002702e-20,-1009.9764973870384
0.0002565,256.5,12.686638667511918,12.698516761893888,-2.373039521031951,3.2900281828352075e-14,-3.4104268914649197e-20,-1011.483238106112
0.00025675,256.75,12.68514090318297,12.697009648889782,-2.3701902796129763,3.2903629777744e-14,-3.4104430473362586e-20,-1012.9903511102182
0.000257,257.0,12.68364274872011,12.695502163116924,-2.367348517817271,3.2906969698086944e-14,-3.410442401101405e-20,-1014.4978368830772
0.00025725,257.25,12.682144203701665,12.693994304093021,-2.3645142047285868,3.291030162005793e-14,-3.410419136646677e-20,-1016.0056959069793
0.0002575,257.5,12.680645267707026,12.692486071337152,-2.361687309578435,3.291362557419906e-14,-3.4104314151088946e-20,-1017.5139286628496
0.00025775,257.75,12.679145940316653,12.690977464369697,-2.358867801828327,3.291694159082473e-14,-3.4104462785105264e-20,-1019.0225356303035
0.000258,258.0,12.677646221112065,12.689468482712341,-2.3560556511281003,3.2920249700081855e-14,-3.410433353813455e-20,-1020.5315172876606
0.00025825,258.25,12.676146109675836,12.687959125888174,-2.3532508272292225,3.2923549932004436e-14,-3.4104171979421163e-20,-1022.0408741118274
0.0002585,258.5,12.67464560559159,12.686449393421638,-2.350453300026546,3.29268423164956e-14,-3.410424952760359e-20,-1023.5506065783621
0.00025875,258.75,12.673144708444008,12.68493928483846,-2.347663039640264,3.293012688323567e-14,-3.4104372312225766e-20,-1025.0607151615407
0.000259,259.0,12.671643417818805,12.683428799665643,-2.3448800163739087,3.293340366174182e-14,-3.4104462785105264e-20,-1026.571200334358
0.00025925,259.25,12.670141733302753,12.681917937431585,-2.3421042006292514,3.293667268142199e-14,-3.410422367820945e-20,-1028.0820625684166
0.0002595,259.5,12.668639654483648,12.680406697666005,-2.339335562947446,3.2939933971557136e-14,-3.410433353813455e-20,-1029.593302333996
0.00025975,259.75,12.667137180950332,12.678895079899888,-2.3365740740893077,3.294318756121021e-14,-3.4104475709802335e-20,-1031.104920100112
0.00026,260.0,12.665634312292676,12.677383083665484,-2.3338197049949123,3.2946433479285165e-14,-3.410435292518016e-20,-1032.6169163345162
0.00026025,260.25,12.664131048101575,12.675870708496408,-2.3310724266988556,3.2949671754580314e-14,-3.4104184904118234e-20,-1034.1292915035938
0.0002605,260.5,12.662627387968952,12.674357953927576,-2.3283322103705713,3.295290241577073e-14,-3.410434000048309e-20,-1035.6420460724248
0.00026075,260.75,12.661123331487758,12.672844819495165,-2.3255990273950187,3.2956125491318156e-14,-3.410438523692284e-20,-1037.1551805048364
0.000261,261.0,12.65961887825195,12.671331304736572,-2.3228728493334754,3.295934100952935e-14,-3.410439169927137e-20,-1038.6686952634284
0.00026125,261.25,12.65811402785651,12.669817409190555,-2.320153647835774,3.29625489986089e-14,-3.4104314151088946e-20,-1040.1825908094463
0.0002615,261.5,12.656608779897423,12.668303132397158,-2.3174413946829615,3.296574948664178e-14,-3.4104301226391875e-20,-1041.696867602842
0.00026175,261.75,12.655103133971693,12.66678847389764,-2.314736061869453,3.296894250150414e-14,-3.410449509684794e-20,-1043.2115261023607
0.000262,262.0,12.653597089677325,12.665273433234479,-2.3120376215587344,3.29721280709211e-14,-3.4104268914649197e-20,-1044.7265667655217
0.00026225,262.25,12.652090646613317,12.663758009951527,-2.3093460459966826,3.2975306222518945e-14,-3.4104152592375557e-20,-1046.2419900484742
0.0002625,262.5,12.650583804379675,12.662242203593893,-2.3066613075597933,3.297847698380778e-14,-3.4104255989952126e-20,-1047.7577964061077
0.00026275,262.75,12.649076562577399,12.660726013707832,-2.3039833788358934,3.298164038209337e-14,-3.410455325798476e-20,-1049.2739862921685
0.000263,263.0,12.647568920808478,12.659209439840849,-2.301312232576011,3.298479644453418e-14,-3.410436584987723e-20,-1050.7905601591522
0.00026325,263.25,12.646060878675895,12.65769248154174,-2.298647841614167,3.298794519819309e-14,-3.4104126742981414e-20,-1052.3075184582597
0.0002635,263.5,12.64455243578361,12.65617513836057,-2.295990178908031,3.2991086670020253e-14,-3.4104243065255055e-20,-1053.8248616394314
0.00026375,263.75,12.643043591736568,12.654657409848573,-2.293339217617699,3.299422088676568e-14,-3.4104404623968444e-20,-1055.342590151427
0.000264,264.0,12.6415343461407,12.653139295558178,-2.2906949310664713,3.2997347875035795e-14,-3.410442401101405e-20,-1056.8607044418222
0.00026425,264.25,12.640024698602907,12.651620795043105,-2.2880572926573888,3.3000467661344534e-14,-3.410420429116384e-20,-1058.3792049568967
0.0002645,264.5,12.638514648731062,12.650101907858298,-2.2854262759134185,3.300358027209641e-14,-3.410422367820945e-20,-1059.8980921417035
0.00026475,264.75,12.63700419613401,12.648582633559878,-2.2828018545556326,3.3006685733499953e-14,-3.410434000048309e-20,-1061.4173664401237
0.000265,265.0,12.63549334042156,12.647062971705124,-2.280184002465416,3.300978407162363e-14,-3.410435292518016e-20,-1062.9370282948773
0.00026525,265.25,12.63398208120449,12.645542921852597,-2.277572693599477,3.301287531244649e-14,-3.4104139667678485e-20,-1064.4570781474042
0.0002655,265.5,12.632470418094528,12.644022483562068,-2.2749679020299967,3.30159594818413e-14,-3.41043787745743e-20,-1065.9775164379328
0.00026575,265.75,12.630958350704372,12.642501656394469,-2.2723696020238586,3.301903660548891e-14,-3.410448217215087e-20,-1067.498343605533
0.000266,266.0,12.62944587864766,12.640980439911873,-2.2697777680058038,3.3022106708933506e-14,-3.410444339805966e-20,-1069.019560088127
0.00026625,266.25,12.627933001538997,12.639458833677576,-2.267192374476267,3.3025169817632806e-14,-3.4104210753512377e-20,-1070.5411663224254
0.0002665,266.5,12.626419718993919,12.637936837256078,-2.2646133960448096,3.302822595694139e-14,-3.410439816161991e-20,-1072.0631627439232
0.00026675,266.75,12.624906030628924,12.636414450213076,-2.2620408075070375,3.303127515202576e-14,-3.410451448389355e-20,-1073.5855497869243
0.000267,267.0,12.62339193606144,12.634891672115366,-2.2594745838161305,3.303431742791914e-14,-3.410438523692284e-20,-1075.1083278846356
0.00026725,267.25,12.621877434909836,12.633368502530924,-2.2569146999989074,3.303735280957109e-14,-3.4104243065255055e-20,-1076.631497469076
0.0002675,267.5,12.620362526793418,12.631844941028941,-2.254361131189116,3.304038132183103e-14,-3.4104268914649197e-20,-1078.15505897106
0.00026775,267.75,12.618847211332428,12.630320987179767,-2.251813852701837,3.3043402989364113e-14,-3.4104372312225766e-20,-1079.6790128202351
0.000268,268.0,12.61733148814803,12.62879664055482,-2.2492728400054176,3.304641783670546e-14,-3.410441108631698e-20,-1081.203359445181
0.00026825,268.25,12.615815356862326,12.627271900726763,-2.246738068635091,3.304942588830927e-14,-3.41041784417697e-20,-1082.7280992732378
0.0002685,268.5,12.614298817098332,12.625746767269403,-2.2442095142333787,3.305242716853248e-14,-3.410433353813455e-20,-1084.2532327305987
0.00026875,268.75,12.612781868479995,12.62422123975765,-2.2416871526245155,3.3055421701551425e-14,-3.410433353813455e-20,-1085.7787602423505
0.000269,269.0,12.611264510632173,12.622695317767517,-2.2391709597782805,3.305840951141563e-14,-3.410432061343748e-20,-1087.3046822324839
0.00026925,269.25,12.609746743180638,12.621169000876213,-2.236660911729609,3.306139062209631e-14,-3.410419136646677e-20,-1088.830999123787
0.0002695,269.5,12.608228565752082,12.619642288662103,-2.234156984617858,3.3064365057470205e-14,-3.4104268914649197e-20,-1090.3577113378976
0.00026975,269.75,12.606709977974099,12.61811518070462,-2.2316591547597726,3.3067332841237097e-14,-3.410442401101405e-20,-1091.8848192953797
0.00027,270.0,12.605190979475193,12.616587676584293,-2.2291673986150227,3.3070293996972966e-14,-3.410429476404334e-20,-1093.412323415707
0.00027025,270.25,12.603671569884774,12.615059775882827,-2.226681692705271,3.307324854817808e-14,-3.4104243065255055e-20,-1094.940224117174
0.0002705,270.5,12.602151748833153,12.61353147818306,-2.2242020136538927,3.307619651826092e-14,-3.41041784417697e-20,-1096.4685218169423
0.00027075,270.75,12.600631515951534,12.612002783068883,-2.2217283382594992,3.307913793045652e-14,-3.410433353813455e-20,-1097.9972169311184
0.000271,271.0,12.599110870872023,12.610473690125255,-2.2192606434593274,3.308207280787911e-14,-3.410438523692284e-20,-1099.5263098747453
0.00027125,271.25,12.597589813227613,12.608944198938358,-2.2167989062452618,3.308500117356964e-14,-3.4104243065255055e-20,-1101.0558010616423
0.0002715,271.5,12.59606834265219,12.607414309095468,-2.2143431037104047,3.3087923050479925e-14,-3.4104372312225766e-20,-1102.5856909045335
0.00027175,271.75,12.594546458780528,12.60588402018485,-2.211893213124501,3.309083846139172e-14,-3.410441108631698e-20,-1104.1159798151496
0.000272,272.0,12.593024161248286,12.60435333179586,-2.20944921189018,3.309374742896883e-14,-3.4104346462831624e-20,-1105.6466682041403
0.00027225,272.25,12.591501449691997,12.602822243519014,-2.207011077465944,3.309664997580424e-14,-3.4104243065255055e-20,-1107.1777564809872
0.0002725,272.5,12.58997832374908,12.601290754945913,-2.204578787406102,3.309954612440434e-14,-3.410428183934627e-20,-1108.7092450540886
0.00027275,272.75,12.58845478305783,12.599758865669191,-2.2021523194346635,3.3102435897108754e-14,-3.410442401101405e-20,-1110.24113433081
0.000273,273.0,12.586930827257417,12.598226575282512,-2.199731651407808,3.310531931614199e-14,-3.410443693571112e-20,-1111.7734247174897
0.00027325,273.25,12.585406455987874,12.596693883380732,-2.1973167612314097,3.310819640366001e-14,-3.4104346462831624e-20,-1113.306116619269
0.0002735,273.5,12.583881668890111,12.595160789559769,-2.194907626907479,3.3111067181734646e-14,-3.4104359387528695e-20,-1114.8392104402315
0.00027375,273.75,12.582356465605894,12.593627293416512,-2.1925042266072263,3.3113931672274214e-14,-3.410451448389355e-20,-1116.3727065834887
0.000274,274.0,12.580830845777863,12.592093394548895,-2.190106538628246,3.31167898970746e-14,-3.410451448389355e-20,-1117.9066054511052
0.00027425,274.25,12.579304809049507,12.590559092555987,-2.1877145413209353,3.311964187786541e-14,-3.4104346462831624e-20,-1119.4409074440139
0.0002745,274.5,12.577778355065181,12.589024387037915,-2.185328213126327,3.3122487636294546e-14,-3.4104359387528695e-20,-1120.9756129620855
0.00027475,274.75,12.576251483470088,12.58748927759582,-2.1829475326457133,3.312532719384951e-14,-3.410443693571112e-20,-1122.5107224041808
0.000275,275.0,12.57472419391029,12.585953763831839,-2.1805724786087257,3.312816057190799e-14,-3.4104372312225766e-20,-1124.0462361681616
0.00027525,275.25,12.57319648603269,12.584417845349222,-2.1782030297947164,3.313098779178359e-14,-3.410429476404334e-20,-1125.5821546507782
0.0002755,275.5,12.571668359485049,12.582881521752274,-2.1758391650710904,3.313380887471053e-14,-3.410442401101405e-20,-1127.1184782477267
0.00027575,275.75,12.570139813915963,12.581344792646293,-2.173480863462937,3.313662384176567e-14,-3.410444986040819e-20,-1128.655207353708
0.000276,276.0,12.568610848974876,12.579807657637556,-2.1711281041208053,3.313943271391863e-14,-3.410439816161991e-20,-1130.1923423624446
0.00027625,276.25,12.567081464312063,12.57827011633345,-2.1687808662426176,3.314223551207706e-14,-3.410429476404334e-20,-1131.729883666552
0.0002765,276.5,12.565551659578643,12.576732168342385,-2.166439129111968,3.314503225707145e-14,-3.4104359387528695e-20,-1133.2678316576148
0.00027675,276.75,12.564021434426575,12.575193813273765,-2.1641028721671405,3.314782296957793e-14,-3.410454033328769e-20,-1134.8061867262359
0.000277,277.0,12.56249078850863,12.573655050737955,-2.1617720749690634,3.3150607670167865e-14,-3.410438523692284e-20,-1136.3449492620466
0.00027725,277.25,12.560959721478428,12.572115880346404,-2.159446717124155,3.315338637935268e-14,-3.4104268914649197e-20,-1137.8841196535964
0.0002775,277.5,12.559428232990406,12.570576301711593,-2.157126778321967,3.315615911756886e-14,-3.410433353813455e-20,-1139.4236982884079
0.00027775,277.75,12.557896322699825,12.569036314446963,-2.1548122384039337,3.315892590510139e-14,-3.410454033328769e-20,-1140.963685553038
0.000278,278.0,12.556363990262774,12.56749591816691,-2.1525030773322897,3.3161686762132916e-14,-3.4104372312225766e-20,-1142.5040818330904
0.00027825,278.25,12.554831235336152,12.565955112486902,-2.1501992751115586,3.3164441708788125e-14,-3.410432061343748e-20,-1144.044887513099
0.0002785,278.5,12.553298057577685,12.564413897023423,-2.1479008118261658,3.316719076511888e-14,-3.410432061343748e-20,-1145.5861029765786
0.00027875,278.75,12.551764456645902,12.562872271393909,-2.145607667710163,3.3169933951028365e-14,-3.410452740859062e-20,-1147.127728606093
0.000279,279.0,12.550230432200152,12.561330235216744,-2.143319823116878,3.317267128631974e-14,-3.410438523692284e-20,-1148.6697647832577
0.00027925,279.25,12.548695983900592,12.559787788111322,-2.14103725844352,3.3175402790740153e-14,-3.410419136646677e-20,-1150.212211888679
0.0002795,279.5,12.547161111408183,12.55824492969805,-2.13875995416272,3.3178128483966026e-14,-3.410429476404334e-20,-1151.7550703019508
0.00027975,279.75,12.545625814384692,12.55670165959833,-2.136487890889932,3.318084838552777e-14,-3.410441108631698e-20,-1153.2983404016713
0.00028,280.0,12.544090092492691,12.555157977434448,-2.1342210493593683,3.3183562514858116e-14,-3.410432061343748e-20,-1154.8420225655534
0.00028025,280.25,12.542553945395548,12.55361388282974,-2.131959410344211,3.3186270891335595e-14,-3.410433353813455e-20,-1156.3861171702604
0.0002805,280.5,12.541017372757434,12.552069375408534,-2.12970295469407,3.318897353427001e-14,-3.410444986040819e-20,-1157.9306245914668
0.00028075,280.75,12.539480374243304,12.550524454796072,-2.127451663402229,3.3191670462827834e-14,-3.4104604956773046e-20,-1159.4755452039285
0.000281,281.0,12.537942949518918,12.548979120618517,-2.125205517575548,3.3194361696080064e-14,-3.410444986040819e-20,-1161.0208793814838
0.00028125,281.25,12.53640509825082,12.547433372503058,-2.1229644983571747,3.3197047253045344e-14,-3.410429476404334e-20,-1162.566627496944
0.0002815,281.5,12.534866820106341,12.545887210077858,-2.120728586964389,3.3199727152675457e-14,-3.410432061343748e-20,-1164.1127899221428
0.00028175,281.75,12.533328114753598,12.544340632971995,-2.1184977647565773,3.320240141378151e-14,-3.410432061343748e-20,-1165.6593670280065
0.000282,282.0,12.531788981861496,12.542793640815443,-2.1162720132037345,3.320507005508127e-14,-3.4104359387528695e-20,-1167.2063591845579
0.00028225,282.25,12.530249421099716,12.541246233239201,-2.114051313810741,3.320773309524189e-14,-3.410428183934627e-20,-1168.7537667607999
0.0002825,282.5,12.528709432138722,12.539698409875223,-2.1118356481542824,3.3210390552865564e-14,-3.410432061343748e-20,-1170.301590124777
0.00028275,282.75,12.52716901464975,12.538150170356374,-2.1096249979492354,3.321304244641633e-14,-3.410443693571112e-20,-1171.8498296436271
0.000283,283.0,12.525628168304813,12.536601514316402,-2.1074193450200656,3.3215688794266946e-14,-3.410442401101405e-20,-1173.3984856835987
0.00028325,283.25,12.524086892776696,12.535052441390022,-2.1052186712286995,3.321832961474129e-14,-3.410433353813455e-20,-1174.9475586099784
0.0002835,283.5,12.52254518773895,12.533502951212911,-2.1030229585043543,3.322096492610013e-14,-3.410429476404334e-20,-1176.49704878709
0.00028375,283.75,12.521003052865902,12.531953043421678,-2.100832188908025,3.322359474646849e-14,-3.4104372312225766e-20,-1178.0469565783228
0.000284,284.0,12.519460487832628,12.530402717653777,-2.0986463446114527,3.3226219093882216e-14,-3.410442401101405e-20,-1179.5972823462237
0.00028425,284.25,12.517917492314988,12.528851973547669,-2.0964654078169302,3.322883798632986e-14,-3.4104230140557983e-20,-1181.1480264523316
0.0002845,284.5,12.516374065989584,12.527300810742734,-2.094289360794272,3.3231451441738616e-14,-3.4104255989952126e-20,-1182.6991892572676
0.00028475,284.75,12.514830208533786,12.52574922887924,-2.0921181859475695,3.32340594779024e-14,-3.4104475709802335e-20,-1184.25077112076
0.000285,285.0,12.513285919625723,12.524197227598325,-2.0899518657866114,3.3236662112527866e-14,-3.4104359387528695e-20,-1185.8027724016758
0.00028525,285.25,12.511741198944264,12.522644806542054,-2.0877903828541085,3.323925936327602e-14,-3.4104243065255055e-20,-1187.3551934579461
0.0002855,285.5,12.510196046169051,12.52109196535344,-2.085633719755604,3.324185124774823e-14,-3.410443693571112e-20,-1188.9080346465612
0.00028575,285.75,12.508650460980459,12.519538703676414,-2.083481859223865,3.3244437783414895e-14,-3.4104462785105264e-20,-1190.461296323587
0.000286,286.0,12.507104443059612,12.517985021155727,-2.0813347840986323,3.3247018987661115e-14,-3.410443693571112e-20,-1192.0149788442739
0.00028625,286.25,12.505557992088388,12.516430917437052,-2.079192477251604,3.3249594877827844e-14,-3.4104243065255055e-20,-1193.5690825629492
0.0002865,286.5,12.504011107749402,12.514876392166997,-2.0770549216158267,3.3252165471198097e-14,-3.410433353813455e-20,-1195.123607833004
0.00028675,286.75,12.502463789726013,12.513321444993071,-2.074922100248205,3.3254730784926216e-14,-3.4104359387528695e-20,-1196.678555006929
0.000287,287.0,12.500916037702314,12.511766075563605,-2.0727939963109976,3.325729083608306e-14,-3.410433353813455e-20,-1198.2339244363952
0.00028725,287.25,12.49936785136314,12.510210283527824,-2.070670592996936,3.325984564169693e-14,-3.4104268914649197e-20,-1199.7897164721762
0.0002875,287.5,12.49781923039406,12.508654068535886,-2.068551873558838,3.3262395218739725e-14,-3.410429476404334e-20,-1201.3459314641152
0.00028775,287.75,12.49627017448137,12.507097430238822,-2.0664378213717898,3.326493958405691e-14,-3.4104462785105264e-20,-1202.902569761178
0.000288,288.0,12.494720683312108,12.505540368288477,-2.0643284199131733,3.326747875441238e-14,-3.410442401101405e-20,-1204.4596317115236
0.00028825,288.25,12.493170756574028,12.503982882337631,-2.062223652685344,3.3270012746528816e-14,-3.410433353813455e-20,-1206.0171176623696
0.0002885,288.5,12.49162039395562,12.502424972039957,-2.060123503252096,3.3272541577074096e-14,-3.410429476404334e-20,-1207.5750279600427
0.00028875,288.75,12.490069595146089,12.50086663704995,-2.0580279553016956,3.327506526259186e-14,-3.410439816161991e-20,-1209.1333629500505
0.000289,289.0,12.48851835983537,12.499307877022929,-2.0559369926186415,3.3277583819545945e-14,-3.4104359387528695e-20,-1210.6921229770712
0.00028925,289.25,12.486966687714116,12.497748691615147,-2.05385059901179,3.328009726436038e-14,-3.410429476404334e-20,-1212.2513083848546
0.0002895,289.5,12.485414578473698,12.496189080483722,-2.051768758350531,3.328260561340591e-14,-3.4104268914649197e-20,-1213.810919516278
0.00028975,289.75,12.483862031806202,12.494629043286594,-2.0496914546265663,3.328510888293119e-14,-3.4104359387528695e-20,-1215.3709567134072
0.00029,290.0,12.482309047404431,12.493068579682504,-2.0476186719248664,3.328760708910678e-14,-3.410433353813455e-20,-1216.931420317498
0.00029025,290.25,12.480755624961894,12.491507689331161,-2.045550394349854,3.3290100248064794e-14,-3.4104268914649197e-20,-1218.4923106688389
0.0002905,290.5,12.479201764172817,12.489946371893133,-2.0434866060673036,3.3292588375885554e-14,-3.4104255989952126e-20,-1220.0536281068687
0.00029075,290.75,12.477647464732128,12.488384627029722,-2.0414272913667193,3.329507148852934e-14,-3.4104359387528695e-20,-1221.6153729702785
0.000291,291.0,12.476092726335464,12.486822454403077,-2.0393724346267534,3.3297549601880026e-14,-3.4104359387528695e-20,-1223.1775455969241
0.00029125,291.25,12.474537548679166,12.485259853676254,-2.0373220202480216,3.3300022731784373e-14,-3.410421721586091e-20,-1224.740146323747
0.0002915,291.5,12.472981931460282,12.483696824513164,-2.0352760326872996,3.3302490894038815e-14,-3.410432061343748e-20,-1226.303175486838
0.00029175,291.75,12.471425874376548,12.48213336657852,-2.0332344565185227,3.330495410432174e-14,-3.410443693571112e-20,-1227.866633421481
0.000292,292.0,12.469869377126411,12.480569479537827,-2.0311972764081676,3.3307412378236726e-14,-3.4104243065255055e-20,-1229.4305204621735
0.00029225,292.25,12.468312439409006,12.479005163057439,-2.029164477046147,3.330986573135159e-14,-3.410420429116384e-20,-1230.994836942563
0.0002925,292.5,12.466755060924163,12.477440416804571,-2.027136043174594,3.3312314179185203e-14,-3.410444986040819e-20,-1232.5595831954304
0.00029275,292.75,12.465197241372408,12.47587524044728,-2.02511195964769,3.331475773714033e-14,-3.410443693571112e-20,-1234.1247595527207
0.000293,293.0,12.463638980454956,12.47430963365436,-2.023092211412549,3.3317196420546586e-14,-3.410439816161991e-20,-1235.6903663456392
0.00029325,293.25,12.462080277873708,12.472743596095505,-2.021076783434755,3.3319630244699005e-14,-3.410429476404334e-20,-1237.256403904497
0.0002935,293.5,12.460521133331255,12.471177127441226,-2.0190656607335753,3.332205922484503e-14,-3.4104346462831624e-20,-1238.822872558774
0.00029375,293.75,12.458961546530873,12.469610227362827,-2.0170588284423454,3.3324483376117966e-14,-3.4104475709802335e-20,-1240.3897726371736
0.000294,294.0,12.457401517176512,12.468042895532369,-2.0150562717821696,3.332690271357949e-14,-3.410430768874041e-20,-1241.957104467633
0.00029425,294.25,12.455841044972818,12.46647513162279,-2.0130579759916074,3.332931725225791e-14,-3.41041784417697e-20,-1243.5248683772118
0.0002945,294.5,12.454280129625097,12.464906935307855,-2.0110639263616212,3.3331727007135285e-14,-3.410433353813455e-20,-1245.093064692145
0.00029475,294.75,12.45271877083935,12.463338306262099,-2.009074108295125,3.333413199308139e-14,-3.410441108631698e-20,-1246.661693737903
0.000295,295.0,12.451156968322245,12.461769244160804,-2.007088507280742,3.3336532224895894e-14,-3.410430768874041e-20,-1248.2307558391963
0.00029525,295.25,12.449594721781121,12.460199748680129,-2.005107108824209,3.3338927717346275e-14,-3.4104243065255055e-20,-1249.8002513198724
0.0002955,295.5,12.448032030923995,12.458629819497038,-2.0031298984824986,3.334131848515502e-14,-3.4104346462831624e-20,-1251.3701805029625
0.00029575,295.75,12.446468895459548,12.45705945628926,-2.0011568619218076,3.3343704542934195e-14,-3.410454033328769e-20,-1252.9405437107407
0.000296,296.0,12.444905315097133,12.455488658735261,-1.9991879848928427,3.334608590522723e-14,-3.410442401101405e-20,-1254.5113412647393
0.00029625,296.25,12.443341289546765,12.453917426514376,-1.997223253162165,3.334846258654647e-14,-3.4104268914649197e-20,-1256.0825734856242
0.0002965,296.5,12.441776818519125,12.452345759306734,-1.9952626525463684,3.335083460136057e-14,-3.410439816161991e-20,-1257.6542406932676
0.00029675,296.75,12.44021190172556,12.450773656793213,-1.993306168969373,3.3353201964029504e-14,-3.410439816161991e-20,-1259.226343206787
0.000297,297.0,12.438646538878068,12.44920111865543,-1.991353788437728,3.335556468884606e-14,-3.4104488634499406e-20,-1260.7988813445709
0.00029725,297.25,12.437080729689317,12.44762814457585,-1.989405496973302,3.335792279007306e-14,-3.410430768874041e-20,-1262.371855424151
0.0002975,297.5,12.435514473872622,12.446054734237736,-1.9874612806459286,3.336027628193081e-14,-3.410438523692284e-20,-1263.9452657622653
0.00029775,297.75,12.433947771141959,12.444480887325089,-1.9855211256304233,3.3362625178532757e-14,-3.410464373086426e-20,-1265.5191126749114
0.000298,298.0,12.43238062121196,12.442906603522646,-1.9835850181850094,3.3364969493926453e-14,-3.4104579107378904e-20,-1267.093396477355
0.00029825,298.25,12.430813023797903,12.441331882515929,-1.9816529445840307,3.336730924213064e-14,-3.410433353813455e-20,-1268.6681174840721
0.0002985,298.5,12.429244978615715,12.439756723991259,-1.9797248911457028,3.3369644437122717e-14,-3.410454033328769e-20,-1270.2432760087413
0.00029875,298.75,12.427676485381976,12.438181127635753,-1.9778008442898325,3.337197509277489e-14,-3.4104579107378904e-20,-1271.818872364248
0.000299,299.0,12.42610754381391,12.436605093137192,-1.9758807905198885,3.337430122289487e-14,-3.410452740859062e-20,-1273.3949068628085
0.00029925,299.25,12.424538153629381,12.4350286201842,-1.9739647163504692,3.33766228412626e-14,-3.4104488634499406e-20,-1274.9713798158004
0.0002995,299.5,12.422968314546907,12.43345170846617,-1.9720526083422973,3.3378939961617765e-14,-3.4104488634499406e-20,-1276.5482915338293
0.00029975,299.75,12.421398026285637,12.431874357673207,-1.9701444531605024,3.338125259759657e-14,-3.4104579107378904e-20,-1278.125642326794
0.0003,300.0,12.419827288565363,12.430296567496116,-1.9682402375472645,3.338356076277208e-14,-3.410452740859062e-20,-1279.703432503885
0.00030025,300.25,12.418256101106513,12.42871833762658,-1.966339948252376,3.338586447069054e-14,-3.410443693571112e-20,-1281.2816623734193
0.0003005,300.5,12.416684463630155,12.427139667757036,-1.9644435720732218,3.33881637348591e-14,-3.4104566182681833e-20,-1282.8603322429644
0.00030075,300.75,12.415112375857985,12.425560557580559,-1.9625510959123913,3.339045856868302e-14,-3.410461788147012e-20,-1284.4394424194427
0.000301,301.0,12.413539837512342,12.423981006790964,-1.9606625067457366,3.3392748985505717e-14,-3.410461788147012e-20,-1286.0189932090366
0.00030125,301.25,12.411966848316181,12.422401015082889,-1.9587777915603217,3.3395034998644806e-14,-3.4104462785105264e-20,-1287.5989849171128
0.0003015,301.5,12.410393407993098,12.42082058215172,-1.9568969373863374,3.339731662137986e-14,-3.4104462785105264e-20,-1289.179417848282
0.00030175,301.75,12.408819516267311,12.41923970769355,-1.9550199313523178,3.339959386689018e-14,-3.410464373086426e-20,-1290.7602923064521
0.000302,302.0,12.407245172863666,12.417658391405167,-1.9531467606640567,3.340186674829444e-14,-3.410452740859062e-20,-1292.3416085948345
0.00030225,302.25,12.405670377507633,12.416076632984113,-1.951277412540258,3.3404135278686485e-14,-3.4104462785105264e-20,-1293.9233670158872
0.0003025,302.5,12.404095129925308,12.414494432128695,-1.9494118742395898,3.3406399471123205e-14,-3.410443693571112e-20,-1295.5055678713065
0.00030275,302.75,12.402519429843398,12.412911788537953,-1.947550133115384,3.340865933856273e-14,-3.4104566182681833e-20,-1297.0882114620483
0.000303,303.0,12.400943276989238,12.411328701911572,-1.9456921765980597,3.341091489390385e-14,-3.4104475709802335e-20,-1298.6712980884283
0.00030325,303.25,12.399366671090778,12.409745171950092,-1.943837992122315,3.34131661500214e-14,-3.410444986040819e-20,-1300.2548280499082
0.0003035,303.5,12.397789611876581,12.408161198354769,-1.9419875671663038,3.3415413119754245e-14,-3.4104462785105264e-20,-1301.8388016452311
0.00030375,303.75,12.396212099075829,12.40657678082749,-1.9401408893084133,3.3417655815844085e-14,-3.41046695802584e-20,-1303.4232191725123
0.000304,304.0,12.394634132418313,12.404991919070856,-1.9382979461975671,3.34198942509744e-14,-3.4104592032075975e-20,-1305.008080929145
0.00030425,304.25,12.393055711634439,12.40340661278821,-1.9364587254943224,3.342212843780566e-14,-3.410441108631698e-20,-1306.5933872117905
0.0003045,304.5,12.39147683645522,12.401820861683635,-1.9346232148969549,3.3424358388963415e-14,-3.410451448389355e-20,-1308.179138316365
0.00030475,304.75,12.389897506612277,12.40023466546195,-1.932791402193991,3.342658411697745e-14,-3.410461788147012e-20,-1309.7653345380509
0.000305,305.0,12.38831772183784,12.398648023828594,-1.930963275249005,3.3428805634320577e-14,-3.410464373086426e-20,-1311.3519761714074
0.00030525,305.25,12.386737481864735,12.39706093648979,-1.9291388219330532,3.3431022953443406e-14,-3.410451448389355e-20,-1312.9390635102109
0.0003055,305.5,12.3851567864264,12.395473403152492,-1.9273180301560864,3.343323608676259e-14,-3.4104604956773046e-20,-1314.5265968475092
0.00030575,305.75,12.383575635256873,12.393885423524315,-1.9255008879198887,3.3435445046600526e-14,-3.410477297783497e-20,-1316.1145764756864
0.000306,306.0,12.38199402809079,12.392296997313538,-1.9236873832985941,3.3437649845223686e-14,-3.4104695429652544e-20,-1317.7030026864625
0.00030625,306.25,12.380411964663386,12.390708124229162,-1.9218775043755485,3.3439850494877275e-14,-3.410444986040819e-20,-1319.2918757708387
0.0003065,306.5,12.378829444710492,12.389118803980912,-1.9200712392695063,3.344204700777347e-14,-3.4104682504955473e-20,-1320.8811960190883
0.00030675,306.75,12.377246467968538,12.387529036279242,-1.9182685761873648,3.344423939603157e-14,-3.4104682504955473e-20,-1322.4709637207593
0.000307,307.0,12.37566303417454,12.385938820835197,-1.9164695034087573,3.344642767171614e-14,-3.4104721279046687e-20,-1324.061179164805
0.00030725,307.25,12.374079143066115,12.384348157360597,-1.9146740092183752,3.344861184687119e-14,-3.410452740859062e-20,-1325.6518426394034
0.0003075,307.5,12.37249479438147,12.382757045567963,-1.9128820819385508,3.34507919335087e-14,-3.4104682504955473e-20,-1327.242954432037
0.00030775,307.75,12.37090998785939,12.38116548517046,-1.9110937099826755,3.345296794354912e-14,-3.4104721279046687e-20,-1328.834514829542
0.000308,308.0,12.369324723239266,12.379573475881886,-1.9093088818315256,3.345513988885926e-14,-3.410461788147012e-20,-1330.4265241181154
0.00030825,308.25,12.367739000261055,12.37798101741685,-1.9075275859665344,3.345730778128623e-14,-3.410454033328769e-20,-1332.0189825831515
0.0003085,308.5,12.366152818665313,12.376388109490634,-1.9057498109080218,3.3459471632645864e-14,-3.4104592032075975e-20,-1333.6118905093665
0.00030875,308.75,12.364566178193172,12.374794751819115,-1.9039755452696074,3.346163145466397e-14,-3.410464373086426e-20,-1335.2052481808864
0.000309,309.0,12.362979078586353,12.373200944118826,-1.9022047777282396,3.346378725901368e-14,-3.4104579107378904e-20,-1336.7990558811753
0.00030925,309.25,12.361391519587148,12.371606686107055,-1.9004374969653137,3.346593905734922e-14,-3.410451448389355e-20,-1338.3933138929458
0.0003095,309.5,12.359803500938433,12.370011977501774,-1.8986736916977047,3.346808686129447e-14,-3.4104592032075975e-20,-1339.988022498228
0.00030975,309.75,12.35821502238366,12.368416818021592,-1.896913350729375,3.3470230682384554e-14,-3.41047600531379e-20,-1341.5831819784094
0.00031,310.0,12.35662608366686,12.366821207385742,-1.8951564629302808,3.347237053210295e-14,-3.4104708354349616e-20,-1343.1787926142592
0.00031025,310.25,12.355036684532633,12.365225145314195,-1.8934030171738172,3.347450642191499e-14,-3.4104721279046687e-20,-1344.7748546858052
0.0003105,310.5,12.353446824726152,12.363628631527607,-1.8916530023678755,3.3476638363256537e-14,-3.4104695429652544e-20,-1346.3713684723934
0.00031075,310.75,12.351856503993165,12.362031665747255,-1.889906407506295,3.347876636747595e-14,-3.410486345071447e-20,-1347.9683342527455
0.000311,311.0,12.350265722079987,12.360434247695038,-1.888163221647999,3.348089044587097e-14,-3.4104695429652544e-20,-1349.565752304964
0.00031125,311.25,12.348674478733503,12.358836377093576,-1.8864234338542005,3.348301060972194e-14,-3.41046695802584e-20,-1351.1636229064254
0.0003115,311.5,12.347082773701164,12.357238053666173,-1.884687033220006,3.3485126870280525e-14,-3.410464373086426e-20,-1352.7619463338283
0.00031175,311.75,12.345490606730985,12.355639277136735,-1.88295400892638,3.348723923871216e-14,-3.410478590253204e-20,-1354.3607228632661
0.000312,312.0,12.343897977571553,12.354040047229784,-1.8812243502171528,3.3489347726132695e-14,-3.410464373086426e-20,-1355.9599527702162
0.00031225,312.25,12.342304885972004,12.352440363670613,-1.8794980463340145,3.349145234364124e-14,-3.410455325798476e-20,-1357.5596363293882
0.0003125,312.5,12.340711331682046,12.35084022618516,-1.8777750865533942,3.349355310230902e-14,-3.410461788147012e-20,-1359.1597738148416
0.00031275,312.75,12.339117314451942,12.349239634499932,-1.8760554602392887,3.349565001312232e-14,-3.410478590253204e-20,-1360.7603655000678
0.000313,313.0,12.337522834032518,12.347638588342079,-1.8743391568159635,3.3497743087018715e-14,-3.4104721279046687e-20,-1362.3614116579215
0.00031325,313.25,12.335927890175151,12.346037087439413,-1.8726261657124725,3.349983233491981e-14,-3.4104579107378904e-20,-1363.9629125605886
0.0003135,313.5,12.334332482631782,12.344435131520417,-1.8709164763872004,3.350191776772011e-14,-3.410463080616719e-20,-1365.5648684795851
0.00031375,313.75,12.332736611154894,12.34283272031424,-1.8692100783767518,3.350399939623037e-14,-3.410478590253204e-20,-1367.1672796857601
0.000314,314.0,12.331140275497534,12.341229853550596,-1.8675069612824955,3.350607723121358e-14,-3.41046695802584e-20,-1368.7701464494055
0.00031425,314.25,12.329543475413297,12.339626530959896,-1.8658071147067647,3.3508151283417414e-14,-3.410464373086426e-20,-1370.373469040106
0.0003145,314.5,12.327946210656323,12.33802275227321,-1.8641105282832473,3.35102215635632e-14,-3.410477297783497e-20,-1371.9772477267913
0.00031475,314.75,12.326348480981311,12.336418517222208,-1.8624171917258925,3.351228808228973e-14,-3.4104721279046687e-20,-1373.5814827777933
0.000315,315.0,12.324750286143496,12.334813825539136,-1.8607270948095456,3.351435085018891e-14,-3.410477297783497e-20,-1375.1861744608639
0.00031525,315.25,12.323151625898667,12.333208676956962,-1.8590402273092361,3.3516409877838024e-14,-3.410464373086426e-20,-1376.7913230430386
0.0003155,315.5,12.321552500003158,12.331603071209283,-1.8573565790299122,3.351846517578873e-14,-3.41046695802584e-20,-1378.396928790718
0.00031575,315.75,12.319952908213837,12.3299970080303,-1.8556761398555628,3.352051675451131e-14,-3.4104811751926185e-20,-1380.002991969701
0.000316,316.0,12.318352850288123,12.3283904871548,-1.8539988997309935,3.352256462443004e-14,-3.410487637541154e-20,-1381.6095128452002
0.00031625,316.25,12.316752325983975,12.326783508318215,-1.8523248486039634,3.352460879595524e-14,-3.410461788147012e-20,-1383.2164916817865
0.0003165,316.5,12.315151335059886,12.325176071256621,-1.8506539764492638,3.352664927947231e-14,-3.410465665556133e-20,-1384.82392874338
0.00031675,316.75,12.313549877274895,12.323568175706747,-1.8489862733161475,3.35286860852864e-14,-3.410477297783497e-20,-1386.431824293254
0.000317,317.0,12.311947952388566,12.321959821405857,-1.847321729315877,3.3530719223657585e-14,-3.4104798827229114e-20,-1388.0401785941444
0.00031725,317.25,12.310345560161009,12.320351008091894,-1.84566033455872,3.3532748704832515e-14,-3.4104708354349616e-20,-1389.6489919081064
0.0003175,317.5,12.308742700352862,12.318741735503455,-1.844002079183382,3.3534774539033657e-14,-3.4104695429652544e-20,-1391.258264496546
0.00031775,317.75,12.3071393727253,12.3171320033797,-1.8423469534050727,3.3536796736404354e-14,-3.4104721279046687e-20,-1392.867996620302
0.000318,318.0,12.30553557704003,12.315521811460366,-1.840694947498063,3.353881530704367e-14,-3.410474712844083e-20,-1394.4781885396353
0.00031825,318.25,12.303931313059277,12.313911159485825,-1.8390460517383103,3.3540830261037927e-14,-3.4104708354349616e-20,-1396.0888405141754
0.0003185,318.5,12.302326580545811,12.312300047197084,-1.8374002564274734,3.35428416084499e-14,-3.410474712844083e-20,-1397.6999528029162
0.00031875,318.75,12.30072137926292,12.31068847433577,-1.835757551940661,3.354484935926434e-14,-3.410478590253204e-20,-1399.311525664231
0.000319,319.0,12.299115708974423,12.309076440644036,-1.8341179287126352,3.354685352342259e-14,-3.4104721279046687e-20,-1400.9235593559656
0.00031925,319.25,12.297509569444655,12.307463945864749,-1.8324813771714459,3.354885411085377e-14,-3.4104695429652544e-20,-1402.536054135252
0.0003195,319.5,12.295902960438488,12.305850989741396,-1.8308478877743768,3.355085113146411e-14,-3.410478590253204e-20,-1404.1490102586054
0.00031975,319.75,12.294295881721304,12.30423757201796,-1.8292174510581636,3.355284459508293e-14,-3.410501854707932e-20,-1405.7624279820402
0.00032,320.0,12.292688333059017,12.302623692439038,-1.8275900576127848,3.3554834511496906e-14,-3.410478590253204e-20,-1407.376307560962
0.00032025,320.25,12.291080314218053,12.301009350749824,-1.8259656980293688,3.355682089048109e-14,-3.4104604956773046e-20,-1408.9906492501768
0.0003205,320.5,12.289471824965354,12.299394546696147,-1.8243443629235379,3.3558803741788343e-14,-3.410474712844083e-20,-1410.6054533038543
0.00032075,320.75,12.28786286506839,12.297779280024443,-1.8227260429817251,3.356078307509557e-14,-3.41047600531379e-20,-1412.2207199755585
0.000321,321.0,12.286253434295142,12.296163550481653,-1.8211107289480792,3.356275890003791e-14,-3.410477297783497e-20,-1413.8364495183473
0.00032125,321.25,12.284643532414103,12.294547357815441,-1.8194984115595947,3.3564731226239386e-14,-3.4104566182681833e-20,-1415.4526421845603
0.0003215,321.5,12.283033159194279,12.292930701774042,-1.8178890815814122,3.35667000633024e-14,-3.41047600531379e-20,-1417.0692982259593
0.00032175,321.75,12.281422314405194,12.291313582106191,-1.8162827298564632,3.356866542075452e-14,-3.4104915149502754e-20,-1418.6864178938101
0.000322,322.0,12.27981099781688,12.289695998561214,-1.8146793472790435,3.357062730808226e-14,-3.4104824676623256e-20,-1420.304001438787
0.00032225,322.25,12.278199209199876,12.288077950889079,-1.8130789247389538,3.357258573476156e-14,-3.410464373086426e-20,-1421.922049110922
0.0003225,322.5,12.276586948325239,12.286459438840359,-1.8114814531505345,3.357454071024741e-14,-3.4104708354349616e-20,-1423.540561159643
0.00032275,322.75,12.274974214964523,12.284840462166171,-1.8098869235008794,3.3576492243920924e-14,-3.4104824676623256e-20,-1425.1595378338297
0.000323,323.0,12.273361008889793,12.283221020618182,-1.8082953268310715,3.35784403451229e-14,-3.4104721279046687e-20,-1426.7789793818192
0.00032325,323.25,12.271747329873618,12.281601113948648,-1.8067066541813788,3.358038502318411e-14,-3.4104579107378904e-20,-1428.3988860513532
0.0003235,323.5,12.270133177689072,12.279980741910437,-1.8051208966142254,3.358232628741499e-14,-3.41046695802584e-20,-1430.0192580895637
0.00032375,323.75,12.26851855210973,12.278359904257016,-1.8035380452592615,3.3584264147053053e-14,-3.410487637541154e-20,-1431.6400957429846
0.000324,324.0,12.266903452909675,12.276738600742341,-1.8019580913019793,3.358619861129626e-14,-3.410483760132033e-20,-1433.2613992576603
0.00032425,324.25,12.265287879863475,12.275116831121013,-1.8003810259232018,3.358812968933306e-14,-3.410473420374376e-20,-1434.8831688789885
0.0003245,324.5,12.263671832746216,12.273494595148213,-1.7988068403279005,3.3590057390332075e-14,-3.4104695429652544e-20,-1436.5054048517884
0.00032475,324.75,12.262055311333466,12.271871892579659,-1.7972355257908192,3.3591981723390046e-14,-3.4104824676623256e-20,-1438.1281074203412
0.000325,325.0,12.260438315401302,12.270248723171605,-1.7956670736384077,3.3593902697564874e-14,-3.4104682504955473e-20,-1439.7512768283957
0.00032525,325.25,12.258820844726285,12.268625086680917,-1.7941014751925266,3.3595820321905375e-14,-3.4104682504955473e-20,-1441.3749133190843
0.0003255,325.5,12.257202899085481,12.26700098286506,-1.7925387217986706,3.3597734605441204e-14,-3.410477297783497e-20,-1442.9990171349414
0.00032575,325.75,12.255584478256443,12.265376411482018,-1.7909788048708524,3.3599645557131e-14,-3.41048505260174e-20,-1444.6235885179829
0.000326,326.0,12.253965582017218,12.263751372290296,-1.7894217158740373,3.36015531858953e-14,-3.410477297783497e-20,-1446.2486277097046
0.00032625,326.25,12.252346210146342,12.262125865049029,-1.7878674462682818,3.360345750064605e-14,-3.4104592032075975e-20,-1447.8741349509721
0.0003265,326.5,12.250726362422842,12.26049988951792,-1.7863159875361174,3.360535851027654e-14,-3.410464373086426e-20,-1449.5001104820803
0.00032675,326.75,12.249106038626234,12.258873445457215,-1.784767331227246,3.3607256223610055e-14,-3.410465665556133e-20,-1451.1265545427855
0.000327,327.0,12.247485238536525,12.257246532627667,-1.7832214689429438,3.360915064943235e-14,-3.4104592032075975e-20,-1452.7534673723335
0.00032725,327.25,12.2458639619342,12.255619150790597,-1.781678392281801,3.3611041796521127e-14,-3.410454033328769e-20,-1454.3808492094029
0.0003275,327.5,12.244242208600236,12.253991299707927,-1.7801380928617165,3.361292967363601e-14,-3.4104579107378904e-20,-1456.0087002920748
0.00032775,327.75,12.242619978316089,12.252362979142141,-1.7786005623635481,3.3614814289467416e-14,-3.410463080616719e-20,-1457.63702085786
0.000328,328.0,12.240997270863705,12.250734188856216,-1.7770657925216577,3.361669565266901e-14,-3.410461788147012e-20,-1459.2658111437859
0.00032825,328.25,12.239374086025505,12.24910492861368,-1.7755337750675937,3.361857377188681e-14,-3.4104566182681833e-20,-1460.895071386322
0.0003285,328.5,12.237750423584396,12.247475198178643,-1.7740045017522335,3.362044865574925e-14,-3.4104566182681833e-20,-1462.524801821358
0.00032875,328.75,12.236126283323758,12.245844997315794,-1.7724779643885866,3.362232031281652e-14,-3.410463080616719e-20,-1464.1550026842074
0.000329,329.0,12.234501665027457,12.244214325790276,-1.7709541548417536,3.362418875161265e-14,-3.410465665556133e-20,-1465.7856742097244
0.00032925,329.25,12.232876568479831,12.242583183367847,-1.7694330649700731,3.3626053980654507e-14,-3.4104488634499406e-20,-1467.416816632153
0.0003295,329.5,12.231250993465695,12.240951569814827,-1.7679146866525648,3.3627916008441866e-14,-3.4104592032075975e-20,-1469.0484301851727
0.00032975,329.75,12.22962493977034,12.239319484898045,-1.766399011833166,3.362977484340712e-14,-3.410477297783497e-20,-1470.6805151019564
0.00033,330.0,12.227998407179534,12.237686928384827,-1.764886032504982,3.363163049394716e-14,-3.410465665556133e-20,-1472.3130716151736
0.00033025,330.25,12.226371395479513,12.23605390004306,-1.7633757406571882,3.363348296845213e-14,-3.410443693571112e-20,-1473.9460999569405
0.0003305,330.5,12.224743904456986,12.234420399641193,-1.7618681282964517,3.3635332275295597e-14,-3.4104592032075975e-20,-1475.579600358807
0.00033075,330.75,12.223115933899136,12.232786426948252,-1.7603631874901657,3.363717842278461e-14,-3.410465665556133e-20,-1477.2135730517487
0.000331,331.0,12.221487483593611,12.231151981733706,-1.7588609103573607,3.363902141919132e-14,-3.41046695802584e-20,-1478.848018266294
0.00033125,331.25,12.219858553328537,12.229517063767581,-1.757361289012333,3.3640861272781555e-14,-3.410454033328769e-20,-1480.4829362324194
0.0003315,331.5,12.218229142892493,12.227881672820459,-1.755864315587122,3.3642697991805076e-14,-3.4104462785105264e-20,-1482.1183271795421
0.00033175,331.75,12.216599252074534,12.22624580866347,-1.7543699822750087,3.3644531584445904e-14,-3.410454033328769e-20,-1483.75419133653
0.000332,332.0,12.214968880664182,12.224609471068192,-1.7528782813182644,3.364636205885387e-14,-3.4104604956773046e-20,-1485.3905289318097
0.00033225,332.25,12.21333802845142,12.22297265980684,-1.751389204947393,3.364818942317282e-14,-3.410451448389355e-20,-1487.02734019316
0.0003325,332.5,12.211706695226693,12.22133537465217,-1.7499027454146716,3.365001368553099e-14,-3.410444986040819e-20,-1488.6646253478314
0.00033275,332.75,12.210074880780907,12.219697615377346,-1.7484188950397186,3.3651834853991747e-14,-3.4104566182681833e-20,-1490.3023846226558
0.000333,333.0,12.208442584905436,12.218059381756063,-1.746937646184712,3.3653652936584815e-14,-3.410464373086426e-20,-1491.9406182439368
0.00033325,333.25,12.20680980739211,12.216420673562613,-1.745458991203978,3.3655467941334384e-14,-3.410451448389355e-20,-1493.5793264373885
0.0003335,333.5,12.205176548033219,12.214781490571804,-1.7439829224707872,3.3657279876249474e-14,-3.410452740859062e-20,-1495.218509428196
0.00033375,333.75,12.203542806621508,12.213141832558938,-1.7425094324207144,3.3659088749275056e-14,-3.4104475709802335e-20,-1496.858167441064
0.000334,334.0,12.201908582950184,12.21150169929979,-1.7410385135346518,3.366089456832304e-14,-3.4104579107378904e-20,-1498.498300700212
0.00033425,334.25,12.200273876812904,12.209861090570717,-1.7395701582850076,3.3662697341300146e-14,-3.410444986040819e-20,-1500.1389094292838
0.0003345,334.5,12.198638688003792,12.208220006148608,-1.7381043591631031,3.3664497076098423e-14,-3.410452740859062e-20,-1501.7799938513929
0.00033475,334.75,12.197003016317407,12.206578445810818,-1.7366411087222915,3.366629378054665e-14,-3.410461788147012e-20,-1503.4215541891822
0.000335,335.0,12.195366861548784,12.204936409335172,-1.7351803995595247,3.366808746244111e-14,-3.410452740859062e-20,-1505.063590664828
0.00033525,335.25,12.193730223493388,12.203293896500128,-1.7337222242599057,3.36698781295733e-14,-3.410450155919648e-20,-1506.7061034998724
0.0003355,335.5,12.192093101947147,12.201650907084646,-1.7322665754288766,3.367166578972043e-14,-3.410455325798476e-20,-1508.349092915355
0.00033575,335.75,12.190455496706443,12.200007440868102,-1.7308134457363382,3.367345045059724e-14,-3.4104708354349616e-20,-1509.9925591318988
0.000336,336.0,12.188817407568093,12.198363497630378,-1.7293628278932964,3.367523211988655e-14,-3.410455325798476e-20,-1511.6365023696228
0.00033625,336.25,12.187178834329371,12.196719077151927,-1.7279147146014815,3.367701080526673e-14,-3.410443693571112e-20,-1513.2809228480728
0.0003365,336.5,12.185539776788001,12.195074179213721,-1.7264690985801319,3.367878651440233e-14,-3.4104488634499406e-20,-1514.9258207862792
0.00033675,336.75,12.183900234742143,12.193428803597204,-1.7250259726087558,3.368055925489618e-14,-3.4104488634499406e-20,-1516.5711964027973
0.000337,337.0,12.182260207990412,12.191782950084269,-1.7235853295097894,3.368232903431972e-14,-3.410452740859062e-20,-1518.2170499157312
0.00033725,337.25,12.180619696331863,12.190136618457391,-1.7221471620968463,3.368409586024029e-14,-3.410439816161991e-20,-1519.8633815426106
0.0003375,337.5,12.17897869956599,12.188489808499545,-1.7207114632010705,3.368585974021188e-14,-3.410444986040819e-20,-1521.510191500456
0.00033775,337.75,12.177337217492736,12.186842519994173,-1.7192782257128643,3.368762068172742e-14,-3.410454033328769e-20,-1523.1574800058277
0.000338,338.0,12.175695249912485,12.185194752725163,-1.7178474425648296,3.368937869224907e-14,-3.410444986040819e-20,-1524.805247274838
0.00033825,338.25,12.174052796626048,12.183546506477022,-1.7164191066764873,3.369113377923521e-14,-3.410439816161991e-20,-1526.4534935229788
0.0003385,338.5,12.172409857434694,12.181897781034753,-1.7149932109859083,3.3692885950131215e-14,-3.4104462785105264e-20,-1528.1022189652492
0.00033875,338.75,12.170766432140114,12.180248576183754,-1.713569748492945,3.369463521232224e-14,-3.410455325798476e-20,-1529.7514238162464
0.000339,339.0,12.16912252054445,12.178598891709933,-1.7121487122372014,3.369638157316308e-14,-3.410443693571112e-20,-1531.401108290067
0.00033925,339.25,12.167478122450271,12.176948727399694,-1.7107300952520204,3.3698125040005144e-14,-3.410442401101405e-20,-1533.0512726003067
0.0003395,339.5,12.165833237660584,12.175298083039959,-1.7093138905847622,3.3699865620187275e-14,-3.410441108631698e-20,-1534.7019169600421
0.00033975,339.75,12.16418786597883,12.173646958418168,-1.7079000913363793,3.3701603320988764e-14,-3.410464373086426e-20,-1536.3530415818325
0.00034,340.0,12.162542007208888,12.171995353322174,-1.7064886906522645,3.370333814965907e-14,-3.410443693571112e-20,-1538.0046466778276
0.00034025,340.25,12.160895661155058,12.170343267540373,-1.7050796816680969,3.3705070113444604e-14,-3.410430768874041e-20,-1539.656732459628
0.0003405,340.5,12.15924882762208,12.168690700861664,-1.703673057535654,3.370679921957955e-14,-3.410441108631698e-20,-1541.3092991383364
0.00034075,340.75,12.157601506415126,12.167037653075406,-1.702268811462718,3.3708525475239284e-14,-3.410439816161991e-20,-1542.9623469245948
0.000341,341.0,12.155953697339797,12.165384123971387,-1.7008669366980411,3.3710248887569854e-14,-3.410439816161991e-20,-1544.6158760286128
0.00034125,341.25,12.154305400202116,12.163730113339954,-1.6994674264805871,3.3711969463714555e-14,-3.4104359387528695e-20,-1546.269886660048
0.0003415,341.5,12.152656614808539,12.162075620971933,-1.6980702740650186,3.371368721080486e-14,-3.410443693571112e-20,-1547.9243790280668
0.00034175,341.75,12.151007340965949,12.160420646658618,-1.6966754727614053,3.3715402135914096e-14,-3.410444986040819e-20,-1549.5793533413816
0.000342,342.0,12.149357578481654,12.158765190191723,-1.695283015920171,3.371711424608679e-14,-3.410430768874041e-20,-1551.2348098082778
0.00034225,342.25,12.147707327163387,12.15710925136351,-1.6938928968817093,3.3718823548364994e-14,-3.4104372312225766e-20,-1552.8907486364917
0.0003425,342.5,12.146056586819308,12.15545282996673,-1.6925051090019967,3.372053004977933e-14,-3.410428183934627e-20,-1554.5471700332705
0.00034275,342.75,12.144405357257991,12.153795925794563,-1.69111964569244,3.3722233757302925e-14,-3.410439816161991e-20,-1556.2040742054373
0.000343,343.0,12.142753638288445,12.15213853864063,-1.6897365004035556,3.3723934677880614e-14,-3.410439816161991e-20,-1557.8614613593704
0.00034325,343.25,12.141101429720091,12.150480668299135,-1.6883556665719601,3.3725632818455075e-14,-3.410429476404334e-20,-1559.5193317008664
0.0003435,343.5,12.139448731362775,12.148822314564748,-1.686977137651498,3.372732818595784e-14,-3.410429476404334e-20,-1561.1776854352527
0.00034375,343.75,12.137795543026757,12.14716347723252,-1.6856009071540101,3.3729020787263694e-14,-3.410450155919648e-20,-1562.836522767481
0.000344,344.0,12.13614186452272,12.14550415609797,-1.6842269686270739,3.373071062921955e-14,-3.410450155919648e-20,-1564.4958439020302
0.00034425,344.25,12.134487695661774,12.143844350957156,-1.6828553156084898,3.3732397718670456e-14,-3.410432061343748e-20,-1566.1556490428454
0.0003445,344.5,12.132833036255425,12.142184061606601,-1.681485941650117,3.373408206245072e-14,-3.4104268914649197e-20,-1567.815938393399
0.00034475,344.75,12.131177886115609,12.140523287843289,-1.6801188403564304,3.373576366733852e-14,-3.410454033328769e-20,-1569.4767121567115
0.000345,345.0,12.129522245054677,12.138862029464617,-1.6787540053721013,3.373744254008459e-14,-3.410450155919648e-20,-1571.1379705353845
0.00034525,345.25,12.12786611288539,12.137200286268461,-1.6773914303335378,3.373911868743814e-14,-3.410429476404334e-20,-1572.7997137315388
0.0003455,345.5,12.126209489420928,12.135538058053193,-1.6760311088889697,3.3740792116137976e-14,-3.4104243065255055e-20,-1574.4619419468074
0.00034575,345.75,12.124552374474872,12.133875344617664,-1.6746730347372962,3.3742462832867374e-14,-3.410442401101405e-20,-1576.1246553823364
0.000346,346.0,12.122894767861228,12.1322121457611,-1.6733172016178457,3.37441308442827e-14,-3.410439816161991e-20,-1577.7878542389003
0.00034625,346.25,12.121236669394406,12.13054846128331,-1.671963603254966,3.374579615703899e-14,-3.410421721586091e-20,-1579.4515387166916
0.0003465,346.5,12.119578078889223,12.128884290984553,-1.6706122333886515,3.3747458777781213e-14,-3.4104346462831624e-20,-1581.1157090154475
0.00034675,346.75,12.117918996160913,12.127219634665458,-1.669263085815676,3.374911871309949e-14,-3.410454033328769e-20,-1582.7803653345427
0.000347,347.0,12.116259421025111,12.125554492127105,-1.667916154367655,3.375077596955741e-14,-3.410451448389355e-20,-1584.4455078728959
0.00034725,347.25,12.114599353297868,12.123888863171098,-1.6665714328643397,3.3752430553717555e-14,-3.410429476404334e-20,-1586.1111368289028
0.0003475,347.5,12.112938792795628,12.122222747599503,-1.6652289151387265,3.3754082472132764e-14,-3.4104268914649197e-20,-1587.777252400498
0.00034775,347.75,12.11127773933525,12.12055614521481,-1.6638885950761213,3.3755731731301623e-14,-3.410439816161991e-20,-1589.4438547851908
0.000348,348.0,12.109616192733998,12.118889055819919,-1.6625504665983413,3.3757378337696654e-14,-3.410430768874041e-20,-1591.1109441800825
0.00034825,348.25,12.107954152809537,12.11722147921824,-1.6612145236164335,3.3759022297789576e-14,-3.410433353813455e-20,-1592.7785207817592
0.0003485,348.5,12.106291619379935,12.11555341521366,-1.6598807600544991,3.376066361804273e-14,-3.410444986040819e-20,-1594.4465847863412
0.00034875,348.75,12.104628592263666,12.113884863610476,-1.658549169887115,3.376230230486481e-14,-3.410443693571112e-20,-1596.1151363895256
0.000349,349.0,12.102965071279598,12.112215824213381,-1.6572197471261236,3.3763938364638834e-14,-3.4104475709802335e-20,-1597.7841757866192
0.00034925,349.25,12.101301056247008,12.110546296827604,-1.655892485771277,3.376557180374732e-14,-3.410429476404334e-20,-1599.4537031723974
0.0003495,349.5,12.099636546985565,12.108876281258809,-1.6545673798348455,3.37672026285637e-14,-3.410428183934627e-20,-1601.1237187411916
0.00034975,349.75,12.097971543315342,12.107205777313084,-1.6532444233799333,3.376883084540833e-14,-3.4104346462831624e-20,-1602.7942226869163
0.00035,350.0,12.096306045056808,12.105534784796923,-1.651923610505582,3.3770456460576336e-14,-3.410444986040819e-20,-1604.465215203078
0.00035025,350.25,12.094640052030835,12.103863303517322,-1.6506049352992644,3.37720794803626e-14,-3.410428183934627e-20,-1606.1366964826782
0.0003505,350.5,12.09297356405868,12.102191333281738,-1.6492883918604826,3.3773699911053176e-14,-3.4104475709802335e-20,-1607.8086667182627
0.00035075,350.75,12.091306580962002,12.100518873898041,-1.6479739743376831,3.377531775888168e-14,-3.410461788147012e-20,-1609.481126101959
0.000351,351.0,12.089639102562856,12.09884592517451,-1.6466616769159301,3.3776933030056874e-14,-3.4104566182681833e-20,-1611.154074825491
0.00035125,351.25,12.087971128683693,12.097172486919861,-1.6453514937716491,3.37785457307875e-14,-3.410451448389355e-20,-1612.8275130801396
0.0003515,351.5,12.086302659147352,12.095498558943287,-1.6440434190913475,3.378015586727383e-14,-3.410450155919648e-20,-1614.501441056714
0.00035175,351.75,12.084633693777063,12.093824141054439,-1.6427374471076348,3.378176344566422e-14,-3.410451448389355e-20,-1616.1758589455626
0.000352,352.0,12.082964232396455,12.092149233063312,-1.6414335720908237,3.3783368472082615e-14,-3.4104566182681833e-20,-1617.8507669366886
0.00035225,352.25,12.08129427482954,12.090473834780466,-1.6401317882953708,3.3784970952653146e-14,-3.410451448389355e-20,-1619.5261652195343
0.0003525,352.5,12.079623820900725,12.088797946016888,-1.6388320899891515,3.378657089349174e-14,-3.4104462785105264e-20,-1621.2020539831135
0.00035275,352.75,12.077952870434805,12.087121566583908,-1.6375344714921765,3.378816830066301e-14,-3.4104604956773046e-20,-1622.8784334160923
0.000353,353.0,12.076281423256962,12.085444696293301,-1.6362389271570432,3.3789763180207504e-14,-3.410461788147012e-20,-1624.5553037067007
0.00035325,353.25,12.074609479192764,12.083767334957274,-1.6349454513272412,3.379135553816623e-14,-3.4104475709802335e-20,-1626.232665042727
0.0003535,353.5,12.072937038068176,12.082089482388495,-1.633654038355321,3.3792945380572275e-14,-3.410455325798476e-20,-1627.910517611506
0.00035375,353.75,12.071264099709534,12.080411138400097,-1.6323646826385367,3.379453271340797e-14,-3.410463080616719e-20,-1629.588861599904
0.000354,354.0,12.06959066394357,12.078732302805554,-1.6310773786114545,3.379611754263193e-14,-3.4104592032075975e-20,-1631.2676971944475
0.00035425,354.25,12.067916730597396,12.07705297541883,-1.629792120695942,3.379769987420349e-14,-3.410444986040819e-20,-1632.9470245811701
0.0003545,354.5,12.06624229949851,12.075373156054336,-1.6285089033252313,3.37992797140743e-14,-3.410450155919648e-20,-1634.6268439456637
0.00035475,354.75,12.064567370474789,12.073692844526864,-1.6272277209807535,3.38008570681458e-14,-3.410461788147012e-20,-1636.307155473137
0.000355,355.0,12.062891943354497,12.07201204065158,-1.6259485681772161,3.3802431942296165e-14,-3.410452740859062e-20,-1637.9879593484197
0.00035525,355.25,12.061216017966277,12.070330744244204,-1.624671439413261,3.380400434240441e-14,-3.410443693571112e-20,-1639.669255755797
0.0003555,355.5,12.05953959413915,12.068648955120864,-1.6233963292004452,3.380557427434218e-14,-3.410452740859062e-20,-1641.3510448791362
0.00035575,355.75,12.057862671702525,12.06696667309802,-1.6221232321012145,3.380714174393144e-14,-3.410450155919648e-20,-1643.033326901981
0.000356,356.0,12.056185250486179,12.065283897992556,-1.6208521427082985,3.380870675697125e-14,-3.4104475709802335e-20,-1644.7161020074445
0.00035625,356.25,12.054507330320275,12.063600629621828,-1.6195830556020403,3.3810269319261726e-14,-3.410442401101405e-20,-1646.3993703781723
0.0003565,356.5,12.052828911035348,12.061916867803633,-1.6183159653733663,3.381182943659587e-14,-3.4104566182681833e-20,-1648.0831321963665
0.00035675,356.75,12.051149992462324,12.060232612356156,-1.6170508666594474,3.381338711471758e-14,-3.410454033328769e-20,-1649.7673876438444
0.000357,357.0,12.049470574432485,12.058547863097948,-1.6157877541304317,3.381494235934813e-14,-3.410452740859062e-20,-1651.4521369020538
0.00035725,357.25,12.0477906567775,12.056862619848046,-1.614526622443819,3.3816495176210115e-14,-3.4104475709802335e-20,-1653.137380151955
0.0003575,357.5,12.046110239329407,12.055176882425911,-1.6132674662670752,3.3818045571019244e-14,-3.4104579107378904e-20,-1654.8231175740898
0.00035775,357.75,12.044429321920628,12.053490650651398,-1.612010280313873,3.381959354944263e-14,-3.4104604956773046e-20,-1656.5093493486033
0.000358,358.0,12.04274790438395,12.051803924344725,-1.6107550593313016,3.3821139117125156e-14,-3.410454033328769e-20,-1658.1960756552764
0.00035825,358.25,12.04106598655253,12.050116703326582,-1.6095017980520903,3.382268227971319e-14,-3.410454033328769e-20,-1659.8832966734194
0.0003585,358.5,12.0393835682599,12.048428987418097,-1.6082504912178572,3.3824223042846486e-14,-3.410451448389355e-20,-1661.5710125819037
0.00035875,358.75,12.037700649339964,12.04674077644078,-1.6070011336169676,3.382576141211669e-14,-3.41046695802584e-20,-1663.259223559221
0.000359,359.0,12.036017229626998,12.045052070216514,-1.605753720070824,3.382729739309356e-14,-3.410450155919648e-20,-1664.9479297834873
0.00035925,359.25,12.03433330895564,12.043362868567597,-1.6045082453897077,3.382883099134856e-14,-3.4104359387528695e-20,-1666.6371314324049
0.0003595,359.5,12.032648887160905,12.041673171316766,-1.6032647043911725,3.383036221244677e-14,-3.410444986040819e-20,-1668.3268286832338
0.00035975,359.75,12.030963964078168,12.039982978287203,-1.6020230919350482,3.383189106190567e-14,-3.4104708354349616e-20,-1670.0170217127977
0.00036,360.0,12.02927853954318,12.038292289302406,-1.6007834029152093,3.3833417545221186e-14,-3.4104682504955473e-20,-1671.7077106975942
0.00036025,360.25,12.02759261339205,12.036601104186351,-1.5995456322126547,3.383494166789114e-14,-3.410443693571112e-20,-1673.3988958136504
0.0003605,360.5,12.025906185461265,12.03490942276342,-1.598309774718243,3.3836463435407205e-14,-3.4104475709802335e-20,-1675.0905772365816
0.00036075,360.75,12.02421925558766,12.033217244858363,-1.597075825367252,3.3837982853213914e-14,-3.4104566182681833e-20,-1676.7827551416374
0.000361,361.0,12.022531823608446,12.031524570296295,-1.5958437791260363,3.383949992673466e-14,-3.410454033328769e-20,-1678.4754297037064
0.00036125,361.25,12.020843889361194,12.029831398902848,-1.5946136309440742,3.384101466139484e-14,-3.4104462785105264e-20,-1680.1686010971534
0.0003615,361.5,12.019155452683842,12.02813773050404,-1.5933853757821361,3.3842527062613944e-14,-3.410455325798476e-20,-1681.8622694959608
0.00036175,361.75,12.017466513414687,12.026443564926215,-1.592159008648799,3.384403713576486e-14,-3.410451448389355e-20,-1683.5564350737857
0.000362,362.0,12.015777071392387,12.024748901996098,-1.5909345245803856,3.384554488619958e-14,-3.410454033328769e-20,-1685.2510980039024
0.00036225,362.25,12.01408712645596,12.023053741540888,-1.5897119186002506,3.384705031927234e-14,-3.410451448389355e-20,-1686.946258459112
0.0003625,362.5,12.012396678444789,12.02135808338819,-1.5884911857402921,3.384855344033169e-14,-3.410461788147012e-20,-1688.6419166118112
0.00036275,362.75,12.010705727198612,12.019661927365979,-1.587272321075119,3.3850054254680044e-14,-3.4104682504955473e-20,-1690.3380726340226
0.000363,363.0,12.009014272557527,12.017965273302597,-1.586055319711051,3.3851552767599224e-14,-3.410461788147012e-20,-1692.0347266974038
0.00036325,363.25,12.007322314361991,12.016268121026785,-1.5848401767436138,3.3853048984373476e-14,-3.410450155919648e-20,-1693.7318789732149
0.0003635,363.5,12.005629852452817,12.014570470367712,-1.583626887274393,3.385454291028161e-14,-3.4104604956773046e-20,-1695.4295296322887
0.00036375,363.75,12.003936886671175,12.012872321154978,-1.5824154464441527,3.3856034550556756e-14,-3.410473420374376e-20,-1697.127678845023
0.000364,364.0,12.00224341685859,12.011173673218499,-1.5812058494275307,3.3857523910411735e-14,-3.41046695802584e-20,-1698.826326781502
0.00036425,364.25,12.00054944285695,12.009474526388592,-1.5799980913883895,3.3859010995062004e-14,-3.410443693571112e-20,-1700.5254736114084
0.0003645,364.5,11.998854964508485,12.007774880495997,-1.5787921674969057,3.386049580971776e-14,-3.410461788147012e-20,-1702.225119504003
0.00036475,364.75,11.997159981655791,12.006074735371875,-1.5775880729620413,3.3861978359544004e-14,-3.41046695802584e-20,-1703.925264628125
0.000365,365.0,11.995464494141807,12.004374090847696,-1.5763858030255475,3.386345864968575e-14,-3.410478590253204e-20,-1705.625909152305
0.00036525,365.25,11.993768501809832,12.002672946755379,-1.5751853529154112,3.3864936685290784e-14,-3.410455325798476e-20,-1707.3270532446218
0.0003655,365.5,11.992072004503516,12.00097130292725,-1.573986717867983,3.386641247150185e-14,-3.4104579107378904e-20,-1709.028697072752
0.00036575,365.75,11.990375002066855,11.99926915919598,-1.572789893161146,3.3867886013416934e-14,-3.4104682504955473e-20,-1710.7308408040203
0.000366,366.0,11.988677494344202,11.9975665153946,-1.5715948741021817,3.386935731611436e-14,-3.41046695802584e-20,-1712.4334846054005
0.00036625,366.25,11.986979481180258,11.995863371356583,-1.5704016559850313,3.387082638467538e-14,-3.410451448389355e-20,-1714.1366286434177
0.0003665,366.5,11.985280962420074,11.99415972691579,-1.5692102341121204,3.3872293224176405e-14,-3.4104488634499406e-20,-1715.8402730842108
0.00036675,366.75,11.983581937909044,11.992455581906436,-1.5680206038273803,3.3873757839649535e-14,-3.410464373086426e-20,-1717.5444180935658
0.000367,367.0,11.981882407492918,11.990750936163069,-1.5668327605033692,3.3875220236107513e-14,-3.410461788147012e-20,-1719.2490638369322
0.00036725,367.25,11.98018237101779,11.989045789520745,-1.5656466994957061,3.3876680418566164e-14,-3.410443693571112e-20,-1720.954210479256
0.0003675,367.5,11.978481828330096,11.987340141814883,-1.5644624161699936,3.3878138392036636e-14,-3.4104682504955473e-20,-1722.6598581851176
0.00036775,367.75,11.97678077927663,11.985633992881203,-1.5632799059361533,3.387959416148625e-14,-3.410463080616719e-20,-1724.3660071187971
0.000368,368.0,11.97507922370452,11.983927342555802,-1.562099164229823,3.388104773186325e-14,-3.410464373086426e-20,-1726.072657444199
0.00036825,368.25,11.973377161461244,11.982220190675209,-1.5609201864733748,3.388249910811906e-14,-3.4104566182681833e-20,-1727.779809324792
0.0003685,368.5,11.97167459239462,11.980512537076342,-1.559742968097307,3.388394829520072e-14,-3.410464373086426e-20,-1729.4874629236588
0.00036875,368.75,11.969971516352818,11.978804381596472,-1.5585675045725715,3.388539529801181e-14,-3.4104708354349616e-20,-1731.1956184035296
0.000369,369.0,11.96826793318434,11.977095724073186,-1.5573937913978406,3.3886840121437136e-14,-3.4104721279046687e-20,-1732.9042759268145
0.00036925,369.25,11.96656384273804,11.975386564344577,-1.556221824055108,3.388828277036483e-14,-3.4104604956773046e-20,-1734.613435655424
0.0003695,369.5,11.964859244863108,11.973676902249093,-1.5550515980357251,3.3889723249678825e-14,-3.4104708354349616e-20,-1736.3230977509074
0.00036975,369.75,11.963154139409074,11.97196673762548,-1.553883108874602,3.3891161564220015e-14,-3.4104824676623256e-20,-1738.0332623745198
0.00037,370.0,11.961448526225812,11.97025607031285,-1.5527163521325307,3.3892597718810796e-14,-3.410474712844083e-20,-1739.7439296871512
0.00037025,370.25,11.959742405163533,11.968544900150748,-1.5515513233554568,3.389403171827705e-14,-3.4104592032075975e-20,-1741.4550998492523
0.0003705,370.5,11.958035776072789,11.966833226979105,-1.5503880180960947,3.3895463567440626e-14,-3.4104566182681833e-20,-1743.1667730208965
0.00037075,370.75,11.956328638804468,11.965121050638187,-1.5492264319480846,3.3896893271080795e-14,-3.410483760132033e-20,-1744.8789493618142
0.000371,371.0,11.954620993209803,11.963408370968605,-1.548066560532679,3.389832083395856e-14,-3.4104604956773046e-20,-1746.5916290313965
0.00037125,371.25,11.952912839140351,11.961695187811385,-1.5469083994565278,3.3899746260838563e-14,-3.410454033328769e-20,-1748.3048121886163
0.0003715,371.5,11.951204176448014,11.959981501007944,-1.5457519443330614,3.39011695564816e-14,-3.4104592032075975e-20,-1750.018498992057
0.00037175,371.75,11.949495004985033,11.958267310400034,-1.544597190815477,3.390259072560628e-14,-3.410465665556133e-20,-1751.732689599966
0.000372,372.0,11.94778532460398,11.95655261582974,-1.5434441345843368,3.390400977291324e-14,-3.410454033328769e-20,-1753.447384170261
0.00037225,372.25,11.946075135157761,11.954837417139565,-1.5422927713058459,3.390542670310687e-14,-3.410454033328769e-20,-1755.162582860436
0.0003725,372.5,11.944364436499615,11.9531217141724,-1.5411430966530146,3.3906841520887915e-14,-3.410454033328769e-20,-1756.8782858276004
0.00037275,372.75,11.94265322848312,11.951405506771465,-1.5399951063377209,3.3908254230915316e-14,-3.4104592032075975e-20,-1758.594493228536
0.000373,373.0,11.940941510962181,11.949688794780315,-1.5388487960987878,3.390966483783031e-14,-3.410443693571112e-20,-1760.311205219687
0.00037325,373.25,11.93922928379104,11.947971578042914,-1.5377041616610405,3.391107334627803e-14,-3.410451448389355e-20,-1762.028421957087
0.0003735,373.5,11.937516546824265,11.946253856403613,-1.5365611987560925,3.3912479760900115e-14,-3.4104488634499406e-20,-1763.7461435963883
0.00037375,373.75,11.935803299916762,11.944535629707092,-1.5354199031534783,3.391388408629682e-14,-3.4104604956773046e-20,-1765.4643702929095
0.000374,374.0,11.934089542923765,11.942816897798357,-1.5342802706494163,3.391528632705094e-14,-3.410450155919648e-20,-1767.1831022016443
0.00037425,374.25,11.932375275700833,11.941097660522832,-1.5331422970263044,3.3916686487749314e-14,-3.410438523692284e-20,-1768.9023394771696
0.0003745,374.5,11.93066049810386,11.939377917726308,-1.5320059780734039,3.3918084572975436e-14,-3.4104475709802335e-20,-1770.6220822736923
0.00037475,374.75,11.92894520998907,11.937657669254905,-1.5308713096180047,3.391948058727181e-14,-3.4104372312225766e-20,-1772.342330745095
0.000375,375.0,11.927229411213007,11.935936914955056,-1.5297382875134602,3.3920874535163764e-14,-3.4104346462831624e-20,-1774.0630850449447
0.00037525,375.25,11.925513101632552,11.934215654673668,-1.5286069075956228,3.392226642118075e-14,-3.410443693571112e-20,-1775.7843453263324
0.0003755,375.5,11.923796281104904,11.932493888258001,-1.5274771657088007,3.392365624984907e-14,-3.4104475709802335e-20,-1777.5061117420003
0.00037575,375.75,11.922078949487597,11.930771615555576,-1.526349057738108,3.39250440256544e-14,-3.4104566182681833e-20,-1779.2283844444241
0.000376,376.0,11.920361106638484,11.929048836414278,-1.5252225795915213,3.392642975306551e-14,-3.4104462785105264e-20,-1780.9511635857227
0.00037625,376.25,11.918642752415746,11.927325550682399,-1.5240977271637273,3.3927813436555375e-14,-3.4104372312225766e-20,-1782.6744493176016
0.0003765,376.5,11.916923886677889,11.9256017582086,-1.5229744963558498,3.392919508059403e-14,-3.4104475709802335e-20,-1784.3982417913999
0.00037675,376.75,11.915204509283742,11.923877458841872,-1.5218528831050302,3.3930574689611283e-14,-3.410452740859062e-20,-1786.1225411581283
0.000377,377.0,11.91348462009246,11.922152652431516,-1.5207328833744542,3.393195226802019e-14,-3.4104488634499406e-20,-1787.8473475684862
0.00037725,377.25,11.911764218963516,11.920427338827237,-1.5196144931133695,3.393332782023822e-14,-3.410438523692284e-20,-1789.572661172764
0.0003775,377.5,11.910043305756705,11.91870151787912,-1.5184977082770006,3.393470135068003e-14,-3.410444986040819e-20,-1791.2984821208813
0.00037775,377.75,11.908321880332151,11.916975189437563,-1.5173825248568693,3.3936072863720384e-14,-3.4104604956773046e-20,-1793.024810562438
0.000378,378.0,11.906599942550297,11.915248353353276,-1.5162689388704167,3.393744236371759e-14,-3.410452740859062e-20,-1794.7516466467252
0.00037825,378.25,11.904877492271902,11.91352100947738,-1.5151569463204437,3.393880985503447e-14,-3.4104359387528695e-20,-1796.478990522621
0.0003785,378.5,11.903154529358044,11.911793157661357,-1.514046543215617,3.394017534203115e-14,-3.410443693571112e-20,-1798.2068423386438
0.00037875,378.75,11.901431053670128,11.910064797757007,-1.5129377256008045,3.394153882902828e-14,-3.410464373086426e-20,-1799.9352022429941
0.000379,379.0,11.899707065069874,11.908335929616443,-1.511830489545704,3.394290032033027e-14,-3.4104475709802335e-20,-1801.6640703835571
0.00037925,379.25,11.897982563419315,11.906606553092182,-1.5107248311064194,3.394425982024614e-14,-3.4104359387528695e-20,-1803.3934469078183
0.0003795,379.5,11.896257548580811,11.904876668037092,-1.5096207463452442,3.394561733308239e-14,-3.410439816161991e-20,-1805.1233319629087
0.00037975,379.75,11.894532020417039,11.90314627430436,-1.5085182313598735,3.39469728631064e-14,-3.410429476404334e-20,-1806.8537256956413
0.00038,380.0,11.892805978790978,11.901415371747463,-1.5074172822725938,3.394832641456953e-14,-3.410432061343748e-20,-1808.5846282525374
0.00038025,380.25,11.891079423565941,11.899683960220354,-1.506317895188479,3.394967799172788e-14,-3.410443693571112e-20,-1810.3160397796462
0.0003805,380.5,11.889352354605553,11.897952039577312,-1.5052200662199013,3.395102759883515e-14,-3.410432061343748e-20,-1812.0479604226891
0.00038075,380.75,11.88762477177374,11.896219609672867,-1.5041237915182395,3.395237524010628e-14,-3.410451448389355e-20,-1813.780390327134
0.000381,381.0,11.885896674934763,11.894486670361902,-1.5030290672573625,3.3953720919740435e-14,-3.410444986040819e-20,-1815.5133296380998
0.00038125,381.25,11.88416806395318,11.892753221499694,-1.501935889595974,3.39550646419416e-14,-3.410441108631698e-20,-1817.246778500307
0.0003815,381.5,11.882438938693872,11.891019262941873,-1.500844254697837,3.395640641091155e-14,-3.410439816161991e-20,-1818.9807370581275
0.00038175,381.75,11.880709299022026,11.889284794544382,-1.4997541587627217,3.39577462308136e-14,-3.4104488634499406e-20,-1820.7152054556193
0.000382,382.0,11.878979144803152,11.887549816163466,-1.4986655980143795,3.3959084105795545e-14,-3.4104462785105264e-20,-1822.4501838365359
0.00038225,382.25,11.877248475903063,11.885814327655766,-1.497578568662266,3.396042004001009e-14,-3.4104359387528695e-20,-1824.1856723442359
0.0003825,382.5,11.875517292187881,11.884078328878276,-1.4964930669209504,3.3961754037607865e-14,-3.410441108631698e-20,-1825.9216711217239
0.00038275,382.75,11.873785593524047,11.882341819688298,-1.4954090890396388,3.396308610270141e-14,-3.410452740859062e-20,-1827.6581803117028
0.000383,383.0,11.872053379778306,11.88060479994343,-1.4943266312920167,3.396441623938793e-14,-3.4104566182681833e-20,-1829.395200056571
0.00038325,383.25,11.870320650817714,11.878867269501674,-1.4932456899368913,3.396574445176965e-14,-3.410443693571112e-20,-1831.1327304983265
0.0003835,383.5,11.86858740650964,11.877129228221369,-1.492166261238197,3.396707074394688e-14,-3.410441108631698e-20,-1832.8707717786324
0.00038375,383.75,11.866853646721756,11.875390675961153,-1.4910883414952372,3.396839511998215e-14,-3.410444986040819e-20,-1834.609324038848
0.000384,384.0,11.865119371322043,11.873651612579966,-1.4900119270305392,3.396971758392291e-14,-3.4104372312225766e-20,-1836.3483874200351
0.00038425,384.25,11.863384580178794,11.871912037937186,-1.4889370141488891,3.397103813982168e-14,-3.410432061343748e-20,-1838.0879620628148
0.0003845,384.5,11.861649273160603,11.870171951892525,-1.4878635991619495,3.397235679172922e-14,-3.4104488634499406e-20,-1839.8280481074755
0.00038475,384.75,11.859913450136373,11.868431354305931,-1.4867916784188113,3.397367354365885e-14,-3.4104682504955473e-20,-1841.5686456940698
0.000385,385.0,11.858177110975316,11.866690245037695,-1.485721248289111,3.397498839960899e-14,-3.4104566182681833e-20,-1843.309754962305
0.00038525,385.25,11.856440255546941,11.864948623948493,-1.4846523051286622,3.397630136358328e-14,-3.410439816161991e-20,-1845.0513760515082
0.0003855,385.5,11.854702883721075,11.86320649089934,-1.483584845297637,3.397761243958367e-14,-3.410444986040819e-20,-1846.7935091006605
0.00038575,385.75,11.852964995367834,11.861463845751572,-1.4825188651890508,3.397892163157507e-14,-3.4104462785105264e-20,-1848.536154248428
0.000386,386.0,11.85122659035765,11.859720688366815,-1.4814543612206026,3.3980228943507626e-14,-3.4104475709802335e-20,-1850.279311633185
0.00038625,386.25,11.849487668561254,11.857977018607023,-1.4803913297976417,3.3981534379336835e-14,-3.4104346462831624e-20,-1852.022981392978
0.0003865,386.5,11.847748229849676,11.856232836334513,-1.4793297673280492,3.3982837943016637e-14,-3.410442401101405e-20,-1853.767163665487
0.00038675,386.75,11.846008274094258,11.854488141411963,-1.4782696702501703,3.398413963846423e-14,-3.4104488634499406e-20,-1855.5118585880382
0.000387,387.0,11.844267801166636,11.852742933702304,-1.4772110350276006,3.398543946958229e-14,-3.4104346462831624e-20,-1857.2570662976964
0.00038725,387.25,11.842526810938743,11.850997213068844,-1.4761538581098346,3.39867374402789e-14,-3.4104372312225766e-20,-1859.0027869311562
0.0003875,387.5,11.840785303282829,11.849250979375237,-1.4750981359509483,3.3988033554460703e-14,-3.410452740859062e-20,-1860.7490206247642
0.00038775,387.75,11.83904327807143,11.847504232485434,-1.4740438650373031,3.398932781599796e-14,-3.4104592032075975e-20,-1862.4957675145674
0.000388,388.0,11.837300735177383,11.845756972263667,-1.472991041878589,3.399062022874657e-14,-3.410461788147012e-20,-1864.2430277363335
0.00038825,388.25,11.83555767447383,11.844009198574563,-1.4719396629696608,3.3991910796567936e-14,-3.410442401101405e-20,-1865.9908014254388
0.0003885,388.5,11.833814095834208,11.84226091128307,-1.4708897248091741,3.399319952332217e-14,-3.4104462785105264e-20,-1867.7390887169306
0.00038875,388.75,11.832069999132258,11.84051211025445,-1.4698412239283118,3.3994486412833286e-14,-3.4104592032075975e-20,-1869.4878897455517
0.000389,389.0,11.83032538424201,11.838762795354256,-1.4687941568816774,3.3995771468911144e-14,-3.4104462785105264e-20,-1871.2372046457447
0.00038925,389.25,11.828580251037797,11.837012966448357,-1.4677485202118064,3.399705469537118e-14,-3.4104475709802335e-20,-1872.9870335516441
0.0003895,389.5,11.826834599394248,11.835262623402976,-1.4667043104633761,3.3998336096027694e-14,-3.4104462785105264e-20,-1874.7373765970253
0.00038975,389.75,11.825088429186284,11.833511766084689,-1.465661524210347,3.3999615674659147e-14,-3.410465665556133e-20,-1876.4882339153128
0.00039,390.0,11.823341740289132,11.831760394360325,-1.4646201580515574,3.40008934350301e-14,-3.410455325798476e-20,-1878.2396056396756
0.00039025,390.25,11.821594532578308,11.83000850809708,-1.4635802085712262,3.400216938091072e-14,-3.4104488634499406e-20,-1879.9914919029213
0.0003905,390.5,11.819846805929615,11.828256107162476,-1.4625416723579807,3.400344351607018e-14,-3.4104592032075975e-20,-1881.7438928375248
0.00039075,390.75,11.818098560219166,11.826503191424331,-1.461504546032721,3.4004715844242093e-14,-3.410465665556133e-20,-1883.49680857567
0.000391,391.0,11.816349795323358,11.824749760750732,-1.4604688262379886,3.40059863691464e-14,-3.410464373086426e-20,-1885.250239249269
0.00039125,391.25,11.814600511118881,11.822995815010195,-1.4594345095986854,3.4007255094508724e-14,-3.4104579107378904e-20,-1887.0041849898053
0.0003915,391.5,11.812850707482724,11.821241354071555,-1.4584015927454994,3.4008522024053744e-14,-3.4104682504955473e-20,-1888.7586459284466
0.00039175,391.75,11.811100384292164,11.819486377803859,-1.4573700723442802,3.4009787161470985e-14,-3.4104695429652544e-20,-1890.5136221961427
0.000392,392.0,11.809349541424771,11.817730886076482,-1.4563399450801449,3.401105051043637e-14,-3.4104695429652544e-20,-1892.269113923518
0.00039225,392.25,11.807598178758406,11.815974878759173,-1.4553112076235692,3.4012312074631674e-14,-3.410454033328769e-20,-1894.0251212408275
0.0003925,392.5,11.805846296171223,11.814218355722005,-1.4542838566486003,3.40135718577378e-14,-3.410455325798476e-20,-1895.7816442779958
0.00039275,392.75,11.804093893541664,11.812461316835343,-1.4532578888601053,3.4014829863400814e-14,-3.4104708354349616e-20,-1897.538683164658
0.000393,393.0,11.80234097074846,11.810703761969839,-1.4522333009849109,3.401608609525334e-14,-3.4104708354349616e-20,-1899.2962380301626
0.00039325,393.25,11.800587527670638,11.808945690996447,-1.451210089738733,3.401734055693392e-14,-3.410465665556133e-20,-1901.0543090035537
0.0003935,393.5,11.79883356418751,11.807187103786468,-1.4501882518394722,3.4018593252080386e-14,-3.4104695429652544e-20,-1902.8128962135327
0.00039375,393.75,11.797079080178673,11.805428000211547,-1.4491677840326458,3.4019844184295956e-14,-3.410474712844083e-20,-1904.571999788454
0.000394,394.0,11.79532407552402,11.803668380143547,-1.4481486830876626,3.4021093357170673e-14,-3.4104682504955473e-20,-1906.331619856453
0.00039425,394.25,11.793568550103727,11.801908243454767,-1.447130945755996,3.4022340774300494e-14,-3.410465665556133e-20,-1908.091756545234
0.0003945,394.5,11.791812503798255,11.80014759001781,-1.4461145687943542,3.402358643928079e-14,-3.4104695429652544e-20,-1909.852409982192
0.00039475,394.75,11.790055936488356,11.798386419705496,-1.4450995489929839,3.4024830355672616e-14,-3.410483760132033e-20,-1911.6135802945041
0.000395,395.0,11.788298848055069,11.79662473239098,-1.444085883161035,3.4026072527024006e-14,-3.410474712844083e-20,-1913.375267609022
0.00039525,395.25,11.786541238379716,11.794862527947705,-1.4430735680965403,3.4027312956889e-14,-3.410465665556133e-20,-1915.1374720522958
0.0003955,395.5,11.784783107343904,11.79309980624946,-1.442062600599287,3.402855164882117e-14,-3.4104798827229114e-20,-1916.9001937505418
0.00039575,395.75,11.783024454829533,11.791336567170383,-1.441052977495555,3.402978860634005e-14,-3.4104824676623256e-20,-1918.6634328296175
0.000396,396.0,11.781265280718774,11.789572810584833,-1.4400446956352801,3.403102383295231e-14,-3.4104811751926185e-20,-1920.4271894151677
0.00039625,396.25,11.779505584894093,11.787808536367539,-1.4390377518540274,3.4032257332170715e-14,-3.410465665556133e-20,-1922.1914636324625
0.0003965,396.5,11.777745367238234,11.786043744393542,-1.4380321429905525,3.4033489107507634e-14,-3.410464373086426e-20,-1923.9562556064595
0.00039675,396.75,11.775984627634228,11.784278434538173,-1.4370278659126805,3.40347191624417e-14,-3.4104682504955473e-20,-1925.721565461828
0.000397,397.0,11.774223365965383,11.78251260667704,-1.4360249175098634,3.403594750043884e-14,-3.4104695429652544e-20,-1927.48739332296
0.00039725,397.25,11.772461582115298,11.78074626068605,-1.4350232946598545,3.403717412497114e-14,-3.410461788147012e-20,-1929.2537393139514
0.0003975,397.5,11.77069927596785,11.77897939644144,-1.434022994241759,3.403839903951042e-14,-3.410463080616719e-20,-1931.0206035585616
0.00039775,397.75,11.76893644740719,11.77721201381979,-1.433024013161129,3.4039622247495e-14,-3.410464373086426e-20,-1932.7879861802103
0.000398,398.0,11.76717309631776,11.775444112697912,-1.432026348346756,3.404084375235071e-14,-3.410465665556133e-20,-1934.5558873020898
0.00039825,398.25,11.765409222584282,11.773675692952963,-1.4310299967126943,3.4042063557509566e-14,-3.4104592032075975e-20,-1936.324307047037
0.0003985,398.5,11.76364482609175,11.771906754462425,-1.4300349551761584,3.4043281666403403e-14,-3.410463080616719e-20,-1938.093245537577
0.00039875,398.75,11.761879906725447,11.770137297104046,-1.4290412206837844,3.404449808243088e-14,-3.410463080616719e-20,-1939.8627028959554
0.000399,399.0,11.760114464370927,11.768367320755845,-1.4280487902026349,3.404571280897827e-14,-3.410473420374376e-20,-1941.6326792441562
0.00039925,399.25,11.758348498914032,11.766596825296194,-1.427057660685123,3.4046925849438136e-14,-3.4104566182681833e-20,-1943.403174703807
0.0003995,399.5,11.75658201024087,11.764825810603778,-1.42606782908649,3.404813720720295e-14,-3.4104592032075975e-20,-1945.1741893962233
0.00039975,399.75,11.754814998237837,11.763054276557561,-1.425079292390559,3.4049346885632254e-14,-3.4104695429652544e-20,-1946.945723442439
0.0004,400.0,11.753047462791605,11.76128222303678,-1.4240920476016978,3.4050554888073384e-14,-3.410463080616719e-20,-1948.717776963221
0.00040025,400.25,11.751279403789122,11.759509649920956,-1.4231060917129903,3.405176121788002e-14,-3.410463080616719e-20,-1950.4903500790444
0.0004005,400.5,11.749510821117608,11.757736557089949,-1.4221214217187217,3.405296587840585e-14,-3.4104682504955473e-20,-1952.2634429100524
0.00040075,400.75,11.747741714664569,11.755962944423946,-1.4211380346383342,3.4054168872971904e-14,-3.410465665556133e-20,-1954.0370555760558
0.000401,401.0,11.745972084317778,11.754188811803353,-1.4201559275140352,3.405537020488716e-14,-3.410473420374376e-20,-1955.8111881966474
0.00040125,401.25,11.744201929965284,11.752414159108937,-1.4191750973733561,3.4056569877466994e-14,-3.410465665556133e-20,-1957.5858408910642
0.0004015,401.5,11.742431251495416,11.750638986221759,-1.418195541246563,3.405776789402688e-14,-3.4104721279046687e-20,-1959.3610137782414
0.00040175,401.75,11.740660048796778,11.748863293023161,-1.4172172561926202,3.405896425784989e-14,-3.4104682504955473e-20,-1961.1367069768396
0.000402,402.0,11.73888832175824,11.747087079394735,-1.4162402392905284,3.4060158972207205e-14,-3.410464373086426e-20,-1962.9129206052658
0.00040225,402.25,11.73711607026895,11.745310345218424,-1.4152644876042584,3.4061352040376455e-14,-3.4104604956773046e-20,-1964.6896547815759
0.0004025,402.5,11.735343294218334,11.743533090376477,-1.414289998200521,3.406254346563547e-14,-3.4104708354349616e-20,-1966.4669096235227
0.00040275,402.75,11.733569993496085,11.741755314751408,-1.4133167681746839,3.406373325122994e-14,-3.4104695429652544e-20,-1968.2446852485916
0.000403,403.0,11.731796167992167,11.739977018225995,-1.4123447946411938,3.4064921400393786e-14,-3.410464373086426e-20,-1970.022981774007
0.00040325,403.25,11.730021817596823,11.738198200683346,-1.4113740747004913,3.4066107916367485e-14,-3.4104579107378904e-20,-1971.8017993166554
0.0004035,403.5,11.728246942200558,11.736418862006886,-1.4104046054559298,3.4067292802391733e-14,-3.4104798827229114e-20,-1973.5811379931145
0.00040375,403.75,11.726471541694162,11.734639002080304,-1.4094363840381807,3.4068476061675395e-14,-3.41047600531379e-20,-1975.360997919697
0.000404,404.0,11.72469561596868,11.732858620787537,-1.4084694075972792,3.406965769741572e-14,-3.4104682504955473e-20,-1977.1413792124633
0.00040425,404.25,11.722919164915437,11.731077718012873,-1.4075036732691923,3.407083771281651e-14,-3.410464373086426e-20,-1978.9222819871284
0.0004045,404.5,11.721142188426027,11.729296293640893,-1.4065391781924563,3.407201611108194e-14,-3.410463080616719e-20,-1980.703706359109
0.00040475,404.75,11.719364686392312,11.727514347556449,-1.4055759195331146,3.407319289538454e-14,-3.410463080616719e-20,-1982.4856524435522
0.000405,405.0,11.717586658706422,11.725731879644645,-1.404613894476809,3.4074368068885426e-14,-3.410461788147012e-20,-1984.2681203553568
0.00040525,405.25,11.715808105260756,11.723948889790922,-1.403653100194185,3.4075541634752295e-14,-3.410450155919648e-20,-1986.0511102090784
0.0004055,405.5,11.714029025947983,11.722165377881025,-1.4026935338580264,3.407671359615329e-14,-3.410455325798476e-20,-1987.834622118977
0.00040575,405.75,11.71224942066104,11.720381343800952,-1.4017351926695019,3.407788395622519e-14,-3.4104708354349616e-20,-1989.6186561990496
0.000406,406.0,11.710469289293131,11.718596787436965,-1.4007780738489322,3.407905271809346e-14,-3.4104682504955473e-20,-1991.4032125630358
0.00040625,406.25,11.708688631737727,11.71681170867566,-1.3998221746013162,3.4080219884890234e-14,-3.4104566182681833e-20,-1993.1882913243414
0.0004065,406.5,11.706907447888565,11.71502610740393,-1.3988674921339053,3.4081385459748156e-14,-3.410450155919648e-20,-1994.9738925960723
0.00040675,406.75,11.705125737639644,11.713239983508917,-1.3979140236819856,3.4082549445768744e-14,-3.410474712844083e-20,-1996.7600164910841
0.000407,407.0,11.70334350088524,11.711453336878037,-1.39696176649906,3.408371184604237e-14,-3.410465665556133e-20,-1998.5466631219642
0.00040725,407.25,11.701560737519886,11.709666167399021,-1.3960107178245262,3.408487266366609e-14,-3.410454033328769e-20,-2000.33383260098
0.0004075,407.5,11.69977744743838,11.707878474959903,-1.3950608749002673,3.408603190173758e-14,-3.4104592032075975e-20,-2002.1215250400976
0.00040775,407.75,11.697993630535791,11.70609025944898,-1.3941122349946795,3.4087189563323614e-14,-3.4104708354349616e-20,-2003.9097405510217
0.000408,408.0,11.696209286707443,11.704301520754788,-1.3931647953947532,3.408834565147995e-14,-3.4104695429652544e-20,-2005.6984792452138
0.00040825,408.25,11.694424415848937,11.702512258766205,-1.392218553373307,3.408950016926912e-14,-3.410454033328769e-20,-2007.4877412337958
0.0004085,408.5,11.692639017856122,11.7007224733724,-1.3912735062055375,3.40906531197543e-14,-3.410454033328769e-20,-2009.277526627602
0.00040875,408.75,11.69085309262512,11.698932164462796,-1.390329651192991,3.409180450596803e-14,-3.4104721279046687e-20,-2011.067835537204
0.000409,409.0,11.689066640052316,11.69714133192707,-1.3893869856555736,3.409295433093199e-14,-3.4104682504955473e-20,-2012.8586680729316
0.00040925,409.25,11.68727966003435,11.695349975655224,-1.388445506899076,3.4094102597674624e-14,-3.4104695429652544e-20,-2014.6500243447767
0.0004095,409.5,11.685492152468134,11.69355809553755,-1.3875052122318257,3.409524930922515e-14,-3.4104695429652544e-20,-2016.4419044624506
0.00040975,409.75,11.683704117250834,11.69176569146459,-1.3865660989887825,3.409639446858237e-14,-3.4104682504955473e-20,-2018.2343085354103
0.00041,410.0,11.681915554279882,11.689972763327123,-1.3856281645226036,3.4097538078734335e-14,-3.41047600531379e-20,-2020.0272366728773
0.00041025,410.25,11.680126463452968,11.688179311016322,-1.384691406168848,3.409868014267595e-14,-3.41046695802584e-20,-2021.8206889836783
0.0004105,410.5,11.67833684466804,11.686385334423635,-1.3837558212666818,3.4099820663402924e-14,-3.410474712844083e-20,-2023.6146655763657
0.00041075,410.75,11.676546697823314,11.684590833440694,-1.382821407184147,3.410095964388082e-14,-3.4104811751926185e-20,-2025.4091665593073
0.000411,411.0,11.674756022817254,11.682795807959431,-1.38188816130542,3.410209708706453e-14,-3.410474712844083e-20,-2027.2041920405693
0.00041125,411.25,11.672964819548598,11.681000257872046,-1.3809560810031902,3.410323299591588e-14,-3.4104566182681833e-20,-2028.999742127955
0.0004115,411.5,11.67117308791633,11.679204183071045,-1.380025163650119,3.4104367373397576e-14,-3.41046695802584e-20,-2030.7958169289564
0.00041175,411.75,11.6693808278197,11.677407583449247,-1.3790954066420802,3.4105500222442407e-14,-3.41046695802584e-20,-2032.5924165507538
0.000412,412.0,11.667588039158211,11.675610458899675,-1.378166807395686,3.4106631545972627e-14,-3.41046695802584e-20,-2034.3895411003255
0.00041225,412.25,11.665794721831633,11.673812809315676,-1.377239363312329,3.4107761346917435e-14,-3.4104592032075975e-20,-2036.187190684325
0.0004125,412.5,11.66400087573998,11.672014634590889,-1.3763130717950818,3.4108889628207025e-14,-3.410463080616719e-20,-2037.9853654091125
0.00041275,412.75,11.662206500783533,11.670215934619195,-1.3753879302735312,3.411001639274184e-14,-3.4104695429652544e-20,-2039.7840653808062
0.000413,413.0,11.660411596862826,11.668416709294721,-1.3744639361947406,3.4111141643411945e-14,-3.410478590253204e-20,-2041.5832907052798
0.00041325,413.25,11.658616163878657,11.666616958511918,-1.3735410869913487,3.411226538311443e-14,-3.4104604956773046e-20,-2043.383041488082
0.0004135,413.5,11.656820201732067,11.664816682165528,-1.3726193800974664,3.411338761474738e-14,-3.4104682504955473e-20,-2045.1833178344739
0.00041375,413.75,11.655023710324356,11.663015880150535,-1.3716988129723782,3.4114508341179396e-14,-3.410464373086426e-20,-2046.9841198494653
0.000414,414.0,11.653226689557085,11.661214552362186,-1.370779383093513,3.411562756526882e-14,-3.4104708354349616e-20,-2048.7854476378157
0.00041425,414.25,11.651429139332073,11.659412698695975,-1.3698610879266593,3.4116745289881035e-14,-3.410463080616719e-20,-2050.5873013040255
0.0004145,414.5,11.649631059551384,11.657610319047707,-1.3689439249373319,3.411786151788253e-14,-3.4104721279046687e-20,-2052.3896809522926
0.00041475,414.75,11.647832450117336,11.655807413313513,-1.368027891612654,3.41189762521105e-14,-3.4104811751926185e-20,-2054.1925866864876
0.000415,415.0,11.646033310932507,11.654003981389714,-1.3671129854600288,3.4120089495392014e-14,-3.410477297783497e-20,-2055.996018610287
0.00041525,415.25,11.644233641899726,11.652200023172895,-1.3661992039755482,3.412120125056121e-14,-3.4104579107378904e-20,-2057.7999768271056
0.0004155,415.5,11.642433442922076,11.65039553855994,-1.3652865446555575,3.41223115204534e-14,-3.410464373086426e-20,-2059.604461440062
0.00041575,415.75,11.64063271390289,11.64859052744804,-1.364375005018407,3.412342030787483e-14,-3.410464373086426e-20,-2061.4094725519612
0.000416,416.0,11.638831454745757,11.64678498973457,-1.3634645826018417,3.412452761562174e-14,-3.41046695802584e-20,-2063.2150102654314
0.00041625,416.25,11.637029665354516,11.644978925317282,-1.3625552749262873,3.412563344649748e-14,-3.4104695429652544e-20,-2065.0210746827174
0.0004165,416.5,11.635227345633258,11.643172334094194,-1.3616470795158098,3.412673780330661e-14,-3.4104708354349616e-20,-2066.827665905806
0.00041675,416.75,11.633424495486322,11.641365215963488,-1.3607399939230884,3.4127840688824854e-14,-3.4104811751926185e-20,-2068.634784036514
0.000417,417.0,11.631621114818305,11.639557570823616,-1.3598340157146716,3.412894210581807e-14,-3.410465665556133e-20,-2070.442429176385
0.00041725,417.25,11.629817203534047,11.63774939857341,-1.3589291424402392,3.4130042057059225e-14,-3.4104604956773046e-20,-2072.25060142659
0.0004175,417.5,11.628012761538645,11.635940699111964,-1.358025371652309,3.4131140545322585e-14,-3.410474712844083e-20,-2074.0593008880364
0.00041775,417.75,11.62620778873744,11.634131472338549,-1.3571227009310871,3.41322375733538e-14,-3.410473420374376e-20,-2075.868527661452
0.000418,418.0,11.62440228503603,11.632321718152722,-1.3562211278720624,3.413333314388872e-14,-3.410474712844083e-20,-2077.6782818472793
0.00041825,418.25,11.622596250340255,11.63051143645429,-1.3553206500585988,3.413442725967039e-14,-3.410461788147012e-20,-2079.488563545711
0.0004185,418.5,11.620789684556204,11.628700627143365,-1.3544212650732574,3.413551992344322e-14,-3.4104682504955473e-20,-2081.299372856636
0.00041875,418.75,11.618982587590219,11.626889290120365,-1.3535229705202647,3.413661113792317e-14,-3.4104798827229114e-20,-2083.1107098796356
0.000419,419.0,11.617174959348889,11.625077425285905,-1.3526257640232415,3.413770090581656e-14,-3.410478590253204e-20,-2084.9225747140954
0.00041925,419.25,11.615366799739048,11.623265032540855,-1.3517296431943284,3.4138789229836907e-14,-3.410461788147012e-20,-2086.7349674591464
0.0004195,419.5,11.613558108667782,11.621452111786374,-1.3508346056455822,3.4139876112699165e-14,-3.41047600531379e-20,-2088.547888213628
0.00041975,419.75,11.61174888604242,11.619638662923933,-1.349940649009526,3.414096155709004e-14,-3.410474712844083e-20,-2090.361337076068
0.00042,420.0,11.60993913177054,11.617824685855187,-1.3490477709373205,3.414204556568673e-14,-3.410486345071447e-20,-2092.175314144815
0.00042025,420.25,11.608128845759966,11.616010180482105,-1.3481559690668614,3.414312814117364e-14,-3.410464373086426e-20,-2093.9898195178957
0.0004205,420.5,11.60631802791877,11.61419514670692,-1.3472652410380286,3.4144209286236665e-14,-3.41046695802584e-20,-2095.80485329308
0.00042075,420.75,11.604506678155259,11.612379584432103,-1.3463755845138912,3.414528900353366e-14,-3.4104811751926185e-20,-2097.6204155678975
0.000421,421.0,11.602694796378003,11.610563493560345,-1.3454869971736765,3.414636729571312e-14,-3.410477297783497e-20,-2099.4365064396547
0.00042125,421.25,11.600882382495808,11.60874687399471,-1.3445994766800016,3.4147444165430725e-14,-3.410474712844083e-20,-2101.2531260052915
0.0004215,421.5,11.59906943641772,11.606929725638503,-1.3437130206988275,3.414851961534374e-14,-3.4104811751926185e-20,-2103.0702743614984
0.00042175,421.75,11.597255958053037,11.605112048395208,-1.342827626922377,3.4149593648081585e-14,-3.4104928074199825e-20,-2104.8879516047923
0.000422,422.0,11.5954419473113,11.603293842168581,-1.3419432930562298,3.4150666266264384e-14,-3.410486345071447e-20,-2106.7061578314197
0.00042225,422.25,11.593627404102294,11.601475106862678,-1.3410600167929794,3.4151737472519536e-14,-3.41047600531379e-20,-2108.524893137324
0.0004225,422.5,11.591812328336044,11.59965584238182,-1.3401777958269825,3.415280726947606e-14,-3.410483760132033e-20,-2110.344157618181
0.00042275,422.75,11.589996719922812,11.597836048630564,-1.339296627875651,3.415387565973532e-14,-3.410495392359397e-20,-2112.1639513694377
0.000423,423.0,11.588180578773125,11.596015725513677,-1.3384165106722694,3.4154942645889527e-14,-3.4104915149502754e-20,-2113.984274486324
0.00042325,423.25,11.586363904797732,11.5941948729363,-1.3375374419333599,3.415600823053816e-14,-3.4104824676623256e-20,-2115.8051270637015
0.0004235,423.5,11.584546697907626,11.592373490803821,-1.3366594193783299,3.4157072416282367e-14,-3.410478590253204e-20,-2117.62650919618
0.00042375,423.75,11.582728958014052,11.590551579021788,-1.3357824407531158,3.4158135205695864e-14,-3.410487637541154e-20,-2119.448420978212
0.000424,424.0,11.58091068502849,11.588729137496026,-1.3349065038171921,3.415919660134329e-14,-3.410488930010861e-20,-2121.2708625039745
0.00042425,424.25,11.57909187886266,11.58690616613266,-1.3340316063159317,3.41602566057966e-14,-3.410487637541154e-20,-2123.0938338673404
0.0004245,424.5,11.577272539428526,11.585082664838078,-1.3331577459957333,3.4161315221629486e-14,-3.4104940998896896e-20,-2124.9173351619233
0.00042475,424.75,11.575452666638292,11.583258633518897,-1.3322849206264415,3.416237245138838e-14,-3.410500562238225e-20,-2126.7413664811033
0.000425,425.0,11.5736322604044,11.581434072081969,-1.3314131279935735,3.416342829761075e-14,-3.410499269768518e-20,-2128.5659279180322
0.00042525,425.25,11.571811320639535,11.579608980434436,-1.3305423658686262,3.41644827628414e-14,-3.4104824676623256e-20,-2130.3910195655644
0.0004255,425.5,11.569989847256618,11.577783358483709,-1.3296726320241539,3.416553584962692e-14,-3.410483760132033e-20,-2132.2166415162915
0.00042575,425.75,11.568167840168813,11.575957206137433,-1.3288039242556433,3.416658756048685e-14,-3.41047600531379e-20,-2134.0427938625685
0.000426,426.0,11.566345299289521,11.574130523303468,-1.3279362403741808,3.416763789793185e-14,-3.410478590253204e-20,-2135.8694766965323
0.00042625,426.25,11.56452222453238,11.572303309889984,-1.3270695781769581,3.416868686447994e-14,-3.41047600531379e-20,-2137.6966901100163
0.0004265,426.5,11.562698615811268,11.570475565805406,-1.3262039354618445,3.4169734462651003e-14,-3.410488930010861e-20,-2139.5244341945954
0.00042675,426.75,11.560874473040304,11.568647290958404,-1.3253393100489812,3.4170780694938046e-14,-3.410495392359397e-20,-2141.352709041597
0.000427,427.0,11.55904979613384,11.56681848525787,-1.3244756997747233,3.417182556382526e-14,-3.410488930010861e-20,-2143.1815147421303
0.00042725,427.25,11.557224585006464,11.564989148612941,-1.3236131024639526,3.417286907180429e-14,-3.41047600531379e-20,-2145.0108513870605
0.0004275,427.5,11.555398839573012,11.563159280933025,-1.3227515159403624,3.417391122136865e-14,-3.410488930010861e-20,-2146.840719066976
0.00042775,427.75,11.553572559748538,11.561328882127846,-1.3218909380469615,3.417495201498516e-14,-3.410507024586761e-20,-2148.6711178721557
0.000428,428.0,11.551745745448356,11.559497952107298,-1.3210313666451432,3.4175991455111964e-14,-3.410499269768518e-20,-2150.5020478927026
0.00042825,428.25,11.549918396587993,11.557666490781523,-1.3201727995847534,3.4177029544214645e-14,-3.41048505260174e-20,-2152.333509218478
0.0004285,428.5,11.548090513083226,11.555834498060936,-1.3193152347148067,3.417806628476072e-14,-3.410483760132033e-20,-2154.1655019390664
0.00042875,428.75,11.546262094850064,11.554001973856247,-1.3184586699036362,3.417910167919119e-14,-3.4104928074199825e-20,-2155.9980261437536
0.000429,429.0,11.54443314180475,11.552168918078339,-1.3176031030370714,3.418013572993848e-14,-3.410490222480568e-20,-2157.8310819216617
0.00042925,429.25,11.542603653863766,11.550335330638397,-1.3167485319871886,3.41811684394425e-14,-3.4104940998896896e-20,-2159.664669361604
0.0004295,429.5,11.540773630943823,11.548501211447865,-1.315894954626988,3.418219981014508e-14,-3.410487637541154e-20,-2161.498788552135
0.00042975,429.75,11.538943072961867,11.546666560418405,-1.3150423688512674,3.418322984446178e-14,-3.410490222480568e-20,-2163.3334395815955
0.00043,430.0,11.53711197983508,11.544831377461904,-1.3141907725700226,3.4184258544799656e-14,-3.410497977298811e-20,-2165.168622538098
0.00043025,430.25,11.535280351480882,11.542995662490537,-1.3133401636794741,3.4185285913573245e-14,-3.4104915149502754e-20,-2167.0043375094638
0.0004305,430.5,11.533448187816917,11.54115941541674,-1.3124905400767501,3.418631195319911e-14,-3.410495392359397e-20,-2168.8405845832613
0.00043075,430.75,11.531615488761066,11.539322636153171,-1.3116418996806773,3.4187336666067666e-14,-3.410497977298811e-20,-2170.6773638468294
0.000431,431.0,11.529782254231446,11.537485324612703,-1.3107942404247936,3.4188360054560955e-14,-3.4104915149502754e-20,-2172.5146753872973
0.00043125,431.25,11.527948484146403,11.535647480708505,-1.3099475602293678,3.4189382121068504e-14,-3.4104940998896896e-20,-2174.3525192914963
0.0004315,431.5,11.52611417842452,11.533809104353995,-1.3091018570155983,3.419040286798191e-14,-3.410500562238225e-20,-2176.190895646005
0.00043175,431.75,11.5242793369846,11.531970195462824,-1.3082571287258167,3.419142229766683e-14,-3.410507024586761e-20,-2178.029804537177
0.000432,432.0,11.522443959745695,11.530130753948846,-1.3074133733172917,3.4192440412480593e-14,-3.4105057321170536e-20,-2179.8692460511547
0.00043225,432.25,11.520608046627073,11.528290779726214,-1.3065705887337447,3.4193457214788075e-14,-3.4104940998896896e-20,-2181.709220273787
0.0004325,432.5,11.51877159754824,11.526450272709333,-1.3057287729196032,3.419447270695624e-14,-3.4104915149502754e-20,-2183.5497272906687
0.00043275,432.75,11.51693461242893,11.524609232812825,-1.3048879238406994,3.419548689132629e-14,-3.410501854707932e-20,-2185.3907671871752
0.000433,433.0,11.515097091189114,11.522767659951532,-1.3040480394776717,3.419649977023122e-14,-3.410501854707932e-20,-2187.232340048469
0.00043325,433.25,11.513259033748986,11.52092555404058,-1.3032091177973553,3.419751134601155e-14,-3.410500562238225e-20,-2189.074445959421
0.0004335,433.5,11.51142044002897,11.519082914995352,-1.3023711567674148,3.419852162100996e-14,-3.410509609526175e-20,-2190.91708500465
0.00043375,433.75,11.509581309949725,11.517239742731448,-1.3015341543766665,3.419953059754353e-14,-3.410519949283832e-20,-2192.7602572685523
0.000434,434.0,11.507741643432134,11.515396037164685,-1.3006981086279708,3.420053827792123e-14,-3.4105134869352963e-20,-2194.6039628353165
0.00043425,434.25,11.50590144039731,11.513551798211155,-1.2998630175114094,3.420154466445956e-14,-3.410501854707932e-20,-2196.448201788845
0.0004345,434.5,11.504060700766594,11.511707025787214,-1.2990288790181475,3.420254975947725e-14,-3.4105134869352963e-20,-2198.2929742127862
0.00043475,434.75,11.502219424461563,11.509861719809425,-1.2981956911601373,3.420355356526756e-14,-3.4105147794050034e-20,-2200.138280190576
0.000435,435.0,11.500377611404012,11.508015880194549,-1.2973634519636836,3.420455608411576e-14,-3.410508317056468e-20,-2201.984119805453
0.00043525,435.25,11.498535261515968,11.506169506859697,-1.2965321594386308,3.420555731831468e-14,-3.410496684829104e-20,-2203.8304931403027
0.0004355,435.5,11.496692374719682,11.504322599722213,-1.2957018115973393,3.420655727015938e-14,-3.4105044396473465e-20,-2205.677400277788
0.00043575,435.75,11.494848950937644,11.50247515869958,-1.2948724064767454,3.420755594191964e-14,-3.4105031471776394e-20,-2207.524841300421
0.000436,436.0,11.493004990092556,11.50062718370953,-1.2940439421248457,3.4208553335857356e-14,-3.4105044396473465e-20,-2209.3728162904704
0.00043625,436.25,11.491160492107353,11.498778674670138,-1.2932164165739377,3.420954945424196e-14,-3.410496684829104e-20,-2211.221325329862
0.0004365,436.5,11.489315456905201,11.496929631499707,-1.2923898278586476,3.421054429934518e-14,-3.4105057321170536e-20,-2213.070368500293
0.00043675,436.75,11.487469884409482,11.495080054116695,-1.2915641740370347,3.4211537873413656e-14,-3.410509609526175e-20,-2214.919945883307
0.000437,437.0,11.485623774543814,11.493229942439807,-1.2907394531789713,3.421253017868617e-14,-3.410500562238225e-20,-2216.7700575601934
0.00043725,437.25,11.483777127232035,11.491379296388025,-1.289915663341077,3.421352121740911e-14,-3.410497977298811e-20,-2218.620703611976
0.0004375,437.5,11.481929942398207,11.48952811588059,-1.2890928025804336,3.421451099183118e-14,-3.410499269768518e-20,-2220.47188411941
0.00043775,437.75,11.480082219966626,11.487676400836948,-1.2882708689747404,3.4215499504176145e-14,-3.410500562238225e-20,-2222.3235991630536
0.000438,438.0,11.4782339598618,11.485824151176757,-1.2874498606158555,3.4216486756660026e-14,-3.410500562238225e-20,-2224.1758488232426
0.00043825,438.25,11.47638516200847,11.483971366819956,-1.286629775581982,3.4217472751506453e-14,-3.4104928074199825e-20,-2226.028633180044
0.0004385,438.5,11.474535826331596,11.482118047686733,-1.2858106119518482,3.4218457490941404e-14,-3.41048505260174e-20,-2227.8819523132684
0.00043875,438.75,11.47268595275637,11.480264193697478,-1.2849923678245652,3.421944097716611e-14,-3.410488930010861e-20,-2229.7358063025235
0.000439,439.0,11.470835541208201,11.478409804772804,-1.2841750413127642,3.422042321237409e-14,-3.410488930010861e-20,-2231.590195227196
0.00043925,439.25,11.46898459161272,11.476554880833596,-1.2833586305163123,3.422140419876652e-14,-3.4104811751926185e-20,-2233.445119166405
0.0004395,439.5,11.467133103895783,11.474699421800988,-1.282543133535387,3.4222383938546976e-14,-3.410488930010861e-20,-2235.3005781990137
0.00043975,439.75,11.465281077983473,11.472843427596331,-1.2817285484892438,3.4223362433894405e-14,-3.4104940998896896e-20,-2237.1565724036705
0.00044,440.0,11.463428513802091,11.470986898141188,-1.2809148735117677,3.422433968698016e-14,-3.410496684829104e-20,-2239.0131018588127
0.00044025,440.25,11.461575411278163,11.469129833357345,-1.280102106726071,3.422531569998326e-14,-3.410497977298811e-20,-2240.870166642657
0.0004405,440.5,11.459721770338433,11.467272233166847,-1.2792902462540785,3.422629047508515e-14,-3.410497977298811e-20,-2242.727766833154
0.00044075,440.75,11.45786759090987,11.465414097492017,-1.2784792902346136,3.4227264014442816e-14,-3.410497977298811e-20,-2244.585902507984
0.000441,441.0,11.456012872919667,11.46355542625534,-1.2776692368222788,3.422823632020573e-14,-3.4104928074199825e-20,-2246.4445737446613
0.00044125,441.25,11.45415761629523,11.461696219379576,-1.2768600841587423,3.422920739453103e-14,-3.410490222480568e-20,-2248.3037806204243
0.0004415,441.5,11.452301820964193,11.459836476787732,-1.276051830386225,3.423017723957833e-14,-3.410495392359397e-20,-2250.163523212268
0.00044175,441.75,11.45044548685441,11.457976198403017,-1.2752444736670072,3.423114585748293e-14,-3.410495392359397e-20,-2252.0238015969844
0.000442,442.0,11.448588613893952,11.456115384148823,-1.274438012177077,3.4232113250372714e-14,-3.410499269768518e-20,-2253.884615851178
0.00044225,442.25,11.446731202011112,11.454254033948901,-1.2736324440756635,3.423307942038324e-14,-3.410495392359397e-20,-2255.7459660510995
0.0004425,442.5,11.444873251134402,11.452392147727215,-1.2728277675233801,3.423404436965255e-14,-3.410507024586761e-20,-2257.6078522727857
0.00044275,442.75,11.443014761192561,11.450529725407883,-1.272023980704091,3.423500810029458e-14,-3.4105134869352963e-20,-2259.470274592119
0.000443,443.0,11.441155732114535,11.448666766915261,-1.2712210818129641,3.4235970614415866e-14,-3.410510901995882e-20,-2261.3332330847393
0.00044325,443.25,11.439296163829493,11.446803272173936,-1.2704190690344943,3.423693191413066e-14,-3.410495392359397e-20,-2263.196727826065
0.0004435,443.5,11.437436056266831,11.444939241108736,-1.269617940552128,3.423789200155576e-14,-3.410495392359397e-20,-2265.060758891265
0.00044375,443.75,11.435575409356158,11.443074673644766,-1.2688176945663332,3.423885087878396e-14,-3.4105044396473465e-20,-2266.9253263552355
0.000444,444.0,11.433714223027295,11.441209569707281,-1.2680183292923306,3.423980854790079e-14,-3.4105044396473465e-20,-2268.7904302927204
0.00044425,444.25,11.431852497210292,11.439343929221867,-1.2672198429300678,3.424076501099948e-14,-3.410501854707932e-20,-2270.6560707781337
0.0004445,444.5,11.429990231835406,11.437477752114336,-1.2664222336816553,3.424172027017581e-14,-3.410510901995882e-20,-2272.522247885665
0.00044475,444.75,11.428127426833127,11.435611038310636,-1.2656254997706289,3.4242674327501745e-14,-3.4105134869352963e-20,-2274.3889616893653
0.000445,445.0,11.426264082134141,11.433743787736958,-1.2648296394314653,3.424362718504204e-14,-3.410521241753539e-20,-2276.2562122630434
0.00044525,445.25,11.424400197669373,11.431876000319766,-1.264034650886063,3.424457884486916e-14,-3.410510901995882e-20,-2278.123999680235
0.0004455,445.5,11.422535773369946,11.430007675985758,-1.2632405323566969,3.42455293090582e-14,-3.410521241753539e-20,-2279.9923240142425
0.00044575,445.75,11.420670809167216,11.428138814661825,-1.262447282085187,3.424647857966052e-14,-3.410521241753539e-20,-2281.861185338176
0.000446,446.0,11.418805304992745,11.42626941627506,-1.2616548983264368,3.42474266587204e-14,-3.410521241753539e-20,-2283.730583724941
0.00044625,446.25,11.41693926077831,11.424399480752879,-1.2608633793189707,3.4248373548289835e-14,-3.4105173643444177e-20,-2285.6005192471216
0.0004465,446.5,11.415072676455909,11.422529008022929,-1.260072723302601,3.424931925042343e-14,-3.410519949283832e-20,-2287.470991977072
0.00044675,446.75,11.413205551957752,11.420657998012988,-1.2592829285395066,3.4250263767152276e-14,-3.410535458920317e-20,-2289.3420019870123
0.000447,447.0,11.41133788721627,11.418786450651094,-1.2584939933028052,3.425120710050039e-14,-3.410523826692953e-20,-2291.2135493489063
0.00044725,447.25,11.4094696821641,11.416914365865482,-1.2577059158551127,3.425214925249954e-14,-3.4105251191626604e-20,-2293.0856341345184
0.0004475,447.5,11.407600936734104,11.415041743584641,-1.2569186944576438,3.4253090225184193e-14,-3.410523826692953e-20,-2294.9582564153598
0.00044775,447.75,11.405731650859353,11.413168583737326,-1.2561323273883642,3.4254030020565344e-14,-3.4105277041020746e-20,-2296.8314162626743
0.000448,448.0,11.40386182447313,11.411294886252435,-1.255346812940021,3.4254968640647094e-14,-3.4105277041020746e-20,-2298.705113747566
0.00044825,448.25,11.401991457508933,11.409420651059202,-1.2545621493893342,3.425590608744124e-14,-3.410519949283832e-20,-2300.5793489407984
0.0004485,448.5,11.400120549900478,11.407545878087076,-1.2537783350145149,3.425684236296228e-14,-3.41053416645061e-20,-2302.4541219129246
0.00044875,448.75,11.398249101581694,11.405670567265636,-1.2529953681159418,3.4257777469201453e-14,-3.4105367513900244e-20,-2304.329432734364
0.000449,449.0,11.396377112486718,11.403794718524704,-1.252213247004611,3.425871140814313e-14,-3.410523826692953e-20,-2306.2052814752965
0.00044925,449.25,11.394504582549903,11.401918331794365,-1.2514319699780918,3.425964418177941e-14,-3.410519949283832e-20,-2308.0816682056357
0.0004495,449.5,11.392631511705819,11.400041407004933,-1.2506515353339707,3.4260575792105125e-14,-3.410530289041489e-20,-2309.9585929950676
0.00044975,449.75,11.39075789988924,11.398163944086923,-1.2498719413897532,3.426150624109199e-14,-3.4105380438597315e-20,-2311.8360559130774
0.00045,450.0,11.388883747035162,11.396285942971028,-1.2490931864750536,3.4262435530704906e-14,-3.410541921268853e-20,-2313.714057028973
0.00045025,450.25,11.387009053078787,11.394407403588279,-1.2483152689035153,3.426336366291653e-14,-3.410522534223246e-20,-2315.5925964117228
0.0004505,450.5,11.385133817955529,11.392528325869916,-1.2475381869899094,3.426429063970224e-14,-3.4105289965717817e-20,-2317.4716741300836
0.00045075,450.75,11.383258041601016,11.390648709747317,-1.2467619390706282,3.4265216463014504e-14,-3.41053416645061e-20,-2319.351290252683
0.000451,451.0,11.381381723951083,11.388768555152113,-1.2459865234928484,3.4266141134798995e-14,-3.410530289041489e-20,-2321.231444847888
0.00045125,451.25,11.379504864941783,11.386887862016128,-1.245211938593041,3.426706465700915e-14,-3.4105277041020746e-20,-2323.1121379838737
0.0004515,451.5,11.377627464509375,11.385006630271423,-1.2444381827061761,3.426798703160121e-14,-3.4105277041020746e-20,-2324.993369728577
0.00045175,451.75,11.375749522590327,11.383124859850346,-1.2436652541836068,3.426890826050858e-14,-3.410547091147681e-20,-2326.8751401496543
0.000452,452.0,11.373871039121328,11.381242550685364,-1.2428931513906394,3.426982834565799e-14,-3.4105264116323675e-20,-2328.7574493146367
0.00045225,452.25,11.371992014039261,11.37935970270928,-1.2421218726771768,3.427074728898392e-14,-3.4105277041020746e-20,-2330.6402972907213
0.0004525,452.5,11.370112447281233,11.377476315855109,-1.2413514163946975,3.4271665092423656e-14,-3.410531581511196e-20,-2332.5236841448927
0.00045275,452.75,11.368232338784555,11.37559239005599,-1.2405817809156192,3.427258175789183e-14,-3.4105289965717817e-20,-2334.407609944011
0.000453,453.0,11.366351688486741,11.373707925245302,-1.2398129646225644,3.4273497287296424e-14,-3.410530289041489e-20,-2336.2920747546996
0.00045325,453.25,11.364470496325527,11.37182292135668,-1.239044965885297,3.4274411682553205e-14,-3.4105251191626604e-20,-2338.177078643321
0.0004535,453.5,11.362588762238854,11.369937378323996,-1.2382777830733516,3.427532494558078e-14,-3.4105380438597315e-20,-2340.062621676004
0.00045375,453.75,11.360706486164863,11.368051296081312,-1.2375114145746637,3.427623707827521e-14,-3.410544506208267e-20,-2341.9487039186893
0.000454,454.0,11.358823668041918,11.366164674562885,-1.2367458587894735,3.427714808252601e-14,-3.4105277041020746e-20,-2343.835325437116
0.00045425,454.25,11.356940307808577,11.364277513703223,-1.235981114104912,3.427805796023046e-14,-3.410522534223246e-20,-2345.7224862967773
0.0004545,454.5,11.355056405403614,11.362389813437076,-1.2352171789078716,3.42789667132887e-14,-3.410523826692953e-20,-2347.6101865629253
0.00045475,454.75,11.353171960766012,11.36050157369938,-1.2344540516035554,3.427987434357849e-14,-3.4105380438597315e-20,-2349.49842630062
0.000455,455.0,11.35128697383496,11.358612794425266,-1.2336917306092552,3.4280780852971074e-14,-3.4105277041020746e-20,-2351.3872055747356
0.00045525,455.25,11.34940144454985,11.356723475550119,-1.2329302143293577,3.428168624334549e-14,-3.410522534223246e-20,-2353.276524449881
0.0004555,455.5,11.347515372850289,11.354833617009552,-1.2321695011683096,3.4282590516583665e-14,-3.410518656814125e-20,-2355.166382990449
0.00045575,455.75,11.345628758676083,11.352943218739362,-1.2314095895489137,3.428349367454525e-14,-3.4105251191626604e-20,-2357.0567812606387
0.000456,456.0,11.343741601967253,11.351052280675535,-1.2306504779054297,3.4284395719083486e-14,-3.410521241753539e-20,-2358.9477193244657
0.00045625,456.25,11.341853902664019,11.349160802754371,-1.2298921646569412,3.4285296652059386e-14,-3.4105251191626604e-20,-2360.8391972456293
0.0004565,456.5,11.339965660706811,11.347268784912382,-1.2291346482240644,3.4286196475336874e-14,-3.4105277041020746e-20,-2362.7312150876182
0.00045675,456.75,11.338076876036263,11.345376227086199,-1.228377927047689,3.428709519075775e-14,-3.4105367513900244e-20,-2364.6237729138024
0.000457,457.0,11.33618754859322,11.34348312921269,-1.2276219995781736,3.428799280015744e-14,-3.410531581511196e-20,-2366.516870787311
0.00045725,457.25,11.334297678318725,11.341589491228977,-1.2268668642537937,3.428888930537917e-14,-3.4105251191626604e-20,-2368.410508771024
0.0004575,457.5,11.332407265154034,11.339695313072408,-1.226112519512875,3.4289784708269126e-14,-3.4105264116323675e-20,-2370.3046869275936
0.00045775,457.75,11.3305163090406,11.337800594680521,-1.2253589638105549,3.4290679010651436e-14,-3.410531581511196e-20,-2372.19940531948
0.000458,458.0,11.328624809920093,11.335905335991042,-1.2246061956136858,3.429157221434398e-14,-3.410522534223246e-20,-2374.09466400896
0.00045825,458.25,11.326732767734374,11.33400953694195,-1.2238542133771455,3.4292464321172395e-14,-3.4105251191626604e-20,-2375.99046305805
0.0004585,458.5,11.324840182425516,11.332113197471461,-1.2231030155558444,3.4293355332965327e-14,-3.410523826692953e-20,-2377.88680252854
0.00045875,458.75,11.322947053935794,11.330216317517966,-1.2223526006212102,3.4294245251529496e-14,-3.410532873980903e-20,-2379.7836824820356
0.000459,459.0,11.32105338220769,11.328318897020047,-1.2216029670565252,3.42951340786654e-14,-3.410530289041489e-20,-2381.681102979954
0.00045925,459.25,11.319159167183887,11.32642093591655,-1.2208541133328563,3.429602181618136e-14,-3.41053416645061e-20,-2383.579064083451
0.0004595,459.5,11.317264408807272,11.324522434146527,-1.2201060379213349,3.429690846588867e-14,-3.4105289965717817e-20,-2385.477565853474
0.00045975,459.75,11.315369107020938,11.322623391649223,-1.2193587393104068,3.4297794029576865e-14,-3.4105289965717817e-20,-2387.3766083507767
0.00046,460.0,11.313473261768179,11.320723808364061,-1.2186122159999022,3.429867850902931e-14,-3.410532873980903e-20,-2389.2761916359395
0.00046025,460.25,11.31157687299249,11.318823684230779,-1.2178664664745147,3.4299561906037187e-14,-3.410540628799146e-20,-2391.1763157692217
0.0004605,460.5,11.309679940637572,11.316923019189314,-1.2171214892202666,3.430044422239468e-14,-3.410531581511196e-20,-2393.0769808106866
0.00046075,460.75,11.30778246464733,11.315021813179728,-1.216377282743081,3.4301325459874326e-14,-3.410535458920317e-20,-2394.9781868202735
0.000461,461.0,11.305884444965862,11.313120066142307,-1.2156338455579645,3.430220562024257e-14,-3.410530289041489e-20,-2396.8799338576937
0.00046125,461.25,11.30398588153748,11.311217778017596,-1.2148911761679493,3.4303084705273674e-14,-3.410535458920317e-20,-2398.7822219824043
0.0004615,461.5,11.302086774306694,11.309314948746358,-1.2141492730759675,3.430396271674492e-14,-3.4105393363294386e-20,-2400.685051253643
0.00046175,461.75,11.300187123218214,11.30741157826954,-1.2134081348013281,3.430483965641208e-14,-3.410553553496217e-20,-2402.5884217304606
0.000462,462.0,11.29828692821695,11.305507666528278,-1.2126677598747062,3.4305715526024887e-14,-3.410544506208267e-20,-2404.492333471723
0.00046225,462.25,11.296386189248016,11.303603213463953,-1.2119281468148824,3.430659032734088e-14,-3.410532873980903e-20,-2406.3967865360487
0.0004625,462.5,11.294484906256729,11.301698219018178,-1.211189294140129,3.4307464062120654e-14,-3.410535458920317e-20,-2408.3017809818225
0.00046275,462.75,11.2925830791886,11.299792683132756,-1.2104512003846242,3.4308336732103415e-14,-3.410532873980903e-20,-2410.207316867245
0.000463,463.0,11.290680707989347,11.29788660574968,-1.2097138640948168,3.430920833902238e-14,-3.410535458920317e-20,-2412.1133942503207
0.00046325,463.25,11.288777792604888,11.29597998681113,-1.2089772838069321,3.4310078884618584e-14,-3.4105367513900244e-20,-2414.020013188871
0.0004635,463.5,11.28687433298134,11.294072826259523,-1.2082414580552254,3.4310948370636155e-14,-3.410535458920317e-20,-2415.9271737404783
0.00046375,463.75,11.284970329065015,11.292165124037538,-1.2075063853880728,3.431181679879793e-14,-3.4105251191626604e-20,-2417.834875962462
0.000464,464.0,11.283065780802433,11.290256880087982,-1.2067720643671815,3.431268417082082e-14,-3.41053416645061e-20,-2419.743119912019
0.00046425,464.25,11.281160688140309,11.288348094353923,-1.2060384935419364,3.431355048842956e-14,-3.4105393363294386e-20,-2421.6519056460775
0.0004645,464.5,11.279255051025558,11.28643876677864,-1.2053056714615216,3.4314415753351986e-14,-3.4105380438597315e-20,-2423.5612332213623
0.00046475,464.75,11.277348869405298,11.284528897305602,-1.2045735966912563,3.431527996729478e-14,-3.410532873980903e-20,-2425.471102694398
0.000465,465.0,11.275442143226838,11.282618485878455,-1.2038422678075136,3.4316143131958765e-14,-3.4105380438597315e-20,-2427.3815141215464
0.00046525,465.25,11.273534872437692,11.2807075324411,-1.2031116833748483,3.431700524905255e-14,-3.4105289965717817e-20,-2429.2924675589006
0.0004655,465.5,11.271627056985574,11.278796036937646,-1.2023818419575334,3.43178663202879e-14,-3.410531581511196e-20,-2431.203963062356
0.00046575,465.75,11.26971869681839,11.276883999312396,-1.2016527421357683,3.431872634735553e-14,-3.4105393363294386e-20,-2433.1160006876053
0.000466,466.0,11.26780979188425,11.27497141950983,-1.2009243825011209,3.431958533194036e-14,-3.4105380438597315e-20,-2435.0285804901705
0.00046625,466.25,11.265900342131458,11.273058297474671,-1.2001967616328335,3.43204432757351e-14,-3.4105277041020746e-20,-2436.941702525329
0.0004665,466.5,11.263990347508516,11.27114463315186,-1.1994698781099422,3.432130018043562e-14,-3.410547091147681e-20,-2438.8553668481413
0.00046675,466.75,11.26207980796413,11.269230426486512,-1.198743730528269,3.4322156047716867e-14,-3.4105600158447524e-20,-2440.7695735134885
0.000467,467.0,11.260168723447194,11.267315677423921,-1.1980183174941372,3.432301087924806e-14,-3.410547091147681e-20,-2442.68432257608
0.00046725,467.25,11.258257093906803,11.265400385909684,-1.1972936375992336,3.4323864676706194e-14,-3.41053416645061e-20,-2444.5996140903176
0.0004675,467.5,11.256344919292252,11.263484551889594,-1.1965696894364275,3.432471744177145e-14,-3.4105367513900244e-20,-2446.5154481104078
0.00046775,467.75,11.254432199553026,11.261568175309556,-1.1958464716174098,3.43255691761032e-14,-3.410556138435631e-20,-2448.431824690446
0.000468,468.0,11.252518934638818,11.259651256115706,-1.1951239827624653,3.432641988135514e-14,-3.41055226102651e-20,-2450.3487438842944
0.00046825,468.25,11.250605124499504,11.257733794254424,-1.1944022214801262,3.432726955918874e-14,-3.4105393363294386e-20,-2452.2662057455773
0.0004685,468.5,11.248690769085165,11.25581578967229,-1.193681186378578,3.4328118211268684e-14,-3.4105393363294386e-20,-2454.1842103277104
0.00046875,468.75,11.246775868346074,11.253897242316082,-1.192960876081697,3.4328965839238964e-14,-3.410553553496217e-20,-2456.1027576839197
0.000469,469.0,11.244860422232705,11.251978152132747,-1.1922412892242076,3.432981244473794e-14,-3.4105496760870955e-20,-2458.021847867254
0.00046925,469.25,11.242944430695715,11.25005851906948,-1.1915224244289566,3.433065802941176e-14,-3.41053416645061e-20,-2459.9414809305204
0.0004695,469.5,11.241027893685974,11.248138343073684,-1.1908042803183967,3.43315025949098e-14,-3.410544506208267e-20,-2461.8616569263168
0.00046975,469.75,11.239110811154534,11.246217624092951,-1.1900868555305941,3.4332346142860833e-14,-3.4105626007841667e-20,-2463.7823759070498
0.00047,470.0,11.237193183052646,11.24429636207505,-1.1893701487144457,3.4333188674888097e-14,-3.4105613083144595e-20,-2465.7036379249516
0.00047025,470.25,11.23527500933176,11.242374556967986,-1.1886541585068744,3.4334030192622577e-14,-3.41054321373856e-20,-2467.6254430320146
0.0004705,470.5,11.233356289943515,11.240452208719987,-1.187938883544055,3.4334870697698534e-14,-3.4105367513900244e-20,-2469.5477912800147
0.00047075,470.75,11.23143702483974,11.238529317279461,-1.1872243224774777,3.4335710191729725e-14,-3.41055226102651e-20,-2471.4706827205405
0.000471,471.0,11.229517213972473,11.236605882595008,-1.1865104739699317,3.433654867632442e-14,-3.410544506208267e-20,-2473.3941174049933
0.00047125,471.25,11.227596857293934,11.234681904615401,-1.1857973366744423,3.433738615309865e-14,-3.4105393363294386e-20,-2475.3180953845995
0.0004715,471.5,11.22567595475654,11.232757383289636,-1.185084909242079,3.433822262367172e-14,-3.41053416645061e-20,-2477.2426167103645
0.00047175,471.75,11.223754506312899,11.230832318566966,-1.184373190337562,3.433905808964258e-14,-3.4105367513900244e-20,-2479.1676814330353
0.000472,472.0,11.221832511915823,11.228906710396757,-1.1836621786380723,3.43398925526047e-14,-3.410535458920317e-20,-2481.0932896032446
0.00047225,472.25,11.219909971518303,11.226980558728682,-1.1829518728058694,3.4340726014159356e-14,-3.410544506208267e-20,-2483.0194412713195
0.0004725,472.5,11.217986885073532,11.225053863512608,-1.1822422715040688,3.4341558475911055e-14,-3.41054321373856e-20,-2484.9461364873923
0.00047275,472.75,11.216063252534896,11.223126624698514,-1.1815333734144977,3.434238993944411e-14,-3.4105393363294386e-20,-2486.873375301487
0.000473,473.0,11.214139073855966,11.22119884223659,-1.1808251772272327,3.4343220406337377e-14,-3.41053416645061e-20,-2488.801157763412
0.00047325,473.25,11.212214348990514,11.21927051607727,-1.1801176816204544,3.434404987817752e-14,-3.410535458920317e-20,-2490.7294839227307
0.0004735,473.5,11.2102890778925,11.217341646171203,-1.1794108852715057,3.434487835655449e-14,-3.410540628799146e-20,-2492.658353828797
0.00047375,473.75,11.20836326051608,11.215412232469223,-1.1787047868728393,3.4345705843038096e-14,-3.4105483836173884e-20,-2494.587767530778
0.000474,474.0,11.206436896815598,11.213482274922342,-1.1779993851277462,3.4346532339192783e-14,-3.410545798677974e-20,-2496.5177250776587
0.00047425,474.25,11.20450998674559,11.211551773481744,-1.1772946787301277,3.434735784659078e-14,-3.4105380438597315e-20,-2498.448226518256
0.0004745,474.5,11.202582530260786,11.209620728098855,-1.1765906663715182,3.4348182366807616e-14,-3.410545798677974e-20,-2500.3792719011453
0.00047475,474.75,11.200654527316102,11.207689138725348,-1.175887346755585,3.434900590139881e-14,-3.410565185723581e-20,-2502.3108612746532
0.000475,475.0,11.198725977866657,11.205757005313036,-1.1751847185991902,3.434982845191455e-14,-3.410554845965924e-20,-2504.242994686965
0.00047525,475.25,11.196796881867746,11.203824327813896,-1.1744827806093827,3.435065001991281e-14,-3.410535458920317e-20,-2506.1756721861057
0.0004755,475.5,11.194867239274867,11.201891106180147,-1.1737815314909672,3.435147060695488e-14,-3.410544506208267e-20,-2508.108893819853
0.00047575,475.75,11.192937050043703,11.199957340364257,-1.1730809699615432,3.435229021458215e-14,-3.4105587233750453e-20,-2510.0426596357433
0.000476,476.0,11.191006314130126,11.198023030318806,-1.1723810947512494,3.435310884433071e-14,-3.4105483836173884e-20,-2511.9769696811954
0.00047625,476.25,11.189075031490201,11.196088175996621,-1.1716819045779738,3.4353926497744467e-14,-3.41054321373856e-20,-2513.91182400338
0.0004765,476.5,11.187143202080184,11.194152777350746,-1.1709833981585884,3.435474317637063e-14,-3.410535458920317e-20,-2515.847222649255
0.00047675,476.75,11.185210825856522,11.192216834334396,-1.170285574225079,3.435555888173662e-14,-3.4105380438597315e-20,-2517.783165665606
0.000477,477.0,11.183277902775846,11.190280346900975,-1.1695884315201899,3.4356373615364613e-14,-3.410547091147681e-20,-2519.7196530990254
0.00047725,477.25,11.18134443279498,11.188343315004053,-1.1688919687769075,3.4357187378784595e-14,-3.410540628799146e-20,-2521.656684995949
0.0004775,477.5,11.179410415870942,11.186405738597433,-1.1681961847256352,3.435800017352988e-14,-3.410547091147681e-20,-2523.5942614025676
0.00047775,477.75,11.17747585196093,11.184467617635171,-1.167501078109178,3.435881200111408e-14,-3.410563893253874e-20,-2525.5323823648305
0.000478,478.0,11.175540741022335,11.182528952071452,-1.1668066476831458,3.4359622863045634e-14,-3.41055226102651e-20,-2527.4710479285495
0.00047825,478.25,11.173605083012742,11.180589741860638,-1.1661128921932993,3.436043276084076e-14,-3.410540628799146e-20,-2529.4102581393627
0.0004785,478.5,11.17166887788992,11.178649986957309,-1.1654198103831162,3.436124169601904e-14,-3.410540628799146e-20,-2531.350013042692
0.00047875,478.75,11.16973212561182,11.1767096873163,-1.1647274010086373,3.436204967008046e-14,-3.4105496760870955e-20,-2533.290312683701
0.000479,479.0,11.167794826136596,11.174768842892568,-1.1640356628380442,3.436285668451986e-14,-3.410545798677974e-20,-2535.231157107433
0.00047925,479.25,11.165856979422578,11.172827453641302,-1.1633445946276046,3.436366274083989e-14,-3.410541921268853e-20,-2537.172546358699
0.0004795,479.5,11.163918585428288,11.17088551951789,-1.1626541951332021,3.4364467840546524e-14,-3.4105613083144595e-20,-2539.11448048211
0.00047975,479.75,11.161979644112439,11.1689430404779,-1.161964463125836,3.436527198512629e-14,-3.4105716480721165e-20,-2541.0569595221004
0.00048,480.0,11.160040155433927,11.167000016477049,-1.161275397385854,3.4366075176060605e-14,-3.410563893253874e-20,-2542.999983522952
0.00048025,480.25,11.158100119351841,11.165056447471363,-1.1605869966799227,3.436687741483868e-14,-3.410553553496217e-20,-2544.943552528639
0.0004805,480.5,11.156159535825443,11.163112333417036,-1.1598992597758317,3.436767870295308e-14,-3.4105483836173884e-20,-2546.8876665829644
0.00048075,480.75,11.154218404814207,11.161167674270368,-1.1592121854587993,3.436847904187701e-14,-3.4105367513900244e-20,-2548.832325729633
0.000481,481.0,11.15227672627777,11.15922246998786,-1.1585257725214853,3.436927843307862e-14,-3.410545798677974e-20,-2550.7775300121402
0.00048125,481.25,11.150334500175964,11.157276720526317,-1.157840019742718,3.4370076878033845e-14,-3.4105509685568026e-20,-2552.723279473684
0.0004815,481.5,11.148391726468814,11.155330425842715,-1.1571549259020673,3.437087437822201e-14,-3.4105600158447524e-20,-2554.669574157285
0.00048175,481.75,11.146448405116523,11.153383585894142,-1.15647048979646,3.437167093510313e-14,-3.41055226102651e-20,-2556.6164141058584
0.000482,482.0,11.144504536079484,11.151436200637894,-1.1557867102305557,3.437246655013227e-14,-3.41055226102651e-20,-2558.5637993621076
0.00048225,482.25,11.142560119318278,11.149488270031497,-1.1551035859974639,3.437326122477224e-14,-3.4105600158447524e-20,-2560.5117299685035
0.0004825,482.5,11.140615154793666,11.147539794032676,-1.1544211158896647,3.437405496048925e-14,-3.4105703556024093e-20,-2562.4602059673252
0.00048275,482.75,11.138669642466601,11.145590772599324,-1.1537392987148483,3.437484775873034e-14,-3.410587157708602e-20,-2564.409227400677
0.000483,483.0,11.13672358229822,11.14364120568949,-1.1530581332901366,3.4375639620937596e-14,-3.410575525481238e-20,-2566.3587943105113
0.00048325,483.25,11.13477697424984,11.141691093261525,-1.1523776184183867,3.437643054856088e-14,-3.410566478193288e-20,-2568.308906738476
0.0004835,483.5,11.13282981828297,11.139740435273959,-1.1516977529027064,3.437722054305344e-14,-3.4105742330115307e-20,-2570.259564726042
0.00048375,483.75,11.1308821143593,11.13778923168543,-1.151018535563487,3.437800960584947e-14,-3.4105716480721165e-20,-2572.210768314572
0.000484,484.0,11.128933862440705,11.135837482454795,-1.1503399652292585,3.4378797738378247e-14,-3.4105716480721165e-20,-2574.1625175452054
0.00048425,484.25,11.12698506248925,11.133885187541074,-1.1496620407189848,3.43795849420768e-14,-3.410567770662995e-20,-2576.1148124589263
0.0004845,484.5,11.125035714467181,11.131932346903508,-1.1489847608493737,3.4380371218385606e-14,-3.4105703556024093e-20,-2578.0676530964934
0.00048475,484.75,11.123085818336925,11.12997896050157,-1.1483081244499063,3.438115656872615e-14,-3.410576817950945e-20,-2580.021039498432
0.000485,485.0,11.121135374061097,11.128025028294845,-1.1476321303612522,3.438194099451506e-14,-3.4105703556024093e-20,-2581.974971705156
0.00048525,485.25,11.119184381602498,11.126070550243215,-1.1469567774098697,3.4382724497176717e-14,-3.410566478193288e-20,-2583.9294497567853
0.0004855,485.5,11.117232840924107,11.124115526306742,-1.1462820644229046,3.4383507078138926e-14,-3.410566478193288e-20,-2585.8844736932583
0.00048575,485.75,11.115280751989086,11.122159956445584,-1.1456079902445104,3.438428873881062e-14,-3.4105819878297734e-20,-2587.8400435544177
0.000486,486.0,11.113328114760794,11.120203840620118,-1.1449345537260203,3.4385069480595915e-14,-3.4105703556024093e-20,-2589.7961593798836
0.00048625,486.25,11.111374929202757,11.118247178790936,-1.1442617537077844,3.438584930490667e-14,-3.4105600158447524e-20,-2591.752821209064
0.0004865,486.5,11.109421195278692,11.116289970918839,-1.1435895890293606,3.43866282131582e-14,-3.410554845965924e-20,-2593.7100290811627
0.00048675,486.75,11.1074669129525,11.114332216964792,-1.142918058544231,3.4387406206747025e-14,-3.410566478193288e-20,-2595.6677830352096
0.000487,487.0,11.105512082188262,11.112373916889922,-1.1422471611156164,3.4388183287064904e-14,-3.4105600158447524e-20,-2597.626083110078
0.00048725,487.25,11.103556702950245,11.110415070655593,-1.1415768955951002,3.438895945551132e-14,-3.4105600158447524e-20,-2599.584929344408
0.0004875,487.5,11.101600775202893,11.10845567822336,-1.1409072608333055,3.438973471348924e-14,-3.410566478193288e-20,-2601.5443217766415
0.00048775,487.75,11.099644298910837,11.10649573955494,-1.1402382556952289,3.43905090623829e-14,-3.4105936200571374e-20,-2603.5042604450596
0.000488,488.0,11.097687274038892,11.104535254612236,-1.139569879055286,3.4391282503571853e-14,-3.410580695360066e-20,-2605.464745387766
0.00048825,488.25,11.095729700552049,11.102574223357353,-1.1389021297763484,3.439205503844336e-14,-3.410554845965924e-20,-2607.4257766426476
0.0004885,488.5,11.093771578415485,11.100612645752605,-1.1382350067202784,3.439282666838816e-14,-3.410553553496217e-20,-2609.3873542473953
0.00048875,488.75000000000006,11.091812907594555,11.098650521760474,-1.1375685087632519,3.4393597394778373e-14,-3.4105703556024093e-20,-2611.3494782395273
0.000489,488.99999999999994,11.089853688054804,11.096687851343608,-1.1369026347909454,3.439436721898148e-14,-3.4105703556024093e-20,-2613.312148656393
0.00048925,489.25,11.087893919761951,11.094724634464873,-1.1362373836772701,3.4395136142372634e-14,-3.4105600158447524e-20,-2615.275365535129
0.0004895,489.5,11.0859336026819,11.092760871087338,-1.135572754294868,3.439590416633051e-14,-3.410553553496217e-20,-2617.2391289126626
0.00048975,489.74999999999994,11.08397273678073,11.09079656117425,-1.134908745530394,3.439667129221527e-14,-3.4105729405418236e-20,-2619.2034388257507
0.00049,490.0,11.082011322024707,11.088831704689024,-1.1342453562801487,3.439743752138241e-14,-3.410566478193288e-20,-2621.1682953109766
0.00049025,490.25,11.080049358380275,11.086866301595231,-1.1335825854312562,3.439820285519516e-14,-3.410563893253874e-20,-2623.1336984047693
0.0004905,490.50000000000006,11.078086845814065,11.084900351856662,-1.1329204318684596,3.439896729502026e-14,-3.410566478193288e-20,-2625.0996481433385
0.00049075,490.75,11.07612378429288,11.08293385543735,-1.1322588944878433,3.439973084220602e-14,-3.410580695360066e-20,-2627.0661445626515
0.000491,491.0,11.074160173783707,11.080966812301432,-1.13159797219671,3.4400493498096144e-14,-3.410575525481238e-20,-2629.0331876985692
0.00049125,491.25000000000006,11.072196014253715,11.078999222413279,-1.1309376638910154,3.4401255264042056e-14,-3.410566478193288e-20,-2631.0007775867225
0.0004915,491.49999999999994,11.070231305670248,11.077031085737454,-1.1302779684660655,3.440201614139868e-14,-3.4105832802994805e-20,-2632.968914262546
0.00049175,491.75,11.068266048000835,11.075062402238679,-1.12961888483118,3.440277613150262e-14,-3.4105949125268445e-20,-2634.937597761322
0.000492,492.00000000000006,11.066300241213181,11.073093171881826,-1.128960411904423,3.440353523568592e-14,-3.4105949125268445e-20,-2636.9068281181744
0.00049225,492.24999999999994,11.064333885275177,11.071123394632068,-1.1283025485903302,3.440429345528833e-14,-3.4105716480721165e-20,-2638.876605367934
0.0004925,492.5,11.062366980154883,11.069153070454737,-1.1276452937937356,3.4405050791653104e-14,-3.4105742330115307e-20,-2640.8469295452637
0.00049275,492.75,11.060399525820547,11.067182199315278,-1.1269886464353247,3.440580724610527e-14,-3.4105716480721165e-20,-2642.8178006847234
0.000493,492.99999999999994,11.058431522240591,11.065210781179351,-1.1263326054432354,3.440656281996533e-14,-3.410567770662995e-20,-2644.7892188206506
0.00049325,493.25,11.05646296938362,11.063238816012761,-1.1256771697368255,3.4407317514561484e-14,-3.4105716480721165e-20,-2646.7611839872397
0.0004935,493.5,11.054493867218415,11.061266303781535,-1.125022338233332,3.4408071331225486e-14,-3.4105819878297734e-20,-2648.733696218466
0.00049375,493.75000000000006,11.05252421571394,11.059293244451926,-1.1243681098613116,3.4408824271270906e-14,-3.410589742648016e-20,-2650.7067555480758
0.000494,494.0,11.05055401483933,11.057319637990288,-1.123714483559879,3.440957633600685e-14,-3.410579402890359e-20,-2652.6803620097126
0.00049425,494.25,11.0485832645639,11.055345484363276,-1.1230614582547285,3.441032752675012e-14,-3.410565185723581e-20,-2654.654515636725
0.0004945,494.50000000000006,11.046611964857151,11.053370783537693,-1.1224090328722904,3.4411077844821035e-14,-3.410575525481238e-20,-2656.6292164623073
0.00049475,494.74999999999994,11.044640115688754,11.051395535480452,-1.121757206355319,3.4411827291521864e-14,-3.410585865238895e-20,-2658.6044645195493
0.000495,495.0,11.042667717028564,11.049419740158648,-1.1211059776531833,3.4412575868150456e-14,-3.410579402890359e-20,-2660.580259841353
0.00049525,495.25000000000006,11.040694768846606,11.047443397539672,-1.120455345701802,3.441332357601232e-14,-3.4105729405418236e-20,-2662.556602460329
0.0004955,495.49999999999994,11.03872127111309,11.045466507591076,-1.1198053094375373,3.44140704164165e-14,-3.4105716480721165e-20,-2664.5334924089243
0.00049575,495.75,11.036747223798397,11.043489070280513,-1.119155867812885,3.44148163906541e-14,-3.4105845727691876e-20,-2666.5109297194886
0.000496,496.0,11.034772626873094,11.041511085575832,-1.1185070197869875,3.441556150001179e-14,-3.4105832802994805e-20,-2668.488914424168
0.00049625,496.24999999999994,11.032797480307915,11.039532553445115,-1.1178587643082294,3.441630574578394e-14,-3.410575525481238e-20,-2670.467446554886
0.0004965,496.5,11.03082178407378,11.037553473856617,-1.1172111003242746,3.441704912926846e-14,-3.410575525481238e-20,-2672.4465261433843
0.00049675,496.75,11.028845538141779,11.035573846778766,-1.1165640267955619,3.441779165174539e-14,-3.410579402890359e-20,-2674.4261532212354
0.000497,497.00000000000006,11.026868742483181,11.033593672180151,-1.1159175426909835,3.441853331449039e-14,-3.4105832802994805e-20,-2676.40632781985
0.00049725,497.24999999999994,11.024891397069437,11.031612950029576,-1.115271646969287,3.441927411878679e-14,-3.410565185723581e-20,-2678.387049970425
0.0004975,497.5,11.022913501872162,11.029631680296035,-1.1146263385885085,3.4420014065921494e-14,-3.410580695360066e-20,-2680.3683197039663
0.00049775,497.75000000000006,11.020935056863163,11.027649862948687,-1.1139816165189078,3.4420753157163607e-14,-3.4105832802994805e-20,-2682.350137051315
0.000498,497.99999999999994,11.018956062014409,11.025667497956848,-1.1133374797398747,3.442149139377789e-14,-3.410578110420652e-20,-2684.332502043153
0.00049825,498.25,11.016976517298053,11.023684585290049,-1.1126939272198484,3.442222877703677e-14,-3.410576817950945e-20,-2686.3154147099526
0.0004985,498.5,11.014996422686423,11.021701124918012,-1.1120509579263866,3.442296530821627e-14,-3.4105819878297734e-20,-2688.298875081988
0.00049875,498.74999999999994,11.013015778152019,11.019717116810632,-1.111408570839942,3.4423700988574665e-14,-3.4105949125268445e-20,-2690.282883189368
0.000499,499.0,11.011034583667522,11.017732560937953,-1.1107667649494601,3.442443581936596e-14,-3.410588450178309e-20,-2692.267439062048
0.00049925,499.25,11.009052839205783,11.015747457270228,-1.1101255392334024,3.44251698018518e-14,-3.4105742330115307e-20,-2694.252542729772
0.0004995,499.50000000000006,11.007070544739832,11.013761805777916,-1.109484892669195,3.4425902937297426e-14,-3.410585865238895e-20,-2696.2381942220854
0.00049975,499.75,11.005087700242873,11.01177560643164,-1.1088448242462923,3.4426635226950434e-14,-3.4105962049965516e-20,-2698.2243935683614
0.0005,500.0,11.003104305688284,11.009788859202187,-1.1082053329633137,3.4427366672054175e-14,-3.410587157708602e-20,-2700.2111407978146
0.00050025,500.25000000000006,11.001120361049624,11.007801564060488,-1.1075664178104672,3.4428097273859627e-14,-3.410566478193288e-20,-2702.1984359395133
0.0005005,500.49999999999994,10.999135866300614,11.005813720977697,-1.106928077775693,3.442882703362139e-14,-3.4105703556024093e-20,-2704.1862790223045
0.00050075,500.75,10.99715082141516,11.003825329925194,-1.1062903118568865,3.4429555952576506e-14,-3.410567770662995e-20,-2706.1746700748067
0.000501,501.00000000000006,10.995165226367337,11.001836390874466,-1.1056531190624863,3.443028403195778e-14,-3.4105626007841667e-20,-2708.1636091255355
0.00050125,501.24999999999994,10.993179081131403,10.99984690379722,-1.1050164983903217,3.443101127300566e-14,-3.410575525481238e-20,-2710.1530962027814
0.0005015,501.5,10.991192385681778,10.997856868665354,-1.104380448837058,3.443173767696419e-14,-3.410585865238895e-20,-2712.143131334647
0.00050175,501.75,10.989205139993063,10.995866285450939,-1.103744969411426,3.443246324505999e-14,-3.410602667345087e-20,-2714.133714549061
0.000502,501.99999999999994,10.987217344040035,10.993875154126203,-1.103110059131395,3.443318797851543e-14,-3.410589742648016e-20,-2716.1248458737978
0.00050225,502.25,10.98522899779764,10.991883474663522,-1.1024757170061799,3.443391187856054e-14,-3.4105600158447524e-20,-2718.116525336479
0.0005025,502.5,10.983240101240993,10.989891247035489,-1.1018419420422756,3.443463494642896e-14,-3.410578110420652e-20,-2720.108752964512
0.00050275,502.75000000000006,10.981250654345395,10.987898471214935,-1.1012087332561695,3.4435357183336953e-14,-3.4105819878297734e-20,-2722.101528785066
0.000503,503.0,10.979260657086314,10.985905147174805,-1.1005760896752104,3.443607859049662e-14,-3.410576817950945e-20,-2724.094852825196
0.00050325,503.25,10.977270109439388,10.983911274888188,-1.0999440103180893,3.4436799169127674e-14,-3.410565185723581e-20,-2726.0887251118124
0.0005035,503.50000000000006,10.975279011380431,10.981916854328388,-1.0993124942013526,3.443751892045346e-14,-3.4105703556024093e-20,-2728.0831456716137
0.00050375,503.74999999999994,10.973287362885433,10.979921885468931,-1.0986815403518997,3.443823784568002e-14,-3.410569063132702e-20,-2730.07811453107
0.000504,504.0,10.97129516393055,10.977926368283438,-1.0980511478065236,3.443895594600927e-14,-3.410569063132702e-20,-2732.073631716564
0.00050425,504.25000000000006,10.969302414492118,10.975930302745814,-1.0974213155891819,3.443967322265076e-14,-3.410566478193288e-20,-2734.0696972541864
0.0005045,504.49999999999994,10.967309114546637,10.973933688830138,-1.0967920427240647,3.44403896768176e-14,-3.410576817950945e-20,-2736.066311169862
0.00050475,504.75,10.965315264070787,10.97193652651058,-1.0961633282497605,3.4441105309705756e-14,-3.410589742648016e-20,-2738.0634734894206
0.000505,505.0,10.963320863041417,10.969938815761514,-1.0955351712117127,3.444182012250706e-14,-3.4105716480721165e-20,-2740.0611842384865
0.00050525,505.24999999999994,10.961325911435546,10.967940556557464,-1.0949075706470852,3.4442534116420964e-14,-3.4105626007841667e-20,-2742.0594434425375
0.0005055,505.5,10.95933040923037,10.965941748873153,-1.0942805255907797,3.4443247292650563e-14,-3.410569063132702e-20,-2744.0582511268476
0.00050575,505.75,10.95733435640325,10.963942392683547,-1.0936540350873218,3.444395965238179e-14,-3.410578110420652e-20,-2746.057607316453
0.000506,506.00000000000006,10.95533775293173,10.961942487963707,-1.0930280981911529,3.4444671196796525e-14,-3.4105742330115307e-20,-2748.057512036293
0.00050625,506.25,10.953340598793512,10.959942034688916,-1.0924027139467654,3.4445381927084267e-14,-3.410557430905338e-20,-2750.057965311085
0.0005065,506.5,10.951342893966473,10.957941032834627,-1.0917778813981212,3.4446091844438135e-14,-3.4105716480721165e-20,-2752.0589671653743
0.00050675,506.75000000000006,10.949344638428672,10.955939482376458,-1.0911535996009336,3.444680095003418e-14,-3.4105600158447524e-20,-2754.0605176235435
0.000507,506.99999999999994,10.947345832158328,10.953937383290166,-1.090529867618954,3.4447509245044445e-14,-3.410566478193288e-20,-2756.0626167098353
0.00050725,507.25,10.945346475133832,10.951934735551784,-1.0899066845034096,3.444821673064857e-14,-3.4105703556024093e-20,-2758.065264448217
0.0005075,507.50000000000006,10.943346567333748,10.949931539137514,-1.08928404930572,3.44489234080298e-14,-3.410569063132702e-20,-2760.0684608624865
0.00050775,507.74999999999994,10.941346108736814,10.947927794023654,-1.0886619610914325,3.444962927835444e-14,-3.4105703556024093e-20,-2762.072205976346
0.000508,508.0,10.93934509932193,10.945923500186701,-1.0880404189327872,3.4450334342784774e-14,-3.410575525481238e-20,-2764.076499813299
0.00050825,508.25,10.937343539068173,10.9439186576033,-1.0874194218938666,3.4451038602490683e-14,-3.410566478193288e-20,-2766.081342396701
0.0005085,508.49999999999994,10.935341427954794,10.941913266250296,-1.0867989690364002,3.4451742058645696e-14,-3.410565185723581e-20,-2768.086733749705
0.00050875,508.75,10.933338765961201,10.939907326104768,-1.0861790594316394,3.4452444712406434e-14,-3.4105703556024093e-20,-2770.0926738952326
0.000509,509.0,10.931335553066987,10.937900837143896,-1.0855596921607562,3.445314656492556e-14,-3.410565185723581e-20,-2772.099162856105
0.00050925,509.25000000000006,10.929331789251908,10.935893799345072,-1.0849408662947213,3.4453847617363317e-14,-3.4105729405418236e-20,-2774.106200654928
0.0005095,509.49999999999994,10.927327474495884,10.93388621268588,-1.0843225809036616,3.4454547870883585e-14,-3.4105703556024093e-20,-2776.11378731412
0.00050975,509.75,10.925322608779018,10.931878077144049,-1.083704835069188,3.445524732663343e-14,-3.4105742330115307e-20,-2778.1219228559526
0.00051,510.00000000000006,10.92331719208157,10.929869392697457,-1.0830876278809825,3.4455945985755984e-14,-3.4105729405418236e-20,-2780.1306073025444
0.00051025,510.24999999999994,10.921311224383974,10.927860159324204,-1.0824709584186576,3.445664384940195e-14,-3.410576817950945e-20,-2782.1398406757958
0.0005105,510.5,10.919304705666839,10.925850377002574,-1.0818548257606797,3.445734091872569e-14,-3.410576817950945e-20,-2784.149622997427
0.00051075,510.75,10.917297635910934,10.923840045711001,-1.081239228996706,3.4458037194864805e-14,-3.4105936200571374e-20,-2786.159954288999
0.000511,510.99999999999994,10.915290015097202,10.921829165428093,-1.0806241672249075,3.4458732678953e-14,-3.410587157708602e-20,-2788.170834571908
0.00051125,511.25,10.913281843206756,10.919817736132586,-1.0800096395354142,3.445942737213155e-14,-3.410578110420652e-20,-2790.1822638674157
0.0005115,511.5,10.911273120220876,10.917805757803432,-1.0793956450160176,3.446012127554538e-14,-3.410575525481238e-20,-2792.1942421965696
0.00051175,511.75000000000006,10.909263846121005,10.915793230419801,-1.0787821827636643,3.446081439032276e-14,-3.410576817950945e-20,-2794.2067695801993
0.000512,512.0,10.907254020888768,10.91378015396097,-1.0781692518851633,3.4461506717588054e-14,-3.4105832802994805e-20,-2796.219846039031
0.00051225,512.25,10.905243644505948,10.911766528406426,-1.077556851477151,3.446219825847323e-14,-3.410576817950945e-20,-2798.233471593574
0.0005125,512.5,10.903232716954495,10.909752353735842,-1.076944980635084,3.446288901411387e-14,-3.410575525481238e-20,-2800.2476462641594
0.00051275,512.75,10.901221238216532,10.90773762992905,-1.076333638465505,3.446357898562899e-14,-3.410580695360066e-20,-2802.262370070951
0.000513,513.0,10.899209208274353,10.905722356966043,-1.0757228240833867,3.446426817413375e-14,-3.410576817950945e-20,-2804.2776430339572
0.00051325,513.25,10.89719662711041,10.903706534826952,-1.0751125365956613,3.446495658075087e-14,-3.410575525481238e-20,-2806.293465173049
0.0005135,513.5,10.895183494707334,10.901690163492104,-1.074502775106805,3.446564420660672e-14,-3.4105845727691876e-20,-2808.3098365078968
0.00051375,513.75,10.893169811047917,10.89967324294207,-1.0738935387305237,3.446633105281118e-14,-3.4105845727691876e-20,-2810.3267570579314
0.000514,514.0,10.891155576115116,10.897655773157503,-1.0732848265904222,3.4467017120470266e-14,-3.410578110420652e-20,-2812.3442268424983
0.00051425,514.25,10.889140789892066,10.895637754119276,-1.0726766377996524,3.4467702410697586e-14,-3.410563893253874e-20,-2814.3622458807245
0.0005145,514.5,10.887125452362051,10.893619185808436,-1.0720689714703986,3.4468386924610385e-14,-3.410575525481238e-20,-2816.3808141915647
0.00051475,514.75,10.885109563508548,10.891600068206179,-1.0714618267270817,3.446907066330946e-14,-3.4105729405418236e-20,-2818.3999317938224
0.000515,515.0,10.883093123315177,10.889580401293836,-1.070855202701665,3.4469753627891853e-14,-3.4105716480721165e-20,-2820.419598706165
0.00051525,515.25,10.881076131765736,10.88756018505302,-1.0702490985133606,3.4470435819462133e-14,-3.410565185723581e-20,-2822.4398149469803
0.0005155,515.5,10.879058588844188,10.8855394194655,-1.0696435132811974,3.4471117239128496e-14,-3.4105742330115307e-20,-2824.4605805345004
0.00051575,515.75,10.877040494534667,10.883518104513135,-1.0690384461385127,3.447179788798281e-14,-3.4105716480721165e-20,-2826.481895486866
0.000516,516.0,10.875021848821467,10.881496240177988,-1.0684338962249664,3.447247776711318e-14,-3.410569063132702e-20,-2828.5037598220133
0.00051625,516.25,10.873002651689047,10.879473826442252,-1.0678298626717775,3.447315687761521e-14,-3.410566478193288e-20,-2830.526173557748
0.0005165,516.5,10.870982903122044,10.877450863288326,-1.0672263446077075,3.4473835220588217e-14,-3.4105716480721165e-20,-2832.5491367116747
0.00051675,516.75,10.868962603105246,10.875427350698835,-1.0666233411709196,3.447451279711519e-14,-3.4105716480721165e-20,-2834.572649301166
0.000517,517.0,10.86694175162362,10.873403288656505,-1.06602085150861,3.4475189608275426e-14,-3.4105729405418236e-20,-2836.5967113434967
0.00051725,517.25,10.864920348662295,10.871378677144259,-1.0654188747584834,3.447586565515569e-14,-3.4105729405418236e-20,-2838.6213228557417
0.0005175,517.5,10.862898394206557,10.86935351614521,-1.0648174100573922,3.4476540938846455e-14,-3.410575525481238e-20,-2840.64648385479
0.00051775,517.75,10.86087588824187,10.86732780564262,-1.0642164565527454,3.447721546042194e-14,-3.410575525481238e-20,-2842.6721943573807
0.000518,518.0,10.858852830753854,10.865301545619895,-1.0636160133998926,3.4477889220952717e-14,-3.4105716480721165e-20,-2844.698454380106
0.00051825,518.25,10.856829221728303,10.863274736060651,-1.0630160797441897,3.4478562221516827e-14,-3.410575525481238e-20,-2846.7252639393505
0.0005185,518.5,10.854805061151174,10.861247376948679,-1.0624166547295055,3.4479234463195976e-14,-3.4105742330115307e-20,-2848.7526230513213
0.00051875,518.75,10.852780349008581,10.859219468267934,-1.061817737510914,3.4479905947055745e-14,-3.410576817950945e-20,-2850.7805317320667
0.000519,519.0,10.850755085286815,10.857191010002527,-1.0612193272519144,3.448057667415805e-14,-3.410567770662995e-20,-2852.808989997473
0.00051925,519.25,10.848729269972324,10.855162002136696,-1.060621423107368,3.4481246645572266e-14,-3.410576817950945e-20,-2854.8379978633043
0.0005195,519.5,10.846702903051726,10.853132444654884,-1.0600240242293548,3.448191586237149e-14,-3.410575525481238e-20,-2856.8675553451167
0.00051975,519.75,10.844675984511799,10.851102337541757,-1.0594271297797464,3.4482584325612705e-14,-3.410587157708602e-20,-2858.8976624582433
0.00052,520.0,10.842648514339489,10.849071680782085,-1.0588307389297669,3.4483252036349294e-14,-3.410585865238895e-20,-2860.928319217915
0.00052025,520.25,10.840620492521905,10.847040474360837,-1.0582348508401602,3.4483918995642077e-14,-3.4105729405418236e-20,-2862.9595256391644
0.0005205,520.5,10.838591919046317,10.845008718263156,-1.0576394646705198,3.448458520455559e-14,-3.410585865238895e-20,-2864.9912817368454
0.00052075,520.75,10.836562793900171,10.842976412474346,-1.0570445795919028,3.4485250664138345e-14,-3.41060137487538e-20,-2867.023587525655
0.000521,521.0,10.834533117071064,10.840943556979848,-1.056450194782604,3.448591537543525e-14,-3.4106039598147943e-20,-2869.0564430201534
0.00052125,521.25,10.832502888546763,10.838910151765308,-1.0558563094112103,3.4486579339498676e-14,-3.410588450178309e-20,-2871.0898482346925
0.0005215,521.5,10.830472108315195,10.83687619681655,-1.0552629226453332,3.448724255738469e-14,-3.4105832802994805e-20,-2873.12380318345
0.00052175,521.75,10.82844077636446,10.834841692119548,-1.0546700336633181,3.448790503013341e-14,-3.410600082405673e-20,-2875.1583078804533
0.000522,522.0,10.82640889268281,10.83280663766042,-1.054077641650906,3.448856675878138e-14,-3.41059232758743e-20,-2877.193362339581
0.00052225,522.25,10.82437645725867,10.830771033425485,-1.0534857457842575,3.448922774437261e-14,-3.4105962049965516e-20,-2879.228966574515
0.0005225,522.5,10.822343470080623,10.828734879401237,-1.0528943452387292,3.448988798795478e-14,-3.4105936200571374e-20,-2881.2651205987636
0.00052275,522.75,10.820309931137416,10.826698175574311,-1.0523034392007293,3.44905474905597e-14,-3.4105949125268445e-20,-2883.3018244256896
0.000523,523.0,10.818275840417964,10.824660921931475,-1.0517130268637713,3.449120625321567e-14,-3.410589742648016e-20,-2885.3390780685254
0.00052325,523.25,10.816241197911339,10.822623118459779,-1.0511231074094063,3.4491864276958366e-14,-3.4105936200571374e-20,-2887.3768815402223
0.0005235,523.5,10.81420600360678,10.82058476514641,-1.0505336800194038,3.4492521562827215e-14,-3.4105832802994805e-20,-2889.4152348535904
0.00052375,523.75,10.81217025749368,10.818545861978643,-1.049944743888925,3.449317811184582e-14,-3.410579402890359e-20,-2891.4541380213577
0.000524,524.0,10.81013395956161,10.816506408943942,-1.049356298218561,3.449383392503425e-14,-3.4105845727691876e-20,-2893.493591056058
0.00052425,524.25,10.808097109800293,10.814466406029972,-1.0487683421991778,3.449448900342003e-14,-3.410589742648016e-20,-2895.5335939700294
0.0005245,524.5,10.80605970819962,10.812425853224568,-1.0481808750203756,3.4495143348034364e-14,-3.4105845727691876e-20,-2897.5741467754324
0.00052475,524.75,10.804021754749636,10.810384750515727,-1.047593895882216,3.449579695989273e-14,-3.410597497466259e-20,-2899.615249484274
0.000525,525.0,10.801983249440559,10.808343097891596,-1.0470074039922448,3.4496449840007106e-14,-3.41060137487538e-20,-2901.656902108404
0.00052525,525.25,10.799944192262764,10.806300895340462,-1.046421398550745,3.4497101989396885e-14,-3.4105936200571374e-20,-2903.6991046595394
0.0005255,525.5,10.797904583206785,10.804258142850788,-1.0458358787556976,3.449775340908518e-14,-3.4106039598147943e-20,-2905.741857149213
0.00052575,525.75,10.795864422263328,10.802214840411285,-1.0452508438129933,3.449840410007943e-14,-3.410588450178309e-20,-2907.7851595887155
0.000526,526.0,10.793823709423245,10.80017098801074,-1.044666292937753,3.449905406338358e-14,-3.410598789935966e-20,-2909.8290119892617
0.00052625,526.25,10.791782444677567,10.798126585638148,-1.044082225335479,3.449970330000901e-14,-3.4105962049965516e-20,-2911.8734143618526
0.0005265,526.5,10.789740628017475,10.79608163328268,-1.0434986402105642,3.4500351810970806e-14,-3.4105949125268445e-20,-2913.918366717321
0.00052675,526.75,10.787698259434316,10.794036130933646,-1.0429155367779415,3.450099959726843e-14,-3.41059232758743e-20,-2915.9638690663537
0.000527,527.0,10.785655338919595,10.791990078580517,-1.042332914259953,3.450164665989792e-14,-3.410591035117723e-20,-2918.009921419485
0.00052725,527.25,10.783611866464986,10.78994347621294,-1.0417507718690737,3.4502292999862715e-14,-3.410598789935966e-20,-2920.0565237870605
0.0005275,527.5,10.781567842062318,10.787896323820753,-1.0411691088167496,3.450293861816994e-14,-3.410597497466259e-20,-2922.103676179248
0.00052775,527.75,10.77952326570358,10.785848621393917,-1.0405879243257439,3.4503583515811196e-14,-3.4106039598147943e-20,-2924.1513786060827
0.000528,528.0,10.777478137380925,10.783800368922538,-1.0400072176256043,3.450422769377467e-14,-3.4105962049965516e-20,-2926.199631077462
0.00052825,528.25,10.775432457086671,10.781751566396991,-1.0394269879338995,3.4504871153055933e-14,-3.41059232758743e-20,-2928.2484336030097
0.0005285,528.5,10.773386224813283,10.779702213807795,-1.0388472344684132,3.4505513894654274e-14,-3.4105962049965516e-20,-2930.2977861922054
0.00052875,528.75,10.771339440553403,10.777652311145541,-1.0382679564600295,3.450615591955348e-14,-3.4105962049965516e-20,-2932.3476888544596
0.000529,529.0,10.769292104299822,10.77560185840102,-1.0376891531445431,3.450679722873398e-14,-3.410598789935966e-20,-2934.398141598982
0.00052925,529.25,10.7672442160455,10.773550855565206,-1.037110823748644,3.450743782318356e-14,-3.410589742648016e-20,-2936.4491444347946
0.0005295,529.5,10.765195775783551,10.771499302629255,-1.036532967498124,3.4508077703893734e-14,-3.410591035117723e-20,-2938.5006973707455
0.00052975,529.75,10.76314678350725,10.769447199584466,-1.0359555836287135,3.4508716871840585e-14,-3.4105949125268445e-20,-2940.552800415534
0.00053,530.0,10.761097239210036,10.767394546422285,-1.035378671383061,3.4509355327996865e-14,-3.41059232758743e-20,-2942.605453577717
0.00053025,530.25,10.759047142885503,10.765341343134342,-1.034802229994836,3.4509993073342655e-14,-3.410589742648016e-20,-2944.658656865659
0.0005305,530.5,10.75699649452741,10.763287589712451,-1.0342262586967326,3.451063010886178e-14,-3.4105949125268445e-20,-2946.71241028755
0.00053075,530.75,10.754945294129673,10.76123328614857,-1.0336507567313018,3.451126643552268e-14,-3.4106078372239157e-20,-2948.766713851431
0.000531,531.0,10.752893541686365,10.759178432434794,-1.0330757233483685,3.4511902054290507e-14,-3.4106052522845014e-20,-2950.8215675652073
0.00053125,531.25,10.750841237191727,10.757123028563422,-1.0325011577882002,3.451253696613773e-14,-3.410600082405673e-20,-2952.876971436579
0.0005315,531.5,10.748788380640152,10.75506707452692,-1.0319270592896466,3.451317117204055e-14,-3.4105962049965516e-20,-2954.932925473081
0.00053175,531.75,10.746734972026193,10.75301057031791,-1.0313534271017426,3.451380467295988e-14,-3.410598789935966e-20,-2956.989429682091
0.000532,532.0,10.744681011344563,10.750953515929167,-1.0307802604810026,3.451443746985332e-14,-3.410587157708602e-20,-2959.0464840708346
0.00053225,532.25,10.742626498590138,10.748895911353584,-1.030207558676301,3.451506956368581e-14,-3.4105845727691876e-20,-2961.1040886464166
0.0005325,532.5,10.740571433757946,10.74683775658425,-1.029635320934185,3.451570095542601e-14,-3.410588450178309e-20,-2963.162243415751
0.00053275,532.75,10.738515816843181,10.744779051614465,-1.0290635465097813,3.4516331646027376e-14,-3.4105936200571374e-20,-2965.2209483855368
0.000533,533.0,10.7364596478412,10.742719796437616,-1.0284922346665346,3.451696163644005e-14,-3.410589742648016e-20,-2967.280203562385
0.00053325,533.25,10.734402926747498,10.740659991047348,-1.02792138465624,3.4517590927621525e-14,-3.4105962049965516e-20,-2969.340008952652
0.0005335,533.5,10.73234565355775,10.738599635437469,-1.0273509957310016,3.451821952053299e-14,-3.410588450178309e-20,-2971.4003645625316
0.00053375,533.75,10.730287828267782,10.73653872960184,-1.0267810671553008,3.4518847416120505e-14,-3.4105819878297734e-20,-2973.461270398161
0.000534,534.0,10.72822945087358,10.734477273534525,-1.026211598198331,3.451947461532684e-14,-3.4105819878297734e-20,-2975.5227264654754
0.00053425,534.25,10.72617052137128,10.732415267229774,-1.0256425881205855,3.452010111910211e-14,-3.410588450178309e-20,-2977.5847327702268
0.0005345,534.5,10.724111039757188,10.730352710682006,-1.025074036181588,3.4520726928400115e-14,-3.410597497466259e-20,-2979.6472893179957
0.00053475,534.75,10.722051006027765,10.728289603885793,-1.0245059416504454,3.452135204415961e-14,-3.41059232758743e-20,-2981.710396114209
0.000535,535.0,10.719990420179625,10.726225946835834,-1.0239383038032999,3.452197646731606e-14,-3.410597497466259e-20,-2983.7740531641657
0.00053525,535.25,10.717929282209546,10.724161739527034,-1.0233711219070012,3.452260019881227e-14,-3.410591035117723e-20,-2985.838260472967
0.0005355,535.5,10.715867592114455,10.722096981954458,-1.0228043952275152,3.452322323959476e-14,-3.4105962049965516e-20,-2987.903018045543
0.00053575,535.75,10.713805349891448,10.720031674113322,-1.0222381230404645,3.4523845590595014e-14,-3.4106155920421583e-20,-2989.9683258866794
0.000536,536.0,10.711742555537773,10.717965815998976,-1.0216723046277596,3.452446725274128e-14,-3.4106078372239157e-20,-2992.0341840010237
0.00053625,536.25,10.709679209050837,10.715899407606972,-1.0211069392630625,3.4525088226969154e-14,-3.410597497466259e-20,-2994.100592393028
0.0005365,536.5,10.707615310428201,10.713832448933028,-1.0205420262188463,3.45257085142179e-14,-3.41059232758743e-20,-2996.167551066974
0.00053675,536.75,10.705550859667586,10.711764939973008,-1.0199775647763702,3.4526328115411844e-14,-3.41059232758743e-20,-2998.2350600269924
0.000537,537.0,10.70348585676687,10.70969688072294,-1.01941355422479,3.45269470314721e-14,-3.410585865238895e-20,-3000.303119277061
0.00053725,537.25,10.70142030172409,10.707628271178958,-1.0188499938454674,3.452756526332707e-14,-3.410598789935966e-20,-3002.371728821042
0.0005375,537.5,10.69935419453744,10.705559111337392,-1.018286882917305,3.45281828119089e-14,-3.410598789935966e-20,-3004.4408886626097
0.00053775,537.75,10.697287535205263,10.703489401194778,-1.0177242207279038,3.45287996781348e-14,-3.41059232758743e-20,-3006.5105988052223
0.000538,538.0,10.69522032372607,10.70141914074774,-1.0171620065728801,3.452941586291883e-14,-3.4105962049965516e-20,-3008.5808592522603
0.00053825,538.25,10.693152560098524,10.69934832999316,-1.0166002397362732,3.453003136718231e-14,-3.410585865238895e-20,-3010.65167000684
0.0005385,538.5,10.691084244321438,10.697276968928081,-1.0160389195021042,3.453064619185028e-14,-3.4105949125268445e-20,-3012.72303107192
0.00053875,538.75,10.689015376393794,10.695205057549607,-1.0154780451663095,3.453126033783295e-14,-3.410589742648016e-20,-3014.7949424503927
0.000539,539.0,10.686945956314721,10.693132595855047,-1.0149176160297932,3.4531873806037344e-14,-3.410589742648016e-20,-3016.8674041449535
0.00053925,539.25,10.684875984083511,10.691059583841822,-1.014357631386784,3.45324865973778e-14,-3.410585865238895e-20,-3018.9404161581783
0.0005395,539.5,10.682805459699606,10.688986021507558,-1.0137980905289732,3.453309871277234e-14,-3.410591035117723e-20,-3021.013978492443
0.00053975,539.75,10.68073438316261,10.686911908850098,-1.0132389927548542,3.453371015312422e-14,-3.410587157708602e-20,-3023.0880911499034
0.00054,540.0,10.678662754472276,10.68483724586738,-1.0126803373718898,3.453432091933355e-14,-3.4105962049965516e-20,-3025.1627541326206
0.00054025,540.25,10.676590573628523,10.682762032557473,-1.0121221236804245,3.4534931012307695e-14,-3.410587157708602e-20,-3027.237967442528
0.0005405,540.5,10.674517840631417,10.680686268918626,-1.0115643509785226,3.453554043295778e-14,-3.410589742648016e-20,-3029.313731081376
0.00054075,540.75,10.67244455548118,10.678609954949296,-1.0110070185720312,3.4536149182180146e-14,-3.4105949125268445e-20,-3031.390045050705
0.000541,541.0,10.670370718178198,10.676533090648029,-1.0104501257750613,3.4536757260868066e-14,-3.410591035117723e-20,-3033.466909351973
0.00054125,541.25,10.668296328723002,10.67445567601363,-1.0098936718901583,3.453736466992205e-14,-3.410580695360066e-20,-3035.5443239863707
0.0005415,541.5,10.666221387116286,10.672377711045048,-1.009337656219921,3.4537971410246315e-14,-3.4105832802994805e-20,-3037.6222889549526
0.00054175,541.75,10.664145893358896,10.670299195741297,-1.0087820780792607,3.453857748273041e-14,-3.410585865238895e-20,-3039.700804258704
0.000542,542.0,10.662069847451832,10.668220130101586,-1.0082269367876409,3.4539182888260824e-14,-3.4105936200571374e-20,-3041.7798698984147
0.00054225,542.25,10.659993249396255,10.666140514125297,-1.007672231655634,3.453978762773124e-14,-3.4105845727691876e-20,-3043.859485874703
0.0005425,542.5,10.657916099193475,10.664060347811992,-1.0071179619926913,3.4540391702039116e-14,-3.410587157708602e-20,-3045.9396521880094
0.00054275,542.75,10.655838396844963,10.661979631161364,-1.0065641271178492,3.454099511206723e-14,-3.410585865238895e-20,-3048.020368838637
0.000543,543.0,10.653760142352334,10.659898364173257,-1.0060107263566014,3.4541597858695353e-14,-3.410585865238895e-20,-3050.1016358267448
0.00054325,543.25,10.651681335717372,10.657816546847688,-1.0054577590255216,3.4542199942810455e-14,-3.4105845727691876e-20,-3052.1834531523127
0.0005435,543.5,10.649601976942005,10.655734179184856,-1.0049052244397303,3.4542801365303245e-14,-3.41059232758743e-20,-3054.2658208151447
0.00054375,543.75,10.647522066028321,10.653651261185104,-1.004353121923697,3.4543402127049845e-14,-3.4106039598147943e-20,-3056.348738814898
0.000544,544.0,10.645441602978563,10.651567792848917,-1.003801450809061,3.4544002228923354e-14,-3.4105962049965516e-20,-3058.432207151084
0.00054425,544.25,10.643360587795122,10.649483774176902,-1.003250210419946,3.454460167180409e-14,-3.4105819878297734e-20,-3060.516225823098
0.0005445,544.5,10.641279020480551,10.64739920516986,-1.002699400078006,3.454520045657609e-14,-3.4105742330115307e-20,-3062.600794830141
0.00054475,544.75,10.63919690103755,10.645314085828796,-1.002149019112523,3.4545798584108884e-14,-3.4105600158447524e-20,-3064.685914171205
0.000545,545.0,10.637114229468983,10.643228416154809,-1.001599066860545,3.4546396055268984e-14,-3.410569063132702e-20,-3066.7715838451923
0.00054525,545.25,10.635031005777853,10.641142196149188,-1.0010495426505754,3.454699287093011e-14,-3.4105845727691876e-20,-3068.857803850812
0.0005455,545.5,10.632947229967334,10.639055425813389,-1.000500445810046,3.454758903196969e-14,-3.41059232758743e-20,-3070.944574186611
0.00054575,545.75,10.630862902040743,10.636968105149,-0.9999517756753794,3.454818453925074e-14,-3.41061042216333e-20,-3073.0318948510003
0.000546,546.0,10.628778022001558,10.634880234157759,-0.9994035315897783,3.454877939363323e-14,-3.4105936200571374e-20,-3075.119765842241
0.00054625,546.25,10.6266925898534,10.632791812841583,-0.9988557128872261,3.454937359598436e-14,-3.410591035117723e-20,-3077.2081871584182
0.0005465,546.5,10.624606605600052,10.630702841202552,-0.9983083189005495,3.454996714717503e-14,-3.410588450178309e-20,-3079.297158797449
0.00054675,546.75,10.62252006924545,10.628613319242891,-0.9977613489721606,3.455056004806176e-14,-3.4105936200571374e-20,-3081.3866807571094
0.000547,547.0,10.62043298079368,10.626523246964961,-0.9972148024504723,3.4551152299498094e-14,-3.410600082405673e-20,-3083.476753035039
0.00054725,547.25,10.618345340248982,10.624432624371307,-0.9966686786754596,3.455174390234476e-14,-3.410591035117723e-20,-3085.567375628693
0.0005475,547.5,10.616257147615753,10.622341451464633,-0.996122976986296,3.455233485746619e-14,-3.4105962049965516e-20,-3087.658548535368
0.00054775,547.75,10.614168402898539,10.620249728247783,-0.9955776967313199,3.45529251657125e-14,-3.4105962049965516e-20,-3089.750271752217
0.000548,548.0,10.612079106102046,10.61815745472372,-0.9950328372649156,3.4553514827930845e-14,-3.410589742648016e-20,-3091.8425452762804
0.00054825,548.25,10.609989257231119,10.616064630895668,-0.9944883979307606,3.455410384497554e-14,-3.410585865238895e-20,-3093.9353691043325
0.0005485,548.5,10.607898856290767,10.613971256766995,-0.9939443780727398,3.4554692217704635e-14,-3.4105936200571374e-20,-3096.0287432330056
0.00054875,548.75,10.605807903286149,10.61187733234113,-0.9934007770460599,3.455527994696189e-14,-3.4106065447542085e-20,-3098.122667658871
0.000549,549.0,10.60371639822258,10.609782857621683,-0.992857594210281,3.4555867033588125e-14,-3.4105962049965516e-20,-3100.217142378318
0.00054925,549.25,10.60162434110552,10.607687832612454,-0.9923148289165753,3.455645347843134e-14,-3.41059232758743e-20,-3102.3121673875476
0.0005495,549.5,10.599531731940592,10.605592257317408,-0.991772480514814,3.455703928234324e-14,-3.4105845727691876e-20,-3104.4077426825925
0.00054975,549.75,10.597438570733559,10.603496131740656,-0.9912305483635142,3.45576244461613e-14,-3.410591035117723e-20,-3106.5038682593454
0.00055,550.0,10.595344857490343,10.601399455886455,-0.9906890318279492,3.4558208970720084e-14,-3.410580695360066e-20,-3108.600544113546
0.00055025,550.25,10.59325059221702,10.59930222975917,-0.9901479302665611,3.455879285686131e-14,-3.410589742648016e-20,-3110.697770240831
0.0005505,550.5,10.591155774919814,10.597204453363352,-0.9896072430355186,3.455937610543041e-14,-3.4105832802994805e-20,-3112.7955466366493
0.00055075,550.75,10.589060405605103,10.59510612670376,-0.9890669694983707,3.4559958717258646e-14,-3.4105832802994805e-20,-3114.893873296241
0.000551,551.0,10.586964484279424,10.593007249785229,-0.9885271090263161,3.45605406931744e-14,-3.410569063132702e-20,-3116.992750214771
0.00055125,551.25,10.584868010949448,10.590907822612854,-0.987987660979588,3.4561122034013164e-14,-3.4105936200571374e-20,-3119.092177387148
0.0005515,551.5,10.582770985622016,10.588807845191864,-0.9874486247184753,3.4561702740614143e-14,-3.4105962049965516e-20,-3121.1921548081373
0.00055175,551.75,10.580673408304108,10.586707317527559,-0.9869099996147774,3.4562282813802465e-14,-3.4106078372239157e-20,-3123.2926824724427
0.000552,552.0,10.578575279002866,10.584606239625419,-0.986371785044612,3.456286225440035e-14,-3.4105962049965516e-20,-3125.3937603745817
0.00055225,552.25,10.576476597725573,10.582504611491105,-0.9858339803755006,3.456344106323715e-14,-3.410589742648016e-20,-3127.4953885088967
0.0005525,552.5,10.574377364479677,10.580402433130436,-0.98529658497379,3.4564019241145946e-14,-3.410580695360066e-20,-3129.597566869564
0.00055275,552.75,10.57227757927276,10.578299704549384,-0.984759598214921,3.456459678894572e-14,-3.410591035117723e-20,-3131.7002954506174
0.000553,553.0,10.570177242112567,10.576196425754038,-0.984223019480404,3.456517370745266e-14,-3.4105962049965516e-20,-3133.8035742459633
0.00055325,553.25,10.568076353006994,10.574092596750685,-0.9836868481431673,3.456574999749e-14,-3.4105936200571374e-20,-3135.9074032493154
0.0005535,553.5,10.565974911964085,10.571988217545757,-0.9831510835751236,3.456632565988474e-14,-3.4105962049965516e-20,-3138.0117824542435
0.00055375,553.75,10.563872918992033,10.569883288145824,-0.9826157251575656,3.456690069544984e-14,-3.410591035117723e-20,-3140.1167118541757
0.000554,554.0,10.561770374099188,10.567777808557585,-0.9820807722776543,3.4567475104995454e-14,-3.410587157708602e-20,-3142.2221914424163
0.00055425,554.25,10.559667277294048,10.56567177878798,-0.9815462243116836,3.45680488893388e-14,-3.4105962049965516e-20,-3144.3282212120203
0.0005545,554.5,10.557563628585255,10.563565198844108,-0.9810120806358738,3.456862204930084e-14,-3.410589742648016e-20,-3146.4348011558936
0.00055475,554.75,10.555459427981612,10.56145806873311,-0.9804783406380524,3.456919458568856e-14,-3.410587157708602e-20,-3148.541931266892
0.000555,555.0,10.55335467549207,10.55935038846232,-0.9799450037103147,3.456976649930614e-14,-3.410578110420652e-20,-3150.64961153768
0.00055525,555.25,10.551249371125728,10.557242158039253,-0.9794120692360312,3.457033779096486e-14,-3.4105819878297734e-20,-3152.7578419607485
0.0005555,555.5,10.549143514891835,10.555133377471579,-0.9788795365974221,3.4570908461479684e-14,-3.410585865238895e-20,-3154.866622528423
0.00055575,555.75,10.547037106799788,10.553024046767113,-0.9783474051857396,3.457147851165169e-14,-3.410587157708602e-20,-3156.975953232888
0.000556,556.0,10.544930146859143,10.550914165933795,-0.9778156743978916,3.457204794227917e-14,-3.4105845727691876e-20,-3159.085834066205
0.00055625,556.25,10.542822635079599,10.548803734979755,-0.9772843436227113,3.457261675416747e-14,-3.4105832802994805e-20,-3161.1962650202463
0.0005565,556.5,10.540714571471005,10.546692753913277,-0.9767534122480295,3.457318494812566e-14,-3.410580695360066e-20,-3163.3072460867234
0.00055675,556.75,10.538605956043364,10.54458122274279,-0.9762228796699727,3.457375252494896e-14,-3.4105962049965516e-20,-3165.41877725721
0.000557,557.0,10.53649678880683,10.542469141476847,-0.975692745290782,3.457431948542981e-14,-3.410585865238895e-20,-3167.530858523154
0.00055725,557.25,10.534387069771698,10.540356510124191,-0.9751630085043058,3.45748858303677e-14,-3.4105729405418236e-20,-3169.64348987581
0.0005575,557.5,10.532276798948418,10.538243328693722,-0.9746336687029897,3.4575451560565867e-14,-3.4105819878297734e-20,-3171.756671306278
0.00055775,557.75,10.530165976347595,10.53612959719449,-0.9741047252877381,3.4576016676813715e-14,-3.410587157708602e-20,-3173.87040280551
0.000558,558.0,10.528054601979974,10.53401531563568,-0.9735761776659522,3.4576581179897886e-14,-3.410580695360066e-20,-3175.9846843643213
0.00055825,558.25,10.525942675856454,10.53190048402659,-0.9730480252382397,3.4577145070612106e-14,-3.410578110420652e-20,-3178.099515973411
0.0005585,558.5,10.523830197988087,10.529785102376703,-0.9725202674027028,3.4577708349753775e-14,-3.4105832802994805e-20,-3180.2148976232984
0.00055875,558.75,10.521717168386065,10.527669170695713,-0.971992903564299,3.457827101810657e-14,-3.4105936200571374e-20,-3182.3308293042874
0.000559,559.0,10.519603587061738,10.525552688993395,-0.9714659331355809,3.457883307645143e-14,-3.4105949125268445e-20,-3184.4473110066065
0.00055925,559.25,10.517489454026604,10.523435657279707,-0.9709393555204681,3.457939452557632e-14,-3.410576817950945e-20,-3186.5643427202936
0.0005595,559.5,10.515374769292306,10.521318075564775,-0.9704131701216471,3.4579955366272894e-14,-3.4105845727691876e-20,-3188.6819244352264
0.00055975,559.75,10.513259532870638,10.519199943858863,-0.9698873763499786,3.458051559931916e-14,-3.4105962049965516e-20,-3190.8000561411372
0.00056,560.0,10.511143744773541,10.51708126217238,-0.9693619736222227,3.4581075225490353e-14,-3.410591035117723e-20,-3192.9187378276206
0.00056025,560.25,10.509027405013107,10.514962030515841,-0.9688369613493271,3.4581634245568763e-14,-3.4105742330115307e-20,-3195.0379694841604
0.0005605,560.5,10.506910513601577,10.512842248899934,-0.9683123389403359,3.4582192660340386e-14,-3.4105832802994805e-20,-3197.157751100067
0.00056075,560.75,10.504793070551344,10.510721917335562,-0.9677881058101764,3.4582750470577574e-14,-3.410588450178309e-20,-3199.278082664439
0.000561,561.0,10.502675075874938,10.508601035833701,-0.9672642613810378,3.4583307677049945e-14,-3.410589742648016e-20,-3201.3989641663
0.00056125,561.25,10.500556529585053,10.50647960440557,-0.9667408050651525,3.4583864280534173e-14,-3.410579402890359e-20,-3203.520395594431
0.0005615,561.5,10.498437431694516,10.504357623062534,-0.9662177362750144,3.458442028181062e-14,-3.410576817950945e-20,-3205.6423769374665
0.00056175,561.75,10.496317782216314,10.502235091816015,-0.9656950544332948,3.458497568164604e-14,-3.4105742330115307e-20,-3207.764908183986
0.000562,562.0,10.494197581163576,10.500112010677611,-0.9651727589667788,3.4585530480804516e-14,-3.410575525481238e-20,-3209.8879893223893
0.00056225,562.25,10.49207682854958,10.497988379659104,-0.9646508492942758,3.4586084680057125e-14,-3.410585865238895e-20,-3212.011620340897
0.0005625,562.5,10.489955524387758,10.495864198772432,-0.9641293248334223,3.458663828017866e-14,-3.4105845727691876e-20,-3214.135801227568
0.00056275,562.75,10.487833668691684,10.493739468029668,-0.9636081850102779,3.458719128193036e-14,-3.410588450178309e-20,-3216.260531970332
0.000563,563.0,10.485711261475075,10.491614187443014,-0.9630874292568863,3.458774368607078e-14,-3.410588450178309e-20,-3218.385812556987
0.00056325,563.25,10.483588302751809,10.489488357024856,-0.9625670569967162,3.4588295493365505e-14,-3.410589742648016e-20,-3220.5116429751456
0.0005635,563.5,10.481464792535903,10.487361976787732,-0.9620470676519792,3.4588846704583784e-14,-3.410579402890359e-20,-3222.6380232122697
0.00056375,563.75,10.479340730841518,10.485235046744318,-0.9615274606536881,3.458939732048139e-14,-3.4105845727691876e-20,-3224.764953255683
0.000564,564.0,10.477216117682973,10.483107566907423,-0.9610082354384712,3.4589947341811434e-14,-3.4105819878297734e-20,-3226.8924330925784
0.00056425,564.25,10.475090953074728,10.480979537290029,-0.9604893914346782,3.459049676933401e-14,-3.410588450178309e-20,-3229.020462709973
0.0005645,564.5,10.472965237031394,10.478850957905273,-0.9599709280697017,3.459104560381292e-14,-3.410580695360066e-20,-3231.149042094728
0.00056475,564.75,10.470838969567728,10.476721828766426,-0.9594528447796725,3.45915938459985e-14,-3.410576817950945e-20,-3233.278171233575
0.000565,565.0,10.468712150698629,10.474592149886874,-0.9589351410059779,3.459214149663847e-14,-3.410579402890359e-20,-3235.407850113127
0.00056525,565.25,10.466584780439149,10.472461921280255,-0.9584178161799607,3.459268855648752e-14,-3.4105716480721165e-20,-3237.538078719745
0.0005655,565.5,10.464456858804486,10.470331142960337,-0.9579008697331131,3.459323502630401e-14,-3.41059232758743e-20,-3239.6688570396636
0.00056575,565.75,10.462328385809986,10.46819981494094,-0.9573843011079181,3.4593780906832935e-14,-3.410591035117723e-20,-3241.8001850590604
0.000566,566.0,10.46019936147114,10.466067937236048,-0.9568681097507145,3.4594326198816644e-14,-3.410587157708602e-20,-3243.9320627639527
0.00056625,566.25,10.458069785803586,10.463935509859907,-0.9563522950972977,3.459487090300447e-14,-3.4105729405418236e-20,-3246.0644901400947
0.0005665,566.5,10.45593965882311,10.461802532826884,-0.955836856583132,3.459541502014942e-14,-3.4105832802994805e-20,-3248.197467173118
0.00056675,566.75,10.453808980545643,10.459669006151408,-0.9553217936551449,3.459595855099116e-14,-3.410587157708602e-20,-3250.3309938485922
0.000567,567.0,10.451677750987265,10.457534929848089,-0.9548071057643339,3.4596501496266745e-14,-3.410579402890359e-20,-3252.4650701519113
0.00056725,567.25,10.4495459701642,10.455400303931707,-0.9542927923527992,3.4597043856720186e-14,-3.410585865238895e-20,-3254.599696068293
0.0005675,567.5,10.447413638092826,10.45326512841721,-0.9537788528611538,3.459758563309919e-14,-3.410587157708602e-20,-3256.734871582791
0.00056775,567.75,10.445280754789655,10.451129403319666,-0.9532652867393272,3.459812682613815e-14,-3.410600082405673e-20,-3258.870596680335
0.000568,568.0,10.443147320271352,10.448993128654276,-0.9527520934425875,3.459866743656888e-14,-3.410591035117723e-20,-3261.006871345725
0.00056825,568.25,10.441013334554729,10.446856304436427,-0.9522392724178441,3.459920746513013e-14,-3.410579402890359e-20,-3263.143695563575
0.0005685,568.5,10.438878797656743,10.444718930681647,-0.9517268231107912,3.459974691256434e-14,-3.410578110420652e-20,-3265.281069318353
0.00056875,568.75,10.436743709594499,10.442581007405613,-0.9512147449755783,3.4600285779600705e-14,-3.4105832802994805e-20,-3267.4189925943883
0.000569,569.0,10.434608070385247,10.44044253462412,-0.9507030374717861,3.460082406696582e-14,-3.410580695360066e-20,-3269.5574653758804
0.00056925,569.25,10.432471880046375,10.438303512353146,-0.9501917000509665,3.460136177539323e-14,-3.410591035117723e-20,-3271.6964876468546
0.0005695,569.5,10.43033513859543,10.436163940608823,-0.9496807321634896,3.4601898905620174e-14,-3.410585865238895e-20,-3273.836059391178
0.00056975,569.75,10.428197846050098,10.434023819407413,-0.9491701332679018,3.4602435458370654e-14,-3.410585865238895e-20,-3275.9761805925878
0.00057,570.0,10.426060002428216,10.431883148765312,-0.9486599028283764,3.460297143436614e-14,-3.410585865238895e-20,-3278.1168512346885
0.00057025,570.25,10.423921607747754,10.429741928699086,-0.9481500403008813,3.4603506834335024e-14,-3.4105832802994805e-20,-3280.258071300916
0.0005705,570.5,10.421782662026839,10.427600159225461,-0.9476405451401031,3.460404165900935e-14,-3.4105936200571374e-20,-3282.3998407745394
0.00057075,570.75,10.419643165283746,10.4254578403613,-0.9471314168091478,3.4604575909108035e-14,-3.4105832802994805e-20,-3284.542159638701
0.000571,571.0,10.41750311753688,10.423314972123581,-0.9466226547767006,3.4605109585347446e-14,-3.4105962049965516e-20,-3286.685027876419
0.00057125,571.25,10.415362518804807,10.421171554529476,-0.9461142585031258,3.4605642688450845e-14,-3.41059232758743e-20,-3288.8284454705254
0.0005715,571.5,10.413221369106232,10.419027587596297,-0.9456062274476519,3.460617521914518e-14,-3.410589742648016e-20,-3290.9724124037043
0.00057175,571.75,10.411079668460005,10.416883071341493,-0.9450985610777219,3.46067071781443e-14,-3.410587157708602e-20,-3293.116928658508
0.000572,572.0,10.40893741688512,10.414738005782645,-0.9445912588658572,3.46072385661595e-14,-3.4105962049965516e-20,-3295.261994217355
0.00057225,572.25,10.406794614400722,10.41259239093751,-0.9440843202771119,3.460776938390899e-14,-3.4105949125268445e-20,-3297.407609062491
0.0005725,572.5,10.404651261026094,10.410446226823993,-0.9435777447756102,3.4608299632114667e-14,-3.410589742648016e-20,-3299.5537731760087
0.00057275,572.75,10.402507356780667,10.40829951346013,-0.9430715318328178,3.460882931148533e-14,-3.4106078372239157e-20,-3301.7004865398694
0.000573,573.0,10.400362901684014,10.406152250864102,-0.9425656809256788,3.460935842272731e-14,-3.4106039598147943e-20,-3303.8477491358985
0.00057325,573.25,10.398217895755861,10.404004439054246,-0.9420601915235438,3.460988696655378e-14,-3.4105949125268445e-20,-3305.9955609457547
0.0005735,573.5,10.396072339016069,10.401856078049057,-0.9415550630948853,3.461041494368161e-14,-3.410588450178309e-20,-3308.143921950944
0.00057375,573.75,10.393926231484649,10.399707167867152,-0.9410502951161157,3.461094235481464e-14,-3.410588450178309e-20,-3310.292832132849
0.000574,574.0,10.39177957318175,10.397557708527271,-0.9405458870688522,3.4611469200654235e-14,-3.410597497466259e-20,-3312.44229147273
0.00057425,574.25,10.38963236412768,10.3954077000484,-0.9400418384248795,3.461199548190862e-14,-3.410591035117723e-20,-3314.5922999516006
0.0005745,574.5,10.387484604342875,10.393257142449654,-0.9395381486561692,3.4612521199289676e-14,-3.410598789935966e-20,-3316.742857550347
0.00057475,574.75,10.385336293847924,10.391106035750191,-0.9390348172451655,3.461304635349632e-14,-3.410611714633037e-20,-3318.893964249811
0.000575,575.0,10.38318743266356,10.388954379969334,-0.9385318436776402,3.461357094522502e-14,-3.410609129693623e-20,-3321.0456200306658
0.00057525,575.25,10.381038020810653,10.386802175126666,-0.9380292274296194,3.461409497517906e-14,-3.41061042216333e-20,-3323.1978248733344
0.0005755,575.5,10.378888058310231,10.384649421241887,-0.937526967977065,3.461461844406539e-14,-3.4106194694512797e-20,-3325.3505787581144
0.00057575,575.75,10.376737545183454,10.382496118334753,-0.9370250648061855,3.461514135257809e-14,-3.4106155920421583e-20,-3327.5038816652477
0.000576,576.0,10.37458648145163,10.380342266425203,-0.9365235174068858,3.4615663701408726e-14,-3.410613007102744e-20,-3329.657733574799
0.00057625,576.25,10.372434867136208,10.378187865533341,-0.9360223252611133,3.461618549125571e-14,-3.410597497466259e-20,-3331.812134466659
0.0005765,576.5,10.370282702258788,10.376032915679435,-0.9355214878495779,3.461670672282115e-14,-3.4105936200571374e-20,-3333.9670843205668
0.00057675,576.75,10.368129986841106,10.373877416883865,-0.9350210046610963,3.4617227396794255e-14,-3.4106052522845014e-20,-3336.1225831161364
0.000577,577.0,10.365976720905046,10.371721369167158,-0.9345208751896903,3.461774751386178e-14,-3.410602667345087e-20,-3338.2786308328423
0.00057725,577.25,10.363822904472634,10.369564772550005,-0.9340210989215809,3.4618267074717325e-14,-3.4105949125268445e-20,-3340.4352274499965
0.0005775,577.5,10.36166853756604,10.367407627053247,-0.93352167534181,3.461878608005814e-14,-3.4105936200571374e-20,-3342.592372946754
0.00057775,577.75,10.35951362020758,10.365249932697864,-0.9330226039432384,3.4619304530568667e-14,-3.41059232758743e-20,-3344.750067302137
0.000578,578.0,10.357358152419705,10.36309168950496,-0.9325238842240599,3.4619822426930874e-14,-3.4105949125268445e-20,-3346.90831049504
0.00057825,578.25,10.355202134225019,10.36093289749581,-0.9320255156745969,3.4620339769833584e-14,-3.410600082405673e-20,-3349.0671025041916
0.0005785,578.5,10.353045565646266,10.358773556691835,-0.9315274977840677,3.4620856559969265e-14,-3.4106052522845014e-20,-3351.2264433081664
0.00057875,578.75,10.350888446706328,10.356613667114587,-0.9310298300500363,3.46213727980176e-14,-3.410620761920987e-20,-3353.3863328854145
0.000579,579.0,10.348730777428244,10.354453228785728,-0.9305325119751561,3.4621888484655853e-14,-3.41061042216333e-20,-3355.5467712142736
0.00057925,579.25,10.346572557835177,10.352292241727172,-0.9300355430519932,3.462240362056809e-14,-3.410602667345087e-20,-3357.70775827283
0.0005795,579.5,10.344413787950447,10.350130705960959,-0.9295389227729216,3.4622918206442046e-14,-3.410611714633037e-20,-3359.869294039041
0.00057975,579.75,10.342254467797513,10.347968621509184,-0.9290426506407762,3.4623432242952696e-14,-3.4106181769815726e-20,-3362.031378490817
0.00058,580.0,10.340094597399974,10.345805988394115,-0.928546726161861,3.4623945730772626e-14,-3.410614299572451e-20,-3364.1940116058854
0.00058025,580.25,10.337934176781575,10.343642806638194,-0.9280511488345675,3.4624458670581197e-14,-3.4106155920421583e-20,-3366.3571933618073
0.0005805,580.5,10.335773205966206,10.341479076264012,-0.92755591815605,3.462497106306145e-14,-3.410613007102744e-20,-3368.52092373599
0.00058075,580.75,10.333611684977889,10.339314797294287,-0.9270610336314703,3.4625482908883706e-14,-3.4106078372239157e-20,-3370.685202705713
0.000581,581.0,10.331449613840803,10.337149969751872,-0.9265664947710172,3.462599420871592e-14,-3.4106065447542085e-20,-3372.850030248129
0.00058125,581.25,10.32928699257926,10.334984593659787,-0.9260723010772377,3.4626504963232775e-14,-3.41061042216333e-20,-3375.015406340214
0.0005815,581.5,10.327123821217715,10.3328186690412,-0.9255784520514627,3.4627015173112687e-14,-3.410609129693623e-20,-3377.1813309588
0.00058175,581.75,10.32496009978077,10.330652195919416,-0.9250849472027147,3.462752483902135e-14,-3.410611714633037e-20,-3379.3478040805844
0.000582,582.0,10.322795828293165,10.32848517431786,-0.9245917860453479,3.462803396162211e-14,-3.410611714633037e-20,-3381.51482568214
0.00058225,582.25,10.320631006779784,10.326317604260135,-0.9240989680857591,3.462854254158508e-14,-3.410597497466259e-20,-3383.6823957398665
0.0005825,582.5,10.318465635265651,10.324149485769986,-0.9236064928292774,3.462905057958402e-14,-3.410609129693623e-20,-3385.850514230015
0.00058275,582.75,10.316299713775935,10.321980818871292,-0.9231143597888568,3.462955807628008e-14,-3.41061042216333e-20,-3388.019181128708
0.000583,583.0,10.314133242335945,10.31981160358807,-0.9226225684820859,3.463006503233205e-14,-3.410613007102744e-20,-3390.1883964119315
0.00058325,583.25,10.311966220971135,10.317641839944482,-0.9221311184196737,3.463057144840547e-14,-3.41061042216333e-20,-3392.3581600555185
0.0005835,583.5,10.309798649707096,10.315471527964865,-0.9216400091112652,3.463107732516952e-14,-3.410611714633037e-20,-3394.528472035135
0.00058375,583.75,10.307630528569563,10.313300667673694,-0.9211492400728266,3.463158266328085e-14,-3.410624639330108e-20,-3396.6993323263073
0.000584,584.0,10.305461857584415,10.311129259095564,-0.9206588108259632,3.4632087463393704e-14,-3.410609129693623e-20,-3398.8707409044373
0.00058425,584.25,10.303292636777666,10.308957302255177,-0.920168720886811,3.463259172616911e-14,-3.410609129693623e-20,-3401.0426977448237
0.0005845,584.5,10.301122866175483,10.306784797177398,-0.919678969769429,3.4633095452271745e-14,-3.4106194694512797e-20,-3403.2152028226024
0.00058475,584.75,10.298952545804163,10.304611743887307,-0.9191895569933445,3.463359864235375e-14,-3.4106039598147943e-20,-3405.388256112694
0.000585,585.0,10.296781675690152,10.302438142410029,-0.9187004820846525,3.4634101297064904e-14,-3.410611714633037e-20,-3407.561857589972
0.00058525,585.25,10.294610255860032,10.300263992770953,-0.9182117445598176,3.4634603417061765e-14,-3.4106168845118655e-20,-3409.7360072290476
0.0005855,585.5,10.292438286340532,10.298089294995592,-0.9177233439352129,3.46351050030045e-14,-3.410623346860401e-20,-3411.9107050044086
0.00058575,585.75,10.290265767158514,10.295914049109514,-0.9172352797363716,3.463560605554082e-14,-3.410625931799815e-20,-3414.085950890487
0.000586,586.0,10.28809269834099,10.293738255138473,-0.9167475514922695,3.463610657531607e-14,-3.410622054390694e-20,-3416.2617448615274
0.00058625,586.25,10.28591907991511,10.29156191310832,-0.9162601587267765,3.463660656298235e-14,-3.4106181769815726e-20,-3418.4380868916824
0.0005865,586.5,10.283744911908162,10.289385023045071,-0.9157731009616847,3.463710601919541e-14,-3.410613007102744e-20,-3420.6149769549306
0.00058675,586.75,10.28157019434758,10.287207584974968,-0.9152863777234724,3.4637604944598545e-14,-3.410609129693623e-20,-3422.792415025033
0.000587,587.0,10.279394927260935,10.285029598924307,-0.9147999885452885,3.463810333983272e-14,-3.4106078372239157e-20,-3424.970401075694
0.00058725,587.25,10.277219110675938,10.282851064919566,-0.9143139329530879,3.4638601205545627e-14,-3.410611714633037e-20,-3427.148935080436
0.0005875,587.5,10.275042744620446,10.280671982987366,-0.9138282104716267,3.4639098542388613e-14,-3.410624639330108e-20,-3429.328017012634
0.00058775,587.75,10.272865829122454,10.278492353154467,-0.9133428206328479,3.46395953510006e-14,-3.410623346860401e-20,-3431.507646845533
0.000588,588.0,10.270688364210093,10.276312175447742,-0.9128577629742354,3.464009163201821e-14,-3.410622054390694e-20,-3433.6878245522594
0.00058825,588.25,10.268510349911645,10.274131449894238,-0.912373037025082,3.464058738608479e-14,-3.410623346860401e-20,-3435.868550105762
0.0005885,588.5,10.26633178625552,10.271950176521155,-0.9118886423132518,3.4641082613847303e-14,-3.4106388564968864e-20,-3438.0498234788456
0.00058875,588.75,10.26415267327028,10.269768355355819,-0.9114045783748185,3.4641577315940356e-14,-3.4106414414363006e-20,-3440.231644644182
0.000589,589.0,10.26197301098462,10.267585986425674,-0.9109208447506238,3.4642071492996266e-14,-3.410637564027179e-20,-3442.4140135743273
0.00058925,589.25,10.259792799427375,10.265403069758342,-0.9104374409738426,3.4642565145654056e-14,-3.4106401489665935e-20,-3444.596930241659
0.0005895,589.5,10.25761203862753,10.26321960538159,-0.9099543665765452,3.464305827455636e-14,-3.410636271557472e-20,-3446.780394618411
0.00058975,589.75,10.255430728614195,10.261035593323314,-0.9094716210981518,3.464355088033351e-14,-3.410632394148351e-20,-3448.964406676688
0.00059,590.0,10.253248869416634,10.258851033611526,-0.9089892040826896,3.4644042963613534e-14,-3.4106414414363006e-20,-3451.1489663884745
0.00059025,590.25,10.25106646106424,10.256665926274422,-0.9085071150672525,3.464453452503119e-14,-3.4106388564968864e-20,-3453.3340737255794
0.0005905,590.5,10.248883503586555,10.254480271340334,-0.9080253535878848,3.4645025565224823e-14,-3.410642733906008e-20,-3455.519728659667
0.00059075,590.75,10.246699997013256,10.252294068837728,-0.9075439191874312,3.464551608482052e-14,-3.4106491962545433e-20,-3457.7059311622734
0.000591,591.0,10.244515941374159,10.250107318795191,-0.9070628114139198,3.4646006084442103e-14,-3.4106517811939575e-20,-3459.89268120481
0.00059125,591.25,10.242331336699225,10.24792002124148,-0.906582029807856,3.464649556472004e-14,-3.410647903784836e-20,-3462.07997875852
0.0005915,591.5,10.24014618301855,10.245732176205498,-0.9061015739085477,3.464698452628847e-14,-3.4106401489665935e-20,-3464.2678237945015
0.00059175,591.75,10.237960480362371,10.24354378371628,-0.9056214432626895,3.464747296976925e-14,-3.4106504887242504e-20,-3466.4562162837215
0.000592,592.0,10.235774228761064,10.241354843802975,-0.9051416374218005,3.4647960895782005e-14,-3.410644026375715e-20,-3468.645156197025
0.00059225,592.25,10.233587428245144,10.239165356494917,-0.9046621559300294,3.4648448304953025e-14,-3.410647903784836e-20,-3470.8346435050844
0.0005925,592.5,10.23140007884527,10.236975321821564,-0.904182998330401,3.4648935197912225e-14,-3.4106414414363006e-20,-3473.0246781784363
0.00059275,592.75,10.229212180592237,10.234784739812524,-0.903704164173095,3.4649421575277294e-14,-3.410645318845422e-20,-3475.2152601874773
0.000593,593.0,10.227023733516978,10.232593610497517,-0.9032256530130794,3.464990743766371e-14,-3.4106401489665935e-20,-3477.406389502483
0.00059325,593.25,10.224834737650571,10.230401933906434,-0.9027474643981173,3.4650392785693586e-14,-3.4106298092089366e-20,-3479.5980660935666
0.0005935,593.5,10.22264519302422,10.228209710069303,-0.9022695978750042,3.465087761999267e-14,-3.410634979087765e-20,-3481.790289930698
0.00059375,593.75,10.220455099669284,10.22601693901628,-0.9017920529979114,3.4651361941174526e-14,-3.4106272242695224e-20,-3483.983060983722
0.000594,594.0,10.218264457617252,10.22382362077763,-0.9013148293256179,3.465184574985052e-14,-3.410623346860401e-20,-3486.1763792223715
0.00059425,594.25,10.216073266899755,10.221629755383862,-0.9008379264076568,3.4652329046638637e-14,-3.410633686618058e-20,-3488.3702446161387
0.0005945,594.5,10.213881527548562,10.219435342865614,-0.9003613437933565,3.465281183216047e-14,-3.410644026375715e-20,-3490.564657134386
0.00059475,594.75,10.211689239595582,10.217240383253579,-0.899885081041006,3.4653294107025525e-14,-3.410647903784836e-20,-3492.759616746423
0.000595,595.0,10.20949640307286,10.215044876578627,-0.8994091377122582,3.465377587184105e-14,-3.410642733906008e-20,-3494.9551234213736
0.00059525,595.25,10.207303018012585,10.212848822871731,-0.8989335133635584,3.465425712722094e-14,-3.4106272242695224e-20,-3497.151177128271
0.0005955,595.5,10.205109084447079,10.210652222164013,-0.8984582075491215,3.465473787378273e-14,-3.410624639330108e-20,-3499.3477778359875
0.00059575,595.75,10.202914602408804,10.208455074486828,-0.897983219828034,3.4655218112131835e-14,-3.410633686618058e-20,-3501.544925513173
0.000596,596.0,10.200719571930367,10.206257379871582,-0.8975085497658197,3.4655697842871484e-14,-3.410624639330108e-20,-3503.7426201284197
0.00059625,596.25,10.198523993044503,10.204059138349855,-0.897034196920713,3.465617706661152e-14,-3.410625931799815e-20,-3505.9408616501464
0.0005965,596.5,10.196327865784095,10.20186034995337,-0.8965601608499861,3.4656655783965396e-14,-3.410623346860401e-20,-3508.139650046631
0.00059675,596.75,10.194131190182153,10.199661014713975,-0.8960864411181847,3.4657133995534516e-14,-3.4106298092089366e-20,-3510.3389852860255
0.000597,597.0,10.191933966271845,10.197461132663621,-0.8956130372943318,3.465761170191812e-14,-3.4106298092089366e-20,-3512.538867336379
0.00059725,597.25,10.189736194086455,10.19526070383451,-0.8951399489383826,3.465808890372201e-14,-3.4106401489665935e-20,-3514.7392961654905
0.0005975,597.5,10.187537873659416,10.193059728258957,-0.8946671756105088,3.4658565601555634e-14,-3.410642733906008e-20,-3516.940271741044
0.00059775,597.75,10.185339005024304,10.190858205969315,-0.894194716880162,3.4659041796016394e-14,-3.410642733906008e-20,-3519.141794030686
0.000598,598.0,10.183139588214821,10.188656136998103,-0.8937225723193682,3.465951748769957e-14,-3.410644026375715e-20,-3521.3438630018973
0.00059825,598.25,10.180939623264816,10.186453521378079,-0.8932507414916107,3.4659992677206986e-14,-3.4106401489665935e-20,-3523.546478621922
0.0005985,598.5,10.178739110208275,10.184250359142128,-0.892779223960269,3.466046736514409e-14,-3.410632394148351e-20,-3525.7496408578722
0.00059875,598.75,10.176538049079314,10.182046650323175,-0.8923080192976597,3.4660941552104356e-14,-3.4106401489665935e-20,-3527.953349676826
0.000599,599.0,10.174336439912201,10.179842394954317,-0.8918371270796499,3.4661415238679104e-14,-3.4106388564968864e-20,-3530.157605045683
0.00059925,599.25,10.172134282741332,10.177637593068821,-0.8913665468743659,3.4661888425466224e-14,-3.410637564027179e-20,-3532.3624069311804
0.0005995,599.5,10.169931577601238,10.175432244700099,-0.8908962782484205,3.4662361113066845e-14,-3.410634979087765e-20,-3534.5677552999023
0.00059975,599.75,10.167728324526596,10.17322634988167,-0.8904263207787562,3.466283330206887e-14,-3.410623346860401e-20,-3536.7736501183304
0.0006,600.0,10.16552452355222,10.171019908647217,-0.8899566740393965,3.466330499306354e-14,-3.4106272242695224e-20,-3538.9800913527843
