t_s,t_us,x1_um,x2_um,Vout_mV,ER_J,energy_residual_J,tip_overlap_nm
0.0,0.0,13.860000000000001,13.680000000000001,0.0,0.0,0.0,-29.999999999999712
2.5e-7,0.25,13.860992524048438,13.681586215680806,1.5828042968928884,4.2135417956006256e-19,3.441357635309431e-21,-28.413784319195514
5.0e-7,0.5,13.861970340610421,13.684235200462805,4.1025266051877045,5.313757649633306e-18,2.0413410947260278e-21,-25.764799537196478
7.5e-7,0.75,13.862933850011819,13.687791560092023,7.378610715234275,2.5078752775925107e-17,3.008562213683611e-21,-22.208439907977166
1.0e-6,1.0,13.863883493002545,13.692110781185079,11.264569270463667,7.704737868087152e-17,5.1949068984895124e-21,-17.889218814922703
1.25e-6,1.25,13.864819750036663,13.697056234135008,15.637612653374068,1.8512044438001147e-16,6.873588970360796e-21,-12.94376586499233
1.5e-6,1.5,13.865743145620645,13.702494792971557,20.387683488761322,3.7879094488154747e-16,1.6663702881690628e-20,-7.505207028443654
1.75e-6,1.75,13.866654247899705,13.708294422679993,25.405334398629645,6.916235501891876e-16,7.707831314276068e-21,-1.7055773200087594
2.0e-6,2.0,13.867553688500989,13.714315768622418,30.471998571280672,1.1580650383768708e-15,8.394770885671546e-21,4.315768622416462
2.25e-6,2.25,13.868442689505184,13.720244371917365,35.027814467360635,1.8001829065815654e-15,7.258574498638174e-21,10.244371917365102
2.5e-6,2.5,13.86932314032338,13.725574384612903,38.49460092077037,2.6100575608571586e-15,6.1329690930610344e-21,15.574384612901758
2.75e-6,2.75,13.870196711367752,13.729889776932211,40.48377179611523,3.544644684886994e-15,1.5672056306700897e-20,19.889776932210353
3.0e-6,3.0,13.87106432555454,13.733017313350933,40.924209851084,4.5368588238258535e-15,-2.3968744089680254e-20,23.017313350932575
3.25e-6,3.25,13.871926113511986,13.735022803046576,40.024501575412614,5.516736789469003e-15,-2.7252764212615146e-20,25.022803046574527
3.5e-6,3.5,13.872781684233447,13.736113038022356,38.13496031655067,6.429089199703855e-15,-4.0530961442174715e-20,26.113038022355447
3.75e-6,3.75,13.873630437680232,13.736533019983716,35.618880135325895,7.24055672096184e-15,-4.218863462090525e-20,26.533019983715377
4.0e-6,4.0,13.874471769484403,13.736503757150242,32.781571135316476,7.937836943298415e-15,-4.4853001145397025e-20,26.503757150241253
4.25e-6,4.25,13.87530515990465,13.73619954487837,29.849910929029225,8.522015143155746e-15,-4.252394003702186e-20,26.199544878368823
4.5e-6,4.5,13.876130192829743,13.735747671167502,26.97866215870064,9.00266958104254e-15,-4.3711503209183784e-20,25.747671167501874
4.75e-6,4.75,13.876946545329389,13.735236557287507,24.265626386265012,9.393315859830053e-15,-4.2593630003629455e-20,25.236557287505573
5.0e-6,5.0,13.877753969693137,13.73472511808848,21.766869190706302,9.708422065143187e-15,-4.252110791277615e-20,24.725118088480013
5.25e-6,5.25,13.878552276646753,13.734250713022316,19.509102229503277,9.961696600686732e-15,-4.233307134184952e-20,24.250713022315256
5.5e-6,5.5,13.879341321965496,13.733835210732892,17.49893823802142,1.0165254212020043e-14,-4.3110146135032e-20,23.835210732890303
5.75e-6,5.75,13.880120996282736,13.733489442455582,15.729589220485073,1.0329329283638242e-14,-4.267568082739846e-20,23.48944245558037
6.0e-6,6.0,13.880891217294884,13.733216462746386,14.185686097376541,1.0462300516040904e-14,-4.1873034521060726e-20,23.21646274638494
6.25e-6,6.25,13.88165192362323,13.733013972845672,12.846769234194538,1.0570872866012834e-14,-4.1186926977039203e-20,23.01397284567166
6.5e-6,6.5,13.882403069813426,13.732876158232745,11.689837070546696,1.0660322332438627e-14,-4.066020679729899e-20,22.876158232744686
6.75e-6,6.75,13.883144622161874,13.732795102333261,10.691207872733997,1.0734749500988814e-14,-4.03980341639723e-20,22.795102333261127
7.0e-6,7.0,13.883876555205935,13.732761875492178,9.827858781058872,1.0797313688439925e-14,-4.03312231736373e-20,22.761875492177705
7.25e-6,7.25,13.884598848803202,13.732767359588692,9.078350271509649,1.0850435448425187e-14,-4.0240688901828226e-20,22.767359588692013
7.5e-6,7.5,13.885311485765907,13.732802847970893,8.423413093367078,1.0895964439018708e-14,-4.0286574807605044e-20,22.8028479708919
7.75e-6,7.75,13.886014450024849,13.732860451656519,7.846259640879535,1.0935314530588438e-14,-4.019850915293656e-20,22.86045165651748
8.0e-6,8.0,13.886707725288574,13.732933340593592,7.332675095993972,1.0969570226891037e-14,-4.010757583110541e-20,22.933340593591
8.25e-6,8.25,13.88739129414717,13.733015849343339,6.870940426715903,1.099956910883094e-14,-4.006503419069575e-20,23.015849343338697
8.5e-6,8.5,13.888065137555627,13.733103477231465,6.451636212955174,1.1025964820310649e-14,-4.008465226526261e-20,23.10347723146409
8.75e-6,8.75,13.888729234622202,13.7331928123765,6.067371680515996,1.1049274581108972e-14,-4.0097027662708225e-20,23.192812376499177
9.0e-6,9.0,13.889383562625651,13.733281406657408,5.712477012396564,1.1069914577101581e-14,-4.007929497832662e-20,23.281406657407626
9.25e-6,9.25,13.890028097189344,13.73336762486505,5.382689419813318,1.1088225977453895e-14,-4.0087980374758427e-20,23.367624865048427
9.5e-6,9.5,13.890662812550042,13.73345048654672,5.074855386118583,1.1104493804626865e-14,-4.008576217362359e-20,23.450486546719986
9.75e-6,9.75,13.891287681870885,13.733529514102944,4.786663844823087,1.1118960438829597e-14,-4.0115732930544434e-20,23.52951410294244
1.0e-5,10.0,13.891902677561124,13.733604595999553,4.5164182991062285,1.1131835170962265e-14,-4.0050613459938624e-20,23.604595999553002
1.025e-5,10.25,13.892507771576582,13.73367587003626,4.262850637847465,1.1143300908329534e-14,-4.003626866177679e-20,23.675870036259163
1.05e-5,10.5,13.893102935685464,13.733743628429039,4.024975404728277,1.1153518878946326e-14,-4.0037889095672085e-20,23.743628429038022
1.075e-5,10.75,13.893688141691703,13.733808244248504,3.80198077258553,1.1162631969046965e-14,-4.002969806890325e-20,23.80824424850288
1.1e-5,11.0,13.894263361614264,13.733870117285678,3.5931510399673465,1.11707671531947e-14,-4.0028757797191324e-20,23.870117285676912
1.125e-5,11.25,13.894828567824455,13.733929636631947,3.3978149546770315,1.1178037339534295e-14,-4.0029347486495195e-20,23.929636631946117
1.15e-5,11.5,13.89538373314598,13.733987156925146,3.2153142243808612,1.1184542847799467e-14,-4.002970130007752e-20,23.98715692514516
1.175e-5,11.75,13.895928830923454,13.734042985257165,3.0449870756638604,1.1190372660213887e-14,-4.0020208110078764e-20,24.042985257163938
1.2e-5,12.0,13.896463835065491,13.7340973760038,2.8861624428457473,1.1195605528422016e-14,-4.0017721721479704e-20,24.09737600379907
1.225e-5,12.25,13.896988720068245,13.734150531197278,2.738161141737498,1.1200310985014541e-14,-4.0015335499282944e-20,24.15053119727729
1.25e-5,12.5,13.897503461024519,13.734202604491081,2.600301177678999,1.1204550282160367e-14,-4.001344849351056e-20,24.202604491079462
1.275e-5,12.75,13.898008033623015,13.734253707182397,2.4719050533232725,1.1208377267106629e-14,-4.003236701884844e-20,24.25370718239565
1.3e-5,13.0,13.89850241414123,13.734303915149297,2.352307571473028,1.121183919786787e-14,-4.002420668823515e-20,24.30391514929616
1.325e-5,13.25,13.898986579434865,13.734353275883562,2.240863128772998,1.1214977495399382e-14,-4.002236330331538e-20,24.3532758835614
1.35e-5,13.5,13.899460506925795,13.734401815068345,2.136951899722773,1.1217828434085753e-14,-4.004050473124186e-20,24.401815068345023
1.375e-5,13.75,13.899924174589978,13.734449542435573,2.0399846674295388,1.1220423770675388e-14,-4.004090539685106e-20,24.449542435572788
1.4e-5,14.0,13.900377560946389,13.734496456673844,1.9494061677943524,1.1222791305514336e-14,-4.004229157061194e-20,24.496456673842868
1.425e-5,14.25,13.900820645047409,13.73454254941468,1.864697071972848,1.1224955387266612e-14,-4.004488135678757e-20,24.54254941467982
1.45e-5,14.5,13.9012534064709,13.734587808316308,1.785374756891702,1.1226937358450137e-14,-4.004252259957209e-20,24.587808316307065
1.475e-5,14.75,13.901675825314054,13.734632219349862,1.7109930628761614,1.1228755947978321e-14,-4.004324799819521e-20,24.632219349861696
1.5e-5,15.0,13.902087882188926,13.734675768390723,1.6411412696765335,1.123042761279568e-14,-4.004662295971791e-20,24.675768390722038
1.525e-5,15.25,13.902489558219353,13.734718442260135,1.5754424968009662,1.1231966837209989e-14,-4.004437890918893e-20,24.71844226013455
1.55e-5,15.5,13.902880835039118,13.734760229332787,1.5135517203190139,1.1233386392122521e-14,-4.003946429312763e-20,24.76022933278548
1.575e-5,15.75,13.903261694791112,13.734801119814446,1.4551535628478782,1.1234697558644565e-14,-4.0042648615368533e-20,24.801119814444725
1.6e-5,16.0,13.903632120127236,13.734841105791189,1.3999599888920073,1.1235910321848835e-14,-4.0044372446840397e-20,24.841105791186887
1.625e-5,16.25,13.903992094208835,13.734880181127528,1.347708011171048,1.1237033537449814e-14,-4.004099425414343e-20,24.880181127527127
1.65e-5,16.5,13.90434160070754,13.734918341273415,1.2981574615125644,1.1238075076159416e-14,-4.003924780445169e-20,24.918341273414512
1.675e-5,16.75,13.904680623806323,13.734955583025148,1.2510888969579894,1.123904194736429e-14,-4.0040167073530874e-20,24.95558302514682
1.7e-5,17.0,13.905009148200683,13.734991904274537,1.206301651676764,1.1239940406596423e-14,-4.004054673650734e-20,24.991904274535276
1.725e-5,17.25,13.905327159099897,13.735027303770572,1.163612063324264,1.1240776047956366e-14,-4.003740926629332e-20,25.02730377057151
1.75e-5,17.5,13.905634642228218,13.735061780902774,1.1228518601133042,1.1241553884461749e-14,-4.0035851840296247e-20,25.06178090277347
1.775e-5,17.75,13.905931583826046,13.735095335515785,1.083866720848326,1.1242278417432019e-14,-4.003697305776717e-20,25.095335515783454
1.8e-5,18.0,13.90621797065103,13.735127967756904,1.046514983639831,1.1242953697050332e-14,-4.003604409516518e-20,25.127967756903875
1.825e-5,18.25,13.906493789979075,13.73515967795731,1.0106664978410034,1.1243583374964472e-14,-4.003269498303662e-20,25.15967795730768
1.85e-5,18.5,13.906759029605233,13.735190466540676,0.976201600079573,1.1244170750250051e-14,-4.0034497978278045e-20,25.19046654067566
1.875e-5,18.75,13.907013677844574,13.73522033395763,0.9430102025765525,1.1244718809752633e-14,-4.003508120523338e-20,25.22033395762935
1.9e-5,19.0,13.907257723532897,13.735249280641321,0.9109909797755782,1.1245230263246697e-14,-4.003362071446434e-20,25.249280641321068
1.925e-5,19.25,13.907491156027428,13.735277306980418,0.8800506370980626,1.1245707574491503e-14,-4.0029093839315174e-20,25.277306980416967
1.95e-5,19.5,13.907713965207392,13.735304413303307,0.8501032548304885,1.1246152988504073e-14,-4.0031323349559946e-20,25.30441330330663
1.975e-5,19.75,13.90792614147463,13.735330599871864,0.821069693092937,1.1246568555748813e-14,-4.003080313050283e-20,25.330599871862162
2.0e-5,20.0,13.908127675754022,13.735355866882577,0.7928770545748273,1.1246956153268762e-14,-4.0029467039943103e-20,25.355866882576564
2.025e-5,20.25,13.908318559493997,13.73538021447121,0.765458191704054,1.1247317503558002e-14,-4.0029646370114965e-20,25.38021447120889
2.05e-5,20.5,13.908498784666923,13.735403642719097,0.7387512580417107,1.1247654191276272e-14,-4.0030696501751995e-20,25.40364271909633
2.075e-5,20.75,13.908668343769488,13.735426151660912,0.7126992950345713,1.1247967678058057e-14,-4.003060764445963e-20,25.426151660911323
2.1e-5,21.0,13.908827229823043,13.735447741293308,0.6872498533663884,1.1248259315565913e-14,-4.00317692516089e-20,25.4477412933081
2.125e-5,21.25,13.90897543637394,13.735468411582147,0.6623546423563964,1.1248530357197832e-14,-4.003294055228097e-20,25.46841158214614
2.15e-5,21.5,13.909112957493791,13.735488162468936,0.6379692071224548,1.124878196857349e-14,-4.0033019716050533e-20,25.488162468936128
2.175e-5,21.75,13.909239787779738,13.735506993876594,0.6140526303463998,1.1249015236706116e-14,-4.0034349344261727e-20,25.506993876592986
2.2e-5,22.0,13.909355922354694,13.735524905714618,0.5905672562950606,1.1249231178226384e-14,-4.003459652909321e-20,25.524905714616324
2.225e-5,22.25,13.909461356867544,13.735541897882507,0.5674784359180428,1.1249430746777247e-14,-4.0035024659683694e-20,25.541897882507378
2.25e-5,22.5,13.909556087493309,13.735557970272492,0.5447542905953981,1.1249614839656678e-14,-4.0035540031979406e-20,25.557970272491367
2.275e-5,22.75,13.909640110933324,13.735573122771974,0.5223654950523134,1.124978430356822e-14,-4.0033871130470094e-20,25.573122771973896
2.3e-5,23.0,13.909713424415338,13.735587355265146,0.5002850754869035,1.1249939939868422e-14,-4.0033510854539236e-20,25.587355265145234
2.325e-5,23.25,13.909776025693636,13.735600667633873,0.4784882241805207,1.1250082509324388e-14,-4.003189365181821e-20,25.600667633873083
2.35e-5,23.5,13.909827913049075,13.735613059758327,0.4569521276986091,1.1250212736310706e-14,-4.0032165070456704e-20,25.613059758326
2.375e-5,23.75,13.90986908528917,13.735624531517653,0.4356558091618599,1.1250331312475895e-14,-4.0031019619178774e-20,25.624531517651015
2.4e-5,24.0,13.909899541748072,13.735635082790107,0.41457998210990493,1.1250438900120835e-14,-4.003158669026277e-20,25.63508279010578
2.425e-5,24.25,13.909919282286575,13.735644713453135,0.3937069163727784,1.1250536135313348e-14,-4.0031987355871976e-20,25.644713453134788
2.45e-5,24.5,13.90992830729207,13.735653423383397,0.3730203144620475,1.1250623630511732e-14,-4.003029906731706e-20,25.65342338339649
2.475e-5,24.75,13.909926617678462,13.735661212456755,0.35250519716147793,1.1250701976900644e-14,-4.003154953175869e-20,25.66121245675313
2.5e-5,25.0,13.909914214886095,13.735668080548313,0.33214779899027336,1.1250771746729262e-14,-4.0033680491188295e-20,25.668080548313082
2.525e-5,25.25,13.909891100881614,13.73567402753246,0.31193547242507663,1.1250833495186973e-14,-4.003295670815231e-20,25.674027532457973
2.55e-5,25.5,13.909857278157805,13.735679053282396,0.2918565964232468,1.1250887762078242e-14,-4.003150752649321e-20,25.679053282395447
2.575e-5,25.75,13.909812749733415,13.735683157670687,0.27190049814441936,1.1250935073506946e-14,-4.0029937175799066e-20,25.683157670686
2.6e-5,26.0,13.909757519152938,13.735686340568838,0.25205737492489483,1.1250975943165152e-14,-4.003293085875817e-20,25.68634056883813
2.625e-5,26.25,13.909691590486403,13.735688601847636,0.2323182263649851,1.1251010873734698e-14,-4.0033743499086517e-20,25.688601847635262
2.65e-5,26.5,13.909614968329068,13.735689941377123,0.21267479055254,1.125104035795427e-14,-4.0031384741871034e-20,25.689941377122214
2.675e-5,26.75,13.909527657801123,13.735690359026114,0.1931194843813033,1.1251064879530032e-14,-4.003328790351476e-20,25.69035902611222
2.7e-5,27.0,13.909429664547408,13.735689854662981,0.1736453507800383,1.1251084914239368e-14,-4.003462884083589e-20,25.68985466297974
2.725e-5,27.25,13.90932099473702,13.735688428155415,0.15424600853898493,1.1251100930662582e-14,-4.003491156858432e-20,25.688428155413156
2.75e-5,27.5,13.909201655062951,13.735686079370304,0.13491560642312728,1.1251113390887637e-14,-4.003442043009562e-20,25.68607937030293
2.775e-5,27.75,13.909071652741659,13.735682808173799,0.11564878100734423,1.1251122751175165e-14,-4.0034754856632334e-20,25.682808173797525
2.8e-5,28.0,13.908930995512666,13.735678614431558,0.09644061822244489,1.1251129462606622e-14,-4.0032704676559424e-20,25.67861443155752
2.825e-5,28.25,13.908779691638044,13.735673498008838,0.07728661770454541,1.1251133971600126e-14,-4.00325366554975e-20,25.673498008836912
2.85e-5,28.5,13.908617749901968,13.735667458770221,0.0581826596200833,1.1251136720335583e-14,-4.003288239114415e-20,25.66745877022054
2.875e-5,28.75,13.908445179610174,13.735660496579623,0.039124974288103874,1.1251138147180772e-14,-4.0033040718683274e-20,25.6604965796224
2.9e-5,29.0,13.908261990589407,13.735652611300587,0.020110114713353534,1.1251138687122153e-14,-4.003267398040388e-20,25.652611300585487
2.925e-5,29.25,13.908068193186846,13.735643802796416,0.001134931068651218,1.1251138772111843e-14,-4.0032053594944465e-20,25.643802796413926
2.95e-5,29.5,13.907863798269497,13.735634070929533,-0.017803453659222545,1.1251138831277178e-14,-4.003176117367323e-20,25.634070929532626
2.975e-5,29.75,13.90764881722357,13.735623415562106,-0.03670766476476764,1.1251139291275245e-14,-4.003134112101842e-20,25.62341556210561
3.0e-5,30.0,13.907423261953802,13.735611836555707,-0.055580096183752405,1.1251140576499606e-14,-4.003267398040388e-20,25.611836555705672
3.025e-5,30.25,13.907187144882782,13.735599333771361,-0.07442292889782912,1.125114310929578e-14,-4.0034186169961204e-20,25.599333771360115
3.05e-5,30.5,13.906940478950235,13.735585907069513,-0.09323814792713557,1.1251147310151262e-14,-4.003438004041727e-20,25.585907069511794
3.075e-5,30.750000000000004,13.906683277612258,13.735571556309983,-0.11202755800293389,1.1251153597861873e-14,-4.003541240059583e-20,25.571556309981833
3.1e-5,31.0,13.906415554840569,13.735556281351913,-0.13079279800048646,1.1251162389679023e-14,-4.003585830264478e-20,25.556281351912048
3.125e-5,31.25,13.906137325121705,13.735540082053703,-0.14953535423243905,1.1251174101439372e-14,-4.00352298392497e-20,25.540082053702243
3.15e-5,31.5,13.905848603456171,13.735522958272993,-0.16825657267389757,1.1251189147678889e-14,-4.0036373674940494e-20,25.522958272991588
3.175e-5,31.75,13.905549405357624,13.735504909866513,-0.18695767030127444,1.1251207941732649e-14,-4.0037523972979826e-20,25.504909866512936
3.2e-5,32.0,13.905239746851962,13.735485936690042,-0.20563974547461084,1.1251230895821664e-14,-4.0037751770765705e-20,25.485936690040287
3.225e-5,32.25,13.904919644476418,13.735466038598311,-0.22430378749540222,1.1251258421127894e-14,-4.0039288194130036e-20,25.466038598310885
3.25e-5,32.5,13.904589115278641,13.735445215444924,-0.24295068546179294,1.1251290927859027e-14,-4.003912017306811e-20,25.44521544492355
3.275e-5,32.75,13.904248176815708,13.735423467082223,-0.26158123641139547,1.1251328825304157e-14,-4.003856441109405e-20,25.42346708222181
3.3e-5,33.0,13.903896847153142,13.73540079336119,-0.28019615282733157,1.1251372521881132e-14,-4.003686158225493e-20,25.400793361188846
3.325e-5,33.25,13.903535144863888,13.735377194131322,-0.29879606956238386,1.1251422425176477e-14,-4.003660955066204e-20,25.377194131322153
3.35e-5,33.5,13.903163089027283,13.73535266924051,-0.3173815502178513,1.12514789419786e-14,-4.0037079686518005e-20,25.35266924050986
3.375e-5,33.75,13.90278069922797,13.735327218534891,-0.33595309303213455,1.1251542478305088e-14,-4.003601016783537e-20,25.327218534890132
3.4e-5,34.0,13.902387995554797,13.735300841858685,-0.35451113631143916,1.1251613439424614e-14,-4.0034809786594886e-20,25.300841858683437
3.425e-5,34.25,13.901984998599689,13.735273539054084,-0.37305606343967845,1.1251692229874163e-14,-4.003229108625315e-20,25.273539054084154
3.45e-5,34.5,13.901571729456492,13.735245309961053,-0.3915882075015367,1.1251779253472003e-14,-4.003202774555032e-20,25.24530996105218
3.475e-5,34.75,13.901148209719802,13.73521615441718,-0.41010785554868523,1.125187491332693e-14,-4.003283553911727e-20,25.216154417179112
3.5e-5,35.0,13.900714461483757,13.73518607225749,-0.4286152525419308,1.1251979611844184e-14,-4.003267398040388e-20,25.186072257488348
3.525e-5,35.25,13.900270507340785,13.73515506331425,-0.44711060498888333,1.125209375072845e-14,-4.003259481663432e-20,25.15506331425042
3.55e-5,35.5,13.899816370380355,13.735123127416815,-0.465594084282494,1.125221773098444e-14,-4.003234924738997e-20,25.123127416813603
3.575e-5,35.75,13.89935207418769,13.73509026439136,-0.4840658298315653,1.1252351952915386e-14,-4.003126680401026e-20,25.090264391358257
3.6e-5,36.0,13.898877642842438,13.735056474060672,-0.5025259519835572,1.1252496816119244e-14,-4.003097761391329e-20,25.056474060671547
3.625e-5,36.25,13.89839310091735,13.735021756243981,-0.5209745345834884,1.1252652719483078e-14,-4.003025059970304e-20,25.0217562439797
3.65e-5,36.5,13.897898473476895,13.734986110756685,-0.5394116374786972,1.125282006117587e-14,-4.0031032543875845e-20,24.98611075668374
3.675e-5,36.75,13.897393786075881,13.734949537410118,-0.557837298797499,1.1252999238640391e-14,-4.003137181717396e-20,24.94953741011724
3.7e-5,37.0,13.896879064758023,13.734912036011279,-0.5762515370639918,1.1253190648583997e-14,-4.0030588257414025e-20,24.91203601127867
3.725e-5,37.25,13.896354336054493,13.734873606362571,-0.5946543531690688,1.1253394686968624e-14,-4.003067226794499e-20,24.873606362570484
3.75e-5,37.5,13.895819626982455,13.734834248261508,-0.6130457321937354,1.1253611749000064e-14,-4.0031572149978565e-20,24.83424826150776
3.775e-5,37.75,13.89527496504357,13.734793961500412,-0.6314256451002676,1.1253842229116736e-14,-4.00312926534044e-20,24.793961500409882
3.8e-5,38.0,13.894720378222456,13.734752745866123,-0.6497940503031944,1.125408652097807e-14,-4.0030400849306493e-20,24.752745866122698
3.825e-5,38.25,13.894155894985143,13.734710601139696,-0.6681508951283875,1.1254345017452597e-14,-4.003066095883505e-20,24.710601139694973
3.85e-5,38.5,13.893581544277504,13.734667527096057,-0.686496117169639,1.1254618110605911e-14,-4.002912130429645e-20,24.6675270960565
3.875e-5,38.75,13.892997355523624,13.734623523503675,-0.7048296455487524,1.1254906191688578e-14,-4.003178056071884e-20,24.623523503674207
3.9e-5,39.0,13.892403358624223,13.73457859012422,-0.7231514021032756,1.1255209651124111e-14,-4.0032297548601683e-20,24.578590124220128
3.925e-5,39.25,13.891799583954953,13.734532726712205,-0.7414613024799857,1.1255528878497066e-14,-4.0031119785581075e-20,24.53272671220379
3.95e-5,39.5,13.891186062364728,13.734485933014621,-0.7597592571519799,1.1255864262541434e-14,-4.0029297403294044e-20,24.485933014619835
3.975e-5,39.75,13.890562825174015,13.734438208770582,-0.7780451723509795,1.1256216191129698e-14,-4.00306060288725e-20,24.438208770580424
4.0e-5,40.0,13.889929904173135,13.734389553710779,-0.7963189511489144,1.1256585051261722e-14,-4.0032307242124486e-20,24.38955371077821
4.025e-5,40.25,13.889287331620467,13.734339967557235,-0.8145804941029358,1.1256971229054298e-14,-4.003467084610137e-20,24.339967557233916
4.05e-5,40.5,13.88863514024069,13.73428945002282,-0.8328297001370961,1.1257375109730732e-14,-4.00363882152247e-20,24.28945002281862
4.075e-5,40.75,13.887973363222958,13.734238000810784,-0.8510664673171989,1.1257797077611416e-14,-4.0037847090406604e-20,24.238000810782804
4.1e-5,41.0,13.88730203421908,13.734185619614305,-0.8692906935514465,1.1258237516105041e-14,-4.003957092187847e-20,24.185619614304024
4.125e-5,41.25,13.886621187341659,13.73413230611603,-0.8875022772806304,1.1258696807700487e-14,-4.003970016884918e-20,24.132306116027834
4.15e-5,41.5,13.8859308571622,13.734078059987567,-0.9057011181209181,1.1259175333959456e-14,-4.0041068571151586e-20,24.07805998756634
4.175e-5,41.75,13.885231078709227,13.734022880889004,-0.9238871174776464,1.1259673475509917e-14,-4.0040412642775226e-20,24.022880889003527
4.2e-5,42.0,13.884521887466315,13.73396676846837,-0.9420601791313636,1.1260191612040369e-14,-4.00403302478314e-20,23.966768468370095
4.225e-5,42.25,13.883803319370164,13.733909722361107,-0.9602202097952927,1.1260730122294999e-14,-4.0039856880801167e-20,23.909722361106454
4.25e-5,42.5,13.883075410808601,13.73385174218953,-0.9783671196554747,1.1261289384069783e-14,-4.0039682397390706e-20,23.851742189529087
4.275e-5,42.75,13.882338198618577,13.733792827562244,-0.9965008228894079,1.1261869774209565e-14,-4.0039603233621146e-20,23.792827562242696
4.3e-5,43.0,13.881591720084142,13.73373297807354,-1.0146212381620485,1.1262471668606147e-14,-4.003904424047282e-20,23.732978073538835
4.325e-5,43.25,13.88083601293438,13.73367219330281,-1.0327282891179004,1.1263095442197475e-14,-4.003790040478202e-20,23.672193302809738
4.35e-5,43.5,13.88007111534132,13.73361047281391,-1.050821904845378,1.1263741468967914e-14,-4.00392720382587e-20,23.61047281390798
4.375e-5,43.75,13.879297065917873,13.73354781615458,-1.0689020202160986,1.126441012195015e-14,-4.0039357664376794e-20,23.547816154578946
4.4e-5,44.0,13.878513903715652,13.733484222855509,-1.0869685766915094,1.1265101773227656e-14,-4.004087631628265e-20,23.484222855508794
4.425e-5,44.25,13.877721668222854,13.733419692429889,-1.10502152240475,1.1265816793938881e-14,-4.0042748781770834e-20,23.419692429887355
4.45e-5,44.5,13.87692039936207,13.73335422437261,-1.1230608127369812,1.1266555554281953e-14,-4.0045065533720837e-20,23.354224372608552
4.475e-5,44.75,13.876110137488102,13.733287818159491,-1.1410864107475058,1.1267318423521247e-14,-4.0045345030295e-20,23.28781815948944
4.5e-5,45.0,13.875290923385698,13.733220473246538,-1.1590982876017772,1.1268105769995358e-14,-4.004549527989845e-20,23.220473246536656
4.525e-5,45.25,13.874462798267347,13.733152189069116,-1.1770964229978302,1.1268917961126504e-14,-4.004632569168527e-20,23.15218906911465
4.55e-5,45.5,13.873625803770995,13.733082965041163,-1.1950808055822038,1.126975536343145e-14,-4.004686368220086e-20,23.08296504116133
4.575e-5,45.75,13.872779981957743,13.733012800554345,-1.2130514333629934,1.127061834253392e-14,-4.0047123791729416e-20,23.012800554344402
4.6e-5,46.0,13.871925375309532,13.732941694977189,-1.2310083141258712,1.1271507263178638e-14,-4.0047414597413516e-20,22.941694977187257
4.625e-5,46.25,13.871062026726802,13.732869647654184,-1.2489514658486347,1.1272422489246974e-14,-4.004605427304678e-20,22.869647654182955
4.65e-5,46.5,13.870189979526128,13.732796657904869,-1.2668809171160051,1.127336438377429e-14,-4.0045094614289247e-20,22.79665790486758
4.675e-5,46.75,13.869309277437823,13.732722725022843,-1.2847967075469715,1.127433330896903e-14,-4.0044462919719895e-20,22.722725022841058
4.7e-5,47.0,13.868419964603548,13.732647848274782,-1.3026988882283546,1.1275329626233612e-14,-4.004239335260138e-20,22.64784827478123
4.725e-5,47.25,13.867522085573848,13.732572026899408,-1.3205875221520982,1.1276353696187202e-14,-4.004229964854761e-20,22.57202689940707
4.75e-5,47.5,13.866615685305717,13.732495260106376,-1.3384626846718881,1.127740587869044e-14,-4.004268415828548e-20,22.495260106374165
4.775e-5,47.75,13.86570080916012,13.732417547075347,-1.3563244638192826,1.1278486532872381e-14,-4.0041561325227423e-20,22.41754707534634
4.8e-5,48.0,13.86477750289946,13.732338886954514,-1.3741729611170115,1.127959601715947e-14,-4.0042097700155876e-20,22.33888695451339
4.825e-5,48.25,13.863845812685089,13.73225927885972,-1.3920082917392056,1.128073468930657e-14,-4.004327061641508e-20,22.259278859718606
4.85e-5,48.5,13.862905785074728,13.732178721873199,-1.409830585064638,1.128190290642966e-14,-4.0045737617968536e-20,22.178721873198402
4.875e-5,48.75,13.861957467019934,13.732097215042298,-1.4276399851749915,1.128310102504124e-14,-4.004640647104197e-20,22.09721504229651
4.9e-5,49.0,13.861000905863467,13.732014757378204,-1.4454366513481083,1.1284329401088076e-14,-4.0047417828587784e-20,22.01475737820362
4.925e-5,49.25,13.860036149336686,13.731931347854617,-1.463220758563939,1.12855883899914e-14,-4.004956655947586e-20,21.931347854617336
4.95e-5,49.5,13.859063245556936,13.731846985406344,-1.480992498024437,1.12868783466896e-14,-4.005065384961697e-20,21.846985406342903
4.975e-5,49.75,13.858082243024851,13.73176166892787,-1.498752077697089,1.1288199625683529e-14,-4.0051493954926595e-20,21.7616689278685
5.0e-5,50.0,13.8570931906217,13.731675397271859,-1.516499722880767,1.1289552581084536e-14,-4.005113852575714e-20,21.6753972718575
5.025e-5,50.25,13.856096137606668,13.731588169247603,-1.5342356767956042,1.1290937566665266e-14,-4.005066515872691e-20,21.58816924760181
5.05e-5,50.5,13.855091133614135,13.73149998361944,-1.5519602011903164,1.1292354935913456e-14,-4.004954555684312e-20,21.499983619437913
5.075e-5,50.75,13.854078228650918,13.731410839105129,-1.569673576960446,1.1293805042088706e-14,-4.004750022353161e-20,21.410839105127327
5.1e-5,51.0,13.853057473093518,13.73132073437413,-1.5873761047843138,1.1295288238282417e-14,-4.00462174473473e-20,21.32073437412868
5.125e-5,51.25,13.852028917685317,13.731229668045906,-1.6050681057585077,1.1296804877480908e-14,-4.004452269644385e-20,21.22966804590532
5.15e-5,51.5,13.850992613533768,13.731137638688066,-1.6227499220657173,1.129835531263191e-14,-4.0044039635890815e-20,21.13763868806524
5.175e-5,51.75,13.849948612107559,13.731044644814613,-1.6404219175248438,1.1299939896714569e-14,-4.004458893551634e-20,21.04464481461281
5.2e-5,52.0,13.84889696523376,13.73095068488374,-1.6580844785801623,1.1301558982813248e-14,-4.00459266416632e-20,20.95068488373968
5.225e-5,52.25,13.847837725094925,13.730855757295899,-1.6757380149256809,1.1303212924194939e-14,-4.0050920421494063e-20,20.85575729589868
5.25e-5,52.5,13.846770944226254,13.73075986039177,-1.6933829602063457,1.1304902074389949e-14,-4.005364107022754e-20,20.759860391769205
5.275e-5,52.75,13.845696675512588,13.730662992449993,-1.7110197729314647,1.1306626787277095e-14,-4.005586734929804e-20,20.662992449992263
5.3e-5,53.0,13.844614972185521,13.730565151684923,-1.7286489373416596,1.1308387417173214e-14,-4.005971406226384e-20,20.56515168492245
5.325e-5,53.25,13.843525887820437,13.730466336244309,-1.7462709642646306,1.1310184318927073e-14,-4.005916637822545e-20,20.466336244307087
5.35e-5,53.5,13.842429476333495,13.730366544206847,-1.7638863920233299,1.1312017848017795e-14,-4.005937640455286e-20,20.36654420684505
5.375e-5,53.75,13.841325791978651,13.730265773579683,-1.7814957873518629,1.1313888360658043e-14,-4.006072703539679e-20,20.26577357968296
5.4e-5,54.0,13.840214889344622,13.73016402229579,-1.7990997463603562,1.1315796213902066e-14,-4.0061678616218654e-20,20.16402229578938
5.425e-5,54.25,13.83909682335186,13.730061288211209,-1.8166988955596663,1.1317741765758878e-14,-4.006051539348225e-20,20.061288211207025
5.45e-5,54.5,13.837971649249441,13.729957569102197,-1.8342938929524857,1.1319725375310807e-14,-4.005947818654229e-20,19.957569102196587
5.475e-5,54.75,13.836839422612016,13.72985286266232,-1.851885429165338,1.1321747402837725e-14,-4.0058565379811643e-20,19.85286266231784
5.5e-5,55.0,13.835700199336689,13.729747166499353,-1.869474228636321,1.132380820994714e-14,-4.005654266472001e-20,19.747166499351536
5.525e-5,55.25,13.834554035639876,13.729640478132158,-1.887061050826449,1.1325908159710449e-14,-4.0055308356149716e-20,19.640478132156908
5.55e-5,55.5,13.833400988054168,13.729532794987362,-1.9046466914667473,1.1328047616805499e-14,-4.005530997173685e-20,19.532794987361466
5.575e-5,55.75,13.832241113425157,13.729424114396041,-1.9222319837354251,1.1330226947665806e-14,-4.005678338720296e-20,19.424114396040622
5.6e-5,56.0,13.831074468908252,13.729314433590032,-1.9398177997543136,1.1332446520636881e-14,-4.005735530504836e-20,19.314433590031417
5.625e-5,56.25,13.82990111196543,13.729203749698033,-1.957405052176614,1.1334706706139948e-14,-4.0060466925868235e-20,19.203749698032766
5.65e-5,56.5,13.828721100362054,13.729092059742012,-1.9749946953902175,1.133700787684237e-14,-4.006407937869962e-20,19.092059742010655
5.675e-5,56.75,13.827534492163592,13.728979360633035,-1.992587727293143,1.1339350407836554e-14,-4.006707952400726e-20,18.979360633034133
5.7e-5,57.0,13.826341345732331,13.728865649167059,-2.0101851909656854,1.134173467682739e-14,-4.006956752819345e-20,18.865649167057082
5.725e-5,57.25,13.825141719724105,13.728750922020547,-2.027788176389849,1.1344161064328416e-14,-4.0072743772498685e-20,18.750922020545833
5.75e-5,57.5,13.823935673084975,13.728635175745925,-2.0453978222290385,1.1346629953867153e-14,-4.0074142870956636e-20,18.635175745923824
5.775e-5,57.75,13.82272326504789,13.728518406766769,-2.0630153177090693,1.1349141732199919e-14,-4.007506698679722e-20,18.518406766767228
5.8e-5,58.0,13.821504555129314,13.728400611372818,-2.080641904613022,1.135169678953677e-14,-4.007570837488938e-20,18.400611372817632
5.825e-5,58.25,13.82027960312589,13.728281785714763,-2.0982788794094986,1.1354295519777057e-14,-4.007453384304304e-20,18.281785714762602
5.85e-5,58.5,13.819048469110992,13.728161925798773,-2.1159275954990244,1.1356938320756234e-14,-4.007291502473488e-20,18.161925798772337
5.875e-5,58.75,13.817811213431352,13.728041027480872,-2.13358946553268,1.1359625594504476e-14,-4.0069838946831946e-20,18.04102748087028
5.9e-5,59.0,13.816567896703576,13.727919086460982,-2.151265963827449,1.1362357747517605e-14,-4.006754965986322e-20,17.919086460981863
5.925e-5,59.25,13.815318579810732,13.727796098276764,-2.1689586288751275,1.1365135191040945e-14,-4.0065720815227654e-20,17.796098276763033
5.95e-5,59.5,13.814063323898841,13.727672058297049,-2.18666906602026,1.1367958341366742e-14,-4.0064085841048154e-20,17.6720582970476
5.975e-5,59.75,13.81280219037337,13.727546961715108,-2.20439895024004,1.1370827620145986e-14,-4.0063754645685706e-20,17.54696171510654
6.0e-5,60.0,13.811535240895726,13.727420803541602,-2.2221500290662455,1.137374345471557e-14,-4.006600031180182e-20,17.42080354160071
6.025e-5,60.25,13.81026253737971,13.727293578596644,-2.2399241263476486,1.1376706278442457e-14,-4.006904246237494e-20,17.293578596642412
6.05e-5,60.5,13.808984141987947,13.72716528150258,-2.257723144838016,1.1379716531083133e-14,-4.0073129897823685e-20,17.165281502580402
6.075e-5,60.75,13.807700117128304,13.727035906675559,-2.2755490699586196,1.1382774659161545e-14,-4.007748067397526e-20,17.03590667555835
6.1e-5,61.0,13.80641052545028,13.726905448316902,-2.293403973440248,1.1385881116366007e-14,-4.008162788614796e-20,16.905448316900504
6.125e-5,61.25,13.805115429841381,13.726773900404071,-2.31129001725462,1.138903636396604e-14,-4.008677029999514e-20,16.773900404070474
6.15e-5,61.50000000000001,13.803814893423475,13.726641256681152,-2.329209457776907,1.1392240871250512e-14,-4.0090292279947027e-20,16.64125668115057
6.175e-5,61.75,13.802508979549119,13.726507510648906,-2.347164650185811,1.139549511598835e-14,-4.009073010406031e-20,16.507510648904425
6.2e-5,62.0,13.801197751797854,13.726372655554268,-2.365158053070993,1.1398799584913067e-14,-4.0090163032976315e-20,16.372655554267
6.225e-5,62.24999999999999,13.799881273972495,13.726236684379362,-2.383192233272314,1.1402154774232497e-14,-4.0090219578526e-20,16.23668437936195
6.25e-5,62.5,13.79855961009542,13.726099589829865,-2.4012698710238944,1.1405561190165115e-14,-4.0087191968237087e-20,16.099589829863415
6.275e-5,62.74999999999999,13.797232824404759,13.725961364322757,-2.4193937654714395,1.1409019349504848e-14,-4.008369745326648e-20,15.961364322756362
6.3e-5,63.0,13.795900981350657,13.725821999973432,-2.437566840551715,1.1412529780216277e-14,-4.007901386616532e-20,15.821999973431218
6.325e-5,63.25000000000001,13.794564145591448,13.725681488582122,-2.455792151202315,1.1416093022062108e-14,-4.007551935119471e-20,15.68148858212116
6.35e-5,63.5,13.793222381989837,13.725539821619575,-2.4740728898958824,1.1419709627264923e-14,-4.007282132068111e-20,15.539821619573715
6.375e-5,63.75000000000001,13.791875755609036,13.725396990211916,-2.492412393575262,1.1423380161205298e-14,-4.0072175085827555e-20,15.396990211914282
6.4e-5,64.0,13.790524331708893,13.725252985125069,-2.5108141505698387,1.1427105203158286e-14,-4.007493612423938e-20,15.252985125067495
6.425e-5,64.25,13.789168175742004,13.725107796746713,-2.5292818099145027,1.1430885347073716e-14,-4.008021586299294e-20,15.107796746712038
6.45e-5,64.5,13.787807353349786,13.724961415069513,-2.5478191884469465,1.1434721202398106e-14,-4.0085610308433006e-20,14.961415069512785
6.475e-5,64.75,13.786441930358498,13.724813829671819,-2.5664302802912005,1.1438613394945065e-14,-4.009312925095414e-20,14.813829671816908
6.5e-5,65.0,13.785071972775317,13.724665029697599,-2.5851192663688174,1.1442562567816472e-14,-4.0098948595810424e-20,14.665029697597838
6.525e-5,65.25,13.783697546784307,13.724515003835153,-2.6038905246451383,1.1446569382377756e-14,-4.0104730782162625e-20,14.51500383515239
6.55e-5,65.5,13.782318718742394,13.72436374029455,-2.622748641098833,1.1450634519291565e-14,-4.0109325511971416e-20,14.363740294549347
6.575e-5,65.75,13.78093555517534,13.724211226783689,-2.641698421479223,1.1454758679613887e-14,-4.0113118910561796e-20,14.211226783688932
6.6e-5,66.0,13.779548122773644,13.724057450482844,-2.660744903814481,1.1458942585957377e-14,-4.0112910499821524e-20,14.057450482842684
6.625e-5,66.25,13.778156488388431,13.72390239801762,-2.679893371779596,1.1463186983726481e-14,-4.011240643663575e-20,13.902398017619557
6.65e-5,66.5,13.776760719027346,13.723746055430118,-2.699149369080625,1.1467492642429998e-14,-4.010846925079045e-20,13.746055430115982
6.675e-5,66.75,13.775360881850354,13.723588408148235,-2.718518714950274,1.1471860357077032e-14,-4.0104310729507813e-20,13.588408148232936
6.7e-5,67.0,13.773957044165591,13.723429440952975,-2.738007520793078,1.1476290949663085e-14,-4.009769005343312e-20,13.429440952973703
6.725e-5,67.25,13.772549273425112,13.723269137943502,-2.757622208006048,1.1480785270753122e-14,-4.009237800293688e-20,13.26913794350037
6.75e-5,67.5,13.771137637220649,13.723107482499898,-2.777369527143545,1.1485344201169275e-14,-4.008809023468353e-20,13.107482499898266
6.775e-5,67.75,13.769722203279336,13.722944457243232,-2.7972565786319525,1.148996865379168e-14,-4.008663297508876e-20,12.944457243231575
6.8e-5,68.0,13.76830303945939,13.72278004399344,-2.81729083453763,1.1494659575481091e-14,-4.008829702983667e-20,12.780043993439028
6.825e-5,68.25,13.766880213745747,13.722614223722378,-2.8374801641718155,1.149941794913759e-14,-4.0094739991326633e-20,12.614223722376085
6.85e-5,68.5,13.765453794245715,13.722446976505838,-2.8578328588865207,1.1504244795900508e-14,-4.010332199018187e-20,12.4469765058373
6.875e-5,68.75,13.764023849184532,13.722278281470725,-2.878357660458997,1.1509141177504607e-14,-4.011293473362853e-20,12.278281470723485
6.9e-5,69.0,13.762590446900921,13.722108116738399,-2.8990637918480973,1.1514108198807425e-14,-4.01228576698049e-20,12.108116738397229
6.925e-5,69.25,13.761153655842596,13.72193645936386,-2.9199609903828136,1.1519147010502102e-14,-4.01324768756001e-20,11.936459363859155
6.95e-5,69.5,13.759713544561768,13.721763285270178,-2.941059543742622,1.1524258812032266e-14,-4.0139223567471233e-20,11.76328527017741
6.975e-5,69.75,13.758270181710534,13.721588569177829,-2.962370329076769,1.1529444854727462e-14,-4.0143818297280024e-20,11.588569177828171
7.0e-5,70.0,13.756823636036314,13.721412284528348,-2.9839048556802807,1.1534706445179848e-14,-4.0146400005519984e-20,11.41228452834749
7.025e-5,70.25,13.755373976377195,13.721234403401834,-3.0056753115349224,1.1540044948885236e-14,-4.0145188315169565e-20,11.23440340183366
7.05e-5,70.5,13.753921271657225,13.721054896427617,-3.0276946140519665,1.1545461794173846e-14,-4.0140066903955125e-20,11.054896427615752
7.075e-5,70.75,13.75246559088171,13.72087373268738,-3.0499764655388484,1.1550958476458981e-14,-4.013390182345219e-20,10.87373268738013
7.1e-5,71.0,13.751007003132429,13.720690879610041,-3.0725354140239376,1.1556536562835594e-14,-4.0125943441230636e-20,10.690879610040128
7.125e-5,71.25,13.749545577562822,13.720506302857398,-3.0953869199736115,1.1562197697064452e-14,-4.011850850924046e-20,10.50630285739675
7.15e-5,71.5,13.748081383393128,13.720319966199675,-3.1185474295062927,1.1567943604981743e-14,-4.01118749084687e-20,10.319966199673972
7.175e-5,71.75,13.74661448990545,13.720131831379733,-3.142034454945039,1.1573776100378718e-14,-4.010895069575635e-20,10.131831379732569
7.2e-5,72.0,13.745144966438815,13.71994185796546,-3.165866662863948,1.157969709140028e-14,-4.0111981537219535e-20,9.941857965459384
7.225e-5,72.25,13.74367288238416,13.719750003186219,-3.1900639737028484,1.1585708587525319e-14,-4.0120767100053644e-20,9.750003186217125
7.25e-5,72.5,13.742198307179269,13.719556221755408,-3.2146476696144153,1.1591812707189069e-14,-4.0133879205232316e-20,9.556221755406208
7.275e-5,72.75,13.74072131030364,13.719360465675663,-3.239640514001135,1.1598011686115787e-14,-4.0149550400431075e-20,9.360465675662425
7.3e-5,73.0,13.739241961273354,13.719162684023464,-3.2650668855704064,1.1604307886453654e-14,-4.016598092158276e-20,9.162684023463243
7.325e-5,73.25,13.737760329635831,13.718962822712141,-3.290952926900827,1.1610703806802378e-14,-4.018087663495725e-20,8.962822712139841
7.35e-5,73.5,13.73627648496457,13.71876082422999,-3.317326710076093,1.1617202093242019e-14,-4.0194470185101825e-20,8.76082422998978
7.375e-5,73.75,13.734790496853826,13.71855662735037,-3.3442184218777067,1.1623805551487078e-14,-4.020320404914765e-20,8.55662735036979
7.4e-5,74.0,13.733302434913256,13.718350166809941,-3.371660571262051,1.1630517160308307e-14,-4.02070103724351e-20,8.350166809940168
7.425e-5,74.25,13.731812368762458,13.71814137295077,-3.399688222294241,1.1637340086386156e-14,-4.020873258831983e-20,8.141372950769622
7.45e-5,74.5,13.730320368025565,13.717930171321207,-3.4283392564479973,1.1644277700785238e-14,-4.0204680695788027e-20,7.93017132120657
7.475e-5,74.75,13.728826502325706,13.717716482229683,-3.4576546687579404,1.1651333597269676e-14,-4.019739762898844e-20,7.716482229682528
7.5e-5,75.0,13.727330841279489,13.71750022024439,-3.4876789030508966,1.1658511612715017e-14,-4.018737452640977e-20,7.500220244388366
7.525e-5,75.25,13.725833454491422,13.717281293630755,-3.518460232587739,1.1665815849914899e-14,-4.017768423478068e-20,7.281293630754653
7.55e-5,75.5,13.724334411548373,13.717059603717036,-3.550051193661822,1.1673250703132336e-14,-4.0170223453396365e-20,7.059603717035837
7.575e-5,75.75,13.72283378201396,13.716835044176438,-3.582509081068673,1.1680820886807146e-14,-4.0167525422882764e-20,6.835044176437965
7.6e-5,76.0,13.72133163542304,13.716607500213257,-3.615896514901667,1.1688531467900836e-14,-4.017322198311687e-20,6.607500213255541
7.625e-5,76.25,13.719828041276177,13.716376847633484,-3.6502820954212156,1.1696387902461229e-14,-4.019152012299534e-20,6.376847633483268
7.65e-5,76.5,13.71832306903424,13.716142951780384,-3.6857411609035267,1.1704396077113644e-14,-4.0220642696670886e-20,6.142951780383616
7.675e-5,76.75,13.71681678811309,13.715905666317894,-3.7223566600563927,1.1712562356249412e-14,-4.0255335814784097e-20,5.905666317893403
7.7e-5,77.0,13.715309267878471,13.715664831821442,-3.7602201752441333,1.172089363595455e-14,-4.0294265002362373e-20,5.664831821440496
7.725e-5,77.25,13.713800577641138,13.715420274148764,-3.7994331156984997,1.172939740584694e-14,-4.028313683818412e-20,5.420274148762325
7.75e-5,77.5,13.712290786652353,13.715171802530202,-3.840108134288499,1.173808182035555e-14,-4.027791526056738e-20,5.171802530200655
7.775e-5,77.75,13.710779964099787,13.714919207351173,-3.8823707821351685,1.1746955781087411e-14,-4.027235440965252e-20,4.919207351172715
7.8e-5,78.0,13.709268179104164,13.714662257521207,-3.9263614971160026,1.17560290326773e-14,-4.0268247587158166e-20,4.662257521205549
7.825e-5,78.25,13.707755500716662,13.714400697359043,-3.9722379785209863,1.176531227477081e-14,-4.026850284992532e-20,4.400697359041808
7.85e-5,78.5,13.706241997917509,13.71413424286818,-4.020178054042421,1.1774817293640977e-14,-4.027728841275943e-20,4.134242868179979
7.875e-5,78.75,13.704727739616107,13.713862577251334,-4.070383163553885,1.1784557117816791e-14,-4.030469846407305e-20,3.862577251333483
7.9e-5,79.0,13.703212794653263,13.71358534544343,-4.123082648156461,1.1794546203410021e-14,-4.033812819304756e-20,3.5853454434293144
7.925e-5,79.25,13.701697231806238,13.713302147411389,-4.178539046188024,1.1804800656233787e-14,-4.0410965323391974e-20,3.3021474113876925
7.95e-5,79.5,13.700181119797687,13.713012529818345,-4.237054736380036,1.1815338500556409e-14,-4.049017432939246e-20,3.01252981834377
7.975e-5,79.75,13.698664527310122,13.712715975505501,-4.29898039375126,1.1826180006905526e-14,-4.05344737286038e-20,2.715975505500817
8.0e-5,80.0,13.697147523008093,13.712411890012737,-4.364725911242131,1.1837348096487834e-14,-4.050746757407365e-20,2.411890012735888
8.025e-5,80.25,13.69563017557166,13.712099583965712,-4.434774794224421,1.184886884601398e-14,-4.047575036746107e-20,2.09958396571012
8.05e-5,80.5,13.69411255374672,13.71177824948284,-4.509703645638255,1.1860772127703242e-14,-4.0627573552781495e-20,1.778249482840022
8.075e-5,80.75,13.692594726421632,13.711446927554984,-4.590209530453989,1.1873092435157818e-14,-4.076225535861132e-20,1.4469275549829481
8.1e-5,81.0,13.691076762747842,13.711104460724126,-4.677150732997336,1.1885869977467276e-14,-4.064943244670306e-20,1.1044607241254578
8.125e-5,81.25,13.689558732339714,13.710749419957716,-4.77161238704627,1.1899152181084641e-14,-4.095897894155689e-20,0.7494199577160794
8.15e-5,81.5,13.688040705642418,13.710379977746838,-4.875027796213062,1.1912995876540712e-14,-4.115528247184765e-20,0.37997774683628505
8.175e-5,81.75,13.686522754718998,13.709993648846641,-4.989444422823375,1.1927470824283875e-14,-3.99614734398261e-20,-0.006351153359400951
8.2e-5,82.0,13.685004954550337,13.709586873374482,-5.117950065758619,1.1942665936379492e-14,-4.1371719449000976e-20,-0.4131266255181604
8.225e-5,82.25,13.683487382165936,13.709155292729568,-5.264238887101226,1.1958697121495281e-14,-4.083236860904799e-20,-0.8447072704327662
8.25e-5,82.5,13.681970113143635,13.708694818564647,-5.431301225596029,1.1975709885695203e-14,-4.0726502415338276e-20,-1.3051814353549689
8.275e-5,82.75,13.680453220053222,13.708202032965715,-5.621023085195491,1.1993876571494027e-14,-4.0717125547613163e-20,-1.7979670342858423
8.3e-5,83.0,13.678936772238314,13.70767416009181,-5.834319370693522,1.201339283735024e-14,-4.0649177183935907e-20,-2.3258399081906207
8.325e-5,83.25,13.677420835801142,13.707108987085846,-6.071312970202663,1.203447459084695e-14,-4.0998360493532657e-20,-2.8910129141556626
8.35e-5,83.5,13.675905473620144,13.7065047886876,-6.331492770799198,1.2057355256627526e-14,-4.083724445101808e-20,-3.4952113124015702
8.375e-5,83.75,13.67439074538129,13.705860260007418,-6.613848427680211,1.2082283159936224e-14,-4.0683217604847025e-20,-4.13973999258279
8.4e-5,84.0,13.672876707617988,13.70517445752267,-6.9169846376866095,1.2109518868628546e-14,-4.060739163830491e-20,-4.825542477330223
8.425e-5,84.25,13.67136341375658,13.704446747778242,-7.23921763121366,1.2139332394571747e-14,-4.0584812192521624e-20,-5.553252221758133
8.45e-5,84.5,13.66985091416502,13.703676763309698,-7.578655921862526,1.2172000212458513e-14,-4.064257589490682e-20,-6.323236690302476
8.475e-5,84.75,13.668339256202678,13.702864365284585,-7.933267087227128,1.2207802095458533e-14,-4.0621240451216635e-20,-7.135634715415661
8.5e-5,85.0,13.666828484269866,13.702009612336642,-8.30093222397008,1.2247017793019324e-14,-4.060614763621181e-20,-7.990387663359499
8.525e-5,85.25,13.665318639855933,13.70111273509579,-8.679489555582789,1.2289923596610757e-14,-4.0786001258305274e-20,-8.887264904209786
8.55e-5,85.5,13.663809761585375,13.700174115880483,-9.06676864313502,1.2336788845535835e-14,-4.1572381833378977e-20,-9.825884119518653
8.575e-5,85.75,13.662301885261734,13.699194272993445,-9.460616560048607,1.2387872436312586e-14,-4.149777078836155e-20,-10.805727006556127
8.6e-5,86.0,13.660795043909372,13.698173849079595,-9.858917359099598,1.2443419363332861e-14,-4.0538738878637274e-20,-11.8261509204053
8.625e-5,86.25,13.659289267813982,13.69711360289629,-10.25960607264833,1.2503657353928347e-14,-4.027205067927135e-20,-12.886397103712419
8.65e-5,86.5,13.657784584562961,13.696014403739111,-10.660678533024761,1.2568793676026683e-14,-4.054925311970465e-20,-13.985596260888736
8.675e-5,86.75,13.656281019087336,13.694877227800694,-11.060198239663174,1.2639012096867056e-14,-4.0281101198395416e-20,-15.122772199306947
8.7e-5,87.0,13.654778593707062,13.693703155606524,-11.45630138131255,1.2714470064119684e-14,-3.966676449720994e-20,-16.296844393476604
8.725e-5,87.25,13.653277328182932,13.692493369460475,-11.847201247949267,1.2795296155490752e-14,-3.915282361169882e-20,-17.50663053952606
8.75e-5,87.5,13.651777239778056,13.691249149687334,-12.23119328622941,1.2881587865737891e-14,-3.8958352157217895e-20,-18.75085031266775
8.775e-5,87.75,13.650278343332365,13.689971868622797,-12.606661706847794,1.2973409748639597e-14,-3.8634672506116774e-20,-20.028131377203568
8.8e-5,88.0,13.648780651353585,13.688662981033906,-12.972088639347902,1.3070792010246054e-14,-3.8464018037163695e-20,-21.337018966094796
8.825e-5,88.25,13.647284174129735,13.687324009383287,-13.32606691362229,1.3173729651178365e-14,-3.7912728008291244e-20,-22.67599061671299
8.85e-5,88.5,13.645788919865954,13.68595652270554,-13.667317128581935,1.328218225200859e-14,-3.687480051647046e-20,-24.043477294461006
8.875e-5,88.75,13.644294894849846,13.684562107739136,-13.994709488538417,1.3396074508206881e-14,-3.685179132450956e-20,-25.437892260863727
8.9e-5,89.0,13.64280210364266,13.683142332800442,-14.307289026072915,1.3515297629916543e-14,-3.7625285976603335e-20,-26.857667199558815
8.925e-5,89.25,13.641310549247374,13.681698721134572,-14.604286947562052,1.3639711611853358e-14,-3.7497845232307616e-20,-28.301278865428795
8.95e-5,89.5,13.63982023321391,13.680232745843334,-14.885108704894048,1.3769147948130328e-14,-3.7018086939375396e-20,-29.7672541566665
8.975e-5,89.75,13.638331155727139,13.678745830142175,-15.14931733394412,1.3903412543010333e-14,-3.6966863133708196e-20,-31.254169857825946
9.0e-5,90.0,13.636843315691289,13.67723934773332,-15.396617808220062,1.4042288699687053e-14,-3.723544803236931e-20,-32.760652266680616
9.025e-5,90.25,13.635356710812081,13.67571462325235,-15.626842391629735,1.4185540162468367e-14,-3.694402196280922e-20,-34.28537674765071
9.05e-5,90.5,13.633871337675409,13.67417293278928,-15.839937074517932,1.4332914117064424e-14,-3.6802570846888387e-20,-35.82706721072208
9.075e-5,90.75,13.63238719182291,13.672615504548755,-16.035948743571055,1.4484144153379914e-14,-3.712509373760164e-20,-37.38449545124498
9.1e-5,91.0,13.630904267825409,13.671043519517582,-16.215013323165245,1.4638953147168663e-14,-3.686434766771417e-20,-38.956480482419636
9.125e-5,91.25,13.629422559353076,13.669458112130016,-16.377345015126394,1.4797055975164895e-14,-3.6733359094072426e-20,-40.54188786998402
9.15e-5,91.5,13.62794205924273,13.667860371059968,-16.523226099735886,1.495816212255366e-14,-3.697214933481029e-20,-42.13962894003309
9.175e-5,91.75,13.62646275956308,13.66625133999705,-16.65299762641836,1.512197812457929e-14,-3.6781332338426234e-20,-43.74866000295023
9.2e-5,92.0,13.624984651676852,13.664632018390648,-16.76705109558424,1.5288209786085712e-14,-3.6728195677592505e-20,-45.367981609353194
9.225e-5,92.25,13.623507726300264,13.663003362317944,-16.865820545275994,1.5456564262315112e-14,-3.6823974145238196e-20,-46.99663768205646
9.25e-5,92.5,13.62203197356047,13.661366285308198,-16.949775469976053,1.5626751931143383e-14,-3.671346798527994e-20,-48.6337146918031
9.275e-5,92.75,13.620557383050159,13.659721659142974,-17.019414538286764,1.579848804282246e-14,-3.6768449646620574e-20,-50.27834085702705
9.3e-5,93.0,13.619083943879533,13.658070314781979,-17.075259572024176,1.5971494229196546e-14,-3.6770039384360324e-20,-51.92968521802235
9.325e-5,93.25,13.617611644726496,13.656413043196567,-17.117850377934584,1.6145499784981258e-14,-3.6703377028041647e-20,-53.58695680343395
9.35e-5,93.5,13.616140473883837,13.654750596230134,-17.147740084778032,1.63202427678302e-14,-3.676810714214819e-20,-55.24940376986706
9.375e-5,93.75,13.61467041930454,13.653083687571504,-17.165490651888053,1.6495470972041303e-14,-3.673918813245151e-20,-56.91631242849716
9.4e-5,94.0,13.613201468644748,13.651412993564241,-17.171669346488816,1.6670942663354467e-14,-3.6753828583058846e-20,-58.587006435758894
9.425e-5,94.25,13.611733609304176,13.649739154186193,-17.16684516710874,1.6846427226952255e-14,-3.6720043424914883e-20,-60.260845813808324
9.45e-5,94.5,13.61026682846506,13.648062773967423,-17.15158586181855,1.7021705640509518e-14,-3.679486449625972e-20,-61.93722603257808
9.475e-5,94.75,13.608801113128221,13.646384422873034,-17.12645542492782,1.719657080405849e-14,-3.668441972861255e-20,-63.615577126967466
9.5e-5,95.0,13.607336450147637,13.644704637336405,-17.092011510223756,1.7370827793353098e-14,-3.681382502686308e-20,-65.29536266359604
9.525e-5,95.25,13.60587282626271,13.643023921102687,-17.048803717005704,1.7544293942171633e-14,-3.671283790629772e-20,-66.97607889731472
9.55e-5,95.5,13.604410228128554,13.64134274628802,-16.997371529693883,1.771679889090339e-14,-3.6797775784274993e-20,-68.65725371198087
9.575e-5,95.75,13.60294864234473,13.63966155426114,-16.938243067354932,1.788818448853341e-14,-3.68026096209796e-20,-70.33844573886134
9.6e-5,96.0,13.601488055481447,13.637980756665375,-16.871933619513893,1.8058304666203192e-14,-3.6777480778699034e-20,-72.01924333462622
9.625e-5,96.25,13.600028454104898,13.636300736372265,-16.798944671819456,1.8227025205390644e-14,-3.6892193927553946e-20,-73.69926362773549
9.65e-5,96.5,13.598569824799762,13.63462184844898,-16.71976298557569,1.8394223476841386e-14,-3.677328671449945e-20,-75.37815155102055
9.675e-5,96.75,13.59711215419117,13.632944421168126,-16.634859854820757,1.855978810651645e-14,-3.69525199511335e-20,-77.05557883187367
9.7e-5,97.0,13.59565542896386,13.631268756941468,-16.54469058851462,1.8723618622561576e-14,-3.6796240976497795e-20,-78.73124305853307
9.725e-5,97.25,13.594199635880964,13.629595133351401,-16.4496940159684,1.8885625044126024e-14,-3.695652983839982e-20,-80.40486664859999
9.75e-5,97.5,13.592744761800038,13.627923804073848,-16.350292226893966,1.9045727472154542e-14,-3.687057090935393e-20,-82.07619592615235
9.775e-5,97.75,13.591290793688906,13.626254999898695,-16.24689035180988,1.9203855625649667e-14,-3.6843144702168966e-20,-83.74500010130546
9.8e-5,98.0,13.589837718638837,13.624588929664244,-16.13987642804592,1.935994840003261e-14,-3.7042934669494665e-20,-85.41107033575686
9.825e-5,98.25,13.588385523877553,13.622925781229446,-16.029621481780588,1.951395338161128e-14,-3.659526839939009e-20,-87.07421877055504
9.85e-5,98.5,13.58693419678001,13.621265722448664,-15.91647942085984,1.9665826377377984e-14,-3.73179366802516e-20,-88.73427755133737
9.875e-5,98.75,13.585483724878532,13.619608902059232,-15.80078739600913,1.9815530948975108e-14,-3.670549990953558e-20,-90.39109794076838
9.9e-5,99.0,13.584034095871592,13.617955450695149,-15.682865727939012,1.9963037913183355e-14,-3.7396538225489745e-20,-92.04454930485124
9.925e-5,99.25,13.58258529763134,13.616305481716884,-15.56301839052261,2.0108324909847866e-14,-3.69523293118517e-20,-93.6945182831168
9.95e-5,99.5,13.581137318210539,13.614659092215208,-15.44153314392727,2.025137589722538e-14,-3.6595578592119795e-20,-95.34090778479298
9.975e-5,99.75,13.579690145847797,13.613016363828862,-15.318681883798435,2.0392180730346366e-14,-3.777041416884091e-20,-96.98363617113837
0.0001,100.0,13.578243768972424,13.61137736362835,-15.194721105206774,2.0530734741887948e-14,-3.6729959898742716e-20,-98.62263637165154
0.00010025,100.25,13.576798176208374,13.609742145037783,-15.069892125995622,2.0667038252461098e-14,-3.685794348031542e-20,-100.2578549622179
0.0001005,100.5,13.575353356376926,13.608110748599211,-14.944421623245386,2.0801096214786054e-14,-3.897019117973506e-20,-101.88925140078963
0.00010075,100.75,13.57390929849892,13.606483202797374,-14.818522040534843,2.0932917860304394e-14,-3.715534075992238e-20,-103.51679720262615
0.000101,101.0,13.572465991796497,13.604859524978018,-14.692392015410446,2.1062516181824113e-14,-3.601877844240318e-20,-105.1404750219835
0.00010125,101.25,13.571023425693397,13.603239721948169,-14.566216808579023,2.1189907692348046e-14,-3.7856628360653957e-20,-106.76027805183216
0.0001015,101.5,13.569581589815458,13.601623790802273,-14.440168797629251,2.131511211652076e-14,-3.7393416911147064e-20,-108.37620919772722
0.00010175,101.75,13.568140473989873,13.600011719788043,-14.314408038970445,2.1438151926232673e-14,-3.612664150181039e-20,-109.98828021195777
0.000102,102.0,13.566700068244563,13.598403488769614,-14.189082585222373,2.1559052131082097e-14,-3.65952974799585e-20,-111.59651123038583
0.00010225,102.25,13.565260362806368,13.596799070089373,-14.064329066533938,2.167783999167066e-14,-3.7155143658292043e-20,-113.20092991062766
0.0001025,102.5,13.563821348099143,13.595198429211978,-13.940273116748255,2.1794544736274942e-14,-3.6062118182856983e-20,-114.80157078802242
0.00010275,102.75,13.562383014741581,13.593601525289545,-13.817029952461871,2.190919725545577e-14,-3.579836388972621e-20,-116.39847471045611
0.000103,103.0,13.560945353544364,13.592008311795256,-13.694704729882174,2.2021829930524218e-14,-3.650893465412913e-20,-117.99168820474554
0.00010325,103.25,13.55950835550738,13.590418737134591,-13.573392949590056,2.2132476432123323e-14,-3.602455578199398e-20,-119.581262865409
0.0001035,103.5,13.558072011815614,13.588832745231374,-13.453181181637529,2.2241171412594615e-14,-3.5557541240373904e-20,-121.16725476862798
0.00010375,103.75,13.556636313836675,13.587250275920843,-13.334147273132226,2.2347950402450856e-14,-3.5815624822664716e-20,-122.74972407915784
0.000104,104.0,13.555201253116254,13.585671265603569,-13.21636083341148,2.2452849625535462e-14,-3.578432120635841e-20,-124.32873439643181
0.00010425,104.25,13.553766821373832,13.584095647715168,-13.09988373189021,2.2555905809201948e-14,-3.535011277707916e-20,-125.90435228483224
0.0001045,104.5,13.552333010499337,13.582523353045012,-12.984770562730573,2.2657156036489076e-14,-3.537196843982646e-20,-127.47664695498923
0.00010475,104.75,13.550899812548211,13.580954310300204,-12.87106892469925,2.2756637636803307e-14,-3.537577476311391e-20,-129.04568969979744
0.000105,105.0,13.549467219737258,13.579388446494203,-12.758819810003226,2.2854388063216922e-14,-3.519783399618698e-20,-130.6115535057972
0.00010525,105.25,13.548035224439609,13.577825687271162,-12.648058236189073,2.2950444733568103e-14,-3.514902710887208e-20,-132.174312728839
0.0001055,105.5,13.546603819180893,13.576265957261201,-12.538813408134937,2.3044844972507103e-14,-3.5007414434237856e-20,-133.7340427387988
0.00010575,105.75,13.545172996634477,13.574709180480722,-12.43110902174719,2.3137625924493268e-14,-3.496258835362087e-20,-135.29081951927867
0.000106,106.0,13.543742749615799,13.573155280616422,-12.324963857925395,2.3228824433850125e-14,-3.488107875154172e-20,-136.84471938357825
0.00010625,106.25,13.5423130710793,13.571604181215099,-12.220392005363827,2.331847699567552e-14,-3.482878865836615e-20,-138.39581878490148
0.0001065,106.5,13.540883954112767,13.57005580608351,-12.117403115525695,2.3406619692884728e-14,-3.466845456002438e-20,-139.94419391649117
0.00010675,106.75,13.539455391932865,13.568510079492592,-12.0160027624698,2.349328813534258e-14,-3.472957868364807e-20,-141.48992050740927
0.000107,107.0,13.53802737788075,13.56696692631999,-11.916192891355422,2.3578517395301293e-14,-3.4787991852061094e-20,-143.03307368001006
0.00010725,107.25,13.536599905417651,13.565426272325606,-11.817971929168772,2.3662341982254478e-14,-3.444623701210598e-20,-144.5737276743953
0.0001075,107.5,13.535172968120587,13.563888044353796,-11.721335027458199,2.3744795805199713e-14,-3.453915912169895e-20,-146.11195564620527
0.00010775,107.75,13.533746559677118,13.562352170436325,-11.626274562143116,2.382591212310605e-14,-3.459788571401595e-20,-147.64782956367569
0.000108,108.0,13.532320673882477,13.560818579935063,-11.532780212818093,2.3905723534691252e-14,-3.438490609332915e-20,-149.18142006493792
0.00010825,108.25,13.530895304634624,13.559287203737778,-11.440839183079602,2.3984261951842205e-14,-3.4320095199865914e-20,-150.71279626222227
0.0001085,108.5,13.52947044592995,13.557757974338447,-11.350436510786825,2.4061558581708446e-14,-3.4458298985647625e-20,-152.2420256615542
0.00010875,108.75,13.528046091860142,13.556230825875048,-11.26155532799602,2.413764391048586e-14,-3.444603344812711e-20,-153.7691741249529
0.000109,109.0,13.526622236607903,13.554705694297317,-11.174176943205396,2.42125476990308e-14,-3.4162136014610963e-20,-155.2943057026833
0.00010925,109.25,13.525198874443449,13.553182517424345,-11.08828104985628,2.4286298975030675e-14,-3.433503938085442e-20,-156.8174825756559
0.0001095,109.5,13.523775999720597,13.551661234937088,-11.003846060179585,2.4358926025878564e-14,-3.4452463484920005e-20,-158.3387650629131
0.00010975,109.75,13.522353606873942,13.550141788464071,-10.920849146610951,2.4430456402979193e-14,-3.4126796661644196e-20,-159.85821153592968
0.00011,110.0,13.520931690415422,13.548624121647341,-10.839266365626544,2.450091692016809e-14,-3.4182311466739014e-20,-161.3758783526594
0.00011025,110.25,13.519510244930496,13.547108180107585,-10.759072947813179,2.457033366026802e-14,-3.429627175198953e-20,-162.89181989241595
0.0001105,110.5,13.518089265076174,13.545593911454668,-10.68024338822049,2.4638731979482732e-14,-3.420226396784259e-20,-164.4060885453322
0.00011075,110.75,13.516668745577464,13.54408126533893,-10.602751523974693,2.470613651485677e-14,-3.404639858351316e-20,-165.91873466107106
0.000111,111.0,13.515248681224726,13.542570193425314,-10.526570689246864,2.477257119503187e-14,-3.422317935887796e-20,-167.42980657468664
0.00011125,111.25,13.513829066871116,13.541060649334687,-10.451673912451716,2.4838059250411548e-14,-3.4299580474439745e-20,-168.9393506653139
0.0001115,111.5,13.51240989743018,13.539552588670649,-10.37803392913667,2.4902623225261457e-14,-3.4003504745108313e-20,-170.44741132935292
0.00011175,111.75,13.510991167873572,13.538045969008445,-10.305623260284822,2.4966284986825603e-14,-3.410195539387346e-20,-171.9540309915551
0.000112,112.0,13.509572873228244,13.536540749799169,-10.23441441521245,2.5029065746109746e-14,-3.4194538230168314e-20,-173.45925020083268
0.00011225,112.25,13.508155008575212,13.535036892363394,-10.164379913889977,2.5090986067199463e-14,-3.409569984049103e-20,-174.96310763660807
0.0001125,112.5,13.506737569046955,13.533534359864385,-10.095492337654894,2.5152065881646194e-14,-3.39767958586108e-20,-176.4656401356157
0.00011275,112.75,13.505320549825676,13.53203311724974,-10.027724417633596,2.5212324506536585e-14,-3.413789574525404e-20,-177.96688275026088
0.000113,113.0,13.503903946141568,13.530533131165345,-9.961049159018533,2.5271780661090557e-14,-3.421803532944365e-20,-179.46686883465463
0.00011325,113.25,13.502487753271248,13.529034369940211,-9.89543983010194,2.533045248128186e-14,-3.3965586915075853e-20,-180.9656300597892
0.0001135,113.5,13.50107196653626,13.52753680354714,-9.830869996538489,2.5388357531223946e-14,-3.4013556928255393e-20,-182.4631964528622
0.00011375,113.75,13.499656581301199,13.526040403487032,-9.767313637771544,2.5445512830132718e-14,-3.412789849206951e-20,-183.95959651296806
0.000114,114.0,13.498241592972956,13.52454514275588,-9.70474517126222,2.5501934861539368e-14,-3.4118482850253184e-20,-185.45485724412188
0.00011425,114.25,13.496826996999063,13.523050995793875,-9.643139449577028,2.555763959107156e-14,-3.392894539887917e-20,-186.94900420612564
0.0001145,114.5,13.495412788866762,13.521557938432634,-9.58247179335366,2.5612642480030612e-14,-3.40417812354845e-20,-188.44206156736698
0.00011475,114.75,13.493998964101573,13.520065947776885,-9.522718077645994,2.5666958510399965e-14,-3.4105671244281416e-20,-189.93405222311603
0.000115,115.0,13.492585518266807,13.518575002193776,-9.46385471226066,2.5720602192645228e-14,-3.4043665010082616e-20,-191.42499780622492
0.00011525,115.25,13.491172446962212,13.517085081235011,-9.40585865036241,2.5773587583085025e-14,-3.3928072981826866e-20,-192.9149187649889
0.0001155,115.5,13.489759745823307,13.515596165583256,-9.348707405846142,2.5825928299820253e-14,-3.404764258560626e-20,-194.4038344167448
0.00011575,115.75,13.48834741052043,13.514108236947443,-9.29237911035032,2.5877637543286163e-14,-3.4093124594599605e-20,-195.89176305255754
0.000116,116.0,13.486935436758314,13.512621278053938,-9.236852479293434,2.5928728104378116e-14,-3.4019198558526946e-20,-197.37872194606317
0.00011625,116.25,13.485523820275125,13.51113527256384,-9.182106819537784,2.5979212379834746e-14,-3.3943191646225834e-20,-198.86472743616136
0.0001165,116.5,13.484112556841955,13.50965020502226,-9.128122031502224,2.602910238878358e-14,-3.40454518494527e-20,-200.34979497774074
0.00011675,116.75,13.482701642262175,13.508166060767254,-9.074878645301162,2.607840979010599e-14,-3.407830642940754e-20,-201.83393923274676
0.000117,117.0,13.481291072371134,13.506682825921693,-9.022357785676533,2.61271458896322e-14,-3.4025518735394734e-20,-203.31717407830826
0.00011725,117.25,13.479880843035447,13.505200487314578,-8.970541169480668,2.617532165457272e-14,-3.397433370381875e-20,-204.79951268542337
0.0001175,117.5,13.478470950152653,13.50371903243797,-8.919411100057344,2.622294772805779e-14,-3.4047810606668185e-20,-206.28096756202936
0.00011775,117.75,13.477061389650753,13.502238449368466,-8.868950486304062,2.6270034444691572e-14,-3.406779218834017e-20,-207.76155063153465
0.000118,118.0,13.47565215748799,13.500758726759063,-8.819142811113808,2.6316591836709336e-14,-3.4031674122374865e-20,-209.24127324093826
0.00011825,118.25,13.474243249652352,13.499279853771473,-8.769972119924113,2.636262964674855e-14,-3.3999152353369607e-20,-210.7201462285282
0.0001185,118.5,13.472834662161297,13.49780182004026,-8.721423009809723,2.6408157340575693e-14,-3.4049897945245174e-20,-212.1981799597397
0.00011875,118.75,13.471426391061465,13.496324615607476,-8.67348063716141,2.6453184120652405e-14,-3.406003090774895e-20,-213.6753843925259
0.000119,119.0,13.470018432428482,13.494848230915988,-8.626130689130132,2.649771893135197e-14,-3.403728344090374e-20,-215.15176908401372
0.00011925,119.25,13.4686107823666,13.493372656754055,-8.57935936674128,2.654177046996963e-14,-3.401878819939494e-20,-216.6273432459457
0.0001195,119.5,13.46720343700851,13.491897884227056,-8.53315337078812,2.658534719772299e-14,-3.405139074775689e-20,-218.10211577294533
0.00011975,119.75,13.465796392515093,13.490423904704707,-8.487499902345794,2.6628457351346157e-14,-3.4053604102130324e-20,-219.5760952952941
0.00012,120.0,13.464389645075293,13.488950709816999,-8.44238663679809,2.6671108947470943e-14,-3.4039584036982404e-20,-221.04929018300226
0.00012025,120.25,13.462983190905812,13.487478291410934,-8.397801704293578,2.6713309791904843e-14,-3.4030300873311057e-20,-222.52170858906692
0.0001205,120.5,13.461577026250966,13.486006641529624,-8.353733674077487,2.675506748905298e-14,-3.404996256873053e-20,-223.9933584703766
0.00012075,120.75,13.460171147382482,13.48453575237112,-8.31017155109439,2.679638945165838e-14,-3.404710297950354e-20,-225.46424762888068
0.000121,121.0,13.458765550599376,13.48306561628709,-8.267104752337488,2.6837282904458606e-14,-3.4039480639405834e-20,-226.93438371291057
0.00012125,121.25,13.4573602322277,13.481596225751117,-8.224523086645775,2.6877754891846266e-14,-3.40363043951006e-20,-228.40377424888425
0.0001215,121.5,13.455955188620393,13.480127573344436,-8.182416738761045,2.6917812285887717e-14,-3.404697050135856e-20,-229.87242665556522
0.00012175,121.75,13.454550416157108,13.47865965172488,-8.14077626437507,2.6957461794395477e-14,-3.4040763415590145e-20,-231.34034827511974
0.000122,122.0,13.453145911244075,13.477192453628382,-8.099592568552612,2.6996709963964718e-14,-3.4037157425107297e-20,-232.80754637161937
0.00012225,122.24999999999999,13.451741670313885,13.475725971847396,-8.058856886359877,2.7035563186180884e-14,-3.4037551628367967e-20,-234.27402815260467
0.0001225,122.5,13.45033768982531,13.474260199222353,-8.018560767548243,2.7074027704423328e-14,-3.404225621810186e-20,-235.73980077764705
0.00012275,122.75,13.448933966263148,13.47279512861904,-7.978696071658581,2.711210962048554e-14,-3.403404257311315e-20,-237.20487138096112
0.000123,123.00000000000001,13.44753049613806,13.471330752932618,-7.939254948348044,2.714981489708904e-14,-3.4032769490451644e-20,-238.66924706738303
0.00012325,123.24999999999999,13.44612727598637,13.469867065074565,-7.900229819807161,2.718714936282789e-14,-3.4034811592588885e-20,-240.13293492543502
0.0001235,123.5,13.444724302369858,13.468404057968687,-7.861613366669919,2.7224118717941786e-14,-3.4036052363507714e-20,-241.59594203131337
0.00012375,123.75,13.443321571875583,13.466941724535262,-7.823398524183505,2.7260728539708175e-14,-3.402716017192277e-20,-243.05827546473796
0.000124,124.0,13.441919081115744,13.465480057697123,-7.7855784643086645,2.7296984284520894e-14,-3.402686936623867e-20,-244.51994230287747
0.00012425,124.25000000000001,13.440516826727423,13.4640190503733,-7.748146580467282,2.7332891291767405e-14,-3.402908595178637e-20,-245.9809496267003
0.0001245,124.49999999999999,13.439114805372393,13.462558695478506,-7.711096475027581,2.736845478874355e-14,-3.402872406026838e-20,-247.44130452149474
0.00012475,124.75,13.437713013736902,13.46109898591242,-7.674421957084056,2.7403679895033482e-14,-3.402000635209389e-20,-248.9010140875806
0.000125,125.0,13.436311448531546,13.459639914567273,-7.638117026202693,2.743857162422967e-14,-3.402017437315582e-20,-250.36008543272808
0.00012525,125.25000000000001,13.434910106490968,13.45818147432646,-7.602175859741225,2.7473134886931108e-14,-3.4022145389459167e-20,-251.8185256735403
0.0001255,125.49999999999999,13.433508984373665,13.456723658066442,-7.566592802058472,2.750737449495406e-14,-3.4021434531120254e-20,-253.2763419335576
0.00012575,125.75,13.43210807896176,13.455266458649655,-7.531362364081551,2.7541295164897897e-14,-3.401300762862987e-20,-254.7335413503454
0.000126,126.0,13.430707387060846,13.453809868933126,-7.496479208583534,2.7574901519571595e-14,-3.4012432479610204e-20,-256.19013106687504
0.00012625,126.25,13.429306905499677,13.452353881770419,-7.461938140073119,2.7608198090284763e-14,-3.4013395369542004e-20,-257.646118229582
0.0001265,126.50000000000001,13.427906631129984,13.450898490015037,-7.42773409571199,2.7641189320489838e-14,-3.401338890719347e-20,-259.101509984963
0.00012675,126.74999999999999,13.426506560826184,13.449443686515773,-7.393862146622296,2.7673879568704672e-14,-3.4006112302742416e-20,-260.5563134842275
0.000127,127.0,13.425106691485263,13.447989464125653,-7.360317484629667,2.7706273109701886e-14,-3.400494261765748e-20,-262.010535874348
0.00012725,127.25,13.42370702002644,13.446535815705955,-7.327095414501628,2.7738374136244507e-14,-3.400471643545873e-20,-263.4641842940456
0.0001275,127.50000000000001,13.422307543390952,13.44508273413034,-7.294191346478643,2.7770186762271493e-14,-3.40055823901625e-20,-264.91726586966064
0.00012775,127.74999999999999,13.420908258541797,13.443630212281557,-7.261600799106499,2.7801715025324255e-14,-3.399939146026542e-20,-266.3697877184435
0.000128,128.0,13.419509162463566,13.442178243060397,-7.229319387314906,2.783296288754375e-14,-3.399751091684157e-20,-267.82175693960426
0.00012825,128.25,13.418110252162133,13.440726819390575,-7.197342816759841,2.7863934236978526e-14,-3.3996005189632784e-20,-269.2731806094256
0.0001285,128.5,13.41671152466443,13.439275934222998,-7.16566687777407,2.7894632890407146e-14,-3.3998454419727765e-20,-270.7240657770021
0.00012875,128.75,13.415312977018168,13.437825580533113,-7.134287449411903,2.7925062595387066e-14,-3.399341378787002e-20,-272.17441946688814
0.000129,129.0,13.4139146062917,13.43637575132938,-7.103200488784983,2.795522703109664e-14,-3.399115196588257e-20,-273.62424867062236
0.00012925,129.25,13.41251640957368,13.434926439658271,-7.072402027163687,2.798512980932098e-14,-3.398887721919805e-20,-275.0735603417286
0.0001295,129.5,13.411118383972857,13.433477638608199,-7.041888165139667,2.8014774476984523e-14,-3.3992095468768764e-20,-276.5223613918009
0.00012975,129.75,13.409720526617798,13.432029341306857,-7.011655077561232,2.8044164517918045e-14,-3.398795310335746e-20,-277.9706586931446
0.00013,130.0,13.40832283465674,13.430581540929186,-6.981699003959543,2.807330335357421e-14,-3.398483178901478e-20,-279.41845907081404
0.00013025,130.25,13.406925305257271,13.429134230701756,-6.952016246093026,2.8102194343774006e-14,-3.3982214537857876e-20,-280.8657692982453
0.0001305,130.5,13.405527935606115,13.427687403906077,-6.922603164105492,2.8130840789008292e-14,-3.398610487167629e-20,-282.3125960939243
0.00013075,130.75,13.404130722908874,13.426241053875609,-6.893456182028395,2.8159245931994015e-14,-3.3982918933848253e-20,-283.7589461243915
0.000131,131.0,13.402733664389883,13.424795174003009,-6.864571779190238,2.8187412958287073e-14,-3.397979115715704e-20,-285.20482599699193
0.00013125,131.25,13.401336757291897,13.423349757743534,-6.835946488858807,2.8215344996853525e-14,-3.3976728003951177e-20,-286.6502422564679
0.0001315,131.5,13.399939998875887,13.421904798617609,-6.807576895188054,2.8243045122183667e-14,-3.3981077164515616e-20,-288.0952013823927
0.00013175,131.75,13.398543386420792,13.420460290207297,-6.779459638977815,2.8270516355691426e-14,-3.3978278967599714e-20,-289.53970979270457
0.000132,132.0,13.397146917223388,13.419016226162771,-6.751591409952414,2.8297761666241934e-14,-3.397487330992147e-20,-290.98377383723
0.00013225,132.25,13.395750588597982,13.417572600204586,-6.72396894622226,2.8324783970594818e-14,-3.397154520042565e-20,-292.4273997954138
0.0001325,132.5,13.39435439787622,13.416129406125435,-6.696589031797954,2.835158613536469e-14,-3.397639842417586e-20,-293.87059387456594
0.00013275,132.75,13.39295834240687,13.414686637786087,-6.669448502357197,2.837817097829994e-14,-3.397427231150766e-20,-295.3133622139134
0.000133,133.0,13.391562419555664,13.413244289120936,-6.642544238346774,2.8404541268739655e-14,-3.397081495504113e-20,-296.7557108790643
0.00013325,133.25,13.390166626705048,13.411802354139173,-6.6158731649424425,2.84306997279635e-14,-3.3967629017213094e-20,-298.19764586082835
0.0001335,133.5,13.388770961253986,13.410360826925821,-6.589432249980601,2.845664903102161e-14,-3.3972514552705985e-20,-299.6391730741791
0.00013375,133.75,13.38737542061775,13.408919701637119,-6.563218509567154,2.848239180791934e-14,-3.397069863276749e-20,-301.0802983628815
0.000134,134.0,13.385980002227797,13.407478972505267,-6.537229001851131,2.850793064401384e-14,-3.396746099615117e-20,-302.5210274947335
0.00013425,134.25,13.38458470353151,13.406038633838566,-6.511460827299915,2.85332680802935e-14,-3.396439138059677e-20,-303.9613661614341
0.0001345,134.5,13.383189521992037,13.404598680021792,-6.485911126921937,2.8558406615094686e-14,-3.396921229260431e-20,-305.40131997820856
0.00013475,134.75,13.381794455088087,13.40315910551114,-6.4605770875574065,2.858334870520916e-14,-3.3967641941910165e-20,-306.8408944888605
0.000135,135.0,13.380399500313816,13.40171990483828,-6.435455936241517,2.86080967662283e-14,-3.3964914830828154e-20,-308.280095161721
0.00013525,135.25,13.379004655178596,13.400281072609594,-6.410544940652528,2.8632653172767236e-14,-3.396241390194489e-20,-309.7189273904063
0.0001355,135.5,13.377609917206868,13.398842603506019,-6.3858414075067245,2.865702026008072e-14,-3.396653688031058e-20,-311.1573964939817
0.00013575,135.75,13.376215283937938,13.397404492277664,-6.361342687439177,2.8681200325103857e-14,-3.3964998841359116e-20,-312.59550772233706
0.000136,136.0,13.374820752925896,13.395966733747354,-6.337046169868522,2.870519562674985e-14,-3.3962284654974177e-20,-314.0332662526463
0.00013625,136.25,13.37342632173939,13.394529322809133,-6.312949283514899,2.872900838608805e-14,-3.39598548119248e-20,-315.4706771908679
0.0001365,136.5,13.372031987961488,13.393092254427705,-6.289049494874532,2.87526407878685e-14,-3.396399071498757e-20,-316.90774557229605
0.00013675,136.75,13.370637749189509,13.39165552363299,-6.265344312646064,2.877609498150064e-14,-3.396248498777878e-20,-318.34447636701174
0.000137,137.0,13.36924360303493,13.390219125523037,-6.241831283080382,2.879937308131017e-14,-3.395999052124405e-20,-319.780874476964
0.00013725,137.25,13.36784954712319,13.388783055262131,-6.218507990432609,2.8822477166676943e-14,-3.395805181668338e-20,-321.2169447378691
0.0001375,137.5,13.366455579093563,13.387347308080018,-6.195372055477015,2.884540928347411e-14,-3.3961819365879616e-20,-322.6526919199827
0.00013775,137.75,13.365061696599001,13.385911879266484,-6.172421139484937,2.886817144498818e-14,-3.3960494584429824e-20,-324.08812073351794
0.000138,138.0,13.363667897306051,13.384476764173789,-6.149652939982469,2.889076563213919e-14,-3.3958510643429404e-20,-325.5232358262123
0.00013825,138.25,13.362274178894669,13.383041958214575,-6.127065191095319,2.891319379358118e-14,-3.3957037227963293e-20,-326.9580417854267
0.0001385,138.5,13.360880539058119,13.381607456860943,-6.104655662094648,2.89354578470607e-14,-3.39601456176089e-20,-328.39254313905894
0.00013875,138.75,13.359486975502804,13.38017325563916,-6.0824221609452005,2.8957559680281265e-14,-3.395871743858254e-20,-329.8267443608405
0.000139,139.0,13.358093485948224,13.378739350131895,-6.060362530369999,2.897950115108942e-14,-3.3956888593946975e-20,-331.2606498681059
0.00013925,139.25,13.356700068126772,13.377305735975956,-6.038474648117019,2.900128408753911e-14,-3.395562843598254e-20,-332.6942640240453
0.0001395,139.5,13.355306719783654,13.375872408861374,-6.016756425506566,2.9022910289174956e-14,-3.3958594653960366e-20,-334.1275911386268
0.00013975,139.75,13.353913438676747,13.374439364526419,-5.995205810561886,2.9044381527841083e-14,-3.395719878667668e-20,-335.56063547358144
0.00014,140.0,13.352520222576533,13.373006598759513,-5.973820784397953,2.9065699547836775e-14,-3.3956087262728565e-20,-336.99340124048746
0.00014025,140.25,13.351127069265939,13.371574107397112,-5.952599361378883,2.9086866065946186e-14,-3.395521484567626e-20,-338.42589260288787
0.0001405,140.5,13.34973397654024,13.370141886322811,-5.931539587671675,2.910788277264923e-14,-3.395730864660179e-20,-339.85811367719003
0.00014075,140.75,13.34834094220694,13.36870993146262,-5.910639544026644,2.912875133287799e-14,-3.395571890886204e-20,-341.29006853738014
0.000141,141.0,13.346947964085699,13.367278238786948,-5.889897342381113,2.91494733861437e-14,-3.3954743094233166e-20,-342.7217612130531
0.00014125,141.25,13.345555040008202,13.365846804308527,-5.869311125975267,2.9170050546532195e-14,-3.3954264880441534e-20,-344.15319569147425
0.0001415,141.5,13.344162167818057,13.364415624081605,-5.848879067913812,2.919048440384762e-14,-3.395596447810639e-20,-345.5843759183958
0.00014175,141.75,13.342769345370677,13.362984694197646,-5.828599373629317,2.921077652431687e-14,-3.3954258418093e-20,-347.01530580235465
0.000142,142.0,13.341376570533228,13.361554010787197,-5.808470277729029,2.923092845069093e-14,-3.3953502323314336e-20,-348.4459892128041
0.00014225,142.25,13.339983841184495,13.360123570018066,-5.788490044047344,2.925094170220799e-14,-3.3953166281190487e-20,-349.87642998193456
0.0001425,142.5,13.338591155214782,13.35869336809467,-5.768656964217254,2.9270817775673577e-14,-3.395467847074781e-20,-351.3066319053312
0.00014275,142.75,13.33719851052582,13.35726340125417,-5.748969359869198,2.929055814611489e-14,-3.395314689414488e-20,-352.73659874582944
0.000143,143.0,13.335805905030695,13.355833665768193,-5.72942557973125,2.9310164266859205e-14,-3.3952364949972076e-20,-354.1663342318075
0.00014325,143.25,13.334413336653729,13.35440415794132,-5.710023999610026,2.9329637569466516e-14,-3.3952177541864544e-20,-355.595842058682
0.0001435,143.5,13.3330208033304,13.352974874110616,-5.690763020996243,2.934897946474975e-14,-3.39534053880863e-20,-357.0251258893843
0.00014375,143.75,13.331628303007232,13.35154581064217,-5.671641073066115,2.9368191343382275e-14,-3.395193197262019e-20,-358.4541893578314
0.000144,144.0,13.33023583364174,13.350116963932734,-5.652656609972636,2.9387274575955393e-14,-3.3951505457616845e-20,-359.8830360672659
0.00014425,144.25,13.328843393202316,13.34868833040855,-5.6338081108018185,2.9406230512882494e-14,-3.3951318049509314e-20,-361.3116695914519
0.0001445,144.5,13.327450979668143,13.347259906524986,-5.615094078232477,2.942506048536367e-14,-3.395240372406329e-20,-362.74009347501567
0.00014475,144.75,13.326058591029097,13.345831688763472,-5.596513040364394,2.944376580594944e-14,-3.395100139443107e-20,-364.1683112365286
0.000145,145.0,13.3246662252857,13.344403673633128,-5.578063548196742,2.946234776857955e-14,-3.395062011586747e-20,-365.5963263668728
0.00014525,145.25,13.323273880449001,13.34297585766981,-5.559744175584377,2.9480807648461105e-14,-3.3950587804124794e-20,-367.02414233019095
0.0001455,145.5,13.321881554540498,13.341548237435935,-5.5415535179531155,2.949914670298174e-14,-3.3951447296480025e-20,-368.4517625640664
0.00014575,145.75,13.320489245592043,13.340120809517733,-5.523490193990731,2.9517366172233034e-14,-3.394998034336245e-20,-369.87919048226723
0.000146,146.0,13.319096951645795,13.338693570526843,-5.505552843301006,2.9535467279032505e-14,-3.3949754161163705e-20,-371.3064294731573
0.00014625,146.25,13.31770467075411,13.337266517099613,-5.487740126376894,2.9553451228778644e-14,-3.394966368828421e-20,-372.7334829003892
0.0001465,146.5,13.316312400979456,13.335839645897012,-5.4700507233783595,2.9571319210316625e-14,-3.395062657821601e-20,-374.1603541029887
0.00014675,146.75,13.314920140394337,13.334412953602214,-5.452483335713418,2.95890723964249e-14,-3.394932118381182e-20,-375.58704639778625
0.000147,147.0,13.313527887081237,13.332986436922136,-5.435036683856508,2.96067119438224e-14,-3.39489722169909e-20,-377.0135630778645
0.00014725,147.25,13.312135639132514,13.331560092586926,-5.417709507351443,2.962423899300335e-14,-3.394892698055115e-20,-378.4399074130739
0.0001475,147.5,13.310743394650322,13.330133917349995,-5.40050056365585,2.964165466905933e-14,-3.394983817169467e-20,-379.8660826500054
0.00014775,147.75,13.309351151746533,13.328707907985827,-5.383408629630621,2.9658960082132664e-14,-3.394835829388002e-20,-381.292092014174
0.000148,148.0,13.307958908542684,13.327282061291466,-5.366432499515512,2.967615632741057e-14,-3.394808687524153e-20,-382.7179387085348
0.00014825,148.25,13.306566663169885,13.325856374086188,-5.349570984966911,2.969324448494266e-14,-3.394813857402981e-20,-384.1436259138135
0.0001485,148.5,13.305174413768723,13.324430843211562,-5.332822913971281,2.971022562042302e-14,-3.394883004532312e-20,-385.56915678843825
0.00014875,148.75,13.30378215848921,13.323005465529478,-5.316187132259892,2.972710078561384e-14,-3.394754403796454e-20,-386.9945344705223
0.000149,149.0,13.302389895490709,13.321580237923584,-5.29966250142908,2.974387101832805e-14,-3.3947188608795084e-20,-388.41976207641665
0.00014925,149.25,13.30099762294186,13.320155157299043,-5.28324789901928,2.976053734223241e-14,-3.394711752296119e-20,-389.84484270095777
0.0001495,149.5,13.299605339020491,13.318730220582662,-5.266942217489915,2.97771007675931e-14,-3.3948048101150315e-20,-391.2697794173388
0.00014975,149.75,13.298213041913552,13.317305424721113,-5.25074436555868,2.979356229167242e-14,-3.394682671727709e-20,-392.6945752788881
0.00015,150.0,13.296820729817057,13.315880766682211,-5.234653266486995,2.9809922898701585e-14,-3.394674270674613e-20,-394.11923331779064
0.00015025,150.25,13.295428400936004,13.314456243454792,-5.218667858179134,2.98261835596722e-14,-3.394671685735199e-20,-395.5437565452095
0.0001505,150.5,13.294036053484293,13.313031852048855,-5.202787092225138,2.9842345233047917e-14,-3.394736955455408e-20,-396.9681479511455
0.00015075,150.75,13.292643685684663,13.31160758949387,-5.187009935189163,2.9858408865137887e-14,-3.394623218121182e-20,-398.39241050613145
0.000151,151.0,13.291251295768639,13.310183452840075,-5.171335366994025,2.987437539006079e-14,-3.3946122321286715e-20,-399.81654715992573
0.00015125,151.25,13.289858881976446,13.308759439158342,-5.155762381071643,2.989024572952654e-14,-3.3946122321286715e-20,-401.2405608416596
0.0001515,151.5,13.28846644255694,13.307335545540283,-5.140289983473175,2.990602079351738e-14,-3.394672331970052e-20,-402.6644544597174
0.00015175,151.75,13.28707397576754,13.305911769096697,-5.12491719409291,2.9921701480640287e-14,-3.394556009696412e-20,-404.088230903303
0.000152,152.0,13.285681479874176,13.304488106958768,-5.109643045170655,2.993728867808342e-14,-3.39455019358273e-20,-405.5118930412323
0.00015225,152.25,13.284288953151218,13.303064556277945,-5.094466581473461,2.9952783261390454e-14,-3.3945508398175836e-20,-406.93544372205514
0.0001525,152.5,13.2828963938814,13.301641114226042,-5.079386859462078,2.9968186095113365e-14,-3.394604477310429e-20,-408.3588857739586
0.00015275,152.75,13.281503800355749,13.300217777993739,-5.064402948453518,2.998349803314605e-14,-3.3944972023247383e-20,-409.78222200626294
0.000153,153.0,13.28011117087355,13.29879454479172,-5.049513929234236,2.999871991867428e-14,-3.3945056033778346e-20,-411.20545520828153
0.00015325,153.25,13.27871850374227,13.297371411850541,-5.03471889426878,3.0013852583944355e-14,-3.394500433499006e-20,-412.62858814945986
0.0001535,153.5,13.277325797277477,13.295948376420693,-5.020016946914731,3.00288968508898e-14,-3.394563118279801e-20,-414.0516235793074
0.00015375,153.75,13.275933049802797,13.294525435771181,-5.005407202523992,3.004385353144815e-14,-3.394450673415282e-20,-415.4745642288193
0.000154,154.0,13.274540259649848,13.293102587190576,-4.990888787156097,3.0058723427505235e-14,-3.394481692688253e-20,-416.8974128094244
0.00015425,154.25,13.27314742515819,13.291679827986862,-4.9764608378120565,3.007350733065974e-14,-3.394486216332228e-20,-418.320172013139
0.0001545,154.5,13.271754544675241,13.290257155487456,-4.962122501694826,3.008820602282545e-14,-3.394529514067416e-20,-419.7428445125451
0.00015475,154.75,13.270361616556233,13.288834567037817,-4.947872937248721,3.010282027653328e-14,-3.3944080219149475e-20,-421.1654329621831
0.000155,155.0,13.26896863916415,13.2874120600025,-4.933711312949856,3.011735085487044e-14,-3.394417069202897e-20,-422.5879399975011
0.00015525,155.25,13.26757561086969,13.285989631764924,-4.919636807572293,3.0131798511241844e-14,-3.394421592846872e-20,-424.01036823507707
0.0001555,155.5,13.266182530051164,13.28456727972738,-4.905648609478529,3.0146163989950246e-14,-3.3944694142260354e-20,-425.4327202726204
0.00015575,155.75,13.26478939509447,13.283145001309713,-4.891745917590597,3.016044802648398e-14,-3.394373771467709e-20,-426.85499869028837
0.000156,156.0,13.263396204393036,13.281722793950214,-4.877927940295567,3.0174651347452064e-14,-3.3943673091191734e-20,-428.27720604978634
0.00015625,156.25,13.262002956347764,13.28030065510541,-4.864193895696426,3.0188774670343814e-14,-3.394371186528295e-20,-429.69934489459007
0.0001565,156.5,13.26060964936696,13.278878582250078,-4.8505430109315615,3.020281870408787e-14,-3.3944241777862864e-20,-431.12141774992324
0.00015675,156.75,13.259216281866292,13.27745657287599,-4.8369745230898635,3.021678414932692e-14,-3.394341459725031e-20,-432.5434271240113
0.000157,157.0,13.257822852268736,13.276034624492656,-4.823487678211993,3.0230671698349365e-14,-3.3943498607781273e-20,-433.9653755073446
0.00015725,157.25,13.25642935900453,13.274612734627128,-4.810081731524978,3.024448203484783e-14,-3.3943640779449056e-20,-435.3872653728732
0.0001575,157.5,13.255035800511099,13.273190900824009,-4.796755946800544,3.0258215834458077e-14,-3.394400267096705e-20,-436.80909917599297
0.00015775,157.75,13.253642175233015,13.271769120644192,-4.783509597216172,3.0271873765022384e-14,-3.394314964096035e-20,-438.23087935580827
0.000158,158.0,13.252248481621965,13.270347391665641,-4.770341964404834,3.0285456486517885e-14,-3.394315610330889e-20,-439.6526083343589
0.00015825,158.25,13.250854718136678,13.268925711483128,-4.757252338705259,3.0298964650814233e-14,-3.3943278887931064e-20,-441.07428851687285
0.0001585,158.5,13.249460883242865,13.267504077708203,-4.744240018549453,3.0312398902194055e-14,-3.3943498607781273e-20,-442.4959222917984
0.00015875,158.75,13.248066975413193,13.26608248796801,-4.731304311261086,3.032575987760539e-14,-3.394284591057918e-20,-443.9175120319917
0.000159,159.0,13.246672993127238,13.264660939906014,-4.718444532169604,3.033904820658724e-14,-3.394292992111014e-20,-445.33906009398805
0.00015925,159.25,13.245278934871413,13.263239431181717,-4.705660004862186,3.0352264511027023e-14,-3.3943104404520603e-20,-446.7605688182836
0.0001595,159.5,13.243884799138934,13.261817959470628,-4.692950060597221,3.036540940566336e-14,-3.394333058671935e-20,-448.18204052937216
0.00015975,159.75,13.24249058442977,13.260396522463084,-4.680314039046346,3.037848349832852e-14,-3.3942503406106795e-20,-449.6034775369161
0.00016,160.0,13.241096289250603,13.258975117865011,-4.667751287455947,3.039148738987139e-14,-3.394245170731851e-20,-451.02488213498896
0.00016025,160.25,13.239701912114779,13.257553743397608,-4.655261160907556,3.0404421673915024e-14,-3.394243878262144e-20,-452.4462566023922
0.0001605,160.5,13.23830745154225,13.256132396797295,-4.642843021742489,3.0417286937343114e-14,-3.3942781287093825e-20,-453.86760320270633
0.00016075,160.75,13.23691290605953,13.254711075814702,-4.630496240243641,3.043008376053216e-14,-3.3942180288680017e-20,-455.28892418529836
0.000161,161.0,13.23551827419968,13.253289778215185,-4.618220193895609,3.044281271727269e-14,-3.394220613807416e-20,-456.71022178481576
0.00016125,161.25,13.234123554502228,13.25186850177861,-4.606014267604499,3.045547437452751e-14,-3.3942445244969975e-20,-458.13149822139115
0.0001615,161.5,13.232728745513132,13.250447244299343,-4.593877853147577,3.0468069292902005e-14,-3.394263911542604e-20,-459.55275570065766
0.00016175,161.75,13.231333845784752,13.249026003585218,-4.581810349816681,3.0480598026867485e-14,-3.394189594534445e-20,-460.97399641478233
0.000162,162.0,13.229938853875792,13.247604777458113,-4.5698111637063485,3.049306112468053e-14,-3.394199934292102e-20,-462.3952225418883
0.00016225,162.25,13.228543768351267,13.246183563753707,-4.557879707941639,3.0505459128141756e-14,-3.394212858989173e-20,-463.8164362462939
0.0001625,162.5,13.227148587782457,13.244762360321442,-4.546015402151122,3.051779257305129e-14,-3.3942257836862444e-20,-465.23763967855984
0.00016275,162.75,13.225753310746848,13.243341165023574,-4.5342176730600166,3.0530061989423406e-14,-3.39415599032206e-20,-466.6588349764262
0.000163,163.0,13.224357935828131,13.24191997573572,-4.5224859538270925,3.054226790140436e-14,-3.394163745140303e-20,-468.0800242642804
0.00016325,163.25,13.222962461616122,13.240498790346617,-4.510819684266809,3.0554410827032144e-14,-3.394170853723692e-20,-469.50120965338425
0.0001635,163.5,13.221566886706734,13.2390776067581,-4.49921831034018,3.0566491278677544e-14,-3.394196056882981e-20,-470.922393241901
0.00016375,163.75,13.220171209701945,13.237656422884214,-4.487681284703943,3.0578509763250755e-14,-3.3941275559885037e-20,-472.34357711578656
0.000164,164.0,13.218775429209751,13.236235236651718,-4.476208066094659,3.059046678211787e-14,-3.394138541981014e-20,-473.76476334828277
0.00016425,164.25,13.217379543844125,13.234814045999883,-4.464798119544686,3.060236283086169e-14,-3.39415599032206e-20,-475.18595400011753
0.0001645,164.5,13.215983552224982,13.233392848880463,-4.453450915890513,3.061419839970933e-14,-3.3941656838448636e-20,-476.6071511195384
0.00016475,164.75,13.214587452978135,13.23197164325686,-4.442165932283651,3.0625973973730967e-14,-3.3941062302383363e-20,-478.02835674313957
0.000165,165.0,13.21319124473526,13.230550427104623,-4.4309426516168005,3.063769003275538e-14,-3.394110753882311e-20,-479.4495728953789
0.00016525,165.25,13.211794926133866,13.229129198411224,-4.419780562736775,3.064934705113198e-14,-3.394118508700554e-20,-480.8708015887779
0.0001655,165.5,13.21039849581724,13.22770795517608,-4.408679159963981,3.066094549814564e-14,-3.394140480685575e-20,-482.29204482392163
0.00016575,165.75,13.209001952434415,13.22628669540982,-4.397637943560663,3.067248583820788e-14,-3.394086196957876e-20,-483.7133045901805
0.000166,166.0,13.207605294640151,13.224865417134614,-4.3866564192223265,3.068396853077167e-14,-3.3940926593064116e-20,-485.13458286538656
0.00016625,166.25,13.20620852109487,13.223444118384066,-4.3757340982720185,3.069539403009499e-14,-3.394111400117165e-20,-486.55588161593533
0.0001665,166.5,13.204811630464642,13.22202279720324,-4.364870497192267,3.070676278564333e-14,-3.394125617283943e-20,-487.9772027967619
0.00016675,166.75,13.203414621421127,13.220601451647958,-4.354065138064365,3.071807524227398e-14,-3.394071333556244e-20,-489.3985483520423
0.000167,167.0,13.202017492641572,13.219180079785124,-4.343317548097005,3.0729331840150135e-14,-3.3940739184956585e-20,-490.8199202148769
0.00016725,167.25,13.200620242808741,13.217758679692617,-4.332627259816956,3.074053301450609e-14,-3.394092013071558e-20,-492.24132030738497
0.0001675,167.5,13.199222870610898,13.216337249459333,-4.321993810617967,3.0751679196038033e-14,-3.3941146312914326e-20,-493.66275054066773
0.00016775,167.75,13.197825374741766,13.21491578718454,-4.3114167431699135,3.076277081108187e-14,-3.394065517442562e-20,-495.08421281546197
0.000168,168.0,13.196427753900508,13.213494290978145,-4.3008956049821165,3.0773808281526755e-14,-3.3940726260259513e-20,-496.50570902185564
0.00016825,168.25,13.195030006791661,13.212072758960652,-4.290429948590547,3.078479202458218e-14,-3.394088135662437e-20,-497.92724103934887
0.0001685,168.5,13.19363213212514,13.210651189263166,-4.2800193311237456,3.079572245315749e-14,-3.3941029990640685e-20,-499.3488107368351
0.00016875,168.75,13.192234128616164,13.209229580026808,-4.269663314684292,3.080659997603368e-14,-3.394053885215198e-20,-500.7704199731942
0.000169,169.0,13.190835994985262,13.207807929402977,-4.25936146594403,3.0817424997776584e-14,-3.394051300275784e-20,-502.19207059702467
0.00016925,169.25,13.189437729958218,13.206386235553282,-4.2491133563297545,3.08281979185058e-14,-3.3940726260259513e-20,-503.6137644467185
0.0001695,169.5,13.188039332266035,13.204964496649593,-4.238918561604747,3.083891913426368e-14,-3.394083612018462e-20,-505.0355033504082
0.00016975,169.75,13.186640800644906,13.203542710873462,-4.228776662222889,3.0849589037181356e-14,-3.394042252987834e-20,-506.45728912653965
0.00017,170.0,13.1852421338362,13.202120876416387,-4.2186872429521465,3.086020801539173e-14,-3.394073272260805e-20,-507.8791235836129
0.00017025,170.25,13.183843330586408,13.20069899147977,-4.20864989306341,3.087077645280038e-14,-3.394099121654947e-20,-509.30100852023133
0.0001705,170.5,13.18244438964711,13.199277054274903,-4.198664205933396,3.088129472944433e-14,-3.394087489427583e-20,-510.72294572509804
0.00017075,170.75,13.181045309774955,13.197855063022393,-4.1887297793784795,3.08917632216531e-14,-3.3940067100708885e-20,-512.1449369776074
0.000171,171.0,13.179646089731637,13.196433015952577,-4.178846215272396,3.09021823019614e-14,-3.39403966804842e-20,-513.5669840474246
0.00017125,171.25,13.178246728283844,13.195010911305385,-4.169013119758822,3.091255233888193e-14,-3.3940668099122693e-20,-514.9890886946165
0.0001715,171.5,13.17684722420324,13.193588747330322,-4.159230102867298,3.092287369725489e-14,-3.3940648712077087e-20,-516.4112526696782
0.00017175,171.75,13.175447576266418,13.192166522285975,-4.149496778819274,3.0933146738403635e-14,-3.394002832661767e-20,-517.8334777140265
0.000172,172.0,13.1740477832549,13.190744234440297,-4.139812765691187,3.09433718200475e-14,-3.394018988533106e-20,-519.255765559703
0.00017225,172.25,13.172647843955092,13.189321882070548,-4.1301776856091585,3.0953549296077025e-14,-3.3940357906392986e-20,-520.6781179294527
0.0001725,172.5,13.171247757158238,13.187899463463285,-4.120591164374732,3.096367951689426e-14,-3.3940332056998844e-20,-522.1005365367147
0.00017275,172.75,13.169847521660403,13.18647697691394,-4.111052831746861,3.097376282956337e-14,-3.393991846669257e-20,-523.5230230860598
0.000173,173.0,13.168447136262463,13.18505442072698,-4.10156232115314,3.0983799577723724e-14,-3.3940021864269136e-20,-524.9455792730208
0.00017325,173.25,13.167046599770048,13.183631793215884,-4.09211926986764,3.099379010136762e-14,-3.39403062076047e-20,-526.3682067841169
0.0001735,173.5,13.165645910993524,13.182209092703182,-4.08272331864729,3.100373473717163e-14,-3.394031913230177e-20,-527.7909072968185
0.00017375,173.75,13.164245068747961,13.180786317520019,-4.073374111997585,3.1013633818642816e-14,-3.393989907964696e-20,-529.2136824799825
0.000174,174.0,13.16284407185312,13.179363466006308,-4.064071297905401,3.1023487676031954e-14,-3.394000247722353e-20,-530.6365339936932
0.00017425,174.25,13.161442919133403,13.177940536510716,-4.05481452801527,3.1033296636113706e-14,-3.3940273895862023e-20,-532.0594634892839
0.0001745,174.5,13.16004160941784,13.176517527390686,-4.045603457283421,3.104306102250953e-14,-3.394023512177081e-20,-533.482472609314
0.00017475,174.75,13.15864014154005,13.175094437011976,-4.036437744227295,3.105278115582976e-14,-3.393982799381307e-20,-534.9055629880252
0.000175,175.0,13.157238514338228,13.173671263748913,-4.027317050660816,3.106245735358712e-14,-3.393995724078378e-20,-536.3287362510871
0.00017525,175.25,13.155836726655112,13.17224800598432,-4.018241041882429,3.107208992997919e-14,-3.3940312669953237e-20,-537.7519940156806
0.0001755,175.5,13.15443477733795,13.170824662109503,-4.00920938634253,3.108167919620346e-14,-3.3940228659422275e-20,-539.1753378904972
0.00017575,175.75,13.153032665238472,13.16940123052386,-4.000221755871032,3.1091225460595325e-14,-3.3939731058585036e-20,-540.5987694761415
0.000176,176.0,13.151630389212883,13.167977709635089,-3.9912778254350063,3.110072902854194e-14,-3.393998955252646e-20,-542.0222903649113
0.00017625,176.25,13.150227948121817,13.166554097859132,-3.9823772733229066,3.1110190202267284e-14,-3.3940170498285454e-20,-543.4459021408688
0.0001765,176.5,13.148825340830314,13.165130393620148,-3.973519780823436,3.1119609281139436e-14,-3.394011879949717e-20,-544.8696063798525
0.00017675,176.75,13.147422566207803,13.163706595350154,-3.9647050324367528,3.112898656180482e-14,-3.3939634123357e-20,-546.2934046498458
0.000177,177.0,13.146019623128065,13.162282701489222,-3.9559327156479442,3.113832233810245e-14,-3.393991846669257e-20,-547.7172985107801
0.00017725,177.25,13.144616510469229,13.160858710485403,-3.947202521112754,3.114761690085155e-14,-3.394026743351349e-20,-549.1412895145976
0.0001775,177.5,13.143213227113712,13.159434620794725,-3.938514142349619,3.115687053815139e-14,-3.3940021864269136e-20,-550.5653792052752
0.00017775,177.75,13.141809771948221,13.158010430880772,-3.9298672759332245,3.1166083535512116e-14,-3.393956303752311e-20,-551.9895691192289
0.000178,178.0,13.140406143863727,13.156586139215,-3.9212616212715963,3.1175256175769306e-14,-3.393984091851014e-20,-553.4138607850009
0.00017825,178.25,13.139002341755429,13.155161744276597,-3.9126968808042317,3.118438873887411e-14,-3.3940157573588383e-20,-554.8382557234031
0.0001785,178.5,13.137598364522736,13.153737244552458,-3.904172759701865,3.1193481502186153e-14,-3.3940021864269136e-20,-556.2627554475432
0.00017875,178.75,13.136194211069245,13.152312638536804,-3.8956889660422616,3.120253474060078e-14,-3.393962119865993e-20,-557.6873614631966
0.000179,179.0,13.13478988030271,13.15088792473148,-3.887245210606837,3.1211548726464216e-14,-3.3939802144418927e-20,-559.1120752685206
0.00017925,179.25,13.133385371135025,13.149463101645813,-3.878841207073982,3.122052372936625e-14,-3.394002832661767e-20,-560.5368983541883
0.0001795,179.5,13.131980682482201,13.14803816779659,-3.870476671724016,3.1229460016426494e-14,-3.393994431608671e-20,-561.9618322034102
0.00017975,179.75,13.130575813264327,13.146613121707762,-3.862151323597415,3.1238357852418015e-14,-3.393950487638629e-20,-563.3868782922378
0.00018,180.0,13.12917076240558,13.1451879619106,-3.853864884325377,3.124721749968322e-14,-3.393973752093357e-20,-564.8120380894026
0.00018025,180.25,13.127765528834168,13.143762686943615,-3.8456170783064403,3.125603921792924e-14,-3.394004771366328e-20,-566.2373130563852
0.0001805,180.5,13.126360111482319,13.142337295352565,-3.83740763242348,3.1264823264507453e-14,-3.39401058748001e-20,-567.6627046474363
0.00018075,180.75,13.124954509286265,13.140911785690092,-3.8292362761932695,3.127356989453415e-14,-3.3939614736311395e-20,-569.0882143099099
0.000181,181.0,13.12354872118622,13.139486156515972,-3.821102741597237,3.1282279360806973e-14,-3.393956303752311e-20,-570.5138434840296
0.00018125,181.25,13.122142746126341,13.13806040639699,-3.813006763263553,3.1290951913602695e-14,-3.3939847380858676e-20,-571.9395936030107
0.0001815,181.5,13.120736583054732,13.136634533906939,-3.8049480781877105,3.1299587800950844e-14,-3.393984091851014e-20,-573.365466093062
0.00018175,181.75,13.119330230923389,13.135208537626381,-3.7969264258624182,3.130818726875081e-14,-3.39394337905524e-20,-574.7914623736192
0.000182,182.0,13.117923688688217,13.13378241614268,-3.7889415481560045,3.131675056068916e-14,-3.3939556575174575e-20,-576.2175838573214
0.00018225,182.25,13.116516955308974,13.132356168049983,-3.780993189463712,3.132527791804022e-14,-3.393991846669257e-20,-577.6438319500182
0.0001825,182.5,13.115110029749271,13.13092979194925,-3.7730810964403814,3.133376957993328e-14,-3.393973752093357e-20,-579.0702080507522
0.00018275,182.75,13.11370291097654,13.129503286447948,-3.765205018125449,3.1342225783467134e-14,-3.3939349780021437e-20,-580.4967135520537
0.000183,183.0,13.112295597962019,13.128076650160192,-3.7573647058158284,3.135064676362786e-14,-3.393969228449382e-20,-581.923349839808
0.00018325,183.25,13.110888089680731,13.126649881706685,-3.749559913226316,3.135903275309194e-14,-3.39399249290411e-20,-583.3501182933164
0.0001835,183.5,13.10948038511146,13.125222979714689,-3.7417903962325276,3.136738398248772e-14,-3.39397245962365e-20,-584.7770202853111
0.00018375,183.75,13.108072483236725,13.123795942817798,-3.7340559129818116,3.137570068050705e-14,-3.39394337905524e-20,-586.2040571822021
0.000184,184.0,13.106664383042775,13.122368769656049,-3.726356223775708,3.138398307382388e-14,-3.393962119865993e-20,-587.6312303439514
0.00018425,184.25,13.105256083519558,13.120941458875855,-3.7186910912306694,3.1392231386899855e-14,-3.3939996014874994e-20,-589.0585411241465
0.0001845,184.5,13.103847583660702,13.119514009129993,-3.7110602800312007,3.140044584224007e-14,-3.3939834456161605e-20,-590.485990870007
0.00018475,184.75,13.102438882463494,13.118086419077338,-3.7034635570290217,3.140862666050225e-14,-3.393938855411265e-20,-591.9135809226636
0.000185,185.0,13.101029978928866,13.116658687383056,-3.6959006911226897,3.141677406041594e-14,-3.39397245962365e-20,-593.3413126169439
0.00018525,185.25,13.099620872061367,13.11523081271852,-3.6883714534298817,3.142488825859052e-14,-3.394006063836035e-20,-594.76918728148
0.0001855,185.5,13.098211560869155,13.11380279376124,-3.6808756170460315,3.1432969469765634e-14,-3.393991846669257e-20,-596.1972062387614
0.00018575,185.75,13.096802044363963,13.112374629194655,-3.673412957131003,3.144101790691782e-14,-3.393938855411265e-20,-597.6253708053466
0.000186,186.0,13.095392321561091,13.110946317708315,-3.6659832507999663,3.144903378118033e-14,-3.39397245962365e-20,-599.0536822916854
0.00018625,186.25,13.093982391479384,13.10951785799778,-3.6585862772938578,3.145701730165379e-14,-3.394002832661767e-20,-600.4821420022203
0.0001865,186.5,13.092572253141213,13.10808924876458,-3.651221817743883,3.1464968675651257e-14,-3.393980860676746e-20,-601.9107512354208
0.00018675,186.75,13.091161905572452,13.106660488715997,-3.6438896552470372,3.147288810880244e-14,-3.3939453177598006e-20,-603.339511284003
0.000187,187.0,13.08975134780247,13.105231576565252,-3.6365895747697787,3.1480775804974287e-14,-3.3939659972751144e-20,-604.768423434749
0.00018725,187.25,13.088340578864095,13.1038025110314,-3.6293213633143053,3.1488631966084024e-14,-3.394000247722353e-20,-606.1974889686012
0.0001875,187.5,13.086929597793619,13.10237329083929,-3.622084809689615,3.14964567923393e-14,-3.3939789219721856e-20,-607.6267091607102
0.00018775,187.75,13.085518403630756,13.100943914719375,-3.6148797045795726,3.15042504823399e-14,-3.3939278694187546e-20,-609.0560852806259
0.000188,188.0,13.084106995418638,13.099514381407861,-3.6077058404581472,3.151201323299915e-14,-3.393946610229508e-20,-610.48561859214
0.00018825,188.25,13.082695372203805,13.098084689646615,-3.600563011748618,3.151974523935942e-14,-3.3939731058585036e-20,-611.9153103533862
0.0001885,188.5,13.081283533036155,13.096654838183156,-3.5934510145959515,3.1527446694827535e-14,-3.3939659972751144e-20,-613.345161816845
0.00018875,188.75,13.079871476968963,13.09522482577054,-3.5863696469215665,3.153511779127379e-14,-3.39393433176729e-20,-614.7751742294607
0.000189,189.0,13.078459203058843,13.093794651167315,-3.5793187083803404,3.154275871895437e-14,-3.393946610229508e-20,-616.2053488326856
0.00018925,189.25,13.077046710365734,13.092364313137535,-3.5722980004912834,3.1550369666329405e-14,-3.393973752093357e-20,-617.6356868624657
0.0001895,189.5,13.075633997952892,13.090933810450768,-3.5653073264192847,3.1557950820293456e-14,-3.393958242456872e-20,-619.0661895492337
0.00018975,189.75,13.074221064886848,13.089503141881927,-3.5583464910295657,3.156550236627253e-14,-3.3939311005930223e-20,-620.4968581180735
0.00019,190.0,13.072807910237424,13.08807230621133,-3.551415300835198,3.1573024488147144e-14,-3.3939382091764115e-20,-621.9276937886701
0.00019025,190.25,13.071394533077695,13.08664130222465,-3.544513564137657,3.158051736807281e-14,-3.393960827396286e-20,-623.3586977753505
0.0001905,190.5,13.069980932483972,13.085210128712907,-3.537641090816399,3.15879811867059e-14,-3.3939601811614324e-20,-624.7898712870931
0.00019075,190.75,13.068567107535793,13.083778784472342,-3.530797692372338,3.159541612329865e-14,-3.3939291618884617e-20,-626.2212155276587
0.000191,191.0,13.067153057315908,13.082347268304444,-3.5239831818841982,3.1602822355622966e-14,-3.393947256464361e-20,-627.6527316955569
0.00019125,191.25,13.065738780910252,13.08091557901592,-3.517197374146887,3.161020005979325e-14,-3.393956303752311e-20,-629.0844209840806
0.0001915,191.5,13.06432427740794,13.079483715418679,-3.5104400854663034,3.1617549410487926e-14,-3.393959534926579e-20,-630.5162845813225
0.00019175,191.75,13.062909545901233,13.078051676329725,-3.5037111336952855,3.162487058104234e-14,-3.393920114600512e-20,-631.9483236702757
0.000192,192.0,13.061494585485551,13.076619460571166,-3.49701033819832,3.1632163743373414e-14,-3.3939440252900935e-20,-633.3805394288345
0.00019225,192.25,13.060079395259432,13.075187066970193,-3.490337519987043,3.1639429067804766e-14,-3.3939543650477504e-20,-634.8129330298076
0.0001925,192.5,13.058663974324524,13.07375449435907,-3.4836925015207103,3.1646666723284025e-14,-3.393959534926579e-20,-636.2455056409314
0.00019275,192.75,13.05724832178557,13.072321741575015,-3.4770751067357595,3.1653876877473726e-14,-3.393924638244487e-20,-637.6782584249856
0.000193,193.0,13.055832436750395,13.070888807460236,-3.4704851610152088,3.166105969667677e-14,-3.3939627661008466e-20,-639.1111925397661
0.00019325,193.25,13.05441631832988,13.06945569086189,-3.463922491325118,3.166821534566391e-14,-3.3939834456161605e-20,-640.5443091381102
0.0001935,193.5,13.052999965637962,13.068022390632072,-3.4573869260227688,3.1675343987886766e-14,-3.393967935979675e-20,-641.9776093679286
0.00019375,193.75,13.051583377791607,13.066588905627656,-3.4508782948795584,3.168244578556712e-14,-3.393918822130805e-20,-643.4110943723449
0.000194,194.0,13.050166553910795,13.065155234710438,-3.4443964290435978,3.1689520899622984e-14,-3.393953718812897e-20,-644.8447652895632
0.00019425,194.25,13.048749493118512,13.063721376747042,-3.4379411611869326,3.169656948949834e-14,-3.3939821531464534e-20,-646.2786232529589
0.0001945,194.5,13.047332194540735,13.062287330608878,-3.431512325317608,3.170359171337227e-14,-3.3939672897448215e-20,-647.7126693911224
0.00019475,194.75,13.0459146573064,13.060853095172034,-3.425109756794813,3.1710587728246354e-14,-3.393923992009633e-20,-649.1469048279681
0.000195,195.0,13.044496880547413,13.05941866931737,-3.4187332923002085,3.171755768987154e-14,-3.3939427328203864e-20,-650.5813306826298
0.00019525,195.25,13.043078863398618,13.057984051930466,-3.412382769979697,3.172450175258022e-14,-3.3939672897448215e-20,-652.0159480695352
0.0001955,195.5,13.041660604997785,13.056549241901557,-3.406058029258192,3.173142006949145e-14,-3.393957596222018e-20,-653.4507580984448
0.00019575,195.75,13.0402421044856,13.055114238125492,-3.399758910848031,3.173831279259647e-14,-3.3939175296610977e-20,-654.8857618745079
0.000196,196.0,13.038823361005646,13.053679039501729,-3.3934852567410596,3.1745180072686496e-14,-3.3939485489340684e-20,-656.3209604982728
0.00019625,196.25,13.03740437370439,13.052243644934295,-3.3872369103351185,3.1752022059187034e-14,-3.39397245962365e-20,-657.7563550657053
0.0001965,196.5,13.035985141731178,13.050808053331798,-3.381013716254262,3.17588389003593e-14,-3.3939556575174575e-20,-659.1919466682037
0.00019675,196.75,13.034565664238196,13.04937226360733,-3.3748155203536068,3.1765630743384056e-14,-3.393916883426244e-20,-660.6277363926708
0.000197,197.0,13.033145940380482,13.047936274678477,-3.368642169716908,3.1772397734290175e-14,-3.393942086585533e-20,-662.0637253215231
0.00019725,197.25,13.03172596931591,13.046500085467288,-3.362493512781087,3.17791400177912e-14,-3.3939569499871646e-20,-663.4999145327117
0.0001975,197.5,13.03030575020515,13.045063694900266,-3.3563693991609287,3.1785857737483086e-14,-3.39395242634319e-20,-664.936305099734
0.00019775,197.75,13.028885282211686,13.043627101908298,-3.3502696796480276,3.1792551035926396e-14,-3.3939046049640265e-20,-666.372898091703
0.000198,198.0,13.027464564501784,13.042190305426645,-3.3441942062148335,3.1799220054575665e-14,-3.3939323930627295e-20,-667.8096945733562
0.00019825,198.25,13.026043596244486,13.040753304394924,-3.3381428321361173,3.180586493361813e-14,-3.393951780108336e-20,-669.2466956050771
0.0001985,198.5,13.024622376611593,13.039316097757085,-3.3321154118182643,3.181248581216792e-14,-3.39395242634319e-20,-670.6839022429159
0.00019875,198.75,13.023200904777653,13.037878684461365,-3.3261118007944,3.181908282834669e-14,-3.3939278694187546e-20,-672.1213155386353
0.000199,199.0,13.02177917991994,13.03644106346027,-3.3201318557313515,3.182565611921376e-14,-3.39394337905524e-20,-673.5589365397301
0.00019925,199.25,13.020357201218465,13.035003233710539,-3.314175434551891,3.1832205820606986e-14,-3.393959534926579e-20,-674.9967662894624
0.0001995,199.5,13.018934967855927,13.033565194173141,-3.3082423962668623,3.1838732067333526e-14,-3.393946610229508e-20,-676.4348058268599
0.00019975,199.75,13.01751247901773,13.032126943813234,-3.302332600961973,3.184523499324891e-14,-3.3939220533050725e-20,-677.8730561867669
0.0002,200.0,13.016089733891958,13.030688481600132,-3.2964459098146275,3.185171473118798e-14,-3.393935624236997e-20,-679.3115183998699
0.00020025,200.25,13.014666731669358,13.029249806507279,-3.290582185212531,3.1858171412807886e-14,-3.393960827396286e-20,-680.750193492722
0.0002005,200.5,13.01324347154334,13.027810917512245,-3.284741290588531,3.1864605168775485e-14,-3.3939498414037755e-20,-682.1890824877563
0.00020075,200.75,13.01181995270995,13.026371813596684,-3.2789230904066096,3.1871016128844937e-14,-3.3939252844793403e-20,-683.6281864033165
0.000201,201.0,13.010396174367864,13.024932493746306,-3.2731274501813212,3.187740442178945e-14,-3.393936270471851e-20,-685.0675062536958
0.00020125,201.25,13.008972135718384,13.023492956950834,-3.267354236592354,3.1883770175246285e-14,-3.393947256464361e-20,-686.5070430491672
0.0002015,201.5,13.007547835965406,13.022053202204036,-3.2616033173224617,3.189011351590105e-14,-3.3939382091764115e-20,-687.9467977959654
0.00020175,201.75,13.006123274315428,13.020613228503702,-3.2558745610358564,3.1896434569563664e-14,-3.3939194683656583e-20,-689.3867714962996
0.000202,202.0,13.004698449977521,13.019173034851528,-3.2501678374160603,3.1902733461100964e-14,-3.3939382091764115e-20,-690.8269651484727
0.00020225,202.25,13.00327336216333,13.017732620253138,-3.2444830172697325,3.190901031428384e-14,-3.393967935979675e-20,-692.2673797468625
0.0002025,202.5,13.001848010087055,13.01629198371809,-3.2388199723693103,3.191526525196819e-14,-3.3939543650477504e-20,-693.7080162819096
0.00020275,202.75,13.000422392965437,13.014851124259843,-3.2331785754303133,3.192149839616974e-14,-3.3939207608353654e-20,-695.1488757401568
0.000203,203.0,12.99899651001775,13.01341004089571,-3.2275587001403143,3.192770986799723e-14,-3.393940794115826e-20,-696.5899591042909
0.00020325,203.25,12.997570360465796,13.011968732646842,-3.2219602212707192,3.19338997875016e-14,-3.393962119865993e-20,-698.0312673531585
0.0002035,203.5,12.996143943533875,13.010527198538218,-3.2163830145239816,3.1940068273853904e-14,-3.3939588886917253e-20,-699.4728014617826
0.00020375,203.75,12.994717258448789,13.00908543759862,-3.210826956507619,3.194621544541873e-14,-3.3939291618884617e-20,-700.9145624013814
0.000204,204.0,12.993290304439824,13.007643448860598,-3.205291924764491,3.195234141968823e-14,-3.3939453177598006e-20,-702.356551139402
0.00020425,204.25,12.99186308073874,13.006201231360446,-3.1997777978811026,3.195844631313322e-14,-3.3939718133887964e-20,-703.7987686395545
0.0002045,204.5,12.99043558657976,13.004758784138192,-3.194284455340918,3.196453024137811e-14,-3.393953072578043e-20,-705.24121586181
0.00020475,204.75,12.98900782119956,13.003316106237582,-3.1888117774947466,3.1970593319273064e-14,-3.3939233457747797e-20,-706.683893762418
0.000205,205.0,12.987579783837246,13.001873196706036,-3.1833596455934647,3.197663566082874e-14,-3.3939440252900935e-20,-708.1268032939653
0.00020525,205.25,12.98615147373436,13.000430054594636,-3.1779279418956965,3.198265737906937e-14,-3.393973752093357e-20,-709.5699454053643
0.0002055,205.5,12.984722890134865,12.9989866789581,-3.1725165495239898,3.198865858620476e-14,-3.393965351040261e-20,-711.0133210419002
0.00020575,205.75,12.983294032285118,12.997543068854792,-3.1671253524299448,3.1994639393701194e-14,-3.393933039297583e-20,-712.4569311452078
0.000206,206.0,12.98186489943388,12.996099223346658,-3.1617542354326242,3.200059991221693e-14,-3.39395242634319e-20,-713.900776653344
0.00020625,206.25,12.98043549083229,12.994655141499214,-3.1564030843244932,3.200654025145716e-14,-3.393955011282604e-20,-715.3448585007875
0.0002065,206.5,12.979005805733866,12.993210822381533,-3.1510717857296004,3.201246052034325e-14,-3.393958242456872e-20,-716.7891776184684
0.00020675,206.75,12.977575843394483,12.99176626506625,-3.1457602270666545,3.201836082708235e-14,-3.393925930714194e-20,-718.2337349337504
0.000207,207.0,12.976145603072363,12.990321468629494,-3.140468296590852,3.202424127910364e-14,-3.3939440252900935e-20,-719.678531370506
0.00020725,207.25,12.97471508402808,12.988876432150883,-3.135195883497841,3.2030101982915214e-14,-3.393950487638629e-20,-721.1235678491178
0.0002075,207.5,12.973284285524533,12.987431154713503,-3.129942877781726,3.20359430442706e-14,-3.3939427328203864e-20,-722.5688452864971
0.00020775,207.75,12.971853206826932,12.985985635403987,-3.1247091701917435,3.2041764568237014e-14,-3.393924638244487e-20,-724.014364596015
0.000208,208.0,12.970421847202807,12.984539873312317,-3.119494652290965,3.2047566659132467e-14,-3.3939588886917253e-20,-725.4601266876846
0.00020825,208.25,12.968990205921981,12.983093867531904,-3.1142992165495977,3.205334942038452e-14,-3.3939776295024785e-20,-726.9061324680971
0.0002085,208.5,12.967558282256567,12.98164761715955,-3.1091227562106822,3.2059112954693945e-14,-3.3939647048054073e-20,-728.3523828404506
0.00020875,208.75,12.966126075480952,12.980201121295414,-3.1039651652512923,3.206485736410214e-14,-3.393924638244487e-20,-729.7988787045872
0.000209,209.0,12.964693584871794,12.978754379043064,-3.0988263384151757,3.2070582749928813e-14,-3.3939395016461186e-20,-731.2456209569369
0.00020925,209.25,12.963260809708004,12.977307389509395,-3.0937061713236074,3.207628921263238e-14,-3.3939614736311395e-20,-732.6926104906064
0.0002095,209.5,12.961827749270746,12.975860151804604,-3.088604560344324,3.208197685197129e-14,-3.393955011282604e-20,-734.139848195397
0.00020975,209.75,12.960394402843416,12.974412665042227,-3.0835214025450552,3.208764576707008e-14,-3.393927223183901e-20,-735.5873349577743
0.00021,210.0,12.958960769711638,12.972964928339056,-3.0784565957423133,3.209329605635786e-14,-3.3939382091764115e-20,-737.0350716609446
0.00021025,210.25,12.957526849163253,12.971516940815155,-3.073410038597894,3.209892781743062e-14,-3.393969874684236e-20,-738.4830591848466
0.0002105,210.5,12.95609264048831,12.970068701593817,-3.068381630491951,3.2104541147209876e-14,-3.3939569499871646e-20,-739.9312984061829
0.00021075,210.75,12.954658142979055,12.968620209801607,-3.063371271476506,3.211013614200766e-14,-3.3939323930627295e-20,-741.3797901983937
0.000211,211.0,12.953223355929918,12.96717146456828,-3.058378862325111,3.2115712897465786e-14,-3.393941440350679e-20,-742.8285354317206
0.00021125,211.25,12.951788278637514,12.965722465026774,-3.05340430462879,3.2121271508419785e-14,-3.393969874684236e-20,-744.2775349732271
0.0002115,211.5,12.95035291040062,12.964273210313198,-3.0484475006718563,3.21268120690552e-14,-3.393950487638629e-20,-745.7267896868022
0.00021175,211.75,12.948917250520175,12.962823699566858,-3.0435083533815837,3.213233467297147e-14,-3.3939220533050725e-20,-747.1763004331432
0.000212,212.0,12.947481298299262,12.961373931930183,-3.038586766381784,3.2137839413121824e-14,-3.393951780108336e-20,-748.6260680698184
0.00021225,212.25,12.946045053043111,12.959923906548717,-3.033682644087524,3.214332638167909e-14,-3.3939634123357e-20,-750.0760934512841
0.0002125,212.5,12.944608514059079,12.958473622571098,-3.0287958915824857,3.214879567018943e-14,-3.3939556575174575e-20,-751.5263774289034
0.00021275,212.75,12.943171680656642,12.957023079149105,-3.0239264145668607,3.2154247369635304e-14,-3.3939175296610977e-20,-752.9769208508966
0.000213,213.0,12.941734552147384,12.955572275437557,-3.0190741194125246,3.2159681570376e-14,-3.3939349780021437e-20,-754.4277245624436
0.00021325,213.25,12.940297127845003,12.954121210594334,-3.0142389132581826,3.2165098362015125e-14,-3.393957596222018e-20,-755.8787894056677
0.0002135,213.5,12.93885940706528,12.952669883780336,-3.009420703887958,3.217049783355207e-14,-3.393945963994654e-20,-757.3301162196652
0.00021375,213.75,12.937421389126083,12.951218294159535,-3.0046193996753585,3.217588007344386e-14,-3.393921407070219e-20,-758.7817058404662
0.000214,214.0,12.935983073347353,12.949766440898891,-2.9998349096430568,3.2181245169546446e-14,-3.39393433176729e-20,-760.2335591011106
0.00021425,214.25,12.934544459051107,12.948314323168342,-2.9950671435564855,3.218659320898386e-14,-3.393951780108336e-20,-761.6856768316584
0.0002145,214.5,12.933105545561402,12.946861940140794,-2.9903160118036274,3.2191924278297336e-14,-3.393946610229508e-20,-763.1380598592069
0.00021475,214.75,12.93166633220436,12.945409290992155,-2.985581425338481,3.219723846350624e-14,-3.3939207608353654e-20,-764.5907090078464
0.000215,215.0,12.930226818308123,12.943956374901257,-2.9808632957426897,3.220253585005001e-14,-3.393936270471851e-20,-766.0436250987447
0.00021525,215.25,12.928787003202885,12.942503191049848,-2.97616153531442,3.2207816522658945e-14,-3.393960827396286e-20,-767.4968089501525
0.0002155,215.5,12.927346886220844,12.94104973862258,-2.9714760569533714,3.2213080565501115e-14,-3.3939485489340684e-20,-768.9502613774206
0.00021575,215.75,12.925906466696222,12.939596016807043,-2.9668067741048505,3.2218328062242304e-14,-3.393933039297583e-20,-770.4039831929583
0.000216,216.0,12.924465743965243,12.938142024793693,-2.9621536008204847,3.222355909598863e-14,-3.393925930714194e-20,-771.8579752063075
0.00021625,216.25,12.923024717366118,12.936687761775822,-2.9575164518456707,3.222877374915898e-14,-3.393949195168922e-20,-773.3122382241787
0.0002165,216.5,12.921583386239059,12.935233226949574,-2.9528952425050936,3.223397210362977e-14,-3.393947902699215e-20,-774.7667730504267
0.00021675,216.75,12.920141749926245,12.933778419514033,-2.948289888639863,3.223915424079379e-14,-3.3939311005930223e-20,-776.2215804859684
0.000217,217.0,12.918699807771834,12.932323338671017,-2.9437003066862237,3.224432024150363e-14,-3.393947902699215e-20,-777.6766613289835
0.00021725,217.25,12.917257559121936,12.930867983625138,-2.9391264137515187,3.2249470185945675e-14,-3.3939601811614324e-20,-779.1320163748628
0.0002175,217.5,12.915815003324623,12.929412353583798,-2.9345681275029416,3.225460415378267e-14,-3.393950487638629e-20,-780.5876464162025
0.00021775,217.75,12.914372139729913,12.927956447757229,-2.9300253661093283,3.225972222421182e-14,-3.393918822130805e-20,-782.0435522427722
0.000218,218.0,12.912928967689755,12.926500265358408,-2.925498048303271,3.2264824475908717e-14,-3.393937562941558e-20,-783.499734641593
0.00021825,218.25,12.911485486558025,12.925043805603059,-2.9209860934692666,3.226991098690296e-14,-3.393964058570554e-20,-784.9561943969427
0.0002185,218.5,12.910041695690527,12.923587067709605,-2.9164894215382082,3.227498183471854e-14,-3.393945963994654e-20,-786.4129322903956
0.00021875,218.75,12.908597594444974,12.922130050899204,-2.9120079529250766,3.2280037096431236e-14,-3.393913006017123e-20,-787.8699491007968
0.000219,219.0,12.907153182180984,12.920672754395747,-2.907541608582089,3.2285076848613083e-14,-3.3939233457747797e-20,-789.3272456042537
0.00021925,219.25,12.905708458260063,12.919215177425816,-2.903090310096567,3.229010116720947e-14,-3.3939440252900935e-20,-790.7848225741853
0.0002195,219.5,12.904263422045625,12.917757319218628,-2.898653979582796,3.229511012767764e-14,-3.3939336855324366e-20,-792.2426807813731
0.00021975,219.75,12.902818072902946,12.916299179006122,-2.894232539614225,3.230010380504304e-14,-3.393911067312562e-20,-793.7008209938776
0.00022,220.0,12.901372410199182,12.914840756022869,-2.889825913294783,3.230508227384454e-14,-3.393928515653608e-20,-795.1592439771322
0.00022025,220.25,12.899926433303353,12.913382049506044,-2.8854340243423366,3.2310045608013055e-14,-3.393946610229508e-20,-796.6179504939577
0.0002205,220.5,12.898480141586338,12.911923058695438,-2.8810567969795255,3.2314993881008045e-14,-3.3939453177598006e-20,-798.0769413045626
0.00022075,220.75,12.897033534420865,12.910463782833563,-2.876694155866666,3.231992716587297e-14,-3.393920114600512e-20,-799.536217166437
0.000221,221.0,12.895586611181498,12.909004221165441,-2.8723460261861975,3.2324845535181136e-14,-3.3939349780021437e-20,-800.9957788345597
0.00022125,221.25,12.89413937124464,12.907544372938645,-2.8680123337133736,3.232974906091589e-14,-3.393953072578043e-20,-802.4556270613552
0.0002215,221.5,12.892691813988522,12.906084237403329,-2.86369300471036,3.233463781460514e-14,-3.393940794115826e-20,-803.9157625966715
0.00022175,221.75,12.891243938793188,12.904623813812307,-2.8593879658595247,3.2339511867375945e-14,-3.393916883426244e-20,-805.376186187693
0.000222,222.0,12.8897957450405,12.90316310142086,-2.8550971443486497,3.2344371289901024e-14,-3.393918822130805e-20,-806.8368985791412
0.00022225,222.25,12.888347232114118,12.90170209948676,-2.8508204679404074,3.23492161522804e-14,-3.3939453177598006e-20,-808.297900513241
0.0002225,222.5,12.886898399399502,12.900240807270313,-2.8465578648686014,3.2354046524174014e-14,-3.3939323930627295e-20,-809.7591927296871
0.00022275,222.75,12.885449246283903,12.898779224034435,-2.8423092637700664,3.2358862474855526e-14,-3.3939207608353654e-20,-811.2207759655663
0.000223,223.0,12.88399977215634,12.897317349044457,-2.8380745937704837,3.2363664073159443e-14,-3.3939311005930223e-20,-812.6826509555441
0.00022325,223.25,12.882549976407626,12.895855181568168,-2.83385378455195,3.236845138736418e-14,-3.3939427328203864e-20,-814.1448184318327
0.0002235,223.5,12.881099858430332,12.894392720875816,-2.8296467662550504,3.237322448532276e-14,-3.393929808123315e-20,-815.6072791241853
0.00022375,223.75,12.87964941761879,12.892929966240173,-2.825453469413532,3.237798343451599e-14,-3.3939033124943194e-20,-817.0700337598286
0.000224,224.0,12.878198653369079,12.891466916936425,-2.8212738250244374,3.238272830200009e-14,-3.393933039297583e-20,-818.5330830635754
0.00022425,224.25,12.876747565079027,12.890003572242183,-2.817107764626394,3.2387459154291144e-14,-3.393945963994654e-20,-819.996427757818
0.0002245,224.5,12.875296152148207,12.888539931437439,-2.8129552202043806,3.239217605749404e-14,-3.3939427328203864e-20,-821.4600685625612
0.00022475,224.75,12.873844413977915,12.887075993804674,-2.8088161241185454,3.239687907735483e-14,-3.393911067312562e-20,-822.9240061953269
0.000225,225.0,12.872392349971179,12.88561175862873,-2.80469040917733,3.2401568279209013e-14,-3.3939382091764115e-20,-824.3882413712699
0.00022525,225.25,12.87093995953273,12.884147225196836,-2.8005780087154704,3.2406243727867334e-14,-3.393962119865993e-20,-825.8527748031651
0.0002255,225.5,12.869487242069031,12.882682392798548,-2.796478856501828,3.241090548774289e-14,-3.3939511338734826e-20,-827.3176072014529
0.00022575,225.75,12.868034196988228,12.881217260725805,-2.7923928866712346,3.241555362290293e-14,-3.393920114600512e-20,-828.7827392741954
0.000226,226.0,12.866580823700177,12.879751828272934,-2.788320033785029,3.242018819701759e-14,-3.3939220533050725e-20,-830.2481717270673
0.00022625,226.25,12.865127121616418,12.878286094736568,-2.7842602329148893,3.242480927324702e-14,-3.39394337905524e-20,-831.7139052634332
0.0002265,226.5,12.863673090150176,12.876820059415646,-2.7802134195526698,3.242941691436689e-14,-3.3939336855324366e-20,-833.1799405843549
0.00022675,226.75,12.862218728716352,12.875353721611477,-2.7761795295386382,3.2434011182819295e-14,-3.3939194683656583e-20,-834.6462783885247
0.000227,227.0,12.860764036731517,12.873887080627657,-2.772158499134407,3.243859214066216e-14,-3.3939311005930223e-20,-836.1129193723441
0.00022725,227.25,12.859309013613904,12.872420135770046,-2.7681502650956653,3.244315984945775e-14,-3.393936270471851e-20,-837.5798642299551
0.0002275,227.5,12.857853658783403,12.870952886346764,-2.764154764583865,3.2447714370396415e-14,-3.393923992009633e-20,-839.0471136532361
0.00022775,227.75,12.856397971661549,12.869485331668276,-2.760171935094217,3.245225576434681e-14,-3.393916883426244e-20,-840.5146683317245
0.000228,228.0,12.854941951671531,12.868017471047274,-2.75620171453051,3.245678409180584e-14,-3.3939220533050725e-20,-841.9825289527264
0.00022825,228.25,12.853485598238167,12.866549303798678,-2.752244041276749,3.246129941278852e-14,-3.393940147880972e-20,-843.4506962013223
0.0002285,228.5,12.852028910787904,12.865080829239629,-2.74829885410987,3.246580178695007e-14,-3.393929808123315e-20,-844.9191707603713
0.00022875,228.75,12.850571888748814,12.863612046689553,-2.7443660921276187,3.247029127363537e-14,-3.3939162371913905e-20,-846.3879533104476
0.000229,229.0,12.849114531550594,12.86214295547008,-2.7404456948236584,3.247476793182959e-14,-3.393921407070219e-20,-847.8570445299212
0.00022925,229.25,12.847656838624536,12.860673554905013,-2.7365376021579837,3.247923182004919e-14,-3.393942086585533e-20,-849.3264450949886
0.0002295,229.5,12.846198809403552,12.859203844320337,-2.732641754471595,3.2483682996462524e-14,-3.3939278694187546e-20,-850.7961556796644
0.00022975,229.75,12.84474044332214,12.857733823044278,-2.728758092413621,3.2488121518938565e-14,-3.393922699539926e-20,-852.2661769557238
0.00023,230.0,12.843281739816401,12.856263490407228,-2.724886557016683,3.2492547444998044e-14,-3.393922699539926e-20,-853.7365095927734
0.00023025,230.25,12.841822698324014,12.854792845741708,-2.7210270897671545,3.249696083170582e-14,-3.3939427328203864e-20,-855.2071542582936
0.0002305,230.5,12.840363318284242,12.853321888382379,-2.7171796325208515,3.2501361735789803e-14,-3.3939323930627295e-20,-856.6781116176222
0.00023075,230.75,12.838903599137913,12.851850617666106,-2.7133441274287224,3.250575021368907e-14,-3.393923992009633e-20,-858.1493823338946
0.000231,231.0,12.837443540327437,12.850379032931874,-2.7095205170143326,3.251012632150554e-14,-3.3939233457747797e-20,-859.6209670681266
0.00023125,231.25,12.835983141296765,12.84890713352076,-2.7057087442414223,3.251449011489757e-14,-3.393942086585533e-20,-861.0928664792422
0.0002315,231.5,12.83452240149142,12.847434918775935,-2.701908752431728,3.2518841649197364e-14,-3.3939311005930223e-20,-862.5650812240664
0.00023175,231.75,12.833061320358466,12.845962388042743,-2.6981204851923297,3.252318097945841e-14,-3.3939233457747797e-20,-864.0376119572572
0.000232,232.0,12.831599897346514,12.844489540668606,-2.6943438864908984,3.2527508160407666e-14,-3.39393433176729e-20,-865.5104593313944
0.00023225,232.25,12.830138131905708,12.843016376002995,-2.690578900722543,3.253182324634049e-14,-3.3939511338734826e-20,-866.983623997006
0.0002325,232.5,12.828676023487722,12.841542893397438,-2.6868254726303125,3.25361262912364e-14,-3.39393433176729e-20,-868.4571066025617
0.00023275,232.75,12.827213571545757,12.840069092205598,-2.6830835472303636,3.254041734880594e-14,-3.3939278694187546e-20,-869.9309077944038
0.000233,233.0,12.82575077553454,12.83859497178317,-2.6793530698880135,3.2544696472443425e-14,-3.393944671524947e-20,-871.4050282168309
0.00023325,233.25,12.824287634910299,12.837120531487871,-2.6756339863868237,3.2548963715123e-14,-3.3939614736311395e-20,-872.8794685121298
0.0002335,233.5,12.82282414913077,12.835645770679433,-2.6719262428476065,3.255321912951298e-14,-3.393940147880972e-20,-874.3542293205676
0.00023375,233.75,12.821360317655207,12.834170688719682,-2.668229785650936,3.2557462768022076e-14,-3.3939194683656583e-20,-875.8293112803191
0.000234,234.0,12.819896139944342,12.832695284972443,-2.6645445615166876,3.256169468275264e-14,-3.3939311005930223e-20,-877.3047150275569
0.00023425,234.25,12.818431615460398,12.83121955880354,-2.6608705175708165,3.2565914925397926e-14,-3.393949195168922e-20,-878.7804411964613
0.0002345,234.5,12.816966743667097,12.829743509580751,-2.6572076012681367,3.257012354735494e-14,-3.393940794115826e-20,-880.2564904192493
0.00023475,234.75,12.815501524029628,12.82826713667388,-2.653555760320438,3.2574320599770144e-14,-3.393918175895951e-20,-881.7328633261219
0.000235,235.0,12.814035956014653,12.826790439454728,-2.649914942761453,3.257850613349317e-14,-3.393929808123315e-20,-883.2095605452727
0.00023525,235.25,12.812570039090303,12.825313417297053,-2.6462850970200664,3.258268019897521e-14,-3.393951780108336e-20,-884.6865827029467
0.0002355,235.5,12.81110377272618,12.82383606957654,-2.6426661718423494,3.2586842846380557e-14,-3.393944671524947e-20,-886.16393042346
0.00023575,235.75,12.809637156393324,12.822358395670951,-2.639058116211282,3.259099412563151e-14,-3.3939369167067044e-20,-887.6416043290498
0.000236,236.0,12.808170189564242,12.820880394959913,-2.6354608794386505,3.259513408636269e-14,-3.3939427328203864e-20,-889.1196050400879
0.00023625,236.25,12.80670287171288,12.819402066824953,-2.631874411218631,3.2599262777820685e-14,-3.393956303752311e-20,-890.5979331750474
0.0002365,236.5,12.805235202314623,12.817923410649527,-2.628298661551797,3.260338024897403e-14,-3.3939427328203864e-20,-892.0765893504735
0.00023675,236.75,12.80376718084629,12.816444425819075,-2.624733580671574,3.260748654855769e-14,-3.3939323930627295e-20,-893.5555741809256
0.000237,237.0,12.802298806786137,12.814965111720936,-2.6211791191209772,3.2611581725027775e-14,-3.393947902699215e-20,-895.0348882790646
0.00023725,237.25,12.800830079613828,12.813485467744325,-2.6176352278155854,3.261566582646233e-14,-3.393975690797918e-20,-896.5145322556756
0.0002375,237.5,12.79936099881046,12.812005493280324,-2.6141018579730204,3.261973890066988e-14,-3.393951780108336e-20,-897.9945067196772
0.00023775,237.75,12.797891563858537,12.810525187721916,-2.6105789610386503,3.2623800995233476e-14,-3.393940794115826e-20,-899.4748122780836
0.000238,238.0,12.796421774241972,12.809044550464003,-2.607066488751898,3.262785215746587e-14,-3.393941440350679e-20,-900.9554495359982
0.00023825,238.25,12.794951629446079,12.807563580903311,-2.603564393217629,3.263189243431127e-14,-3.39395242634319e-20,-902.4364190966897
0.0002385,238.5,12.793481128957566,12.806082278438403,-2.6000726268309844,3.2635921872452825e-14,-3.393947256464361e-20,-903.9177215615974
0.00023875,238.75,12.792010272264541,12.804600642469818,-2.596591142195426,3.263994051835578e-14,-3.3939323930627295e-20,-905.3993575301832
0.000239,239.0,12.790539058856492,12.803118672399862,-2.593119892215193,3.264394841822327e-14,-3.393947256464361e-20,-906.8813276001392
0.00023925,239.25,12.789067488224289,12.801636367632645,-2.5896588301483012,3.264794561789932e-14,-3.3939705209190893e-20,-908.3636323673563
0.0002395,239.5,12.787595559860183,12.800153727574093,-2.5862079095354575,3.2651932162974735e-14,-3.393946610229508e-20,-909.846272425908
0.00023975,239.75,12.786123273257791,12.798670751631972,-2.582767084127433,3.265590809883e-14,-3.3939265769490474e-20,-911.3292483680293
0.00024,240.0,12.784650627912105,12.797187439215893,-2.579336307951714,3.265987347059142e-14,-3.393935624236997e-20,-912.8125607841075
0.00024025,240.25,12.78317762331946,12.795703789737257,-2.5759155353809824,3.2663828323035097e-14,-3.393941440350679e-20,-914.296210262744
0.0002405,240.5,12.781704258977571,12.794219802609208,-2.5725047210642114,3.266777270069171e-14,-3.393942086585533e-20,-915.7801973907938
0.00024075,240.75,12.780230534385485,12.792735477246756,-2.569103819848568,3.2671706647888707e-14,-3.3939382091764115e-20,-917.2645227532447
0.000241,241.0,12.778756449043607,12.791250813066673,-2.5657127868566674,3.267563020870699e-14,-3.393960827396286e-20,-918.7491869333267
0.00024125,241.25,12.777282002453674,12.789765809487486,-2.5623315775465114,3.267954342688601e-14,-3.393988615494989e-20,-920.2341905125157
0.0002415,241.5,12.775807194118768,12.788280465929443,-2.5589601476455943,3.2683446345927154e-14,-3.3939659972751144e-20,-921.7195340705587
0.00024175,241.75,12.774332023543293,12.786794781814578,-2.5555984530752323,3.268733900913554e-14,-3.393940794115826e-20,-923.2052181854231
0.000242,242.0,12.772856490232993,12.785308756566714,-2.5522464500160695,3.2691221459577153e-14,-3.393959534926579e-20,-924.6912434332864
0.00024225,242.25,12.771380593694914,12.783822389611405,-2.5489040949776505,3.2695093739984865e-14,-3.393975044563064e-20,-926.1776103885962
0.0002425,242.5,12.769904333437442,12.782335680375875,-2.545571344732989,3.269895589286068e-14,-3.3939588886917253e-20,-927.6643196241264
0.00024275,242.75,12.768427708970252,12.780848628289109,-2.542248156240611,3.270280796051699e-14,-3.393947256464361e-20,-929.1513717108921
0.000243,243.0,12.766950719804347,12.779361232781842,-2.5389344867132753,3.270664998503413e-14,-3.393942086585533e-20,-930.638767218159
0.00024325,243.25,12.765473365452015,12.777873493286485,-2.535630293685095,3.27104820081675e-14,-3.393969228449382e-20,-932.1265067135153
0.0002435,243.5,12.763995645426856,12.776385409237124,-2.5323355349414665,3.271430407144861e-14,-3.393966643509968e-20,-933.6145907628772
0.00024375,243.75,12.762517559243754,12.774896980069665,-2.529050168437363,3.271811621622565e-14,-3.393953072578043e-20,-935.1030199303367
0.000244,244.0,12.761039106418885,12.773408205221623,-2.5257741523903334,3.272191848362162e-14,-3.3939601811614324e-20,-936.5917947783777
0.00024425,244.25,12.759560286469705,12.771919084132165,-2.5225074453283876,3.272571091444251e-14,-3.3939672897448215e-20,-938.080915867836
0.0002445,244.49999999999997,12.758081098914957,12.770429616242115,-2.5192500060227347,3.272949354927706e-14,-3.3939511338734826e-20,-939.5703837578853
0.00024475,244.75,12.756601543274645,12.768939800994048,-2.516001793412561,3.2733266428536906e-14,-3.393946610229508e-20,-941.0601990059533
0.000245,245.0,12.755121619070058,12.767449637832168,-2.512762766685399,3.273702959241513e-14,-3.3939569499871646e-20,-942.5503621678322
0.00024525,245.25000000000003,12.75364132582374,12.765959126202306,-2.5095328853316174,3.27407830807954e-14,-3.393969228449382e-20,-944.0408737976951
0.0002455,245.5,12.752160663059504,12.764468265551907,-2.5063121090778635,3.274452693335059e-14,-3.3939588886917253e-20,-945.5317344480937
0.00024575,245.74999999999997,12.750679630302411,12.762977055330198,-2.503100397808015,3.274826118958243e-14,-3.393947902699215e-20,-947.022944669803
0.000246,246.00000000000003,12.749198227078777,12.761485494987948,-2.4998977116544507,3.2751985888780446e-14,-3.3939601811614324e-20,-948.5145050120523
0.00024625,246.25,12.747716452916164,12.759993583977522,-2.496704011043603,3.275570106993216e-14,-3.3939731058585036e-20,-950.0064160224791
0.0002465,246.49999999999997,12.746234307343379,12.75850132175289,-2.4935192566323843,3.27594067718205e-14,-3.393975044563064e-20,-951.4986782471115
0.00024675,246.75,12.74475178989047,12.757008707769716,-2.490343409232716,3.276310303306301e-14,-3.393947902699215e-20,-952.9912922302848
0.000247,247.0,12.74326890008871,12.755515741485238,-2.487176429891266,3.2766789892071244e-14,-3.3939634123357e-20,-954.4842585147625
0.00024725,247.25000000000003,12.741785637470612,12.754022422358267,-2.4840182799431756,3.277046738696184e-14,-3.39397245962365e-20,-955.9775776417343
0.0002475,247.5,12.740302001569907,12.752528749849171,-2.480868920947248,3.27741355556529e-14,-3.393962119865993e-20,-957.4712501508297
0.00024775,247.74999999999997,12.73881799192155,12.751034723420045,-2.4777283146059736,3.2777794435902656e-14,-3.3939588886917253e-20,-958.9652765799569
0.000248,248.0,12.737333608061709,12.749540342534466,-2.474596422858141,3.278144406526926e-14,-3.3939634123357e-20,-960.4596574655353
0.00024825,248.25,12.735848849527772,12.74804560665756,-2.4714732079241504,3.278508448102293e-14,-3.393980860676746e-20,-961.9543933424422
0.0002485,248.50000000000003,12.734363715858324,12.746550515255993,-2.4683586322400304,3.2788715720241135e-14,-3.3939776295024785e-20,-963.4494847440069
0.00024875,248.75,12.732878206593163,12.745055067798143,-2.4652526583788132,3.27923378198468e-14,-3.393973752093357e-20,-964.9449322018579
0.000249,248.99999999999997,12.731392321273283,12.743559263753838,-2.462155249143518,3.279595081656857e-14,-3.3939802144418927e-20,-966.4407362461632
0.00024925,249.25,12.729906059440872,12.742063102594432,-2.4590663676107396,3.2799554746853836e-14,-3.393984091851014e-20,-967.9368974055678
0.0002495,249.5,12.72841942063931,12.740566583792805,-2.455985977068886,3.280314964696278e-14,-3.3939731058585036e-20,-969.4334162071958
0.00024975,249.75000000000003,12.72693240441317,12.739069706823443,-2.452914040943771,3.280673555300628e-14,-3.393959534926579e-20,-970.930293176558
0.00025,250.0,12.72544501030819,12.737572471162345,-2.449850522876792,3.2810312500906513e-14,-3.39397245962365e-20,-972.4275288376564
0.00025025,250.24999999999997,12.72395723787131,12.736074876287,-2.4467953867762415,3.2813880526310833e-14,-3.3939743983282107e-20,-973.9251237130001
0.0002505,250.50000000000003,12.722469086650626,12.734576921676378,-2.443748596758962,3.281743966468483e-14,-3.3939776295024785e-20,-975.4230783236226
0.00025075,250.75,12.720980556195414,12.733078606811045,-2.440710117073168,3.282098995134977e-14,-3.3939627661008466e-20,-976.9213931889568
0.000251,250.99999999999997,12.719491646056113,12.731579931173046,-2.4376799121760935,3.282453142144358e-14,-3.3939815069116e-20,-978.4200688269551
0.00025125,251.25,12.718002355784323,12.730080894245908,-2.434657946785385,3.282806410983566e-14,-3.3939776295024785e-20,-979.9191057540921
0.0002515,251.5,12.716512684932809,12.7285814955146,-2.4316441858238798,3.283158805121884e-14,-3.3939627661008466e-20,-981.4185044854014
0.00025175,251.75000000000003,12.71502263305548,12.72708173446561,-2.4286385943449584,3.283510328014649e-14,-3.3939569499871646e-20,-982.9182655343914
0.000252,252.0,12.713532199707398,12.725581610586943,-2.425641137598641,3.2838609830993815e-14,-3.3939776295024785e-20,-984.4183894130581
0.00025225,252.24999999999997,12.712041384444781,12.724081123368052,-2.4226517810898964,3.284210773787361e-14,-3.3939815069116e-20,-985.9188766319488
0.0002525,252.5,12.71055018682498,12.722580272299808,-2.4196704905231132,3.284559703472716e-14,-3.3939659972751144e-20,-987.4197277001932
0.00025275,252.75,12.709058606406483,12.72107905687462,-2.4166972317239646,3.2849077755360875e-14,-3.393957596222018e-20,-988.9209431253806
0.000253,253.00000000000003,12.707566642748914,12.719577476586336,-2.413731970717374,3.2852549933408056e-14,-3.3939834456161605e-20,-990.4225234136659
0.00025325,253.25,12.706074295413035,12.718075530930221,-2.41077467377601,3.285601360224548e-14,-3.393991846669257e-20,-991.9244690697789
0.0002535,253.49999999999997,12.704581563960724,12.716573219402955,-2.4078253073651887,3.2859468795083345e-14,-3.393976983267625e-20,-993.4267805970454
0.00025375,253.75000000000003,12.703088447954986,12.715070541502731,-2.4048838380668305,3.2862915545001416e-14,-3.393959534926579e-20,-994.9294584972697
0.000254,254.0,12.701594946959949,12.713567496729148,-2.4019502326578017,3.286635388491123e-14,-3.393964058570554e-20,-996.4325032708533
0.00025425,254.24999999999997,12.700101060540849,12.7120640845832,-2.399024458157046,3.2869783847473514e-14,-3.393967935979675e-20,-997.9359154168005
0.0002545,254.5,12.698606788264033,12.71056030456727,-2.3961064817690896,3.2873205465187186e-14,-3.393973752093357e-20,-999.4396954327311
0.00025475,254.74999999999997,12.697112129696967,12.709056156185296,-2.393196270805855,3.287661877042501e-14,-3.3939647048054073e-20,-1000.943843814705
0.000255,255.00000000000003,12.695617084408205,12.707551638942542,-2.390293792774712,3.288002379539619e-14,-3.3939789219721856e-20,-1002.4483610574588
0.00025525,255.25,12.694121651967412,12.706046752345658,-2.3873990154191387,3.2883420572064767e-14,-3.3939950778435245e-20,-1003.9532476543418
0.0002555,255.49999999999997,12.692625831945346,12.704541495902651,-2.38451190666611,3.288680913223739e-14,-3.393978275737332e-20,-1005.4585040973496
0.00025575,255.75,12.691129623913854,12.703035869122969,-2.3816324345527224,3.289018950759888e-14,-3.3939685822145287e-20,-1006.9641308770314
0.000256,256.0,12.68963302744588,12.70152987151747,-2.3787605672923116,3.2893561729675065e-14,-3.393985384320721e-20,-1008.47012848253
0.00025625,256.25,12.688136042115445,12.700023502598384,-2.3758962733317692,3.289692582975188e-14,-3.393993139138964e-20,-1009.9764974016175
0.0002565,256.5,12.686638667497657,12.698516761879247,-2.3730395212976307,3.29002818389624e-14,-3.393986676790428e-20,-1011.4832381207538
0.00025675,256.75,12.685140903168694,12.69700964887507,-2.3701902799174293,3.290362978832183e-14,-3.393980860676746e-20,-1012.9903511249295
0.000257,257.0,12.683642748705818,12.69550216310219,-2.3673485180990395,3.290696970869077e-14,-3.393975690797918e-20,-1014.4978368978104
0.00025725,257.25,12.682144203687354,12.69399430407827,-2.364514204978237,3.2910301630695175e-14,-3.393989907964696e-20,-1016.0056959217312
0.0002575,257.5,12.680645267692702,12.6924860713223,-2.361687309861945,3.2913625584812477e-14,-3.3939776295024785e-20,-1017.5139286777014
0.00025775,257.75,12.679145940302313,12.690977464354761,-2.3588678021497502,3.291694160140605e-14,-3.3939672897448215e-20,-1019.02253564524
0.000258,258.0,12.677646221097708,12.68946848269739,-2.3560556514235738,3.292024971068894e-14,-3.393986676790428e-20,-1020.5315173026106
0.00025825,258.25,12.676146109661463,12.68795912587323,-2.3532508274871518,3.292354994264465e-14,-3.3939963703132316e-20,-1022.0408741267707
0.0002585,258.5,12.6746456055772,12.686449393406644,-2.350453300311621,3.2926842327112236e-14,-3.3939834456161605e-20,-1023.5506065933563
0.00025875,258.75,12.673144708429602,12.684939284823402,-2.347663039960629,3.293012689382054e-14,-3.3939776295024785e-20,-1025.0607151765992
0.000259,259.0,12.671643417804384,12.683428799650576,-2.3448800166686508,3.293340367235219e-14,-3.393980860676746e-20,-1026.571200349425
0.00025925,259.25,12.670141733288318,12.681917937416527,-2.3421042008867943,3.2936672692065144e-14,-3.3939996014874994e-20,-1028.0820625834735
0.0002595,259.5,12.668639654469198,12.680406697650898,-2.3393355632309047,3.293993398217697e-14,-3.393980860676746e-20,-1029.593302349102
0.00025975,259.75,12.667137180935867,12.678895079884722,-2.3365740744068075,3.2943187571798604e-14,-3.393966643509968e-20,-1031.104920115279
0.00026,260.0,12.665634312278193,12.677383083650307,-2.3338197052871137,3.294643348989879e-14,-3.393978275737332e-20,-1032.6169163496934
0.00026025,260.25,12.664131048087075,12.675870708481225,-2.3310724269565077,3.294967176522638e-14,-3.393971167153943e-20,-1034.129291518776
0.0002605,260.5,12.662627387954437,12.67435795391231,-2.3283322106587048,3.295290242639373e-14,-3.3939802144418927e-20,-1035.6420460876918
0.00026075,260.75,12.661123331473224,12.672844819479826,-2.3255990277180105,3.295612550191006e-14,-3.393982799381307e-20,-1037.1551805201743
0.000261,261.0,12.659618878237401,12.671331304721237,-2.3228728496284825,3.295934102014624e-14,-3.3939879692601354e-20,-1038.6686952787632
0.00026125,261.25,12.658114027841943,12.669817409175248,-2.320153648091002,3.2962549009257915e-14,-3.394002832661767e-20,-1040.1825908247522
0.0002615,261.5,12.656608779882843,12.668303132381821,-2.3174413949615733,3.2965749497267943e-14,-3.3939834456161605e-20,-1041.6968676181802
0.00026175,261.75,12.6551031339571,12.666788473882272,-2.3147360621778743,3.29689425120995e-14,-3.393971167153943e-20,-1043.2115261177275
0.000262,262.0,12.65359708966271,12.665273433219157,-2.3120376218353407,3.297212808154116e-14,-3.3939847380858676e-20,-1044.7265667808429
0.00026225,262.25,12.652090646598687,12.663758009936261,-2.309346046232723,3.297530623317073e-14,-3.393987323025282e-20,-1046.2419900637396
0.0002625,262.5,12.650583804365029,12.662242203578591,-2.3066613078219342,3.2978476994436913e-14,-3.3939905541995496e-20,-1047.7577964214101
0.00026275,262.75,12.649076562562737,12.660726013692488,-2.303983379131975,3.298164039269197e-14,-3.393975690797918e-20,-1049.2739863075133
0.000263,263.0,12.6475689207938,12.659209439825513,-2.301312232845438,3.298479645515721e-14,-3.393986676790428e-20,-1050.790560174487
0.00026325,263.25,12.6460608786612,12.657692481526457,-2.2986478418434406,3.298794520884754e-14,-3.394006063836035e-20,-1052.3075184735435
0.0002635,263.5,12.644552435768896,12.656175138345294,-2.2959901791582857,3.299108668065224e-14,-3.393995724078378e-20,-1053.8248616547069
0.00026375,263.75,12.64304359172184,12.654657409833266,-2.293339217901016,3.2994220897367414e-14,-3.393973752093357e-20,-1055.3425901667347
0.000264,264.0,12.641534346125955,12.65313929554287,-2.290694931326847,3.299734788566167e-14,-3.393982799381307e-20,-1056.8607044571315
0.00026425,264.25,12.640024698588146,12.651620795027794,-2.2880572928854797,3.3000467672001477e-14,-3.393991846669257e-20,-1058.379204972206
0.0002645,264.5,12.638514648716285,12.650101907842911,-2.285426276171948,3.300358028273115e-14,-3.393982799381307e-20,-1059.8980921570892
0.00026475,264.75,12.637004196119218,12.648582633544425,-2.2828018548489317,3.3006685744104775e-14,-3.393975044563064e-20,-1061.4173664555751
0.000265,265.0,12.635493340406754,12.64706297168968,-2.280184002732876,3.300978408225239e-14,-3.393986676790428e-20,-1062.9370283103203
0.00026525,265.25,12.633982081189664,12.645542921837182,-2.277572693829723,3.301287532310603e-14,-3.3939950778435245e-20,-1064.4570781628202
0.0002655,265.5,12.632470418079688,12.644022483546614,-2.2749679022863023,3.301595949247886e-14,-3.393987323025282e-20,-1065.977516453386
0.00026575,265.75,12.630958350689514,12.642501656378952,-2.2723696023163513,3.301903661609683e-14,-3.393980860676746e-20,-1067.4983436210487
0.000266,266.0,12.629445878632788,12.640980439896328,-2.2697777682774647,3.302210671956512e-14,-3.3939963703132316e-20,-1069.0195601036735
0.00026625,266.25,12.62793300152411,12.639458833662033,-2.267192374713049,3.302516982829493e-14,-3.393995724078378e-20,-1070.5411663379684
0.0002665,266.5,12.626419718979019,12.637936837240506,-2.26461339630505,3.302822596758177e-14,-3.3939963703132316e-20,-1072.0631627594948
0.00026675,266.75,12.624906030614005,12.63641445019745,-2.2620408078011462,3.303127516263681e-14,-3.393984091851014e-20,-1073.5855498025521
0.000267,267.0,12.623391936046504,12.634891672099709,-2.2594745840890442,3.3034317438553656e-14,-3.393995724078378e-20,-1075.1083279002921
0.00026725,267.25,12.621877434894882,12.633368502515276,-2.2569147002369427,3.303735282023583e-14,-3.3939996014874994e-20,-1076.6314974847242
0.0002675,267.5,12.62036252677845,12.631844941013272,-2.254361131448953,3.304038133247425e-14,-3.3939892617298425e-20,-1078.1550589867286
0.00026775,267.75,12.618847211317442,12.63032098716406,-2.2518138529920564,3.3043402999978294e-14,-3.393985384320721e-20,-1079.6790128359407
0.000268,268.0,12.61733148813303,12.628796640539132,-2.2492728402699615,3.304641784734287e-14,-3.3940008939572065e-20,-1081.2033594608681
0.00026825,268.25,12.61581535684731,12.627271900711111,-2.246738068862806,3.304942589897658e-14,-3.394016403593692e-20,-1082.7280992888893
0.0002685,268.5,12.6142988170833,12.625746767253727,-2.244209514483512,3.305242717917844e-14,-3.394006063836035e-20,-1084.2532327462739
0.00026875,268.75,12.612781868464944,12.62422123974194,-2.2416871529051816,3.305542171216862e-14,-3.393994431608671e-20,-1085.778760258061
0.000269,269.0,12.611264510617106,12.622695317751822,-2.239170960034437,3.30584095220558e-14,-3.3940008939572065e-20,-1087.3046822481795
0.00026925,269.25,12.609746743165555,12.62116900086056,-2.2366609119503096,3.3061390632766066e-14,-3.3940021864269136e-20,-1088.830999139442
0.0002695,269.5,12.608228565736981,12.619642288646425,-2.2341569848615674,3.306436506811882e-14,-3.3940021864269136e-20,-1090.3577113535764
0.00026975,269.75,12.60670997795898,12.618115180688905,-2.231659155034567,3.306733285185721e-14,-3.394006063836035e-20,-1091.8848193110955
0.00027,270.0,12.605190979460057,12.616587676568592,-2.229167398866015,3.307029400761582e-14,-3.394008648775449e-20,-1093.4123234314095
0.00027025,270.25,12.603671569869626,12.615059775867161,-2.2266816929213995,3.307324855885022e-14,-3.394015111123985e-20,-1094.940224132839
0.0002705,270.5,12.602151748817986,12.613531478167369,-2.224202013893036,3.3076196528912115e-14,-3.394008648775449e-20,-1096.4685218326326
0.00027075,270.75,12.600631515936353,12.612002783053168,-2.2217283385279525,3.307913794107949e-14,-3.3939879692601354e-20,-1097.9972169468342
0.000271,271.0,12.599110870856823,12.610473690109597,-2.21926064369928,3.3082072818524595e-14,-3.394007356305742e-20,-1099.5263098904034
0.00027125,271.25,12.597589813212396,12.608944198922782,-2.216798906446031,3.3085001184244105e-14,-3.394017696063399e-20,-1101.0558010772193
0.0002715,271.5,12.59606834263696,12.607414309079896,-2.2143431039331007,3.30879230611336e-14,-3.394015111123985e-20,-1102.5856909201054
0.00027175,271.75,12.594546458765281,12.605884020169242,-2.2118932133805447,3.3090838472017385e-14,-3.393994431608671e-20,-1104.1159798307588
0.000272,272.0,12.593024161233018,12.60435333178025,-2.2094492121252998,3.309374743961676e-14,-3.394008648775449e-20,-1105.6466682197513
0.00027225,272.25,12.591501449676715,12.602822243503423,-2.207011077668945,3.3096649986480864e-14,-3.394004771366328e-20,-1107.1777564965778
0.0002725,272.5,12.589978323733781,12.601290754930277,-2.2045787876353367,3.30995461350604e-14,-3.3940138186542777e-20,-1108.7092450697232
0.00027275,272.75,12.588454783042517,12.599758865653515,-2.202152319696156,3.3102435907737115e-14,-3.3940008939572065e-20,-1110.2411343464867
0.000273,273.0,12.586930827242085,12.598226575266866,-2.199731651644446,3.3105319326792415e-14,-3.3940099412451563e-20,-1111.7734247331343
0.00027325,273.25,12.585406455972526,12.596693883365125,-2.197316761434453,3.3108196414338853e-14,-3.394026743351349e-20,-1113.3061166348764
0.0002735,273.5,12.583881668874744,12.595160789544108,-2.1949076271381016,3.3111067192393116e-14,-3.394026743351349e-20,-1114.8392104558932
0.00027375,273.75,12.582356465590513,12.593627293400779,-2.192504226872718,3.311393168290525e-14,-3.394006063836035e-20,-1116.3727065992216
0.000274,274.0,12.580830845762463,12.592093394533146,-2.190106538873991,3.311678990772751e-14,-3.394017696063399e-20,-1117.906605466855
0.00027425,274.25,12.579304809034094,12.590559092540241,-2.1877145415360375,3.3119641888546503e-14,-3.394028035821056e-20,-1119.4409074597602
0.0002745,274.5,12.577778355049748,12.58902438702211,-2.185328213368013,3.31224876469555e-14,-3.3940254508816417e-20,-1120.9756129778912
0.00027475,274.75,12.576251483454639,12.587489277579941,-2.182947532921577,3.312532720448332e-14,-3.3940215734725203e-20,-1122.5107224200592
0.000275,275.0,12.574724193894824,12.585953763815946,-2.180572478863779,3.312816058256349e-14,-3.3940228659422275e-20,-1124.0462361840553
0.00027525,275.25,12.57319648601721,12.58441784533335,-2.1782030300159088,3.3130987802467045e-14,-3.394042252987834e-20,-1125.5821546666514
0.0002755,275.5,12.571668359469552,12.582881521736386,-2.1758391653134823,3.3133808885374044e-14,-3.394031913230177e-20,-1127.1184782636153
0.00027575,275.75,12.570139813900447,12.58134479263034,-2.17348086373777,3.313662385240229e-14,-3.394020281002813e-20,-1128.655207369661
0.000276,276.0,12.568610848959343,12.579807657621581,-2.171128104376782,3.313943272457675e-14,-3.394026743351349e-20,-1130.1923423784197
0.00027625,276.25,12.567081464296516,12.57827011631747,-2.168780866468505,3.3142235522762855e-14,-3.3940241584119346e-20,-1131.729883682532
0.0002765,276.5,12.565551659563083,12.576732168326341,-2.1664391293626806,3.314503226773752e-14,-3.3940215734725203e-20,-1133.2678316736594
0.00027675,276.75,12.564021434410995,12.575193813257641,-2.164102872450064,3.314782298021739e-14,-3.3940138186542777e-20,-1134.8061867423598
0.000277,277.0,12.562490788493035,12.573655050721804,-2.161772075232261,3.315060768082863e-14,-3.394017696063399e-20,-1136.344949278196
0.00027725,277.25,12.560959721462817,12.572115880330253,-2.1594467173565217,3.31533863900409e-14,-3.39403062076047e-20,-1137.8841196697474
0.0002775,277.5,12.559428232974778,12.57057630169538,-2.157126778578356,3.315615912823756e-14,-3.3940215734725203e-20,-1139.42369830462
0.00027775,277.75,12.557896322684183,12.569036314430674,-2.1548122386918633,3.315892591574374e-14,-3.394016403593692e-20,-1140.9636855693266
0.000278,278.0,12.556363990247114,12.5674959181506,-2.152503077599247,3.3161686772796397e-14,-3.394018988533106e-20,-1142.5040818494008
0.00027825,278.25,12.554831235320476,12.565955112470592,-2.1501992753463526,3.3164441719478805e-14,-3.394038375578713e-20,-1144.0448875294094
0.0002785,278.5,12.55329805756199,12.564413897007052,-2.1479008120848015,3.3167190775790225e-14,-3.3940241584119346e-20,-1145.58610299295
0.00027875,278.75,12.55176445663019,12.562872271377449,-2.1456076680018863,3.3169933961673614e-14,-3.3940228659422275e-20,-1147.1277286225525
0.000279,279.0,12.550230432184428,12.561330235200229,-2.143319823390693,3.3172671296985934e-14,-3.3940215734725203e-20,-1148.6697647997717
0.00027925,279.25,12.548695983884851,12.559787788094786,-2.141037258686063,3.317540280143334e-14,-3.39403062076047e-20,-1150.2122119052146
0.0002795,279.5,12.547161111392427,12.558244929681472,-2.1387599544260163,3.3178128494640065e-14,-3.394016403593692e-20,-1151.7550703185289
0.00027975,279.75,12.54562581436892,12.55670165958169,-2.1364878911817735,3.318084839617597e-14,-3.394017696063399e-20,-1153.2983404183121
0.00028,280.0,12.544090092476903,12.555157977417801,-2.1342210496285428,3.318356252552706e-14,-3.394020281002813e-20,-1154.8420225821994
0.00028025,280.25,12.542553945379746,12.553613882813115,-2.131959410579913,3.318627090203128e-14,-3.394037083109006e-20,-1156.386117186886
0.0002805,280.5,12.541017372741615,12.55206937539187,-2.1297029549502056,3.318897354494671e-14,-3.394017696063399e-20,-1157.9306246081312
0.00028075,280.75,12.53948037422747,12.550524454779353,-2.1274516636863243,3.319167047347892e-14,-3.3940138186542777e-20,-1159.4755452206473
0.000281,281.0,12.537942949503066,12.548979120601798,-2.12520551783616,3.319436170675169e-14,-3.3940357906392986e-20,-1161.0208793982024
0.00028125,281.25,12.536405098234951,12.547433372486363,-2.122964498583527,3.3197047263743434e-14,-3.394052592745491e-20,-1162.5666275136373
0.0002815,281.5,12.534866820090453,12.545887210061132,-2.120728587211252,3.319972716335472e-14,-3.3940344981695915e-20,-1164.1127899388684
0.00028175,281.75,12.533328114737694,12.544340632955224,-2.118497765031487,3.3202401424435373e-14,-3.3940138186542777e-20,-1165.659367044776
0.000282,282.0,12.53178898184558,12.542793640798687,-2.116272013454695,3.320507006575547e-14,-3.394038375578713e-20,-1167.2063592013137
0.00028225,282.25,12.530249421083784,12.541246233222497,-2.114051314025186,3.3207733105942305e-14,-3.3940590550940266e-20,-1168.753766777505
0.0002825,282.5,12.528709432122774,12.53969840985853,-2.1118356483855956,3.3210390563547284e-14,-3.3940461303969555e-20,-1170.3015901414703
0.00028275,282.75,12.527169014633786,12.538150170339636,-2.1096249982102218,3.3213042457072824e-14,-3.3940241584119346e-20,-1171.8498296603643
0.000283,283.0,12.525628168288833,12.536601514299631,-2.1074193452643426,3.3215688804943567e-14,-3.39403062076047e-20,-1173.39848570037
0.00028325,283.25,12.524086892760698,12.535052441373235,-2.1052186714454195,3.321832962544387e-14,-3.39403966804842e-20,-1174.947558626765
0.0002835,283.5,12.522545187722937,12.533502951196057,-2.1030229587449303,3.322096493678421e-14,-3.394037083109006e-20,-1176.4970488039444
0.00028375,283.75,12.521003052849869,12.531953043404771,-2.1008321891767694,3.322359475712762e-14,-3.394038375578713e-20,-1178.0469565952296
0.000284,284.0,12.519460487816584,12.5304027176369,-2.098646344856086,3.32262191045613e-14,-3.394040960518127e-20,-1179.5972823631016
0.00028425,284.25,12.517917492298924,12.528851973530854,-2.096465408024901,3.3228837997034674e-14,-3.39404871533637e-20,-1181.148026469147
0.0002845,284.5,12.516374065973503,12.52730081072594,-2.0942893610180713,3.323145145242506e-14,-3.3940448379272484e-20,-1182.699189274061
0.00028475,284.75,12.514830208517692,12.525749228862415,-2.0921181862001,3.323405948856406e-14,-3.394028035821056e-20,-1184.250771137587
0.000285,285.0,12.513285919609608,12.524197227581475,-2.0899518660218206,3.323666212320927e-14,-3.394043545457541e-20,-1185.8027724185267
0.00028525,285.25,12.511741198928139,12.522644806525218,-2.087790383059,3.323925937398291e-14,-3.394053885215198e-20,-1187.3551934747834
0.0002855,285.5,12.510196046152908,12.521091965336586,-2.085633719979811,3.324185125843692e-14,-3.3940461303969555e-20,-1188.9080346634155
0.00028575,285.75,12.508650460964297,12.519538703659514,-2.083481859476979,3.324443779407904e-14,-3.3940254508816417e-20,-1190.461296340487
0.000286,286.0,12.507104443043435,12.517985021138806,-2.081334784334014,3.324701899834482e-14,-3.394040960518127e-20,-1192.014978861196
0.00028625,286.25,12.505557992072196,12.516430917420148,-2.0791924774566395,3.3249594888536814e-14,-3.3940461303969555e-20,-1193.5690825798526
0.0002865,286.5,12.504011107733193,12.514876392150079,-2.0770549218397165,3.3252165481889036e-14,-3.3940332056998844e-20,-1195.1236078499226
0.00028675,286.75,12.502463789709786,12.513321444976112,-2.0749221005005656,3.325473079559281e-14,-3.3940254508816417e-20,-1196.678555023888
0.000287,287.0,12.500916037686073,12.511766075546635,-2.0727939965445397,3.325729084676907e-14,-3.394031913230177e-20,-1198.2339244533664
0.00028725,287.25,12.499367851346884,12.510210283510894,-2.0706705931973084,3.325984565240797e-14,-3.3940474228666626e-20,-1199.7897164891067
0.0002875,287.5,12.497819230377784,12.50865406851899,-2.068551873773532,3.3262395229432873e-14,-3.394026743351349e-20,-1201.3459314810118
0.00028775,287.75,12.496270174465081,12.507097430221917,-2.066437821612231,3.326493959472593e-14,-3.3940112337148634e-20,-1202.9025697780846
0.000288,288.0,12.494720683295801,12.505540368271593,-2.0643284201331635,3.326747876510059e-14,-3.394038375578713e-20,-1204.4596317284083
0.00028825,288.25,12.493170756557705,12.503982882320791,-2.0622236528745206,3.32700127572418e-14,-3.394042252987834e-20,-1206.0171176792087
0.0002885,288.5,12.491620393939279,12.502424972023098,-2.060123503461137,3.327254158776933e-14,-3.394026743351349e-20,-1207.5750279769036
0.00028875,288.75,12.490069595129732,12.50086663703306,-2.058027955538032,3.3275065273263175e-14,-3.3940021864269136e-20,-1209.133362966942
0.000289,289.0,12.488518359818999,12.499307877006052,-2.0559369928354547,3.3277583830236285e-14,-3.3940254508816417e-20,-1210.6921229939492
0.00028925,289.25,12.486966687697727,12.497748691598305,-2.0538505991988956,3.328009727507526e-14,-3.394040960518127e-20,-1212.2513084016955
0.0002895,289.5,12.485414578457293,12.496189080466863,-2.051768758557602,3.32826056241032e-14,-3.39403062076047e-20,-1213.8109195331374
0.00028975,289.75,12.48386203178978,12.494629043269713,-2.0496914548592313,3.3285108893604764e-14,-3.3940241584119346e-20,-1215.3709567302885
0.00029,290.0,12.482309047387991,12.493068579665675,-2.0476186721348544,3.32876070997992e-14,-3.394020281002813e-20,-1216.9314203343267
0.00029025,290.25,12.480755624945438,12.49150768931439,-2.045550394529282,3.329010025878153e-14,-3.3940254508816417e-20,-1218.4923106856102
0.0002905,290.5,12.479201764156342,12.489946371876323,-2.043486606269245,3.329258838658484e-14,-3.394017696063399e-20,-1220.0536281236773
0.00029075,290.75,12.477647464715638,12.488384627012861,-2.0414272915980534,3.32950714992051e-14,-3.394018988533106e-20,-1221.6153729871396
0.000291,291.0,12.476092726318955,12.486822454386209,-2.039372434841216,3.3297549612574475e-14,-3.394020281002813e-20,-1223.177545613792
0.00029125,291.25,12.474537548662642,12.485259853659382,-2.0373220204373856,3.330002274250294e-14,-3.3940228659422275e-20,-1224.7401463406184
0.0002915,291.5,12.47298193144374,12.483696824496201,-2.035276032903504,3.330249090474011e-14,-3.3940215734725203e-20,-1226.303175503799
0.00029175,291.75,12.471425874359992,12.48213336656147,-2.0332344567669396,3.330495411499975e-14,-3.3940125261845705e-20,-1227.8666334385302
0.000292,292.0,12.46986937710984,12.48056947952073,-2.031197276642304,3.330741238893332e-14,-3.3940254508816417e-20,-1229.4305204792718
0.00029225,292.25,12.468312439392417,12.47900516304031,-2.0291644772556072,3.330986574207215e-14,-3.394026743351349e-20,-1230.9948369596918
0.0002925,292.5,12.46675506090756,12.47744041678736,-2.0271360434076806,3.331231418988868e-14,-3.394028035821056e-20,-1232.5595832126403
0.00029275,292.75,12.46519724135579,12.475875240430003,-2.02511195990842,3.331475774782078e-14,-3.394016403593692e-20,-1234.1247595699967
0.000293,293.0,12.463638980438322,12.474309633637093,-2.0230922116522194,3.331719643124548e-14,-3.39403062076047e-20,-1235.6903663629087
0.00029325,293.25,12.462080277857057,12.472743596078278,-2.021076783641492,3.331963025542168e-14,-3.3940448379272484e-20,-1237.2564039217239
0.0002935,293.5,12.460521133314588,12.47117712742401,-2.0190656609555018,3.332205923555076e-14,-3.3940357906392986e-20,-1238.8228725759907
0.00029375,293.75,12.458961546514184,12.469610227345573,-2.0170588286900246,3.332448338680082e-14,-3.394029328290763e-20,-1240.3897726544276
0.000294,294.0,12.457401517159811,12.468042895515113,-2.0150562720104306,3.3326902724280597e-14,-3.394029328290763e-20,-1241.957104484887
0.00029425,294.25,12.455841044956097,12.466475131605574,-2.013057976188533,3.3329317262982584e-14,-3.394050007806077e-20,-1243.524868394427
0.0002945,294.5,12.45428012960836,12.464906935290644,-2.011063926574752,3.333172701784313e-14,-3.394038375578713e-20,-1245.0930647093567
0.00029475,294.75,12.452718770822598,12.463338306244843,-2.0090741085347963,3.333413200376654e-14,-3.394020281002813e-20,-1246.661693755157
0.000295,295.0,12.451156968305474,12.461769244143541,-2.0070885075034517,3.333653223559913e-14,-3.394026743351349e-20,-1248.2307558564605
0.00029525,295.25,12.449594721764335,12.460199748662877,-2.00510710901995,3.3338927728072846e-14,-3.394040960518127e-20,-1249.8002513371246
0.0002955,295.5,12.448032030907193,12.45862981947974,-2.003129898698784,3.334131849586493e-14,-3.3940344981695915e-20,-1251.3701805202622
0.00029575,295.75,12.446468895442733,12.4570594562719,-2.001156862165441,3.3343704553621626e-14,-3.3940215734725203e-20,-1252.9405437281016
0.000296,296.0,12.444905315080298,12.455488658717888,-1.9991879851196654,3.334608591593259e-14,-3.394042252987834e-20,-1254.511341282112
0.00029625,296.25,12.443341289529915,12.453917426497012,-1.9972232533620975,3.3348462597275e-14,-3.394051300275784e-20,-1256.0825735029885
0.0002965,296.5,12.441776818502259,12.452345759289322,-1.9952626527659176,3.3350834612072575e-14,-3.39404871533637e-20,-1257.6542407106792
0.00029675,296.75,12.440211901708675,12.45077365677574,-1.993306169215274,3.335320197471922e-14,-3.394029328290763e-20,-1259.2263432242614
0.000297,297.0,12.438646538861166,12.449201118637944,-1.991353788666388,3.335556469955358e-14,-3.3940474228666626e-20,-1260.798881362057
0.00029725,297.25,12.437080729672399,12.447628144558376,-1.9894054971749047,3.3357922800803544e-14,-3.394050007806077e-20,-1262.3718554416253
0.0002975,297.5,12.435514473855688,12.44605473422021,-1.9874612808679961,3.336027629264493e-14,-3.3940448379272484e-20,-1263.9452657797904
0.00029775,297.75,12.433947771125014,12.444480887307485,-1.9855211258814247,3.336262518922477e-14,-3.394031913230177e-20,-1265.5191126925163
0.000298,298.0,12.432380621194996,12.442906603504994,-1.983585018421062,3.3364969504636136e-14,-3.3940461303969555e-20,-1267.0933964950073
0.00029825,298.25,12.430813023780923,12.44133188249828,-1.981652944791139,3.3367309252863134e-14,-3.394061640033441e-20,-1268.668117501721
0.0002985,298.5,12.42924497859872,12.43975672397362,-1.9797248913673389,3.336964444783898e-14,-3.3940332056998844e-20,-1270.2432760263816
0.00029875,298.75,12.427676485364964,12.43818112761807,-1.977800844536502,3.337197510346923e-14,-3.394029328290763e-20,-1271.8188723819324
0.000299,299.0,12.42610754379688,12.436605093119498,-1.975880790748802,3.3374301233606727e-14,-3.394040960518127e-20,-1273.394906880503
0.00029925,299.25,12.424538153612339,12.435028620166522,-1.9739647165515215,3.3376622851997036e-14,-3.39404871533637e-20,-1274.9713798334797
0.0002995,299.5,12.422968314529845,12.433451708448452,-1.9720526085616712,3.3378939972336106e-14,-3.3940448379272484e-20,-1276.5482915515493
0.00029975,299.75,12.421398026268557,12.431874357655444,-1.9701444534033346,3.338125260829318e-14,-3.3940332056998844e-20,-1278.125642344558
0.0003,300.0,12.419827288548266,12.430296567478388,-1.9682402377688546,3.3383560773486046e-14,-3.394042252987834e-20,-1279.7034325216134
0.00030025,300.25,12.418256101089401,12.428718337608897,-1.966339948444931,3.3385864481426895e-14,-3.3940474228666626e-20,-1281.2816623911035
0.0003005,300.5,12.416684463613027,12.427139667739302,-1.9644435722854283,3.338816374557947e-14,-3.3940344981695915e-20,-1282.8603322606978
0.00030075,300.75,12.415112375840842,12.425560557562761,-1.9625510961505397,3.339045857938183e-14,-3.394029328290763e-20,-1284.439442437239
0.000301,301.0,12.413539837495177,12.423981006773158,-1.9606625069673675,3.3392748996221736e-14,-3.394037083109006e-20,-1286.018993226843
0.00030125,301.25,12.411966848299,12.422401015065095,-1.9587777917556441,3.3395035009383026e-14,-3.3940461303969555e-20,-1287.5989849349057
0.0003015,301.5,12.4103934079759,12.420820582133876,-1.9568969376010623,3.339731663210224e-14,-3.39403966804842e-20,-1289.1794178661255
0.00030175,301.75,12.408819516250096,12.41923970767563,-1.9550199315946708,3.339959387759117e-14,-3.3940357906392986e-20,-1290.7602923243721
0.000302,302.0,12.407245172846434,12.41765839138719,-1.9531467608932513,3.340186675901251e-14,-3.3940474228666626e-20,-1292.3416086128102
0.00030225,302.25,12.405670377490388,12.416076632966103,-1.9512774127463657,3.34041352894266e-14,-3.394051300275784e-20,-1293.9233670338983
0.0003025,302.5,12.404095129908042,12.414494432110606,-1.9494118744665314,3.340639948184764e-14,-3.39404871533637e-20,-1295.5055678893941
0.00030275,302.75,12.402519429826116,12.412911788519816,-1.947550133365261,3.340865934926601e-14,-3.394040960518127e-20,-1297.088211480185
0.000303,303.0,12.400943276971939,12.411328701893478,-1.9456921768247946,3.341091490462408e-14,-3.3940590550940266e-20,-1298.6712981065227
0.00030325,303.25,12.39936667107346,12.409745171932054,-1.9438379923183533,3.3413166160763476e-14,-3.3940590550940266e-20,-1300.2548280679482
0.0003035,303.5,12.397789611859249,12.408161198336687,-1.9419875673806082,3.3415413130480746e-14,-3.394051300275784e-20,-1301.8388016633137
0.00030375,303.75,12.39621209905848,12.406576780809342,-1.940140889548889,3.341765582654954e-14,-3.3940448379272484e-20,-1303.4232191906592
0.000304,304.0,12.394634132400947,12.40499191905267,-1.93829794642371,3.341989426169666e-14,-3.394065517442562e-20,-1305.0080809473309
0.00030425,304.25,12.39305571161706,12.403406612770024,-1.9364587256945125,3.342212844854961e-14,-3.3940668099122693e-20,-1306.5933872299781
0.0003045,304.5,12.391476836437826,12.401820861665426,-1.934623215112707,3.342435839969192e-14,-3.394051300275784e-20,-1308.1791383345746
0.00030475,304.75,12.389897506594867,12.4002346654437,-1.9327914024322235,3.34265841276851e-14,-3.394043545457541e-20,-1309.7653345563012
0.000305,305.0,12.388317721820412,12.398648023810354,-1.930963275468793,3.342880564504488e-14,-3.394062932503148e-20,-1311.3519761896473
0.00030525,305.25,12.38673748184729,12.397060936471586,-1.92913882212515,3.3431022964189206e-14,-3.3940590550940266e-20,-1312.9390635284153
0.0003055,305.5,12.385156786408938,12.39547340313426,-1.9273180303650523,3.3433236097493054e-14,-3.394065517442562e-20,-1314.5265968657425
0.00030575,305.75,12.383575635239396,12.39388542350603,-1.9255008881539095,3.343544505731027e-14,-3.394051300275784e-20,-1316.1145764939722
0.000306,306.0,12.381994028073295,12.392296997295224,-1.923687383517668,3.343764985594996e-14,-3.394062932503148e-20,-1317.703002704777
0.00030625,306.25,12.380411964645875,12.390708124210853,-1.9218775045682897,3.3439850505624874e-14,-3.394087489427583e-20,-1319.291875789148
0.0003065,306.5,12.378829444692967,12.38911880396259,-1.9200712394776176,3.3442047018505855e-14,-3.394062932503148e-20,-1320.8811960374096
0.00030675,306.75,12.377246467950993,12.387529036260887,-1.9182685764177536,3.3444239406743424e-14,-3.394051300275784e-20,-1322.4709637391145
0.000307,307.0,12.37566303415698,12.385938820816868,-1.916469503619467,3.344642768244436e-14,-3.394062932503148e-20,-1324.0611791831332
0.00030725,307.25,12.37407914304854,12.38434815734233,-1.9146740093985568,3.344861185762056e-14,-3.394074564730512e-20,-1325.6518426576706
0.0003075,307.5,12.372494794363876,12.382757045549731,-1.9128820821311139,3.3450791944242947e-14,-3.394064224972855e-20,-1327.2429544502704
0.00030775,307.75,12.370909987841781,12.381165485152225,-1.9110937101959435,3.3452967954262956e-14,-3.394052592745491e-20,-1328.8345148477754
0.000308,308.0,12.36932472322164,12.379573475863713,-1.9093088820234283,3.3455139899589304e-14,-3.3940551776849053e-20,-1330.4265241362878
0.00030825,308.25,12.36773900024341,12.377981017398762,-1.9075275861280914,3.345730779203719e-14,-3.394064224972855e-20,-1332.018982601239
0.0003085,308.5,12.36615281864765,12.376388109472561,-1.9057498110849027,3.34594716433818e-14,-3.394061640033441e-20,-1333.6118905274388
0.00030875,308.75,12.364566178175496,12.374794751801012,-1.903975545471174,3.346163146537962e-14,-3.394050007806077e-20,-1335.2052481989892
0.000309,309.0,12.362979078568658,12.373200944100724,-1.9022047779154605,3.34637872697454e-14,-3.3940668099122693e-20,-1336.799055899278
0.00030925,309.25,12.361391519569436,12.371606686088972,-1.9004374971289721,3.3465939068101694e-14,-3.394073272260805e-20,-1338.3933139110284
0.0003095,309.5,12.359803500920705,12.370011977483657,-1.8986736918807385,3.346808687203204e-14,-3.394062932503148e-20,-1339.9880225163442
0.00030975,309.75,12.358215022365917,12.36841681800342,-1.8969133509381046,3.3470230693102025e-14,-3.3940577626243195e-20,-1341.5831819965815
0.00031,310.0,12.356626083649102,12.366821207367574,-1.8951564631239486,3.3472370542836366e-14,-3.3940564701546124e-20,-1343.1787926324264
0.00031025,310.25,12.355036684514854,12.365225145296066,-1.89340301734153,3.347450643266903e-14,-3.394075857200219e-20,-1344.774854703935
0.0003105,310.5,12.353446824708358,12.36362863150948,-1.8916530025512905,3.34766383739958e-14,-3.3940577626243195e-20,-1346.3713684905217
0.00031075,310.75,12.351856503975355,12.362031665729084,-1.8899064077149024,3.347876637819526e-14,-3.39403966804842e-20,-1347.968334270916
0.000311,311.0,12.350265722062161,12.360434247676846,-1.888163221843422,3.348089045660611e-14,-3.3940564701546124e-20,-1349.565752323155
0.00031125,311.25,12.348674478715658,12.35883637707539,-1.8864234340270825,3.348301062047754e-14,-3.394074564730512e-20,-1351.1636229246112
0.0003115,311.5,12.347082773683303,12.357238053647936,-1.88468703341197,3.348512688102148e-14,-3.3940693948516836e-20,-1352.7619463520648
0.00031175,311.75,12.34549060671311,12.35563927711845,-1.8829540091421062,3.348723924943336e-14,-3.394037083109006e-20,-1354.3607228815517
0.000312,312.0,12.343897977553658,12.354040047211516,-1.881224350415583,3.348934773686961e-14,-3.3940577626243195e-20,-1355.959952788485
0.00031225,312.25,12.342304885954091,12.35244036365237,-1.8794980465078366,3.349145235439845e-14,-3.394065517442562e-20,-1357.55963634763
0.0003125,312.5,12.340711331664115,12.35084022616685,-1.8777750867481047,3.34935531130517e-14,-3.394051300275784e-20,-1359.1597738331511
0.00031275,312.75,12.339117314433999,12.349239634481531,-1.8760554604621698,3.3495650023845394e-14,-3.394040960518127e-20,-1360.7603655184705
0.000313,313.0,12.337522834014555,12.347638588323605,-1.8743391570290413,3.3497743097757415e-14,-3.39404871533637e-20,-1362.3614116763954
0.00031325,313.25,12.335927890157175,12.346037087420902,-1.8726261659044805,3.34998323456787e-14,-3.3940564701546124e-20,-1363.9629125790996
0.0003135,313.5,12.334332482613787,12.344435131501848,-1.8709164765968511,3.350191777846463e-14,-3.3940564701546124e-20,-1365.564868498152
0.00031375,313.75,12.332736611136882,12.3428327202956,-1.8692100786103385,3.350399940695547e-14,-3.394042252987834e-20,-1367.1672797044
0.000314,314.0,12.331140275479507,12.341229853531928,-1.867506961501374,3.3506077241954204e-14,-3.394060347563734e-20,-1368.7701464680724
0.00031425,314.25,12.329543475395251,12.339626530941226,-1.8658071149019562,3.350815129417808e-14,-3.394077149669926e-20,-1370.3734690587746
0.0003145,314.5,12.327946210638261,12.338022752254481,-1.8641105284957153,3.3510221574309614e-14,-3.3940693948516836e-20,-1371.9772477455194
0.00031475,314.75,12.326348480963231,12.336418517203407,-1.8624171919616501,3.351228809301687e-14,-3.394051300275784e-20,-1373.5814827965942
0.000315,315.0,12.3247502861254,12.33481382552031,-1.8607270950307049,3.351435086093148e-14,-3.394065517442562e-20,-1375.18617447969
0.00031525,315.25,12.323151625880556,12.333208676938112,-1.8590402275084594,3.351640988860048e-14,-3.394075857200219e-20,-1376.7913230618885
0.0003155,315.5,12.321552499985028,12.331603071190331,-1.8573565792496145,3.351846518653705e-14,-3.3940693948516836e-20,-1378.3969288096696
0.00031575,315.75,12.319952908195692,12.32999700801125,-1.8556761401001396,3.352051676524053e-14,-3.394073272260805e-20,-1380.0029919887506
0.000316,316.0,12.318352850269962,12.328390487135694,-1.8539988999627977,3.3522564635174586e-14,-3.394071979791098e-20,-1381.6095128643076
0.00031625,316.25,12.3167523259658,12.326783508299066,-1.852324848813852,3.352460880671955e-14,-3.3940810270790476e-20,-1383.2164917009345
0.0003165,316.5,12.315151335041692,12.325176071237394,-1.8506539766764556,3.3526649290222616e-14,-3.394074564730512e-20,-1384.8239287626077
0.00031675,316.75,12.313549877256687,12.323568175687456,-1.8489862735638958,3.352868609601779e-14,-3.394051300275784e-20,-1386.431824312546
0.000317,317.0,12.311947952370339,12.32195982138656,-1.8473217295453808,3.3530719234404174e-14,-3.3940681023819764e-20,-1388.0401786134398
0.00031725,317.25,12.310345560142768,12.32035100807261,-1.8456603347630856,3.35327487155987e-14,-3.394064224972855e-20,-1389.6489919273915
0.0003175,317.5,12.308742700334605,12.318741735484096,-1.8440020794049892,3.353477454978593e-14,-3.3940564701546124e-20,-1391.2582645159039
0.00031775,317.75,12.307139372707029,12.317132003360273,-1.8423469536484094,3.353679674713783e-14,-3.3940448379272484e-20,-1392.8679966397278
0.000318,318.0,12.30553557702174,12.31552181144092,-1.840694947724767,3.353881531779224e-14,-3.3940693948516836e-20,-1394.4781885590817
0.00031825,318.25,12.303931313040973,12.313911159466416,-1.8390460519361629,3.3540830271805954e-14,-3.394071979791098e-20,-1396.0888405335845
0.0003185,318.5,12.302326580527486,12.312300047177718,-1.837400256632821,3.35428416192041e-14,-3.3940681023819764e-20,-1397.6999528222827
0.00031875,318.75,12.30072137924458,12.310688474316414,-1.8357575521617104,3.3544849369999846e-14,-3.3940681023819764e-20,-1399.3115256835858
0.000319,319.0,12.299115708956062,12.309076440624741,-1.8341179289122052,3.354685353417301e-14,-3.3940797346093405e-20,-1400.9235593752594
0.00031925,319.25,12.29750956942628,12.307463945845512,-1.8324813773444195,3.354885412162342e-14,-3.394082319548755e-20,-1402.536054154488
0.0003195,319.5,12.295902960420095,12.305850989722098,-1.830847887965543,3.355085114222e-14,-3.394075857200219e-20,-1404.1490102779026
0.00031975,319.75,12.294295881702897,12.304237571998613,-1.82921745127179,3.3552844605820246e-14,-3.3940706873213907e-20,-1405.7624280013881
0.00032,320.0,12.29268833304059,12.302623692419678,-1.8275900578122228,3.3554834522249024e-14,-3.3940706873213907e-20,-1407.3763075803233
0.00032025,320.25,12.291080314199608,12.301009350730487,-1.825965698204248,3.3556820901252325e-14,-3.394087489427583e-20,-1408.9906492695147
0.0003205,320.5,12.289471824946894,12.299394546676819,-1.8243443631103693,3.355880375254591e-14,-3.3940784421396334e-20,-1410.6054533231818
0.00032075,320.75,12.287862865049915,12.29777928000512,-1.8227260431855925,3.35607830858347e-14,-3.3940681023819764e-20,-1412.220719994881
0.000321,321.0,12.286253434276647,12.29616355046241,-1.8211107291304802,3.356275891079171e-14,-3.3940797346093405e-20,-1413.8364495375918
0.00032125,321.25,12.28464353239559,12.294547357796281,-1.8194984117141237,3.35647312370121e-14,-3.394083612018462e-20,-1415.4526422037202
0.0003215,321.5,12.283033159175748,12.292930701754877,-1.817889081751444,3.356670007406152e-14,-3.3940810270790476e-20,-1417.0692982451244
0.00032175,321.75,12.281422314386646,12.29131358208701,-1.8162827300479754,3.35686654314953e-14,-3.394075857200219e-20,-1418.6864179129905
0.000322,322.0,12.279810997798315,12.289695998542063,-1.8146793474547123,3.357062731883757e-14,-3.3940810270790476e-20,-1420.3040014579385
0.00032225,322.25,12.278199209181293,12.288077950869978,-1.813078924890223,3.357258574553565e-14,-3.39409782918524e-20,-1421.9220491300227
0.0003225,322.5,12.27658694830664,12.286459438821243,-1.8114814533175956,3.3574540721008e-14,-3.3940784421396334e-20,-1423.5405611787571
0.00032275,322.75,12.274974214945907,12.284840462147015,-1.8098869236912496,3.35764922546633e-14,-3.394077149669926e-20,-1425.1595378529862
0.000323,323.0,12.27336100887116,12.283221020599006,-1.8082953270100872,3.357844035587971e-14,-3.3940913668367045e-20,-1426.7789794009943
0.00032325,323.25,12.271747329854968,12.281601113929485,-1.8067066543388353,3.358038503395957e-14,-3.394096536715533e-20,-1428.3988860705165
0.0003235,323.5,12.270133177670406,12.279980741891265,-1.8051208967863908,3.3582326298177064e-14,-3.394084904488169e-20,-1430.0192581087354
0.00032375,323.75,12.268518552091047,12.278359904237815,-1.8035380454524585,3.358426415779707e-14,-3.394082319548755e-20,-1431.6400957621852
0.000324,324.0,12.266903452890974,12.276738600723156,-1.8019580914808844,3.3586198622054615e-14,-3.394084904488169e-20,-1433.261399276844
0.00032425,324.25,12.26528787984476,12.275116831101862,-1.8003810260794304,3.3588129700109915e-14,-3.394095244245826e-20,-1434.88316889814
0.0003245,324.5,12.263671832727482,12.273494595129042,-1.7988068404992419,3.359005740109565e-14,-3.3940913668367045e-20,-1436.5054048709585
0.00032475,324.75,12.262055311314716,12.271871892560455,-1.7972355259832253,3.3591981734135695e-14,-3.394086196957876e-20,-1438.1281074395451
0.000325,325.0,12.260438315382535,12.27024872315241,-1.7956670738169696,3.359390270832475e-14,-3.394084904488169e-20,-1439.7512768475913
0.00032525,325.25,12.2588208447075,12.268625086661752,-1.794101475349052,3.3595820332683626e-14,-3.3941042915337756e-20,-1441.3749133382494
0.0003255,325.5,12.25720289906668,12.267000982845866,-1.7925387219711832,3.359773461620626e-14,-3.394087489427583e-20,-1442.9990171541351
0.00032575,325.75,12.255584478237626,12.26537641146278,-1.7909788050651603,3.359964556787827e-14,-3.394073272260805e-20,-1444.6235885372207
0.000326,326.0,12.253965581998381,12.263751372271063,-1.7894217160543662,3.3601553196656695e-14,-3.3940900743669974e-20,-1446.2486277289372
0.00032625,326.25,12.252346210127484,12.262125865029837,-1.7878674464248447,3.36034575114257e-14,-3.394110753882311e-20,-1447.874134970164
0.0003265,326.5,12.250726362403967,12.260499889498735,-1.7863159877062065,3.3605358521043105e-14,-3.394099121654947e-20,-1449.5001105012657
0.00032675,326.75,12.249106038607342,12.258873445437976,-1.784767331421122,3.360725623435893e-14,-3.3940900743669974e-20,-1451.126554562025
0.000327,327.0,12.247485238517617,12.25724653260837,-1.7832214691285933,3.360915066019525e-14,-3.3940810270790476e-20,-1452.7534673916305
0.00032725,327.25,12.245863961915274,12.255619150771256,-1.781678392450624,3.3611041807302167e-14,-3.39408878189729e-20,-1454.3808492287442
0.0003275,327.5,12.244242208581294,12.253991299688495,-1.7801380930502388,3.3612929684404076e-14,-3.3940784421396334e-20,-1456.0087003115057
0.00032775,327.75,12.242619978297133,12.252362979122621,-1.7786005625761678,3.3614814300217987e-14,-3.3940797346093405e-20,-1457.6370208773808
0.000328,328.0,12.240997270844732,12.250734188836645,-1.7770657927230027,3.361669566343355e-14,-3.39409782918524e-20,-1459.2658111633557
0.00032825,328.25,12.239374086006517,12.249104928594111,-1.7755337752461031,3.361857378266939e-14,-3.3941042915337756e-20,-1460.8950714058901
0.0003285,328.5,12.23775042356539,12.247475198159083,-1.7740045019416077,3.3620448666518974e-14,-3.3940900743669974e-20,-1462.524801840918
0.00032875,328.75,12.236126283304737,12.245844997296196,-1.7724779645977236,3.362232032356886e-14,-3.394074564730512e-20,-1464.1550027038058
0.000329,329.0,12.234501665008416,12.244214325770667,-1.7709541550373646,3.3624188762378854e-14,-3.3940900743669974e-20,-1465.7856742293332
0.00032925,329.25,12.232876568460775,12.242583183348247,-1.7694330651439467,3.362605399143861e-14,-3.3941017065943614e-20,-1467.4168166517534
0.0003295,329.5,12.23125099344662,12.240951569795179,-1.767914686842021,3.362791601921319e-14,-3.394093951776119e-20,-1469.0484302048224
0.00032975,329.75,12.22962493975125,12.239319484878317,-1.7663990120452573,3.362977485416119e-14,-3.394084904488169e-20,-1470.6805151216838
0.00033,330.0,12.227998407160428,12.237686928365045,-1.7648860327067108,3.3631630504715e-14,-3.3940926593064116e-20,-1472.3130716349553
0.00033025,330.25,12.226371395460387,12.236053900023258,-1.7633757408384632,3.363348297923775e-14,-3.3940926593064116e-20,-1473.9460999767425
0.0003305,330.5,12.224743904437847,12.23442039962135,-1.7618681284920614,3.363533228606855e-14,-3.394082319548755e-20,-1475.5796003786513
0.00033075,330.75,12.223115933879978,12.232786426928337,-1.760363187707433,3.3637178433540446e-14,-3.394084904488169e-20,-1477.213573071664
0.000331,331.0,12.221487483574439,12.231151981713746,-1.758860910562786,3.3639021429960844e-14,-3.3940797346093405e-20,-1478.8480182862552
0.00033125,331.25,12.219858553309345,12.229517063747625,-1.7573612891942536,3.3640861283568755e-14,-3.3940913668367045e-20,-1480.4829362523756
0.0003315,331.5,12.218229142873284,12.22788167280052,-1.7558643157782006,3.3642698002579685e-14,-3.394082319548755e-20,-1482.1183271994812
0.00033175,331.75,12.21659925205531,12.226245808643514,-1.7543699824827115,3.3644531595203524e-14,-3.3940797346093405e-20,-1483.7541913564878
0.000332,332.0,12.21496888064494,12.224609471048272,-1.752878281508214,3.3646362069625046e-14,-3.394084904488169e-20,-1485.3905289517286
0.00033225,332.25,12.213338028432162,12.222972659786967,-1.7513892051132527,3.3648189433961495e-14,-3.394100414124654e-20,-1487.0273402130347
0.0003325,332.5,12.211706695207415,12.22133537463225,-1.749902745595852,3.365001369630715e-14,-3.394087489427583e-20,-1488.66462536775
0.00033275,332.75,12.210074880761614,12.219697615357374,-1.7484188952414796,3.365183486475101e-14,-3.3940797346093405e-20,-1490.302384642627
0.000333,333.0,12.208442584886125,12.218059381736085,-1.7469376463734188,3.365365294735754e-14,-3.394093951776119e-20,-1491.9406182639166
0.00033325,333.25,12.206809807372782,12.216420673542647,-1.7454589913714507,3.365546795212449e-14,-3.3941029990640685e-20,-1493.5793264573547
0.0003335,333.5,12.205176548013872,12.214781490551799,-1.7439829226526962,3.365727988702716e-14,-3.394093951776119e-20,-1495.2185094482031
0.00033375,333.75,12.203542806602144,12.213141832538875,-1.7425094326225343,3.365908876003597e-14,-3.394083612018462e-20,-1496.858167461125
0.000334,334.0,12.201908582930802,12.211501699279719,-1.7410385137230384,3.366089457909731e-14,-3.3941029990640685e-20,-1498.4983007202816
0.00033425,334.25,12.200273876793508,12.209861090550662,-1.7395701584519405,3.366269735209168e-14,-3.39409782918524e-20,-1500.1389094493381
0.0003345,334.5,12.198638687984376,12.208220006128517,-1.7381043593441103,3.366449708687763e-14,-3.394093951776119e-20,-1501.779993871483
0.00033475,334.75,12.197003016297979,12.206578445790694,-1.736641108921393,3.366629379130919e-14,-3.3940797346093405e-20,-1503.4215542093077
0.000335,335.0,12.195366861529333,12.204936409315083,-1.735180399742157,3.366808747321692e-14,-3.3940926593064116e-20,-1505.0635906849182
0.00033525,335.25,12.19373022347392,12.203293896480083,-1.7337222244198842,3.366987814036623e-14,-3.394099121654947e-20,-1506.7061035199183
0.0003355,335.5,12.192093101927666,12.201650907064556,-1.7322665756042537,3.3671665800501103e-14,-3.39408878189729e-20,-1508.3490929354448
0.00033575,335.75,12.190455496686942,12.200007440847958,-1.7308134459322333,3.367345046136136e-14,-3.394083612018462e-20,-1509.992559152043
0.000336,336.0,12.188817407548573,12.198363497610224,-1.7293628280766047,3.367523213066384e-14,-3.3940926593064116e-20,-1511.6365023897772
0.00033625,336.25,12.187178834309835,12.196719077131783,-1.7279147147640879,3.367701081606104e-14,-3.394093951776119e-20,-1513.2809228682167
0.0003365,336.5,12.185539776768445,12.195074179193536,-1.7264690987572318,3.3678786525184475e-14,-3.39409782918524e-20,-1514.9258208064641
0.00033675,336.75,12.183900234722573,12.193428803576962,-1.7250259728056816,3.368055926566189e-14,-3.3940913668367045e-20,-1516.5711964230381
0.000337,337.0,12.182260207970824,12.191782950064017,-1.7235853296938357,3.3682329045098514e-14,-3.3941133388217254e-20,-1518.2170499359838
0.00033725,337.25,12.18061969631226,12.190136618437151,-1.7221471622602595,3.368409587103599e-14,-3.394118508700554e-20,-1519.8633815628498
0.0003375,337.5,12.178978699546368,12.188489808479268,-1.72071146337884,3.368585975099549e-14,-3.394095244245826e-20,-1521.5101915207322
0.00033775,337.75,12.177337217473095,12.186842519973858,-1.719278225908979,3.3687620692494716e-14,-3.3941042915337756e-20,-1523.1574800261428
0.000338,338.0,12.175695249892822,12.185194752704877,-1.717847442745577,3.368937870302936e-14,-3.39410687647319e-20,-1524.8052472951244
0.00033825,338.25,12.17405279660637,12.183546506456752,-1.7164191068372696,3.369113379003226e-14,-3.3941146312914326e-20,-1526.4534935432482
0.0003385,338.5,12.172409857414998,12.181897781014385,-1.7149932111654669,3.369288596091627e-14,-3.3941042915337756e-20,-1528.102218985615
0.00033875,338.75,12.170766432120404,12.180248576163297,-1.71356974869472,3.369463522309109e-14,-3.39409782918524e-20,-1529.7514238367041
0.000339,339.0,12.169122520524724,12.178598891689424,-1.7121487124293544,3.369638158394485e-14,-3.39410687647319e-20,-1531.401108310577
0.00033925,339.25,12.167478122430527,12.176948727379166,-1.7107300954249163,3.369812505080361e-14,-3.3941159237611397e-20,-1533.0512726208353
0.0003395,339.5,12.16583323764082,12.175298083019399,-1.7093138907698555,3.3699865630973844e-14,-3.394110753882311e-20,-1534.7019169806013
0.00033975,339.75,12.16418786595905,12.173646958397562,-1.7079000915392104,3.370160333175924e-14,-3.3941146312914326e-20,-1536.3530416024391
0.00034,340.0,12.16254200718909,12.17199535330157,-1.706488690840674,3.370333816044239e-14,-3.394128848458211e-20,-1538.0046466984309
0.00034025,340.25,12.16089566113524,12.170343267519808,-1.705079681832966,3.3705070124244495e-14,-3.394128848458211e-20,-1539.6567324801922
0.0003405,340.5,12.159248827602248,12.168690700841116,-1.7036730577100716,3.37067992303676e-14,-3.394118508700554e-20,-1541.3092991588837
0.00034075,340.75,12.157601506395277,12.167037653054829,-1.702268811654764,3.370852548601134e-14,-3.394109461412604e-20,-1542.9623469451726
0.000341,341.0,12.15595369731993,12.165384123950805,-1.7008669368777265,3.3710248898354637e-14,-3.3941120463520183e-20,-1544.6158760491958
0.00034125,341.25,12.154305400182231,12.163730113319364,-1.6994674266419691,3.371196947451577e-14,-3.394119801170261e-20,-1546.2698866806377
0.0003415,341.5,12.152656614788635,12.162075620951267,-1.6980702742432447,3.371368722159432e-14,-3.394128848458211e-20,-1547.9243790487346
0.00034175,341.75,12.151007340946029,12.160420646637888,-1.6966754729588058,3.371540214668769e-14,-3.3941133388217254e-20,-1549.579353362112
0.000342,342.0,12.149357578461718,12.158765190171,-1.6952830161032755,3.3717114256873037e-14,-3.394128848458211e-20,-1551.2348098290013
0.00034225,342.25,12.147707327143433,12.157109251342835,-1.6938928970415221,3.371882355916758e-14,-3.3941275559885037e-20,-1552.8907486571661
0.0003425,342.5,12.146056586799336,12.155452829946078,-1.6925051091709253,3.372053006057022e-14,-3.3941159237611397e-20,-1554.5471700539229
0.00034275,342.75,12.144405357238002,12.153795925773906,-1.6911196458771915,3.372223376807804e-14,-3.3941133388217254e-20,-1556.204074226095
0.000343,343.0,12.142753638268438,12.152138538620015,-1.6897365005730187,3.3723934688668274e-14,-3.394117216230847e-20,-1557.8614613799855
0.00034325,343.25,12.141101429700065,12.15048066827857,-1.6883556667202089,3.372563282925892e-14,-3.3941236785793824e-20,-1559.5193317214307
0.0003435,343.5,12.139448731342728,12.148822314544146,-1.6869771378137324,3.372732819675007e-14,-3.3941159237611397e-20,-1561.1776854558543
0.00034375,343.75,12.137795543006696,12.147163477211873,-1.6856009073350193,3.3729020798040234e-14,-3.394110753882311e-20,-1562.8365227881284
0.000344,344.0,12.136141864502644,12.145504156077319,-1.684226968796502,3.373071064000854e-14,-3.39410687647319e-20,-1564.4958439226825
0.00034425,344.25,12.134487695641676,12.143844350936517,-1.6828553157590347,3.373239772947554e-14,-3.3941146312914326e-20,-1566.1556490634841
0.0003445,344.5,12.13283303623531,12.142184061585924,-1.6814859418154904,3.3734082073244267e-14,-3.3941133388217254e-20,-1567.8159384140768
0.00034475,344.75,12.131177886095479,12.140523287822543,-1.6801188405430827,3.3735763678116486e-14,-3.3941029990640685e-20,-1569.4767121774587
0.000345,345.0,12.12952224503453,12.138862029443816,-1.678754005550216,3.3737442550874946e-14,-3.394121093639968e-20,-1571.1379705561842
0.00034525,345.25,12.127866112865226,12.137200286247646,-1.6773914304937712,3.3739118698244514e-14,-3.3941249710490895e-20,-1572.7997137523555
0.0003455,345.5,12.126209489400745,12.135538058032347,-1.6760311090615179,3.37407921269329e-14,-3.3941249710490895e-20,-1574.4619419676528
0.00034575,345.75,12.124552374454671,12.133875344596786,-1.6746730349262324,3.374246284364685e-14,-3.394109461412604e-20,-1576.124655403214
0.000346,346.0,12.12289476784101,12.132212145740267,-1.6733172017905285,3.374413085507448e-14,-3.394110753882311e-20,-1577.7878542597339
0.00034625,346.25,12.12123666937417,12.130548461262544,-1.6719636034041416,3.374579616784666e-14,-3.394121093639968e-20,-1579.4515387374574
0.0003465,346.5,12.11957807886897,12.128884290963793,-1.670612233548959,3.374745878857749e-14,-3.3941146312914326e-20,-1581.1157090362083
0.00034675,346.75,12.117918996140643,12.127219634644662,-1.6692630859947242,3.3749118723880384e-14,-3.394110753882311e-20,-1582.780365355339
0.000347,347.0,12.116259421004823,12.125554492106291,-1.6679161545364962,3.3750775980350517e-14,-3.394121093639968e-20,-1584.4455078937092
0.00034725,347.25,12.114599353277562,12.123888863150269,-1.6665714330169208,3.375243056452644e-14,-3.3941146312914326e-20,-1586.111136849733
0.0003475,347.5,12.112938792775306,12.122222747578583,-1.6652289153085784,3.3754082482930345e-14,-3.39410687647319e-20,-1587.7772524214179
0.00034775,347.75,12.111277739314911,12.120556145193813,-1.6638885952653146,3.375573174208396e-14,-3.394110753882311e-20,-1589.4438548061887
0.000348,348.0,12.109616192713641,12.118889055798906,-1.6625504667757938,3.3757378348491123e-14,-3.394119801170261e-20,-1591.1109442010938
0.00034825,348.25,12.107954152789164,12.11722147919724,-1.6612145237749896,3.375902230859975e-14,-3.3941275559885037e-20,-1592.7785208027606
0.0003485,348.5,12.106291619359546,12.11555341519262,-1.6598807602264156,3.376066362884168e-14,-3.394117216230847e-20,-1594.4465848073817
0.00034875,348.75,12.104628592243257,12.113884863589377,-1.6585491700774153,3.37623023156486e-14,-3.394110753882311e-20,-1596.1151364106236
0.000349,349.0,12.102965071259174,12.112215824192273,-1.657219747304416,3.37639383754347e-14,-3.394117216230847e-20,-1597.784175807729
0.00034925,349.25,12.101301056226568,12.110546296806502,-1.6558924859301798,3.376557181455878e-14,-3.394119801170261e-20,-1599.4537031934988
0.0003495,349.5,12.099636546965106,12.108876281237666,-1.6545673800066187,3.376720263936401e-14,-3.394110753882311e-20,-1601.1237187623335
0.00034975,349.75,12.097971543294864,12.107205777291888,-1.653244423569494,3.3768830856193585e-14,-3.3941146312914326e-20,-1602.7942227081126
0.00035,350.0,12.096306045036316,12.105534784775717,-1.6519236106837112,3.377045647137359e-14,-3.394118508700554e-20,-1604.4652152242843
0.00035025,350.25,12.094640052010323,12.103863303496128,-1.6506049354586376,3.3772079491175346e-14,-3.394110753882311e-20,-1606.1366965038726
0.0003505,350.5,12.092973564038152,12.102191333260501,-1.6492883920323882,3.377369992185485e-14,-3.394108168942897e-20,-1607.8086667394996
0.00035075,350.75,12.091306580941458,12.100518873876736,-1.647973974528301,3.377531776966839e-14,-3.394110753882311e-20,-1609.4811261232653
0.000351,351.0,12.089639102542296,12.09884592515315,-1.6466616770977576,3.37769330408555e-14,-3.3941236785793824e-20,-1611.1540748468517
0.00035125,351.25,12.087971128663117,12.097172486898483,-1.6453514939358282,3.377854574160154e-14,-3.394134018337039e-20,-1612.827513101517
0.0003515,351.5,12.086302659126757,12.095498558921884,-1.6440434192664442,3.378015587807688e-14,-3.3941249710490895e-20,-1614.5014410781168
0.00035175,351.75,12.084633693756452,12.093824141033005,-1.6427374472975258,3.3781763456452427e-14,-3.3941249710490895e-20,-1616.175858966996
0.000352,352.0,12.082964232375826,12.092149233041921,-1.6414335722647346,3.378336848288265e-14,-3.394128848458211e-20,-1617.8507669580795
0.00035225,352.25,12.081294274808894,12.090473834759127,-1.6401317884478546,3.378497096346847e-14,-3.394131433397625e-20,-1619.5261652408744
0.0003525,352.5,12.079623820880062,12.088797945995506,-1.6388320901547546,3.3786570904296126e-14,-3.394122386109675e-20,-1621.202054004496
0.00035275,352.75,12.077952870414123,12.08712156656246,-1.637534471676823,3.378816831145261e-14,-3.3941249710490895e-20,-1622.8784334375393
0.000353,353.0,12.076281423236264,12.085444696271802,-1.6362389273332887,3.378976319100887e-14,-3.394130140927918e-20,-1624.5553037281984
0.00035325,353.25,12.07460947917205,12.08376733493574,-1.634945451487831,3.379135554898279e-14,-3.394143065624989e-20,-1626.232665064262
0.0003535,353.5,12.072937038047442,12.082089482366891,-1.633654038530284,3.379294539137799e-14,-3.394134018337039e-20,-1627.9105176331088
0.00035375,353.75,12.071264099688783,12.080411138378436,-1.632364682830258,3.3794532724199017e-14,-3.394119801170261e-20,-1629.5888616215661
0.000354,354.0,12.069590663922801,12.0787323027839,-1.6310773787900006,3.3796117553434674e-14,-3.394128848458211e-20,-1631.267697216101
0.00035425,354.25,12.06791673057661,12.077052975397207,-1.6297921208542934,3.3797699885021336e-14,-3.394144358094696e-20,-1632.9470246027947
0.0003545,354.5,12.066242299477704,12.075373156032695,-1.6285089034937181,3.3799279724881353e-14,-3.394140480685575e-20,-1634.6268439673054
0.00035475,354.75,12.064567370453966,12.073692844505205,-1.627227721163011,3.380085707893828e-14,-3.3941249710490895e-20,-1636.3071554947958
0.000355,355.0,12.062891943333655,12.072012040629977,-1.6259485683433612,3.380243195310024e-14,-3.394132725867332e-20,-1637.987959370024
0.00035525,355.25,12.061216017945416,12.070330744222662,-1.6246714395579893,3.380400435322347e-14,-3.3941482355038175e-20,-1639.6692557773388
0.0003555,355.5,12.05953959411827,12.068648955099299,-1.623396329357201,3.380557428515049e-14,-3.394140480685575e-20,-1641.3510449007017
0.00035575,355.75,12.057862671681628,12.06696667307642,-1.6221232322745638,3.380714175472525e-14,-3.3941262635187966e-20,-1643.0333269235803
0.000356,356.0,12.056185250465264,12.065283897970968,-1.6208521428690865,3.3808706767776574e-14,-3.394132725867332e-20,-1644.7161020290337
0.00035625,356.25,12.054507330299339,12.063600629600291,-1.6195830557420252,3.3810269330081925e-14,-3.394140480685575e-20,-1646.399370399709
0.0003565,356.5,12.052828911014398,12.061916867782124,-1.6183159655224868,3.3811829447405386e-14,-3.394134018337039e-20,-1648.0831322178778
0.00035675,356.75,12.051149992441355,12.060232612334621,-1.6170508668251604,3.381338712551266e-14,-3.3941275559885037e-20,-1649.7673876653794
0.000357,357.0,12.049470574411497,12.058547863076411,-1.6157877542860988,3.381494237015464e-14,-3.3941353108067464e-20,-1651.4521369235906
0.00035725,357.25,12.047790656756494,12.056862619826504,-1.6145266225841026,3.3816495187031387e-14,-3.3941482355038175e-20,-1653.137380173497
0.0003575,357.5,12.046110239308385,12.055176882404297,-1.6132674664235762,3.3818045581829914e-14,-3.394145650564403e-20,-1654.8231175957044
0.00035775,357.75,12.04442932189959,12.053490650629724,-1.6120102804887404,3.3819593560238986e-14,-3.3941353108067464e-20,-1656.509349370277
0.000358,358.0,12.04274790436289,12.051803924323053,-1.610755059493959,3.3821139127932884e-14,-3.394153405382646e-20,-1658.196075676947
0.00035825,358.25,12.041065986531452,12.050116703304953,-1.609501798193969,3.382268229053562e-14,-3.39416503761001e-20,-1659.8832966950476
0.0003585,358.5,12.039383568238804,12.048428987396486,-1.6082504913693663,3.382422305365837e-14,-3.394153405382646e-20,-1661.5710126035149
0.00035875,358.75,12.037700649318854,12.046740776419124,-1.6070011337869214,3.3825761422914326e-14,-3.3941378957461606e-20,-1663.2592235808763
0.000359,359.0,12.036017229605864,12.045052070194807,-1.605753720233465,3.38272974039025e-14,-3.3941598677311815e-20,-1664.9479298051951
0.00035925,359.25,12.03433330893449,12.043362868545872,-1.604508245536293,3.382883100217211e-14,-3.3941611602008887e-20,-1666.6371314541295
0.0003595,359.5,12.032648887139738,12.041673171295011,-1.6032647045492594,3.383036222325985e-14,-3.3941495279735246e-20,-1668.326828704989
0.00035975,359.75,12.030963964056983,12.039982978265401,-1.6020230921095382,3.3831891072704614e-14,-3.394144358094696e-20,-1670.0170217346003
0.00036,360.0,12.029278539521979,12.038292289280594,-1.6007834030797818,3.3833417556031376e-14,-3.3941353108067464e-20,-1671.707710719407
0.00036025,360.25,12.027592613370834,12.036601104164527,-1.5995456323620445,3.383494167871584e-14,-3.394128848458211e-20,-1673.3988958354732
0.0003605,360.5,12.025906185440029,12.034909422741517,-1.598309774882121,3.383646344622151e-14,-3.394143065624989e-20,-1675.0905772584842
0.00036075,360.75,12.024219255566404,12.033217244836413,-1.5970758255463584,3.38379828640142e-14,-3.394144358094696e-20,-1676.7827551635876
0.000361,361.0,12.022531823587174,12.031524570274382,-1.5958437792909974,3.3839499937546115e-14,-3.394150820443232e-20,-1678.475429725619
0.00036125,361.25,12.020843889339906,12.029831398880956,-1.5946136310912111,3.384101467222072e-14,-3.3941585752614744e-20,-1680.168601119044
0.0003615,361.5,12.019155452662536,12.028137730482065,-1.5933853759445415,3.384252707342949e-14,-3.39415599032206e-20,-1681.8622695179363
0.00036175,361.75,12.017466513393366,12.026443564904172,-1.5921590088281403,3.384403714656646e-14,-3.394141773155282e-20,-1683.5564350958289
0.000362,362.0,12.015777071371046,12.024748901974057,-1.5909345247481577,3.384554489701229e-14,-3.394154697852353e-20,-1685.2510980259437
0.00036225,362.25,12.014087126434601,12.023053741518888,-1.5897119187482842,3.3847050330099404e-14,-3.394152112912939e-20,-1686.9462584811129
0.0003625,362.5,12.012396678423412,12.021358083366199,-1.5884911858966753,3.384855345114849e-14,-3.3941495279735246e-20,-1688.6419166338019
0.00036275,362.75,12.010705727177214,12.019661927343941,-1.5872723212483646,3.385005426548295e-14,-3.3941469430341104e-20,-1690.338072656059
0.000363,363.0,12.009014272536115,12.0179652732805,-1.5860553198771374,3.385155277841317e-14,-3.394153405382646e-20,-1692.0347267194995
0.00036325,363.25,12.007322314340563,12.016268121004648,-1.5848401768957066,3.3853048995201683e-14,-3.394143065624989e-20,-1693.7318789953529
0.0003635,363.5,12.005629852431369,12.014570470345491,-1.583626887440951,3.385454292109963e-14,-3.3941495279735246e-20,-1695.4295296545097
0.00036375,363.75,12.00393688664971,12.012872321132678,-1.5824154466285965,3.3856034561361e-14,-3.394141773155282e-20,-1697.1276788673238
0.000364,364.0,12.00224341683711,12.011173673196147,-1.581205849603598,3.385752392122697e-14,-3.394153405382646e-20,-1698.8263268038534
0.00036425,364.25,12.000549442835453,12.009474526366208,-1.5799980915493068,3.3859011005891423e-14,-3.3941495279735246e-20,-1700.525473633792
0.0003645,364.5,11.998854964486972,12.007774880473546,-1.5787921676699799,3.386049582053707e-14,-3.394143065624989e-20,-1702.2251195264544
0.00036475,364.75,11.997159981634256,12.006074735349372,-1.5775880731495173,3.386197837034964e-14,-3.3941469430341104e-20,-1703.9252646506288
0.000365,365.0,11.995464494120256,12.004374090825197,-1.5763858032004838,3.386345866050231e-14,-3.394145650564403e-20,-1705.625909174804
0.00036525,365.25,11.993768501788265,12.002672946732888,-1.5751853530727835,3.386493669612144e-14,-3.394141773155282e-20,-1707.3270532671122
0.0003655,365.5,11.992072004481932,12.000971302904695,-1.5739867180371998,3.386641248232244e-14,-3.394140480685575e-20,-1709.028697095305
0.00036575,365.75,11.990375002045253,11.999269159173382,-1.5727898933441635,3.3867886024223925e-14,-3.394141773155282e-20,-1710.730840826619
0.000366,366.0,11.988677494322584,11.997566515372025,-1.5715948742716292,3.386935732693221e-14,-3.394150820443232e-20,-1712.4334846279755
0.00036625,366.25,11.986979481158622,11.995863371334046,-1.570401656134713,3.3870826395507236e-14,-3.3941469430341104e-20,-1714.136628665954
0.0003665,366.5,11.985280962398416,11.994159726893251,-1.5692102342704903,3.387229323499824e-14,-3.3941482355038175e-20,-1715.8402731067504
0.00036675,366.75,11.98358193788737,11.992455581883895,-1.568020603997831,3.387375785045783e-14,-3.3941353108067464e-20,-1717.5444181161054
0.000367,367.0,11.981882407471225,11.990750936140596,-1.5668327606579282,3.387522024692658e-14,-3.3941495279735246e-20,-1719.249063859404
0.00036725,367.25,11.980182370996078,11.989045789498347,-1.5656466996296945,3.387668042939911e-14,-3.394143065624989e-20,-1720.954210501655
0.0003675,367.5,11.978481828308368,11.987340141792478,-1.564462416314563,3.3878138402859606e-14,-3.3941469430341104e-20,-1722.6598582075235
0.00036775,367.75,11.976780779254884,11.985633992858775,-1.5632799060955929,3.387959417229575e-14,-3.394132725867332e-20,-1724.3660071412266
0.000368,368.0,11.975079223682753,11.983927342533397,-1.562099164377537,3.3881047742683415e-14,-3.394150820443232e-20,-1726.0726574666048
0.00036825,368.25,11.97337716143946,11.98222019065286,-1.560920186601723,3.388249911895304e-14,-3.394163745140303e-20,-1727.7798093471401
0.0003685,368.5,11.97167459237282,11.98051253705404,-1.5597429682329937,3.388394830602476e-14,-3.394154697852353e-20,-1729.4874629459612
0.00036875,368.75,11.969971516330999,11.978804381574173,-1.5585675047214644,3.388539530882243e-14,-3.394144358094696e-20,-1731.1956184258268
0.000369,369.0,11.968267933162505,11.977095724050944,-1.557393791534177,3.388684013225835e-14,-3.394152112912939e-20,-1732.9042759490576
0.00036925,369.25,11.966563842716184,11.975386564322392,-1.5562218241741788,3.388828278119974e-14,-3.394153405382646e-20,-1734.6134356776095
0.0003695,369.5,11.964859244841234,11.973676902226883,-1.555051598167763,3.3889723260503846e-14,-3.3941469430341104e-20,-1736.3230977731184
0.00036975,369.75,11.963154139387182,11.971966737603232,-1.5538831090238645,3.3891161575031694e-14,-3.3941378957461606e-20,-1738.0332623967695
0.00037,370.0,11.961448526203903,11.970256070290601,-1.552716352272267,3.389259772963301e-14,-3.394152112912939e-20,-1739.7439297093995
0.00037025,370.25,11.959742405141604,11.968544900128537,-1.5515513234777176,3.389403172911289e-14,-3.394167622549424e-20,-1741.4550998714649
0.0003705,370.5,11.958035776050844,11.966833226956904,-1.5503880182282745,3.3895463578266644e-14,-3.39415599032206e-20,-1743.1667730430972
0.00037075,370.75,11.956328638782505,11.96512105061595,-1.5492264320971945,3.3896893281893554e-14,-3.3941585752614744e-20,-1744.8789493840504
0.000371,371.0,11.954620993187818,11.96340837094635,-1.5480665606741553,3.389832084478179e-14,-3.394166330079717e-20,-1746.5916290536497
0.00037125,371.25,11.952912839118348,11.961695187789132,-1.546908399583817,3.3899746271675335e-14,-3.3941714999585456e-20,-1748.304812210868
0.0003715,371.5,11.951204176425996,11.959981500985643,-1.5457519444735177,3.390116956730862e-14,-3.39416503761001e-20,-1750.0184990143578
0.00037175,371.75,11.949495004962998,11.958267310377668,-1.5445971909733711,3.390259073642014e-14,-3.394154697852353e-20,-1751.7326896223328
0.000372,372.0,11.947785324581925,11.956552615807352,-1.543444134733714,3.390400978373753e-14,-3.3941611602008887e-20,-1753.4473841926483
0.00037225,372.25,11.946075135135684,11.954837417117194,-1.542292771438915,3.3905426713944654e-14,-3.3941727924282527e-20,-1755.162582882808
0.0003725,372.5,11.944364436477523,11.953121714150019,-1.541143096796152,3.390684153171601e-14,-3.39416503761001e-20,-1756.8782858499824
0.00037275,372.75,11.94265322846101,11.951405506749028,-1.539995106497679,3.390825424173032e-14,-3.394153405382646e-20,-1758.5944932509724
0.000373,373.0,11.940941510940053,11.949688794757838,-1.538848796251588,3.390966484865569e-14,-3.394152112912939e-20,-1760.3112052421623
0.00037325,373.25,11.939229283768894,11.947971578020416,-1.5377041618002798,3.3911073357116814e-14,-3.3941714999585456e-20,-1762.0284219795842
0.0003735,373.5,11.937516546802101,11.946253856381048,-1.5365611989082602,3.391247977172928e-14,-3.394166330079717e-20,-1763.746143618953
0.00037375,373.75,11.935803299894582,11.944535629684447,-1.535419903322653,3.3913884097113e-14,-3.3941585752614744e-20,-1765.464370315554
0.000374,374.0,11.934089542901566,11.942816897775662,-1.5342802708113292,3.391528633787745e-14,-3.39415599032206e-20,-1767.183102224338
0.00037425,374.25,11.932375275678615,11.94109766050009,-1.5331422971760695,3.391668649858917e-14,-3.3941702074888385e-20,-1768.9023394999124
0.0003745,374.5,11.930660498081627,11.939377917703451,-1.5320059782382305,3.391808458380576e-14,-3.3941702074888385e-20,-1770.6220822965504
0.00037475,374.75,11.928945209966818,11.937657669231966,-1.5308713097982154,3.391948059808926e-14,-3.3941702074888385e-20,-1772.3423307680343
0.000375,375.0,11.927229411190739,11.935936914932123,-1.5297382876815444,3.39208745459915e-14,-3.394162452670596e-20,-1774.0630850678774
0.00037525,375.25,11.925513101610262,11.934215654650748,-1.5286069077467255,3.392226643202176e-14,-3.3941714999585456e-20,-1775.784345349253
0.0003755,375.5,11.923796281082598,11.93249388823501,-1.5274771658715682,3.3923656260680595e-14,-3.39417408489796e-20,-1777.5061117649905
0.00037575,375.75,11.922078949465272,11.930771615532507,-1.526349057916268,3.392504403647312e-14,-3.394175377367667e-20,-1779.228384467494
0.000376,376.0,11.920361106616141,11.929048836391171,-1.5252225797607821,3.392642976389444e-14,-3.3941805472464954e-20,-1780.9511636088298
0.00037625,376.25,11.918642752393389,11.927325550659273,-1.524097727317951,3.3927813447397524e-14,-3.394184424655617e-20,-1782.674449340729
0.0003765,376.5,11.916923886655512,11.925601758185413,-1.5229744965209222,3.3929195091426764e-14,-3.394184424655617e-20,-1784.3982418145865
0.00037675,376.75,11.915204509261347,11.92387745881861,-1.5218528832849307,3.393057470043128e-14,-3.3941714999585456e-20,-1786.1225411813896
0.000377,377.0,11.913484620070047,11.922152652408222,-1.52073288354483,3.3931952278850354e-14,-3.3941818397162025e-20,-1787.8473475917795
0.00037725,377.25,11.911764218941084,11.920427338803934,-1.5196144932680287,3.393332783108153e-14,-3.394179254776788e-20,-1789.5726611960656
0.0003775,377.5,11.910043305734257,11.918701517855766,-1.5184977084418942,3.393470136151397e-14,-3.394176669837374e-20,-1791.2984821442355
0.00037775,377.75,11.908321880309689,11.916975189414142,-1.5173825250360318,3.393607287454167e-14,-3.394177962307081e-20,-1793.0248105858584
0.000378,378.0,11.906599942527814,11.915248353329842,-1.5162689390389679,3.393744237454899e-14,-3.394188302064738e-20,-1794.7516466701593
0.00037825,378.25,11.9048774922494,11.913521009453966,-1.5151569464707157,3.393880986587893e-14,-3.394199934292102e-20,-1796.4789905460345
0.0003785,378.5,11.903154529335524,11.911793157637948,-1.5140465433723433,3.394017535286628e-14,-3.3941934719435665e-20,-1798.2068423620524
0.00037875,378.75,11.90143105364759,11.91006479773356,-1.5129377257704621,3.394153883985081e-14,-3.3941831321859096e-20,-1799.9352022664418
0.000379,379.0,11.899707065047314,11.908335929592987,-1.51183048970532,3.3942900331162836e-14,-3.394199934292102e-20,-1801.6640704070148
0.00037925,379.25,11.897982563396738,11.90660655306875,-1.510724831248632,3.394425983109167e-14,-3.394208981580052e-20,-1803.3934469312505
0.0003795,379.5,11.896257548558216,11.904876668013673,-1.509620746494151,3.3945617343918645e-14,-3.394198641822395e-20,-1805.1233319863275
0.00037975,379.75,11.89453202039442,11.903146274280923,-1.5085182315207677,3.3946972873930106e-14,-3.3941921794738594e-20,-1806.8537257190787
0.00038,380.0,11.892805978768344,11.90141537172406,-1.5074172824214054,3.3948326425403203e-14,-3.3942051041709305e-20,-1808.584628275941
0.00038025,380.25,11.89107942354329,11.899683960196988,-1.5063178953206509,3.3949678002574423e-14,-3.3942063966406377e-20,-1810.3160398030122
0.0003805,380.5,11.889352354582881,11.897952039553905,-1.505220066363465,3.3951027609672445e-14,-3.3941947644132736e-20,-1812.0479604460959
0.00038075,380.75,11.887624771751053,11.896219609649407,-1.5041237916770087,3.39523752509311e-14,-3.394196056882981e-20,-1813.7803903505935
0.000381,381.0,11.885896674912054,11.89448667033843,-1.5030290674070972,3.395372093057516e-14,-3.3942038117012234e-20,-1815.5133296615693
0.00038125,381.25,11.884168063930455,11.89275322147623,-1.5019358897303912,3.3955064652789127e-14,-3.3942051041709305e-20,-1817.2467785237716
0.0003815,381.5,11.882438938671129,11.891019262918372,-1.5008442548425722,3.3956406421749884e-14,-3.3942038117012234e-20,-1818.9807370816293
0.00038175,381.75,11.880709298999268,11.889284794520835,-1.499754158921726,3.3957746241639534e-14,-3.394188302064738e-20,-1820.7152054791668
0.000382,382.0,11.878979144780374,11.887549816139906,-1.498665598164234,3.3959084116631326e-14,-3.394207689110345e-20,-1822.4501838600952
0.00038225,382.25,11.877248475880267,11.88581432763222,-1.4975785687970176,3.396042005085861e-14,-3.3942141514588803e-20,-1824.1856723677818
0.0003825,382.5,11.875517292165068,11.884078328854693,-1.4964930670658663,3.3961754048447243e-14,-3.3942141514588803e-20,-1825.9216711453068
0.00038275,382.75,11.873785593501214,11.882341819664669,-1.4954090891987475,3.396308611352845e-14,-3.3941947644132736e-20,-1827.6581803353317
0.000383,383.0,11.872053379755457,11.880604799919793,-1.494326631442068,3.396441625022477e-14,-3.3941947644132736e-20,-1829.3952000802083
0.00038325,383.25,11.870320650794847,11.878867269478024,-1.4932456900732751,3.396574446261915e-14,-3.394199934292102e-20,-1831.1327305219772
0.0003835,383.5,11.868587406486755,11.877129228197642,-1.492166261387102,3.39670707547873e-14,-3.3942038117012234e-20,-1832.8707718023593
0.00038375,383.75,11.866853646698852,11.875390675937386,-1.4910883416570144,3.396839513081033e-14,-3.394196056882981e-20,-1834.6093240626158
0.000384,384.0,11.865119371299121,11.873651612556243,-1.4900119271794585,3.396971759476082e-14,-3.394198641822395e-20,-1836.3483874437588
0.00038425,384.25,11.863384580155852,11.871912037913514,-1.488937014280481,3.397103815067218e-14,-3.394208981580052e-20,-1838.0879620864876
0.0003845,384.5,11.861649273137644,11.870171951868823,-1.4878635993031615,3.397235680257068e-14,-3.394199934292102e-20,-1839.8280481311772
0.00038475,384.75,11.859913450113396,11.868431354282192,-1.4867916785733377,3.397367355448811e-14,-3.3941947644132736e-20,-1841.5686457178087
0.000385,385.0,11.858177110952319,11.866690245013958,-1.4857212484345208,3.397498841044793e-14,-3.394207689110345e-20,-1843.309754986044
0.00038525,385.25,11.85644025552393,11.864948623924771,-1.4846523052591984,3.397630137443473e-14,-3.394212858989173e-20,-1845.05137607523
0.0003855,385.5,11.85470288369804,11.863206490875593,-1.4835848454381555,3.397761245042613e-14,-3.394207689110345e-20,-1846.7935091244078
0.00038575,385.75,11.852964995344786,11.861463845727767,-1.482518865344718,3.39789216424054e-14,-3.394190887004152e-20,-1848.5361542722328
0.000386,386.0,11.851226590334583,11.859720688342966,-1.4814543613698574,3.3980228954347585e-14,-3.394197349352688e-20,-1850.2793116570358
0.00038625,386.25,11.849487668538167,11.857977018583162,-1.480391329932988,3.3981534390189245e-14,-3.394197349352688e-20,-1852.022981416839
0.0003865,386.5,11.847748229826573,11.856232836310632,-1.4793297674715387,3.398283795386012e-14,-3.394199934292102e-20,-1853.7671636893683
0.00038675,386.75,11.846008274071137,11.854488141388048,-1.4782696704059564,3.3984139649295656e-14,-3.3942038117012234e-20,-1855.5118586119531
0.000387,387.0,11.844267801143497,11.852742933678394,-1.4772110351737455,3.39854394804233e-14,-3.3942025192315163e-20,-1857.2570663216065
0.00038725,387.25,11.842526810915587,11.850997213044959,-1.476153858240773,3.398673745113227e-14,-3.394219321337709e-20,-1859.0027869550424
0.0003875,387.5,11.840785303259652,11.849250979351332,-1.4750981360908784,3.3988033565305193e-14,-3.3942167363982946e-20,-1860.749020648669
0.00038775,387.75,11.839043278048234,11.847504232461496,-1.4740438651902164,3.3989327826830444e-14,-3.3942038117012234e-20,-1862.4957675385044
0.000388,388.0,11.83730073515417,11.84575697223974,-1.4729910420220729,3.399062023958858e-14,-3.394207689110345e-20,-1864.2430277602623
0.00038825,388.25,11.835557674450598,11.844009198550651,-1.4719396630979218,3.399191080742225e-14,-3.394221906277123e-20,-1865.9908014493487
0.0003885,388.5,11.83381409581096,11.842260911259139,-1.4708897249467625,3.3993199534167646e-14,-3.394211566519466e-20,-1867.7390887408626
0.00038875,388.75,11.832069999108993,11.840512110230469,-1.4698412240803862,3.399448642366682e-14,-3.3942038117012234e-20,-1869.4878897695328
0.000389,389.0,11.830325384218726,11.838762795330235,-1.4687941570272145,3.3995771479754145e-14,-3.394210274049759e-20,-1871.2372046697665
0.00038925,389.25,11.828580251014493,11.837012966424325,-1.4677485203436282,3.3997054706226426e-14,-3.3942257836862444e-20,-1872.9870335756762
0.0003895,389.5,11.826834599370924,11.835262623378927,-1.4667043106034727,3.399833610687414e-14,-3.3942257836862444e-20,-1874.7373766210742
0.00038975,389.75,11.825088429162946,11.833511766060614,-1.4656615243628432,3.3999615685493735e-14,-3.394211566519466e-20,-1876.488233939387
0.00039,390.0,11.823341740265777,11.831760394336262,-1.4646201581938978,3.4000893445874095e-14,-3.394212858989173e-20,-1878.239605663738
0.00039025,390.25,11.821594532554931,11.830008508073064,-1.4635802086965728,3.400216939176689e-14,-3.39423224603478e-20,-1879.9914919269365
0.0003905,390.5,11.819846805906222,11.828256107138499,-1.462541672489142,3.400344352691759e-14,-3.394224491216537e-20,-1881.7438928615024
0.00039075,390.75,11.818098560195756,11.82650319140036,-1.4615045461749305,3.400471585507769e-14,-3.394210274049759e-20,-1883.496808599641
0.000391,391.0,11.81634979529993,11.824749760726803,-1.4604688263693462,3.400598637999134e-14,-3.394211566519466e-20,-1885.2502392731978
0.00039125,391.25,11.814600511095435,11.822995814986294,-1.4594345097164096,3.4007255105365734e-14,-3.394219321337709e-20,-1887.0041850137068
0.0003915,391.5,11.81285070745926,11.821241354047572,-1.4584015928768286,3.400852203490205e-14,-3.3942141514588803e-20,-1888.7586459524277
0.00039175,391.75,11.811100384268684,11.819486377779818,-1.457370072490419,3.400978717230754e-14,-3.3942063966406377e-20,-1890.5136222201834
0.000392,392.0,11.809349541401271,11.817730886052432,-1.4563399452184955,3.401105052128224e-14,-3.394212858989173e-20,-1892.2691139475687
0.00039225,392.25,11.807598178734887,11.815974878735114,-1.4553112077498294,3.401231208548956e-14,-3.3942141514588803e-20,-1894.0251212648866
0.0003925,392.5,11.805846296147688,11.814218355697863,-1.45428385678743,3.401357186858705e-14,-3.394212858989173e-20,-1895.781644302138
0.00039275,392.75,11.804093893518111,11.812461316811122,-1.4532578890139922,3.401482987423839e-14,-3.3942051041709305e-20,-1897.538683188878
0.000393,393.0,11.80234097072489,11.810703761945568,-1.4522333011329382,3.401608610610019e-14,-3.394212858989173e-20,-1899.2962380544336
0.00039325,393.25,11.800587527647052,11.808945690972157,-1.4512100898740268,3.401734056779275e-14,-3.394219321337709e-20,-1901.0543090278434
0.0003935,393.5,11.798833564163903,11.80718710376216,-1.450188251982493,3.4018593262930625e-14,-3.3942063966406377e-20,-1902.812896237841
0.00039375,393.75,11.79707908015505,11.805428000187215,-1.4491677841863313,3.40198441951346e-14,-3.3942063966406377e-20,-1904.5719998127859
0.000394,394.0,11.795324075500378,11.803668380119264,-1.4481486832291486,3.4021093368018527e-14,-3.3942154439285875e-20,-1906.3316198807374
0.00039425,394.25,11.793568550080066,11.801908243430534,-1.447130945881252,3.4022340785160256e-14,-3.3942180288680017e-20,-1908.0917565694676
0.0003945,394.5,11.791812503774576,11.800147589993536,-1.4461145689294073,3.402358645013199e-14,-3.394220613807416e-20,-1909.8524100064647
0.00039475,394.75,11.790055936464663,11.798386419681163,-1.4450995491424956,3.402483036651227e-14,-3.394207689110345e-20,-1911.6135803188379
0.000395,395.0,11.788298848031355,11.796624732366592,-1.4440858833049326,3.402607253787281e-14,-3.3942180288680017e-20,-1913.37526763341
0.00039525,395.25,11.786541238355985,11.794862527923296,-1.443073568228021,3.402731296774967e-14,-3.3942167363982946e-20,-1915.137472076704
0.0003955,395.5,11.784783107320157,11.79309980622503,-1.4420626007391062,3.402855165967333e-14,-3.394208981580052e-20,-1916.900193774972
0.00039575,395.75,11.783024454805764,11.791336567145912,-1.4410529776476568,3.402978861718073e-14,-3.394211566519466e-20,-1918.66343285409
0.000396,396.0,11.781265280694987,11.789572810560356,-1.4400446957786348,3.403102384380211e-14,-3.394219321337709e-20,-1920.4271894396436
0.00039625,396.25,11.77950558487029,11.787808536343077,-1.4390377519832989,3.40322573430323e-14,-3.3942141514588803e-20,-1922.191463656925
0.0003965,396.5,11.777745367214411,11.786043744369046,-1.4380321431287475,3.4033489118360764e-14,-3.394211566519466e-20,-1923.9562556309556
0.00039675,396.75,11.775984627610388,11.784278434513618,-1.4370278660646534,3.40347191732834e-14,-3.394207689110345e-20,-1925.721565486382
0.000397,397.0,11.774223365941525,11.78251260665244,-1.4360249176555169,3.403594751128961e-14,-3.394212858989173e-20,-1927.4873933475596
0.00039725,397.25,11.772461582091422,11.780746260661457,-1.4350232947910242,3.403717413583364e-14,-3.3942167363982946e-20,-1929.2537393385442
0.0003975,397.5,11.770699275943954,11.778979396416874,-1.434022994377873,3.40383990503645e-14,-3.3942141514588803e-20,-1931.0206035831272
0.00039775,397.75,11.768936447383277,11.777212013795205,-1.4330240133084982,3.4039622258337713e-14,-3.3942025192315163e-20,-1932.7879862047962
0.000398,398.0,11.76717309629383,11.775444112673318,-1.4320263484855975,3.4040843763202433e-14,-3.3942180288680017e-20,-1934.5558873266828
0.00039825,398.25,11.765409222560333,11.773675692928387,-1.4310299968377007,3.404206356837295e-14,-3.394212858989173e-20,-1936.324307071613
0.0003985,398.5,11.763644826067784,11.771906754437817,-1.4300349553101321,3.4043281677258413e-14,-3.3942063966406377e-20,-1938.0932455621835
0.00039875,398.75,11.761879906701463,11.7701372970794,-1.4290412208303929,3.404449809327459e-14,-3.394198641822395e-20,-1939.8627029206023
0.000399,399.0,11.760114464346925,11.768367320731192,-1.428048790340743,3.4045712819830934e-14,-3.3942063966406377e-20,-1941.6326792688083
0.00039925,399.25,11.758348498890008,11.766596825271556,-1.427057660809436,3.404692586030239e-14,-3.394210274049759e-20,-1943.4031747284455
0.0003995,399.5,11.756582010216828,11.764825810579106,-1.426067829220025,3.404813721805887e-14,-3.394210274049759e-20,-1945.174189420894
0.00039975,399.75,11.75481499821378,11.763054276532833,-1.425079292538029,3.404934689647692e-14,-3.3941947644132736e-20,-1946.945723467169
0.0004,400.0,11.75304746276753,11.761282223011998,-1.4240920477439099,3.4050554898926974e-14,-3.394196056882981e-20,-1948.7177769880036
0.00040025,400.25,11.751279403765027,11.759509649896154,-1.4231060918432803,3.405176122874515e-14,-3.394197349352688e-20,-1950.4903501038473
0.0004005,400.5,11.749510821093498,11.75773655706512,-1.4221214218567777,3.4052965889262704e-14,-3.394197349352688e-20,-1952.2634429348805
0.00040075,400.75,11.747741714640437,11.75596294439908,-1.4211380347880227,3.4054168883817574e-14,-3.394198641822395e-20,-1954.0370556009213
0.000401,401.0,11.745972084293628,11.75418881177848,-1.4201559276556852,3.4055370215741716e-14,-3.394210274049759e-20,-1955.8111882215214
0.00040125,401.25,11.744201929941116,11.752414159084053,-1.419175097502949,3.4056569888333017e-14,-3.3942141514588803e-20,-1957.5858409159484
0.0004015,401.5,11.742431251471231,11.750638986196801,-1.4181955413869967,3.4057767904884674e-14,-3.394211566519466e-20,-1959.3610138032
0.00040175,401.75,11.740660048772574,11.748863292998145,-1.417217256345228,3.405896426869656e-14,-3.394210274049759e-20,-1961.136707001856
0.000402,402.0,11.738888321734017,11.747087079369715,-1.4162402394341775,3.4060158983062713e-14,-3.3942154439285875e-20,-1962.9129206302855
0.00040225,402.25,11.737116070244712,11.7453103451934,-1.4152644877349787,3.4061352051243387e-14,-3.3942257836862444e-20,-1964.6896548066022
0.0004025,402.5,11.73534329419408,11.743533090351379,-1.4142899983415569,3.406254347649421e-14,-3.394208981580052e-20,-1966.466909648622
0.00040275,402.75,11.733569993471809,11.74175531472626,-1.4133167683272847,3.4063733262077616e-14,-3.394196056882981e-20,-1968.24468527374
0.000403,403.0,11.731796167967872,11.739977018200852,-1.4123447947844652,3.4064921411250267e-14,-3.3942025192315163e-20,-1970.0229817991485
0.00040325,403.25,11.73002181757251,11.738198200658228,-1.411374074829351,3.406610792723531e-14,-3.394210274049759e-20,-1971.8017993417734
0.0004035,403.5,11.728246942176227,11.736418861981756,-1.4104046055917354,3.406729281325142e-14,-3.3942063966406377e-20,-1973.581138018246
0.00040375,403.75,11.726471541669811,11.734639002055147,-1.4094363841845226,3.4068476072524076e-14,-3.394196056882981e-20,-1975.3609979448538
0.000404,404.0,11.724695615944311,11.73285862076239,-1.4084694077345083,3.4069657708273133e-14,-3.394201226761809e-20,-1977.1413792376118
0.00040425,404.25,11.72291916489105,11.73107771798775,-1.4075036733922945,3.4070837723685206e-14,-3.394211566519466e-20,-1978.9222820122513
0.0004045,404.5,11.72114218840162,11.729296293615757,-1.4065391783232057,3.407201612194252e-14,-3.394210274049759e-20,-1980.7037063842438
0.00040475,404.75,11.719364686367888,11.727514347531287,-1.4055759196751634,3.407319290623417e-14,-3.394207689110345e-20,-1982.4856524687143
0.000405,405.0,11.717586658681977,11.725731879619493,-1.4046138946100963,3.4074368079743736e-14,-3.394207689110345e-20,-1984.2681203805068
0.00040525,405.25,11.715808105236292,11.723948889765795,-1.403653100313483,3.407554164562183e-14,-3.3942154439285875e-20,-1986.0511102342048
0.0004055,405.5,11.714029025923502,11.722165377855882,-1.4026935339851743,3.407671360701475e-14,-3.394210274049759e-20,-1987.8346221441186
0.00040575,405.75,11.71224942063654,11.720381343775786,-1.4017351928081538,3.407788396707574e-14,-3.3942051041709305e-20,-1989.618656224215
0.000406,406.0,11.710469289268614,11.718596787411814,-1.4007780739786155,3.407905272895265e-14,-3.3942180288680017e-20,-1991.4032125881877
0.00040625,406.25,11.708688631713189,11.716811708650559,-1.3998221747155373,3.408021989576059e-14,-3.394219321337709e-20,-1993.1882913494424
0.0004065,406.5,11.706907447864005,11.715026107378858,-1.398867492253468,3.4081385470610455e-14,-3.3942180288680017e-20,-1994.973892621143
0.00040675,406.75,11.705125737615067,11.713239983483836,-1.397914023812723,3.408254945662019e-14,-3.394212858989173e-20,-1996.7600165161648
0.000407,407.0,11.703343500860644,11.711453336852957,-1.3969617666226413,3.408371185690239e-14,-3.3942167363982946e-20,-1998.546663147045
0.00040725,407.25,11.701560737495269,11.709666167373953,-1.3960107179359684,3.4084872674537206e-14,-3.394234830974194e-20,-2000.333832626047
0.0004075,407.5,11.699777447413748,11.707878474934812,-1.3950608750206757,3.4086031912600685e-14,-3.3942180288680017e-20,-2002.1215250651885
0.00040775,407.75,11.697993630511139,11.706090259423851,-1.3941122351275241,3.408718957417591e-14,-3.3942141514588803e-20,-2003.90974057615
0.000408,408.0,11.696209286682775,11.70430152072965,-1.3931647955203719,3.40883456623408e-14,-3.3942283686256586e-20,-2005.6984792703502
0.00040825,408.25,11.694424415824248,11.702512258741079,-1.392218553486797,3.4089500180141e-14,-3.39423224603478e-20,-2007.4877412589221
0.0004085,408.5,11.692639017831413,11.700722473347241,-1.391273506328338,3.409065313061822e-14,-3.394236123443901e-20,-2009.2775266527603
0.00040875,408.75,11.690853092600394,11.698932164437593,-1.3903296513285281,3.4091804516821206e-14,-3.394221906277123e-20,-2011.0678355624066
0.000409,409.0,11.68906664002757,11.697141331901857,-1.389386985784275,3.4092954341793666e-14,-3.394219321337709e-20,-2012.8586680981443
0.00040925,409.25,11.687279660009589,11.69534997563001,-1.38844550701597,3.40941026085473e-14,-3.3942283686256586e-20,-2014.6500243699895
0.0004095,409.5,11.685492152443352,11.693558095512305,-1.3875052123575151,3.40952493200899e-14,-3.39422319874683e-20,-2016.4419044876956
0.00040975,409.75,11.683704117226037,11.69176569143931,-1.386566099125602,3.409639447943644e-14,-3.394220613807416e-20,-2018.2343085606908
0.00041,410.0,11.681915554255065,11.68997276330187,-1.3856281646504405,3.4097538089596874e-14,-3.39422319874683e-20,-2020.0272366981308
0.00041025,410.25,11.680126463428131,11.688179310991076,-1.3846914062853286,3.4098680153549414e-14,-3.394230953565073e-20,-2021.820689008925
0.0004105,410.5,11.678336844643185,11.68638533439828,-1.3837558213960128,3.409982067426852e-14,-3.39423224603478e-20,-2023.6146656017208
0.00041075,410.75,11.676546697798441,11.684590833415243,-1.3828214073282439,3.4100959654735775e-14,-3.394224491216537e-20,-2025.4091665847573
0.000411,411.0,11.674756022792366,11.682795807933914,-1.3818881614452883,3.410209709792792e-14,-3.3942180288680017e-20,-2027.204192066087
0.00041125,411.25,11.67296481952369,11.681000257846492,-1.3809560811323889,3.4103233006790174e-14,-3.3942180288680017e-20,-2028.99974215351
0.0004115,411.5,11.671173087891406,11.67920418304545,-1.3800251637872014,3.4104367384264065e-14,-3.394212858989173e-20,-2030.795816954552
0.00041175,411.75,11.669380827794752,11.677407583423598,-1.3790954067906824,3.4105500233298325e-14,-3.394224491216537e-20,-2032.5924165764036
0.000412,412.0,11.667588039133248,11.675610458874003,-1.3781668075365572,3.410663155683694e-14,-3.394221906277123e-20,-2034.3895411259975
0.00041225,412.25,11.66579472180665,11.67381280929,-1.3772393634403257,3.410776135779261e-14,-3.394224491216537e-20,-2036.1871907100003
0.0004125,412.5,11.66400087571498,11.672014634565171,-1.3763130719309726,3.410888963907441e-14,-3.394220613807416e-20,-2037.9853654348303
0.00041275,412.75,11.662206500758515,11.670215934593424,-1.3753879304206875,3.4110016403598717e-14,-3.3942141514588803e-20,-2039.7840654065762
0.000413,413.0,11.660411596837791,11.668416709268925,-1.374463936334663,3.411114165427718e-14,-3.394234830974194e-20,-2041.5832907310753
0.00041325,413.25,11.658616163853603,11.666616958486099,-1.3735410871202982,3.411226539399045e-14,-3.3942400008530226e-20,-2043.3830415139012
0.0004135,413.5,11.656820201706992,11.664816682139614,-1.372619380237122,3.4113387625615666e-14,-3.394229661095366e-20,-2045.1833178603863
0.00041375,413.75,11.655023710299266,11.663015880124538,-1.3716988131248424,3.411450835203723e-14,-3.3942180288680017e-20,-2046.9841198754625
0.000414,414.0,11.65322668953198,11.661214552336137,-1.3707793832397759,3.4115627576134984e-14,-3.3942283686256586e-20,-2048.7854476638636
0.00041425,414.25,11.651429139306948,11.659412698669925,-1.3698610880591564,3.4116745300757956e-14,-3.394230953565073e-20,-2050.587301330075
0.0004145,414.5,11.649631059526238,11.657610319021682,-1.3689439250733748,3.411786152875175e-14,-3.39422319874683e-20,-2052.3896809783187
0.00041475,414.75,11.64783245009217,11.655807413287452,-1.3680278917590882,3.411897626296931e-14,-3.3942167363982946e-20,-2054.192586712549
0.000415,415.0,11.646033310907324,11.6540039813636,-1.3671129856006967,3.41200895062591e-14,-3.3942270761559515e-20,-2055.9960186364015
0.00041525,415.25,11.644233641874527,11.652200023146763,-1.3661992041043667,3.412120126143898e-14,-3.394233538504487e-20,-2057.799976853238
0.0004155,415.5,11.64243344289686,11.650395538533795,-1.3652865447904021,3.4122311531323516e-14,-3.3942180288680017e-20,-2059.6044614662064
0.00041575,415.75,11.640632713877654,11.64859052742188,-1.3643750051617778,3.4123420318734585e-14,-3.394207689110345e-20,-2061.409472578119
0.000416,416.0,11.638831454720503,11.646784989708465,-1.363464582733768,3.412452762648972e-14,-3.3942167363982946e-20,-2063.215010291537
0.00041625,416.25,11.637029665329242,11.644978925291236,-1.362555275043298,3.412563345737608e-14,-3.394219321337709e-20,-2065.0210747087654
0.0004165,416.5,11.635227345607964,11.64317233406813,-1.361647079639958,3.412673781417757e-14,-3.3942180288680017e-20,-2066.8276659318713
0.00041675,416.75,11.63342449546101,11.64136521593741,-1.3607399940564384,3.4127840699685493e-14,-3.394208981580052e-20,-2068.634784062591
0.000417,417.0,11.631621114792972,11.63955757079759,-1.3598340158373448,3.4128942116686876e-14,-3.3942180288680017e-20,-2070.4424292024105
0.00041725,417.25,11.629817203508697,11.63774939854744,-1.3589291425488352,3.413004206793858e-14,-3.3942257836862444e-20,-2072.2506014525616
0.0004175,417.5,11.628012761513276,11.635940699085966,-1.3580253717697328,3.413114055619433e-14,-3.394221906277123e-20,-2074.0593009140352
0.00041775,417.75,11.626207788712053,11.6341314723125,-1.3571227010615305,3.4132237584215256e-14,-3.3942154439285875e-20,-2075.8685276875
0.000418,418.0,11.624402285010627,11.632321718126633,-1.3562211279972889,3.41333331547583e-14,-3.394220613807416e-20,-2077.678281873368
0.00041825,418.25,11.62259625031483,11.630511436428211,-1.355320650171111,3.413442727055049e-14,-3.3942180288680017e-20,-2079.488563571789
0.0004185,418.5,11.62078968453076,11.628700627117318,-1.3544212651906062,3.4135519934315736e-14,-3.394219321337709e-20,-2081.2993728826827
0.00041875,418.75,11.618982587564757,11.626889290094285,-1.3535229706492335,3.413661114878545e-14,-3.3942167363982946e-20,-2083.110709905716
0.000419,419.0,11.617174959323409,11.625077425259773,-1.3526257641481942,3.413770091668693e-14,-3.394212858989173e-20,-2084.922574740228
0.00041925,419.25,11.615366799713549,11.623265032514675,-1.3517296433105086,3.4138789240717734e-14,-3.3942283686256586e-20,-2086.7349674853244
0.0004195,419.5,11.613558108642266,11.621452111760128,-1.3508346057714624,3.4139876123572464e-14,-3.3942167363982946e-20,-2088.5478882398725
0.00041975,419.75,11.611748886016885,11.61963866289764,-1.349940649146261,3.4140961567953173e-14,-3.3942141514588803e-20,-2090.3613371023616
0.00042,420.0,11.609939131744985,11.617824685828893,-1.3490477710667594,3.414204557655793e-14,-3.394224491216537e-20,-2092.1753141711083
0.00042025,420.25,11.608128845734393,11.616010180455804,-1.3481559691857654,3.414312815205525e-14,-3.394234830974194e-20,-2093.989819544196
0.0004205,420.5,11.606318027893176,11.614195146680556,-1.3472652411659913,3.414420929711078e-14,-3.3942270761559515e-20,-2095.804853319445
0.00042075,420.75,11.604506678129649,11.612379584405712,-1.346375584650894,3.414528901439767e-14,-3.3942257836862444e-20,-2097.6204155942896
0.000421,421.0,11.602694796352376,11.610563493534011,-1.3454869972999337,3.414636730658515e-14,-3.394220613807416e-20,-2099.436506465991
0.00042125,421.25,11.60088238247016,11.60874687396843,-1.3445994767922291,3.414744417631311e-14,-3.39422319874683e-20,-2101.2531260315714
0.0004215,421.5,11.599069436392057,11.606929725612202,-1.3437130208180863,3.4148519626218657e-14,-3.394210274049759e-20,-2103.0702743877987
0.00042175,421.75,11.597255958027358,11.605112048368877,-1.342827627051641,3.414959365894643e-14,-3.394210274049759e-20,-2104.8879516311235
0.000422,422.0,11.5954419472856,11.603293842142254,-1.3419432931782482,3.415066627713719e-14,-3.394221906277123e-20,-2106.706157857747
0.00042225,422.25,11.593627404076573,11.60147510683637,-1.3410600169033506,3.415173748340265e-14,-3.3942257836862444e-20,-2108.5248931636315
0.0004225,422.5,11.5918123283103,11.599655842355496,-1.3401777959445929,3.4152807280351735e-14,-3.394220613807416e-20,-2110.344157644505
0.00042275,422.75,11.589996719897055,11.597836048604224,-1.3392966280026701,3.4153875670600976e-14,-3.3942141514588803e-20,-2112.163951395777
0.000423,423.0,11.588180578747346,11.596015725487387,-1.3384165107897223,3.4154942656763103e-14,-3.3942283686256586e-20,-2113.9842745126143
0.00042325,423.25,11.586363904771934,11.59419487291006,-1.3375374420379678,3.415600824142198e-14,-3.394233538504487e-20,-2115.805127089941
0.0004235,423.5,11.584546697881812,11.592373490777549,-1.3366594194914065,3.4157072427158783e-14,-3.3942270761559515e-20,-2117.626509222451
0.00042375,423.75,11.582728957988222,11.590551578995479,-1.3357824408776464,3.415813521656229e-14,-3.394211566519466e-20,-2119.448421004523
0.000424,424.0,11.580910685002639,11.588729137469704,-1.334906503935736,3.4159196612217596e-14,-3.394220613807416e-20,-2121.2708625302967
0.00042425,424.25,11.57909187883679,11.586906166106317,-1.3340316064250897,3.4160256616681115e-14,-3.3942283686256586e-20,-2123.0938338936835
0.0004245,424.5,11.577272539402639,11.585082664811651,-1.3331577461158466,3.4161315232506635e-14,-3.394224491216537e-20,-2124.917335188349
0.00042475,424.75,11.575452666612387,11.58325863349241,-1.3322849207584442,3.41623724622556e-14,-3.394212858989173e-20,-2126.741366507592
0.000425,425.0,11.573632260378474,11.581434072055469,-1.331413128118904,3.4163428308485835e-14,-3.3942270761559515e-20,-2128.565927944532
0.00042525,425.25,11.57181132061359,11.57960898040794,-1.3305423659826674,3.416448277372665e-14,-3.394229661095366e-20,-2130.391019592061
0.0004255,425.5,11.569989847230655,11.577783358457182,-1.3296726321456482,3.416553586050485e-14,-3.3942180288680017e-20,-2132.2166415428187
0.00042575,425.75,11.56816784014283,11.575957206110859,-1.3288039243877097,3.41665875713549e-14,-3.3942154439285875e-20,-2134.0427938891416
0.000426,426.0,11.566345299263519,11.574130523276882,-1.3279362404996475,3.416763790880772e-14,-3.39422319874683e-20,-2135.8694767231186
0.00042625,426.25,11.56452222450636,11.572303309863397,-1.3270695782912554,3.4168686875365926e-14,-3.3942270761559515e-20,-2137.696690136603
0.0004265,426.5,11.56269861578523,11.57047556577878,-1.3262039355840194,3.416973447352971e-14,-3.3942257836862444e-20,-2139.5244342212213
0.00042675,426.75,11.56087447301425,11.568647290931711,-1.3253393101831812,3.41707807058069e-14,-3.394212858989173e-20,-2141.35270906829
0.000427,427.0,11.559049796107766,11.56681848523111,-1.3244756999050906,3.417182557470191e-14,-3.3942257836862444e-20,-2143.1815147688912
0.00042725,427.25,11.557224584980375,11.564989148586116,-1.3236131025858242,3.4172869082691015e-14,-3.394230953565073e-20,-2145.010851413884
0.0004275,427.5,11.555398839546903,11.563159280906117,-1.3227515160718524,3.4173911232248145e-14,-3.3942257836862444e-20,-2146.8407190938847
0.00042775,427.75,11.553572559722413,11.561328882100854,-1.321890938190212,3.417495202585488e-14,-3.3942154439285875e-20,-2148.6711178991472
0.000428,428.0,11.55174574542221,11.559497952080251,-1.3210313667828952,3.4175991465989453e-14,-3.394229661095366e-20,-2150.50204791975
0.00042825,428.25,11.54991839656183,11.557666490754452,-1.3201727997112263,3.417702955510218e-14,-3.394233538504487e-20,-2152.333509245549
0.0004285,428.5,11.548090513057046,11.55583449803384,-1.3193152348467219,3.4178066295641055e-14,-3.3942257836862444e-20,-2154.1655019661594
0.00042875,428.75,11.546262094823868,11.55400197382912,-1.3184586700442893,3.4179101690061804e-14,-3.3942154439285875e-20,-2155.998026170881
0.000429,429.0,11.544433141778534,11.552168918051208,-1.3176031031700852,3.418013574081683e-14,-3.3942283686256586e-20,-2157.8310819487924
0.00042925,429.25,11.542603653837533,11.550335330611261,-1.3167485321093366,3.418116845033082e-14,-3.394230953565073e-20,-2159.664669388739
0.0004295,429.5,11.540773630917569,11.548501211420659,-1.3158949547572714,3.4182199821026236e-14,-3.3942257836862444e-20,-2161.4987885793416
0.00042975,429.75,11.538943072935595,11.546666560391156,-1.3150423689906157,3.418322985533325e-14,-3.394212858989173e-20,-2163.333439608845
0.00043,430.0,11.537111979808788,11.54483137743467,-1.3141907727004207,3.418425855567882e-14,-3.394234830974194e-20,-2165.16862256533
0.00043025,430.25,11.53528035145457,11.542995662463355,-1.3133401637953148,3.418528592446234e-14,-3.394236123443901e-20,-2167.0043375366467
0.0004305,430.5,11.533448187790585,11.541159415389602,-1.3124905401952696,3.4186311964081054e-14,-3.394229661095366e-20,-2168.8405846103983
0.00043075,430.75,11.531615488734717,11.539322636126032,-1.3116418998071127,3.418733667693994e-14,-3.3942141514588803e-20,-2170.6773638739683
0.000431,431.0,11.529782254205076,11.537485324585578,-1.3107942405437953,3.4188360065440874e-14,-3.394219321337709e-20,-2172.5146754144225
0.00043125,431.25,11.527948484120014,11.535647480681405,-1.3099475603366713,3.4189382131958293e-14,-3.3942270761559515e-20,-2174.3525193185965
0.0004315,431.5,11.52611417839811,11.533809104326888,-1.3091018571292226,3.4190402878864584e-14,-3.3942257836862444e-20,-2176.1908956731136
0.00043175,431.75,11.524279336958173,11.531970195435692,-1.3082571288488323,3.4191422308539883e-14,-3.394233538504487e-20,-2178.029804564309
0.000432,432.0,11.522443959719247,11.530130753921728,-1.3074133734332,3.419244042336124e-14,-3.394236123443901e-20,-2179.869246078273
0.00043225,432.25,11.520608046600607,11.528290779699121,-1.3065705888382209,3.419345722567854e-14,-3.3942374159136084e-20,-2181.70922030088
0.0004325,432.5,11.518771597521754,11.526450272682228,-1.3057287730306946,3.419447271783962e-14,-3.3942374159136084e-20,-2183.549727317774
0.00043275,432.75,11.516934612402428,11.524609232785696,-1.3048879239614826,3.4195486902200086e-14,-3.394221906277123e-20,-2185.390767214304
0.000433,433.0,11.515097091162593,11.522767659924412,-1.3040480395914575,3.4196499781112576e-14,-3.394234830974194e-20,-2187.232340075589
0.00043325,433.25,11.513259033722445,11.520925554013482,-1.3032091178998524,3.4197511356902675e-14,-3.394246463201558e-20,-2189.074445986519
0.0004335,433.5,11.51142044000241,11.51908291496824,-1.3023711568767513,3.4198521631894034e-14,-3.394245170731851e-20,-2190.91708503176
0.00043375,433.75,11.509581309923147,11.517239742704312,-1.3015341544958037,3.419953060841807e-14,-3.39423224603478e-20,-2192.760257295688
0.000434,434.0,11.507741643405538,11.515396037137553,-1.3006981087408787,3.420053828880329e-14,-3.394233538504487e-20,-2194.603962862449
0.00043425,434.25,11.505901440370693,11.513551798184043,-1.2998630176139498,3.420154467535135e-14,-3.3942490481409724e-20,-2196.4482018159583
0.0004345,434.5,11.504060700739961,11.511707025760087,-1.299028879127548,3.420254977036201e-14,-3.394243878262144e-20,-2198.2929742399137
0.00043475,434.75,11.502219424434914,11.509861719782283,-1.2981956912784482,3.4203553576142826e-14,-3.394224491216537e-20,-2200.138280217718
0.000435,435.0,11.500377611377342,11.508015880167447,-1.2973634520737771,3.4204556094998513e-14,-3.3942257836862444e-20,-2201.9841198325544
0.00043525,435.25,11.498535261489279,11.506169506832617,-1.2965321595385892,3.420555732920711e-14,-3.394234830974194e-20,-2203.8304931673842
0.0004355,435.5,11.496692374692975,11.504322599695055,-1.2957018117075159,3.4206557281044807e-14,-3.394229661095366e-20,-2205.6774003049454
0.00043575,435.75,11.494848950910916,11.50247515867238,-1.2948724065967503,3.420755595279563e-14,-3.394242585792437e-20,-2207.524841327621
0.000436,436.0,11.49300499006581,11.50062718368237,-1.294043942236415,3.4208553346740796e-14,-3.394230953565073e-20,-2209.3728163176297
0.00043625,436.25,11.491160492080587,11.498778674643019,-1.2932164166741351,3.420954946513504e-14,-3.39424129332273e-20,-2211.221325356982
0.0004365,436.5,11.489315456878414,11.496929631472554,-1.292389827967077,3.42105443102313e-14,-3.3942400008530226e-20,-2213.0703685274475
0.00043675,436.75,11.487469884382676,11.495080054089492,-1.2915641741564101,3.421153788429036e-14,-3.394245170731851e-20,-2214.91994591051
0.000437,437.0,11.485623774516991,11.493229942412578,-1.290739453293351,3.42125301895703e-14,-3.3942400008530226e-20,-2216.7700575874237
0.00043725,437.25,11.483777127205194,11.491379296360767,-1.2899156634474036,3.421352122830283e-14,-3.3942400008530226e-20,-2218.6207036392334
0.0004375,437.5,11.481929942371352,11.489528115853233,-1.2890928026973414,3.4214511002717975e-14,-3.3942400008530226e-20,-2220.4718841467675
0.00043775,437.75,11.48008221993975,11.48767640080952,-1.288270869102997,3.4215499515053597e-14,-3.394233538504487e-20,-2222.323599190482
0.000438,438.0,11.478233959834903,11.48582415114931,-1.2874498607377436,3.421648676754488e-14,-3.39424129332273e-20,-2224.17584885069
0.00043825,438.25,11.476385161981552,11.48397136679253,-1.2866297756920146,3.4217472762400875e-14,-3.3942503406106795e-20,-2226.028633207471
0.0004385,438.5,11.474535826304663,11.482118047659315,-1.2858106120664468,3.4218457501828935e-14,-3.394236123443901e-20,-2227.881952340687
0.00043875,438.75,11.472685952729417,11.480264193670026,-1.2849923679486543,3.421944098804432e-14,-3.394233538504487e-20,-2229.7358063299757
0.000439,439.0,11.470835541181229,11.478409804745317,-1.2841750414319846,3.422042322325966e-14,-3.394245170731851e-20,-2231.590195254684
0.00043925,439.25,11.468984591585729,11.47655488080607,-1.2833586306277025,3.4221404209661607e-14,-3.3942490481409724e-20,-2233.44511919393
0.0004395,439.5,11.467133103868775,11.474699421773353,-1.2825431336572248,3.422238394943521e-14,-3.3942477556712653e-20,-2235.3005782266473
0.00043975,439.75,11.465281077956448,11.4728434275686,-1.281728548623219,3.422336244477338e-14,-3.394229661095366e-20,-2237.1565724314005
0.00044,440.0,11.463428513775048,11.470986898113381,-1.2809148736420546,3.422433969786649e-14,-3.394246463201558e-20,-2239.013101886619
0.00044025,440.25,11.4615754112511,11.469129833329493,-1.2801021068471479,3.422531571087908e-14,-3.3942503406106795e-20,-2240.8701666705074
0.0004405,440.5,11.45972177031135,11.467272233138955,-1.2792902463808846,3.422629048597415e-14,-3.3942490481409724e-20,-2242.7277668610454
0.00044075,440.75,11.45786759088277,11.465414097464073,-1.278479290370123,3.422726402532261e-14,-3.394242585792437e-20,-2244.5859025359273
0.000441,441.0,11.456012872892547,11.46355542622737,-1.277669236951577,3.4228236331092834e-14,-3.3942490481409724e-20,-2246.4445737726323
0.00044125,441.25,11.454157616268093,11.461696219351579,-1.2768600842788747,3.4229207405427584e-14,-3.394252925550094e-20,-2248.303780648422
0.0004415,441.5,11.452301820937036,11.45983647675965,-1.2760518305146171,3.4230177250468105e-14,-3.3942606803683364e-20,-2250.1635232403505
0.00044175,441.75,11.450445486827235,11.457976198374888,-1.2752444738034718,3.4231145868363537e-14,-3.394246463201558e-20,-2252.023801625113
0.000442,442.0,11.44858861386676,11.456115384120732,-1.27443801230382,3.4232113261260604e-14,-3.3942477556712653e-20,-2253.884615879269
0.00044225,442.25,11.4467312019839,11.454254033920826,-1.2736324441907487,3.4233079431280535e-14,-3.3942619728380436e-20,-2255.745966079175
0.0004425,442.5,11.444873251107174,11.452392147699051,-1.272827767647309,3.423404438054309e-14,-3.3942516330803866e-20,-2257.6078523009496
0.00044275,442.75,11.443014761165312,11.450529725379642,-1.2720239808383875,3.423500811117598e-14,-3.394246463201558e-20,-2259.470274620359
0.000443,443.0,11.441155732087266,11.448666766886976,-1.2712210819417025,3.423597062530451e-14,-3.394252925550094e-20,-2261.333233113025
0.00044325,443.25,11.43929616380221,11.446803272145656,-1.27041906915114,3.4236931925028683e-14,-3.3942477556712653e-20,-2263.196727854344
0.0004435,443.5,11.437436056239529,11.444939241080505,-1.2696179406704766,3.4237892012447047e-14,-3.3942490481409724e-20,-2265.0607589194965
0.00044375,443.75,11.435575409328832,11.443074673616549,-1.268817694690477,3.4238850889666146e-14,-3.3942516330803866e-20,-2266.9253263834516
0.000444,444.0,11.433714222999951,11.441209569679112,-1.2680183294073717,3.4239808558790175e-14,-3.3942516330803866e-20,-2268.7904303208898
0.00044425,444.25,11.43185249718293,11.43934392919373,-1.2672198430344677,3.424076502189816e-14,-3.3942516330803866e-20,-2270.6560708062707
0.0004445,444.5,11.429990231808029,11.437477752086128,-1.2664222337946738,3.4241720281067784e-14,-3.3942477556712653e-20,-2272.522247913873
0.00044475,444.75,11.42812742680573,11.435611038282383,-1.2656254998927676,3.4242674338384655e-14,-3.394236123443901e-20,-2274.3889617176173
0.000445,445.0,11.426264082106728,11.433743787708716,-1.26482963954656,3.4243627195932114e-14,-3.39424129332273e-20,-2276.256212291285
0.00044525,445.25,11.424400197641939,11.431876000291549,-1.2640346509901594,3.4244578855768506e-14,-3.3942477556712653e-20,-2278.1239997084513
0.0004455,445.5,11.422535773342497,11.430007675957537,-1.2632405324663185,3.4245529319950853e-14,-3.3942387083833155e-20,-2279.992324042464
0.00044575,445.75,11.420670809139748,11.428138814633606,-1.262447282202261,3.4246478590544154e-14,-3.3942374159136084e-20,-2281.861185366395
0.000446,446.0,11.418805304965254,11.4262694162469,-1.2616548984342213,3.424742666961116e-14,-3.3942593878986293e-20,-2283.7305837531017
0.00044625,446.25,11.416939260750802,11.42439948072478,-1.2608633794145343,3.4248373559189804e-14,-3.394268435186579e-20,-2285.600519275221
0.0004465,446.5,11.41507267642838,11.42252900799481,-1.2600727234050286,3.424931926131673e-14,-3.394256802959215e-20,-2287.470992005192
0.00044675,446.75,11.413205551930206,11.420657997984828,-1.2592829286523979,3.425026377803657e-14,-3.3942503406106795e-20,-2289.342002015173
0.000447,447.0,11.411337887188704,11.418786450622887,-1.2584939934121375,3.425120711139178e-14,-3.394252925550094e-20,-2291.213549377113
0.00044725,447.25,11.409469682136518,11.416914365837261,-1.2577059159556228,3.4252149263400123e-14,-3.394265850247165e-20,-2293.08563416274
0.0004475,447.5,11.407600936706503,11.415041743556415,-1.2569186945637487,3.425309023607813e-14,-3.3942516330803866e-20,-2294.9582564435864
0.00044775,447.75,11.405731650831731,11.413168583709094,-1.2561323275021157,3.425403003145034e-14,-3.394245170731851e-20,-2296.831416290906
0.000448,448.0,11.403861824445487,11.411294886224262,-1.2553468130450542,3.425496865153914e-14,-3.394258095428922e-20,-2298.70511377574
0.00044825,448.25,11.401991457481271,11.409420651031084,-1.2545621494828703,3.4255906098342413e-14,-3.394265850247165e-20,-2300.5793489689163
0.0004485,448.5,11.400120549872797,11.407545878058938,-1.2537783351152396,3.425684237385684e-14,-3.394258095428922e-20,-2302.454121941063
0.00044875,448.75,11.398249101553994,11.405670567237465,-1.2529953682264836,3.4257777480087097e-14,-3.394246463201558e-20,-2304.3294327625363
0.000449,449.0,11.396377112458998,11.403794718496531,-1.252213247109574,3.42587114190358e-14,-3.3942516330803866e-20,-2306.2052815034704
0.00044925,449.25,11.394504582522165,11.4019183317662,-1.2514319700734065,3.4259644192681174e-14,-3.394254218019801e-20,-2308.0816682337995
0.0004495,449.5,11.392631511678061,11.40004140697675,-1.2506515354361243,3.42605758030003e-14,-3.3942477556712653e-20,-2309.95859302325
0.00044975,449.75,11.390757899861466,11.398163944058718,-1.2498719415005646,3.426150625197829e-14,-3.3942503406106795e-20,-2311.8360559412836
0.00045,450.0,11.388883747007371,11.396285942942864,-1.249093186578347,3.4262435541598204e-14,-3.394245170731851e-20,-2313.714057057137
0.00045025,450.25,11.387009053050976,11.394407403560152,-1.2483152689964014,3.426336367381886e-14,-3.394252925550094e-20,-2315.5925964398493
0.0004505,450.5,11.385133817927699,11.392528325841745,-1.2475381870908115,3.4264290650598026e-14,-3.3942503406106795e-20,-2317.471674158256
0.00045075,450.75,11.383258041573164,11.39064870971908,-1.2467619391830462,3.426521647390144e-14,-3.394245170731851e-20,-2319.35129028092
0.000451,451.0,11.381381723923216,11.388768555123805,-1.2459865236028975,3.426614114569291e-14,-3.3942400008530226e-20,-2321.2314448761954
0.00045125,451.25,11.379504864913896,11.386887861987773,-1.2452119386954439,3.426706466791208e-14,-3.394246463201558e-20,-2323.112138012227
0.0004515,451.5,11.377627464481469,11.385006630243039,-1.2444381828150666,3.426798704249763e-14,-3.394254218019801e-20,-2324.9933697569627
0.00045175,451.75,11.375749522562403,11.383124859821924,-1.2436652543008757,3.426890827139621e-14,-3.394254218019801e-20,-2326.8751401780755
0.000452,452.0,11.373871039093384,11.381242550656966,-1.242893151500842,3.4269828356552565e-14,-3.394242585792437e-20,-2328.7574493430348
0.00045225,452.25,11.371992014011301,11.379359702680883,-1.2421218727787344,3.427074729988747e-14,-3.3942374159136084e-20,-2330.640297319117
0.0004525,452.5,11.370112447253252,11.377476315826605,-1.2413514165062638,3.427166510332072e-14,-3.394246463201558e-20,-2332.5236841733954
0.00045275,452.75,11.368232338756552,11.375592390027409,-1.2405817810375965,3.4272581768780146e-14,-3.394234830974194e-20,-2334.407609972593
0.000453,453.0,11.366351688458725,11.373707925216694,-1.2398129647393012,3.427349729819166e-14,-3.3942374159136084e-20,-2336.2920747833073
0.00045325,453.25,11.364470496297493,11.371822921328059,-1.239044965992766,3.427441169345739e-14,-3.39424129332273e-20,-2338.1770786719417
0.0004535,453.5,11.362588762210798,11.36993737829533,-1.2382777831873826,3.4275324956478515e-14,-3.3942400008530226e-20,-2340.062621704671
0.00045375,453.75,11.36070648613679,11.368051296052588,-1.237511414697875,3.4276237089164244e-14,-3.39423224603478e-20,-2341.948703947412
0.000454,454.0,11.358823668013825,11.366164674534131,-1.236745858907081,3.4277148093421934e-14,-3.3942477556712653e-20,-2343.8353254658696
0.00045425,454.25,11.356940307780464,11.364277513674459,-1.2359811142129564,3.42780579711353e-14,-3.394255510489508e-20,-2345.7224863255424
0.0004545,454.5,11.355056405375485,11.362389813408265,-1.235217179022437,3.4278966724187125e-14,-3.39424129332273e-20,-2347.6101865917362
0.00045475,454.75,11.353171960737864,11.360501573670517,-1.234454051727231,3.427987435446824e-14,-3.3942283686256586e-20,-2349.498426329485
0.000455,455.0,11.351286973806793,11.358612794396379,-1.2336917307267579,3.428078086386769e-14,-3.394236123443901e-20,-2351.387205603621
0.00045525,455.25,11.349401444521666,11.35672347552125,-1.2329302144356633,3.4281686254250986e-14,-3.394246463201558e-20,-2353.2765244787515
0.0004555,455.5,11.347515372822084,11.354833616980695,-1.2321695012783191,3.428259052748276e-14,-3.39424129332273e-20,-2355.166383019306
0.00045575,455.75,11.345628758647862,11.352943218710491,-1.2314095896662705,3.428349368543571e-14,-3.394220613807416e-20,-2357.0567812895088
0.000456,456.0,11.343741601939012,11.35105228064669,-1.2306504780154048,3.4284395729980767e-14,-3.394233538504487e-20,-2358.947719353312
0.00045625,456.25,11.341853902635759,11.349160802725548,-1.229892164756804,3.428529666296549e-14,-3.3942477556712653e-20,-2360.8391972744525
0.0004565,456.5,11.33996566067853,11.347268784883509,-1.2291346483310317,3.428619648623659e-14,-3.394245170731851e-20,-2362.731215116492
0.00045675,456.75,11.338076876007966,11.345376227057269,-1.2283779271640483,3.4287095201648856e-14,-3.394233538504487e-20,-2364.623772942732
0.000457,457.0,11.336187548564903,11.34348312918373,-1.2276219996897764,3.428799281105535e-14,-3.3942387083833155e-20,-2366.516870816271
0.00045725,457.25,11.33429767829039,11.341589491200004,-1.2268668643568075,3.428888931628588e-14,-3.3942516330803866e-20,-2368.410508799996
0.0004575,457.5,11.33240726512568,11.339695313043388,-1.2261125196224456,3.4289784719169486e-14,-3.3942477556712653e-20,-2370.304686956613
0.00045775,457.75,11.330516309012229,11.337800594651444,-1.2253589639291407,3.429067902154323e-14,-3.3942400008530226e-20,-2372.199405348557
0.000458,458.0,11.328624809891702,11.335905335961932,-1.2246061957276346,3.429157222524255e-14,-3.394243878262144e-20,-2374.094664038069
0.00045825,458.25,11.326732767705966,11.334009536912806,-1.2238542134838186,3.429246433207972e-14,-3.3942477556712653e-20,-2375.9904630871947
0.0004585,458.5,11.324840182397086,11.332113197442219,-1.2231030156711116,3.429335534386634e-14,-3.394242585792437e-20,-2377.886802557783
0.00045875,458.75,11.322947053907347,11.330216317488649,-1.222352600745534,3.429424526242198e-14,-3.3942400008530226e-20,-2379.783682511352
0.000459,459.0,11.321053382179224,11.32831889699072,-1.2216029671743567,3.429513408956465e-14,-3.3942374159136084e-20,-2381.6811030092817
0.00045925,459.25,11.319159167155403,11.326420935887242,-1.2208541134394002,3.4296021827089344e-14,-3.3942387083833155e-20,-2383.5790641127587
0.0004595,459.5,11.317264408778772,11.324522434117243,-1.2201060380309987,3.429690847679036e-14,-3.3942374159136084e-20,-2385.4775658827575
0.00045975,459.75,11.315369106992419,11.322623391619935,-1.2193587394267724,3.429779404047006e-14,-3.39423224603478e-20,-2387.3766083800656
0.00046,460.0,11.31347326173964,11.32072380833481,-1.218612216107891,3.4298678519929224e-14,-3.394242585792437e-20,-2389.2761916651907
0.00046025,460.25,11.311576872963931,11.318823684201586,-1.2178664665703989,3.429956191694578e-14,-3.3942490481409724e-20,-2391.1763157984137
0.0004605,460.5,11.309679940608993,11.316923019160134,-1.2171214893205113,3.430044423329699e-14,-3.39424129332273e-20,-2393.076980839867
0.00046075,460.75,11.307782464618732,11.31502181315052,-1.2163772828519517,3.4301325470768167e-14,-3.3942257836862444e-20,-2394.978186849481
0.000461,461.0,11.305884444937247,11.313120066113077,-1.2156338456624745,3.4302205631143096e-14,-3.394243878262144e-20,-2396.879933886923
0.00046125,461.25,11.303985881508849,11.311217777988364,-1.2148911762643018,3.430308471618284e-14,-3.39424129332273e-20,-2398.7822220116373
0.0004615,461.5,11.302086774278045,11.309314948717084,-1.214149273178788,3.4303962727647826e-14,-3.3942374159136084e-20,-2400.6850512829164
0.00046175,461.75,11.300187123189547,11.307411578240218,-1.21340813491303,3.4304839667306555e-14,-3.394219321337709e-20,-2402.588421759782
0.000462,462.0,11.298286928188261,11.305507666498933,-1.2126677599819518,3.4305715536926017e-14,-3.394220613807416e-20,-2404.492333501068
0.00046225,462.25,11.29638618921931,11.303603213434606,-1.2119281469139114,3.4306590338250615e-14,-3.3942180288680017e-20,-2406.396786565395
0.0004625,462.5,11.294484906228003,11.301698218988786,-1.2111892942456142,3.430746407302416e-14,-3.3942141514588803e-20,-2408.3017810112146
0.00046275,462.75,11.292583079159854,11.299792683103298,-1.210451200499961,3.4308336742998524e-14,-3.394221906277123e-20,-2410.207316896703
0.000463,463.0,11.290680707960584,11.297886605720153,-1.2097138642075156,3.430920834992413e-14,-3.394219321337709e-20,-2412.1133942798483
0.00046325,463.25,11.288777792576107,11.295979986781562,-1.2089772839119264,3.4310078895528916e-14,-3.394220613807416e-20,-2414.0200132184395
0.0004635,463.5,11.28687433295254,11.294072826229923,-1.208241458165265,3.4310948381540296e-14,-3.394212858989173e-20,-2415.927173770077
0.00046375,463.75,11.284970329036195,11.292165124007894,-1.2075063855057957,3.4311816809693714e-14,-3.3942180288680017e-20,-2417.8348759921064
0.000464,464.0,11.283065780773594,11.29025688005833,-1.2067720644787037,3.4312684181723213e-14,-3.394229661095366e-20,-2419.7431199416706
0.00046425,464.25,11.281160688111452,11.288348094324299,-1.2060384936425408,3.4313550499340496e-14,-3.3942387083833155e-20,-2421.6519056757015
0.0004645,464.5,11.279255050996682,11.28643876674904,-1.2053056715652004,3.431441576425676e-14,-3.394229661095366e-20,-2423.561233250961
0.00046475,464.75,11.277348869376402,11.284528897275981,-1.2045735968024032,3.431527997819122e-14,-3.394221906277123e-20,-2425.4711027240187
0.000465,465.0,11.275442143197923,11.282618485848817,-1.203842267913941,3.431614314286177e-14,-3.394233538504487e-20,-2427.3815141511836
0.00046525,465.25,11.27353487240876,11.280707532411437,-1.2031116834740487,3.431700525996406e-14,-3.394230953565073e-20,-2429.292467588564
0.0004655,465.5,11.271627056956623,11.278796036907902,-1.2023818420648509,3.4317866331193266e-14,-3.3942270761559515e-20,-2431.2039630920985
0.00046575,465.75,11.26971869678942,11.276883999282592,-1.201652742251681,3.4318726358252605e-14,-3.394233538504487e-20,-2433.116000717409
0.000466,466.0,11.267809791855262,11.27497141948002,-1.200924382611278,3.431958534284399e-14,-3.3942283686256586e-20,-2435.028580519981
0.00046625,466.25,11.26590034210245,11.27305829744487,-1.2001967617335227,3.4320443286647196e-14,-3.394242585792437e-20,-2436.941702555131
0.0004665,466.5,11.263990347479492,11.271144633122038,-1.1994698782153548,3.4321300191341594e-14,-3.3942374159136084e-20,-2438.8553668779623
0.00046675,466.75,11.262079807935084,11.269230426456682,-1.1987437306399387,3.432215605861459e-14,-3.394224491216537e-20,-2440.769573543319
0.000467,467.0,11.26016872341813,11.267315677394144,-1.19801831759715,3.43230108901523e-14,-3.394229661095366e-20,-2442.6843226058563
0.00046725,467.25,11.25825709387772,11.265400385879982,-1.1972936376901273,3.432386468761886e-14,-3.394233538504487e-20,-2444.5996141200194
0.0004675,467.5,11.256344919263148,11.263484551859916,-1.1965696895310953,3.4324717452678006e-14,-3.394229661095366e-20,-2446.515448140084
0.00046775,467.75,11.254432199523908,11.261568175279866,-1.1958464717200419,3.4325569187001516e-14,-3.394220613807416e-20,-2448.431824720136
0.000468,468.0,11.252518934609679,11.259651256086013,-1.195123982860578,3.432641989225993e-14,-3.394208981580052e-20,-2450.348743913988
0.00046825,468.25,11.250605124470345,11.257733794224732,-1.1944022215701315,3.4327269570101916e-14,-3.3942051041709305e-20,-2452.266205775269
0.0004685,468.5,11.248690769055987,11.25581578964257,-1.1936811864747257,3.432811822217578e-14,-3.3942141514588803e-20,-2454.1842103574313
0.00046875,468.75,11.24677586831688,11.253897242286325,-1.1929608761863633,3.432896585013786e-14,-3.394207689110345e-20,-2456.102757713676
0.000469,469.0,11.24486042220349,11.251978152102978,-1.1922412893243857,3.432981245564329e-14,-3.394211566519466e-20,-2458.0218478970223
0.00046925,469.25,11.242944430666482,11.250058519039712,-1.1915224245210536,3.4330658040325464e-14,-3.394220613807416e-20,-2459.9414809602886
0.0004695,469.5,11.241027893656721,11.248138343043887,-1.1908042804164505,3.433150260581744e-14,-3.394224491216537e-20,-2461.8616569561136
0.00046975,469.75,11.239110811125261,11.246217624063117,-1.1900868556369943,3.4332346153760316e-14,-3.3942154439285875e-20,-2463.782375936884
0.00047,470.0,11.237193183023356,11.244296362045196,-1.1893701488165052,3.4333188685794004e-14,-3.394236123443901e-20,-2465.703637954805
0.00047025,470.25,11.23527500930245,11.242374556938106,-1.1886541586021195,3.4334030203536814e-14,-3.39423224603478e-20,-2467.625443061894
0.0004705,470.5,11.233356289914184,11.240452208690012,-1.1879388836478724,3.433487070860674e-14,-3.39423224603478e-20,-2469.547791309988
0.00047075,470.75,11.231437024810393,11.238529317249405,-1.187224322591236,3.4335710202629814e-14,-3.3942257836862444e-20,-2471.470682750595
0.000471,471.0,11.229517213943105,11.23660588256489,-1.1865104740804682,3.4336548687230925e-14,-3.394230953565073e-20,-2473.394117435112
0.00047125,471.25,11.227596857264547,11.234681904585248,-1.1857973367770678,3.433738616401346e-14,-3.394242585792437e-20,-2475.3180954147538
0.0004715,471.5,11.225675954727134,11.232757383259466,-1.1850849093492566,3.4338222634580545e-14,-3.394229661095366e-20,-2477.242616740534
0.00047175,471.75,11.223754506283479,11.23083231853678,-1.184373190451004,3.4339058100543315e-14,-3.3942141514588803e-20,-2479.16768146322
0.000472,472.0,11.22183251188638,11.228906710366614,-1.183662178743432,3.433989256351183e-14,-3.3942283686256586e-20,-2481.093289633387
0.00047225,472.25,11.21990997148884,11.226980558698582,-1.182951872900707,3.434072602507473e-14,-3.394230953565073e-20,-2483.0194413014196
0.0004725,472.5,11.21798688504405,11.22505386348248,-1.182242271604495,3.434155848682046e-14,-3.394224491216537e-20,-2484.946136517521
0.00047275,472.75,11.216063252505393,11.223126624668346,-1.1815333735227396,3.434238995034544e-14,-3.3942180288680017e-20,-2486.873375331655
0.000473,473.0,11.214139073826445,11.221198842206418,-1.1808251773297889,3.4343220417245076e-14,-3.394212858989173e-20,-2488.801157793583
0.00047325,473.25,11.212214348960975,11.219270516047132,-1.1801176817127683,3.434404988909345e-14,-3.3942038117012234e-20,-2490.72948395287
0.0004735,473.5,11.210289077862942,11.217341646141088,-1.1794108853673837,3.434487836746446e-14,-3.3942063966406377e-20,-2492.6583538589125
0.00047375,473.75,11.2083632604865,11.215412232439071,-1.1787047869774565,3.434570585394002e-14,-3.39422319874683e-20,-2494.587767560929
0.000474,474.0,11.206436896786,11.21348227489213,-1.1779993852295223,3.4346532350101045e-14,-3.394236123443901e-20,-2496.517725107871
0.00047425,474.25,11.204509986715975,11.211551773451525,-1.1772946788234298,3.434735785750723e-14,-3.394233538504487e-20,-2498.448226548475
0.0004745,474.5,11.202582530231151,11.20962072806866,-1.1765906664682393,3.434818237771814e-14,-3.394233538504487e-20,-2500.3792719313406
0.00047475,474.75,11.20065452728645,11.207689138695116,-1.1758873468610946,3.434900591230133e-14,-3.3942283686256586e-20,-2502.3108613048853
0.000475,475.0,11.198725977836983,11.205757005282734,-1.1751847187023508,3.4349828462823374e-14,-3.394233538504487e-20,-2504.2429947172673
0.00047525,475.25,11.196796881838056,11.203824327783561,-1.174482780705526,3.4350650030829804e-14,-3.39422319874683e-20,-2506.1756722164396
0.0004755,475.5,11.194867239245157,11.20189110614979,-1.173781531592279,3.435147061786597e-14,-3.3942257836862444e-20,-2508.1088938502126
0.00047575,475.75,11.192937050013976,11.199957340333857,-1.1730809700705702,3.435229022548527e-14,-3.3942154439285875e-20,-2510.0426596661437
0.000476,476.0,11.191006314100377,11.198023030288391,-1.1723810948550204,3.435310885524012e-14,-3.394230953565073e-20,-2511.976969711609
0.00047625,476.25,11.189075031460437,11.196088175966208,-1.171681904673026,3.4353926508662005e-14,-3.394233538504487e-20,-2513.9118240337916
0.0004765,476.5,11.187143202050402,11.194152777320296,-1.170983398259364,3.4354743187282285e-14,-3.3942283686256586e-20,-2515.8472226797044
0.00047675,476.75,11.18521082582672,11.19221683430389,-1.170285574334837,3.435555889264033e-14,-3.39422319874683e-20,-2517.7831656961107
0.000477,477.0,11.183277902746024,11.190280346870399,-1.169588431627392,3.43563736262746e-14,-3.394236123443901e-20,-2519.7196531296017
0.00047725,477.25,11.18134443276514,11.188343314973414,-1.1688919688779669,3.4357187389702676e-14,-3.394236123443901e-20,-2521.6566850265863
0.0004775,477.5,11.179410415841081,11.186405738566714,-1.1681961848337354,3.4358000184442115e-14,-3.394234830974194e-20,-2523.594261433286
0.00047775,477.75,11.177475851931053,11.184467617604382,-1.1675010782258373,3.435881201201842e-14,-3.39422319874683e-20,-2525.53238239562
0.000478,478.0,11.175540740992439,11.182528952040599,-1.1668066477960546,3.435962287395622e-14,-3.394252925550094e-20,-2527.471047959402
0.00047825,478.25,11.173605082982824,11.180589741829735,-1.1661128922989668,3.4360432771759426e-14,-3.394264557777458e-20,-2529.410258170266
0.0004785,478.5,11.171668877859984,11.178649986926342,-1.1654198104945508,3.436124170693189e-14,-3.394245170731851e-20,-2531.3500130736597
0.00047875,478.75,11.169732125581866,11.176709687285294,-1.164727401126503,3.4362049680985447e-14,-3.39424129332273e-20,-2533.2903127147074
0.000479,479.0,11.167794826106622,11.174768842861576,-1.1640356629483757,3.436285669543108e-14,-3.394242585792437e-20,-2535.231157138424
0.00047925,479.25,11.165856979392586,11.172827453610363,-1.1633445947260705,3.436366275175915e-14,-3.394243878262144e-20,-2537.172546389638
0.0004795,479.5,11.16391858539828,11.170885519487012,-1.1626541952326384,3.436446785145998e-14,-3.394230953565073e-20,-2539.1144805129893
0.00047975,479.75,11.161979644082413,11.168943040447049,-1.1619644632296184,3.436527199603189e-14,-3.394229661095366e-20,-2541.056959552951
0.00048,480.0,11.160040155403882,11.167000016446266,-1.161275397481549,3.4366075186972394e-14,-3.394224491216537e-20,-2542.9999835537346
0.00048025,480.25,11.158100119321773,11.165056447440644,-1.1605869967653826,3.436687742575845e-14,-3.394221906277123e-20,-2544.943552559357
0.0004805,480.5,11.156159535795359,11.163112333386314,-1.1598992598659559,3.436767871386705e-14,-3.39423224603478e-20,-2546.8876666136866
0.00048075,480.75,11.154218404784102,11.16116767423965,-1.1592121855548856,3.436847905278315e-14,-3.3942374159136084e-20,-2548.8323257603515
0.000481,481.0,11.152276726247644,11.159222469957209,-1.158525772610131,3.436927844399091e-14,-3.394246463201558e-20,-2550.777530042793
0.00048125,481.25,11.15033450014582,11.157276720495725,-1.1578400198217678,3.437007688895409e-14,-3.3942490481409724e-20,-2552.7232795042755
0.0004815,481.5,11.148391726438652,11.155330425812108,-1.1571549259870224,3.437087438913646e-14,-3.394245170731851e-20,-2554.6695741878916
0.00048175,481.75,11.146448405086339,11.153383585863516,-1.156470489889452,3.437167094600978e-14,-3.39424129332273e-20,-2556.6164141364857
0.000482,482.0,11.144504536049286,11.151436200607277,-1.1557867103185604,3.437246656104505e-14,-3.3942503406106795e-20,-2558.5637993927244
0.00048225,482.25,11.14256011928806,11.149488270000921,-1.1551035860761727,3.4373261235692936e-14,-3.394265850247165e-20,-2560.5117299990798
0.0004825,482.5,11.140615154763431,11.147539794002148,-1.1544211159719955,3.4374054971404176e-14,-3.394245170731851e-20,-2562.460205997854
0.00048275,482.75,11.138669642436346,11.145590772568804,-1.1537392988041413,3.437484776963749e-14,-3.394234830974194e-20,-2564.4092274311975
0.000483,483.0,11.136723582267948,11.143641205659018,-1.1530581333734917,3.437563963185085e-14,-3.3942400008530226e-20,-2566.358794340984
0.00048325,483.25,11.134776974219546,11.14169109323109,-1.1523776184935375,3.4376430559482015e-14,-3.3942516330803866e-20,-2568.3089067689116
0.0004835,483.5,11.132829818252658,11.13974043524348,-1.1516977529853982,3.4377220553968827e-14,-3.39424129332273e-20,-2570.25956475652
0.00048375,483.75,11.130882114328967,11.137789231654883,-1.151018535656705,3.4378009616757115e-14,-3.3942374159136084e-20,-2572.2107683451172
0.000484,484.0,11.128933862410358,11.135837482424174,-1.150339965321437,3.437879774929197e-14,-3.394233538504487e-20,-2574.1625175758277
0.00048425,484.25,11.126985062458884,11.133885187510405,-1.1496620408055596,3.4379584952998386e-14,-3.3942387083833155e-20,-2576.114812489596
0.0004845,484.5,11.125035714436795,11.131932346872802,-1.1489847609418764,3.438037122930148e-14,-3.394242585792437e-20,-2578.0676531272
0.00048475,484.75,11.12308581830652,11.129978960470828,-1.148308124549871,3.438115657963433e-14,-3.3942283686256586e-20,-2580.0210395291724
0.000485,485.0,11.121135374030674,11.12802502826413,-1.1476321304548507,3.4381941005429305e-14,-3.394233538504487e-20,-2581.974971735871
0.00048525,485.25,11.119184381572055,11.126070550212544,-1.1469567774938356,3.438272450809879e-14,-3.39424129332273e-20,-2583.929449787456
0.0004855,485.5,11.11723284089364,11.124115526276068,-1.146282064511614,3.4383507089055303e-14,-3.3942400008530226e-20,-2585.884473723933
0.00048575,485.75,11.115280751958606,11.122159956414865,-1.1456079903417986,3.4384288749719324e-14,-3.3942257836862444e-20,-2587.840043585136
0.000486,486.0,11.113328114730294,11.120203840589353,-1.1449345538205289,3.438506949151065e-14,-3.3942374159136084e-20,-2589.7961594106478
0.00048625,486.25,11.111374929172237,11.118247178760141,-1.144261753796231,3.438584931582922e-14,-3.3942387083833155e-20,-2591.7528212398606
0.0004865,486.5,11.109421195248155,11.116289970887976,-1.1435895891248908,3.4386628224075076e-14,-3.3942374159136084e-20,-2593.7100291120255
0.00048675,486.75,11.107466912921945,11.114332216933851,-1.1429180586489818,3.438740621765627e-14,-3.3942270761559515e-20,-2595.66778306615
0.000487,487.0,11.10551208215769,11.112373916858933,-1.1422471612171474,3.438818329798017e-14,-3.3942283686256586e-20,-2597.6260831410677
0.00048725,487.25,11.103556702919652,11.110415070624564,-1.1415768956899892,3.438895946643437e-14,-3.394234830974194e-20,-2599.584929375437
0.0004875,487.5,11.101600775172281,11.108455678192257,-1.1409072609347277,3.438973472440665e-14,-3.39424129332273e-20,-2601.544321807743
0.00048775,487.75,11.099644298880207,11.106495739523762,-1.1402382558052921,3.4390509073292715e-14,-3.394233538504487e-20,-2603.504260476239
0.000488,488.0,11.097687274008242,11.104535254581004,-1.1395698791616784,3.439128251448768e-14,-3.394229661095366e-20,-2605.4647454189976
0.00048825,488.25,11.09572970052138,11.102574223326082,-1.1389021298756787,3.4392055049366955e-14,-3.3942387083833155e-20,-2607.4257766739197
0.0004885,488.5,11.093771578384798,11.100612645721263,-1.138235006825712,3.439282667930614e-14,-3.394229661095366e-20,-2609.387354278737
0.00048875,488.75000000000006,11.09181290756385,11.098650521729056,-1.1375685088768974,3.43935974056888e-14,-3.394229661095366e-20,-2611.3494782709454
0.000489,488.99999999999994,11.08985368802408,11.096687851312131,-1.1369026349008802,3.4394367229897887e-14,-3.394242585792437e-20,-2613.312148687869
0.00048925,489.25,11.087893919731208,11.094724634433334,-1.1362373837810402,3.439513615329678e-14,-3.394245170731851e-20,-2615.2753655666675
0.0004895,489.5,11.085933602651139,11.092760871055674,-1.1355727544063783,3.4395904177249084e-14,-3.394242585792437e-20,-2617.2391289443262
0.00048975,489.74999999999994,11.08397273674995,11.090796561142476,-1.1349087456507378,3.4396671303126306e-14,-3.394230953565073e-20,-2619.2034388575244
0.00049,490.0,11.08201132199391,11.088831704657157,-1.1342453563975128,3.4397437532299425e-14,-3.394229661095366e-20,-2621.1682953428435
0.00049025,490.25,11.080049358349461,11.086866301563305,-1.1335825855411947,3.43982028661199e-14,-3.3942257836862444e-20,-2623.133698436696
0.0004905,490.50000000000006,11.078086845783233,11.08490035182469,-1.1329204319820505,3.439896730593945e-14,-3.3942283686256586e-20,-2625.0996481753104
0.00049075,490.75,11.07612378426203,11.082933855405326,-1.1322588946073506,3.439973085311771e-14,-3.3942270761559515e-20,-2627.0661445946744
0.000491,491.0,11.074160173752839,11.080966812269384,-1.1315979723102738,3.4400493509013783e-14,-3.3942387083833155e-20,-2629.0331877306157
0.00049125,491.25000000000006,11.072196014222826,11.078999222381228,-1.1309376639954072,3.440125527496739e-14,-3.394254218019801e-20,-2631.0007776187726
0.0004915,491.49999999999994,11.070231305639341,11.077031085705379,-1.1302779685738495,3.4402016152318464e-14,-3.394234830974194e-20,-2632.9689142946213
0.00049175,491.75,11.068266047969908,11.075062402206585,-1.1296188849436073,3.440277614241493e-14,-3.394236123443901e-20,-2634.9375977934146
0.000492,492.00000000000006,11.066300241182239,11.073093171849782,-1.1289604120086474,3.440353524660416e-14,-3.39424129332273e-20,-2636.9068281502177
0.00049225,492.24999999999994,11.064333885244213,11.07112339460007,-1.1283025486842186,3.440429346621421e-14,-3.394252925550094e-20,-2638.8766053999316
0.0004925,492.5,11.062366980123898,11.069153070422713,-1.1276452938919759,3.4405050802573444e-14,-3.3942503406106795e-20,-2640.8469295772884
0.00049275,492.75,11.060399525789542,11.067182199283211,-1.1269886465407186,3.4405807257018146e-14,-3.394245170731851e-20,-2642.8178007167903
0.000493,492.99999999999994,11.058431522209567,11.065210781147242,-1.126332605544502,3.44065628308841e-14,-3.394245170731851e-20,-2644.78921885276
0.00049325,493.25,11.056462969352578,11.063238815980663,-1.1256771698287629,3.440731752548789e-14,-3.394234830974194e-20,-2646.761184019337
0.0004935,493.5,11.054493867187356,11.061266303749498,-1.125022338326292,3.440807134214637e-14,-3.394230953565073e-20,-2648.7336962505024
0.00049375,493.75000000000006,11.05252421568286,11.059293244419916,-1.1243681099585867,3.440882428218435e-14,-3.394229661095366e-20,-2650.7067555800854
0.000494,494.0,11.050554014808228,11.05731963795834,-1.1237144836499295,3.440957634692615e-14,-3.39423224603478e-20,-2652.680362041661
0.00049425,494.25,11.04858326453278,11.055345484331363,-1.1230614583365444,3.4410327537676984e-14,-3.39424129332273e-20,-2654.654515668638
0.0004945,494.50000000000006,11.046611964826013,11.053370783505727,-1.122409032960702,3.441107785574239e-14,-3.3942257836862444e-20,-2656.6292164942743
0.00049475,494.74999999999994,11.044640115657598,11.051395535448473,-1.1217572064496575,3.441182730243582e-14,-3.3942257836862444e-20,-2658.604464551528
0.000495,495.0,11.042667716997386,11.049419740126739,-1.121105977740062,3.4412575879070235e-14,-3.394246463201558e-20,-2660.580259873262
0.00049525,495.25000000000006,11.040694768815412,11.047443397507827,-1.12045534577912,3.4413323586939634e-14,-3.394242585792437e-20,-2662.556602492174
0.0004955,495.49999999999994,11.038721271081876,11.04546650755923,-1.1198053095195168,3.441407042733832e-14,-3.3942387083833155e-20,-2664.533492440771
0.00049575,495.75,11.036747223767167,11.043489070248654,-1.1191558679015134,3.4414816401568513e-14,-3.3942387083833155e-20,-2666.510929751347
0.000496,496.0,11.03477262684184,11.041511085543991,-1.118507019871121,3.4415561510932004e-14,-3.394236123443901e-20,-2668.4889144560098
0.00049625,496.24999999999994,11.032797480276644,11.0395325534133,-1.1178587643847806,3.4416305756711664e-14,-3.394230953565073e-20,-2670.4674465867006
0.0004965,496.5,11.030821784042487,11.037553473824799,-1.1172111004053038,3.441704914019071e-14,-3.394234830974194e-20,-2672.4465261752025
0.00049675,496.75,11.028845538110467,11.035573846746933,-1.116564026883156,3.441779166266027e-14,-3.394234830974194e-20,-2674.426153253067
0.000497,497.00000000000006,11.02686874245185,11.03359367214833,-1.1159175427745918,3.441853332541105e-14,-3.3942477556712653e-20,-2676.4063278516714
0.00049725,497.24999999999994,11.024891397038086,11.031612949997777,-1.1152716470459658,3.4419274129714934e-14,-3.394233538504487e-20,-2678.387050002224
0.0004975,497.5,11.022913501840796,11.029631680264226,-1.1146263386699666,3.442001407684418e-14,-3.3942374159136084e-20,-2680.368319735776
0.00049775,497.75000000000006,11.020935056831775,11.027649862916858,-1.113981616607293,3.442075316807895e-14,-3.394233538504487e-20,-2682.3501370831427
0.000498,497.99999999999994,11.018956061983001,11.025667497925026,-1.113337479823853,3.4421491404698995e-14,-3.394245170731851e-20,-2684.3325020749744
0.00049825,498.25,11.016976517266626,11.023684585258271,-1.112693927295351,3.4422228787965336e-14,-3.394243878262144e-20,-2686.31541474173
0.0004985,498.5,11.014996422654976,11.02170112488628,-1.1120509580047848,3.4422965319139393e-14,-3.3942374159136084e-20,-2688.2988751137214
0.00049875,498.74999999999994,11.013015778120554,11.019717116778892,-1.1114085709251313,3.442370099949046e-14,-3.39423224603478e-20,-2690.282883221108
0.000499,499.0,11.011034583636038,11.017732560906204,-1.110766765031369,3.442443583028749e-14,-3.394246463201558e-20,-2692.267439093797
0.00049925,499.25,11.009052839174283,11.015747457238481,-1.1101255393090659,3.4425169812780755e-14,-3.3942477556712653e-20,-2694.2525427615205
0.0004995,499.50000000000006,11.007070544708311,11.013761805746135,-1.109484892750854,3.442590294822097e-14,-3.394245170731851e-20,-2696.238194253866
0.00049975,499.75,11.005087700211332,11.011775606399796,-1.1088448243368443,3.4426635237866685e-14,-3.394234830974194e-20,-2698.2243936002046
0.0005,500.0,11.003104305656729,11.00978885917027,-1.1082053330527404,3.442736668297615e-14,-3.39424129332273e-20,-2700.211140829731
0.00050025,500.25000000000006,11.001120361018044,11.007801564028528,-1.1075664178946767,3.4428097284789017e-14,-3.394243878262144e-20,-2702.198435971474
0.0005005,500.49999999999994,10.999135866269016,11.005813720945705,-1.1069280778648611,3.44288270445454e-14,-3.394243878262144e-20,-2704.186279054297
0.00050075,500.75,10.997150821383542,11.00382532989315,-1.106290311953207,3.4429555963493255e-14,-3.39424129332273e-20,-2706.17467010685
0.000501,501.00000000000006,10.9951652263357,11.0018363908424,-1.105653119154862,3.443028404288023e-14,-3.3942490481409724e-20,-2708.163609157601
0.00050125,501.24999999999994,10.993179081099749,10.999846903765143,-1.1050164984758606,3.44310112839355e-14,-3.394243878262144e-20,-2710.1530962348584
0.0005015,501.5,10.991192385650104,10.997856868633232,-1.1043804489283497,3.443173768788868e-14,-3.394252925550094e-20,-2712.14313136677
0.00050175,501.75,10.989205139961372,10.995866285418742,-1.1037449695113652,3.443246325597724e-14,-3.394233538504487e-20,-2714.1337145812586
0.000502,501.99999999999994,10.987217344008325,10.993875154093931,-1.1031100592290735,3.443318798943837e-14,-3.3942400008530226e-20,-2716.12484590607
0.00050225,502.25,10.98522899776591,10.991883474631226,-1.1024757170964885,3.443391188949085e-14,-3.3942516330803866e-20,-2718.1165253687745
0.0005025,502.5,10.983240101209248,10.989891247003207,-1.1018419421352865,3.4434634957353936e-14,-3.394233538504487e-20,-2720.1087529967945
0.00050275,502.75000000000006,10.98125065431363,10.9878984711826,-1.1012087333566976,3.4435357194254725e-14,-3.394236123443901e-20,-2722.1015288174003
0.000503,503.0,10.979260657054532,10.985905147142388,-1.1005760897741401,3.4436078601420065e-14,-3.3942477556712653e-20,-2724.0948528576137
0.00050325,503.25,10.97727010940759,10.983911274855718,-1.0999440104112603,3.4436799180058466e-14,-3.394255510489508e-20,-2726.0887251442823
0.0005035,503.50000000000006,10.975279011348615,10.981916854295887,-1.0993124942983676,3.443751893137894e-14,-3.3942387083833155e-20,-2728.0831457041145
0.00050375,503.74999999999994,10.973287362853597,10.979921885436399,-1.0986815404540815,3.443823785659833e-14,-3.3942257836862444e-20,-2730.0781145636024
0.000504,504.0,10.971295163898693,10.977926368250932,-1.0980511479023212,3.4438955956933245e-14,-3.394243878262144e-20,-2732.0736317490696
0.00050425,504.25000000000006,10.969302414460241,10.975930302713332,-1.0974213156766561,3.443967323358203e-14,-3.3942516330803866e-20,-2734.0696972866685
0.0005045,504.49999999999994,10.967309114514741,10.973933688797608,-1.0967920428167708,3.4440389687743574e-14,-3.3942400008530226e-20,-2736.0663112023926
0.00050475,504.75,10.965315264038871,10.971936526477979,-1.096163328350342,3.444110532062458e-14,-3.394229661095366e-20,-2738.0634735220215
0.000505,505.0,10.96332086300948,10.969938815728835,-1.0955351713103163,3.444182013343153e-14,-3.3942400008530226e-20,-2740.0611842711664
0.00050525,505.24999999999994,10.96132591140359,10.967940556524734,-1.0949075707396285,3.444253412735272e-14,-3.394246463201558e-20,-2742.0594434752666
0.0005055,505.5,10.959330409198396,10.96594174884039,-1.094280525687162,3.4443247303577044e-14,-3.394242585792437e-20,-2744.058251159611
0.00050575,505.75,10.957334356371257,10.963942392650738,-1.0936540351896236,3.444395966330115e-14,-3.394236123443901e-20,-2746.057607349262
0.000506,506.00000000000006,10.95533775289972,10.961942487930873,-1.0930280982892624,3.444467120772151e-14,-3.394220613807416e-20,-2748.0575120691274
0.00050625,506.25,10.95334059876148,10.95994203465605,-1.0924027140388637,3.4445381938016516e-14,-3.3942270761559515e-20,-2750.0579653439513
0.0005065,506.5,10.951342893934427,10.957941032801678,-1.0917778814961574,3.444609185536513e-14,-3.394236123443901e-20,-2752.0589671983234
0.00050675,506.75000000000006,10.949344638396608,10.95593948234347,-1.091153599704266,3.444680096095408e-14,-3.394229661095366e-20,-2754.0605176565305
0.000507,506.99999999999994,10.947345832126244,10.95393738325722,-1.0905298677150237,3.444750925596994e-14,-3.3942387083833155e-20,-2756.0626167427813
0.00050725,507.25,10.94534647510173,10.95193473551888,-1.089906684590372,3.4448216741581303e-14,-3.39423224603478e-20,-2758.0652644811225
0.0005075,507.50000000000006,10.943346567301628,10.949931539104577,-1.0892840493971243,3.4448923418957286e-14,-3.394236123443901e-20,-2760.0684608954243
0.00050775,507.74999999999994,10.94134610870467,10.947927793990665,-1.0886619611899133,3.4449629289274844e-14,-3.3942400008530226e-20,-2762.0722060093362
0.000508,508.0,10.939345099289769,10.945923500153652,-1.08804041902852,3.445033435371075e-14,-3.394254218019801e-20,-2764.0764998463483
0.00050825,508.25,10.937343539035995,10.943918657570222,-1.0874194219828932,3.445103861342387e-14,-3.394252925550094e-20,-2766.0813424297794
0.0005085,508.49999999999994,10.935341427922596,10.941913266217208,-1.0867989691286912,3.4451742069573666e-14,-3.394245170731851e-20,-2768.086733782794
0.00050875,508.75,10.933338765928987,10.939907326071655,-1.0861790595293157,3.4452444723327355e-14,-3.394246463201558e-20,-2770.0926739283464
0.000509,509.0,10.931335553034751,10.937900837110787,-1.0855596922534223,3.445314657585203e-14,-3.394254218019801e-20,-2772.099162889214
0.00050925,509.25000000000006,10.929331789219653,10.935893799311984,-1.084940866379565,3.445384762829697e-14,-3.394246463201558e-20,-2774.106200688017
0.0005095,509.49999999999994,10.92732747446361,10.933886212652782,-1.0843225809919153,3.445454788181202e-14,-3.3942503406106795e-20,-2776.113787347219
0.00050975,509.75,10.925322608746722,10.93187807711093,-1.0837048351628185,3.445524733755484e-14,-3.3942490481409724e-20,-2778.1219228890714
0.00051,510.00000000000006,10.923317192049254,10.92986939266435,-1.08308762796977,3.445594599668292e-14,-3.3942516330803866e-20,-2780.13060733565
0.00051025,510.24999999999994,10.921311224351642,10.927860159291122,-1.082470958499793,3.4456643860336036e-14,-3.3942503406106795e-20,-2782.139840708879
0.0005105,510.5,10.919304705634488,10.925850376969478,-1.0818548258456209,3.4457340929654577e-14,-3.394242585792437e-20,-2784.1496230305224
0.00051075,510.75,10.917297635878565,10.92384004567787,-1.0812392290882655,3.445803720578667e-14,-3.394245170731851e-20,-2786.15995432213
0.000511,510.99999999999994,10.915290015064818,10.921829165394923,-1.0806241673137635,3.445873268988038e-14,-3.394234830974194e-20,-2788.1708346050777
0.00051125,511.25,10.913281843174353,10.919817736099404,-1.0800096396177248,3.4459427383066054e-14,-3.39424129332273e-20,-2790.1822639005973
0.0005115,511.5,10.911273120188454,10.917805757770251,-1.0793956451014481,3.4460121286474714e-14,-3.394229661095366e-20,-2792.1942422297493
0.00051175,511.75000000000006,10.909263846088566,10.915793230386608,-1.0787821828543687,3.44608144012451e-14,-3.394243878262144e-20,-2794.206769613393
0.000512,512.0,10.90725402085631,10.913780153927789,-1.0781692519712542,3.446150672851588e-14,-3.39424129332273e-20,-2796.219846072213
0.00051225,512.25,10.905243644473469,10.911766528373246,-1.0775568515568776,3.446219826940815e-14,-3.394242585792437e-20,-2798.233471626756
0.0005125,512.5,10.903232716921996,10.909752353702599,-1.0769449807207252,3.446288902504363e-14,-3.394245170731851e-20,-2800.247646297402
0.00051275,512.75,10.90122123818402,10.907737629895758,-1.0763336385581443,3.446357899655179e-14,-3.394234830974194e-20,-2802.2623701042426
0.000513,513.0,10.89920920824182,10.90572235693271,-1.0757228241730277,3.446426818506203e-14,-3.3942400008530226e-20,-2804.2776430672916
0.00051325,513.25,10.897196627077857,10.903706534793583,-1.075112536679553,3.446495659168622e-14,-3.394233538504487e-20,-2806.293465206417
0.0005135,513.5,10.895183494674763,10.901690163458689,-1.0745027751957232,3.4465644217536945e-14,-3.394234830974194e-20,-2808.309836541312
0.00051375,513.75,10.893169811015325,10.89967324290863,-1.0738935388249315,3.446633106373446e-14,-3.39424129332273e-20,-2810.326757091371
0.000514,514.0,10.891155576082504,10.89765577312409,-1.0732848266792803,3.4467017131399006e-14,-3.3942490481409724e-20,-2812.3442268759118
0.00051425,514.25,10.88914078985943,10.8956377540859,-1.0726766378801718,3.4467702421633375e-14,-3.3942606803683364e-20,-2814.3622459141006
0.0005145,514.5,10.887125452329402,10.893619185775076,-1.0720689715534646,3.446838693554104e-14,-3.394246463201558e-20,-2816.3808142249245
0.00051475,514.75,10.885109563475876,10.891600068172842,-1.0714618268139742,3.446907067423321e-14,-3.3942374159136084e-20,-2818.39993182716
0.000515,515.0,10.883093123282485,10.889580401260574,-1.070855202781789,3.4469753638821035e-14,-3.3942374159136084e-20,-2820.419598739428
0.00051525,515.25,10.881076131733026,10.887560185019804,-1.0702490985858644,3.4470435830398327e-14,-3.3942257836862444e-20,-2822.439814980196
0.0005155,515.5,10.879058588811462,10.885539419432229,-1.0696435133599749,3.447111725005957e-14,-3.3942283686256586e-20,-2824.4605805677716
0.00051575,515.75,10.877040494501921,10.883518104479819,-1.0690384462245541,3.4471797898906984e-14,-3.39423224603478e-20,-2826.4818955201818
0.000516,516.0,10.875021848788702,10.88149624014465,-1.0684338963077658,3.447247777804276e-14,-3.394233538504487e-20,-2828.503759855352
0.00051625,516.25,10.873002651656265,10.879473826408937,-1.0678298627465588,3.447315688855179e-14,-3.3942400008530226e-20,-2830.526173591065
0.0005165,516.5,10.870982903089239,10.87745086325508,-1.0672263446835453,3.44738352315197e-14,-3.3942374159136084e-20,-2832.549136744922
0.00051675,516.75,10.868962603072426,10.875427350665607,-1.0666233412516755,3.4474512808039804e-14,-3.39423224603478e-20,-2834.5726493343936
0.000517,517.0,10.866941751590781,10.873403288623294,-1.0660208515857348,3.4475189619205415e-14,-3.39424129332273e-20,-2836.5967113767074
0.00051725,517.25,10.864920348629433,10.871378677111073,-1.0654188748293476,3.447586566609264e-14,-3.394256802959215e-20,-2838.6213228889283
0.0005175,517.5,10.862898394173678,10.869353516112021,-1.0648174101322374,3.447654094977832e-14,-3.394243878262144e-20,-2840.64648388798
0.00051775,517.75,10.860875888208971,10.867327805609413,-1.0642164566335477,3.447721547134696e-14,-3.39423224603478e-20,-2842.6721943905877
0.000518,518.0,10.858852830720936,10.86530154558669,-1.0636160134773822,3.44778892318831e-14,-3.394234830974194e-20,-2844.698454413311
0.00051825,518.25,10.856829221695367,10.863274736027432,-1.0630160798166228,3.447856223245414e-14,-3.3942374159136084e-20,-2846.7252639725693
0.0005185,518.5,10.854805061118219,10.861247376915383,-1.062416654808973,3.447923447412822e-14,-3.394236123443901e-20,-2848.752623084618
0.00051875,518.75,10.852780348975609,10.859219468234572,-1.061817737598517,3.4479905957981166e-14,-3.3942400008530226e-20,-2850.780531765428
0.000519,519.0,10.850755085253823,10.857191009969107,-1.0612193273373232,3.448057668508882e-14,-3.3942387083833155e-20,-2852.8089900308937
0.00051925,519.25,10.848729269939314,10.855162002103246,-1.0606214231867586,3.448124665650997e-14,-3.3942400008530226e-20,-2854.8379978967555
0.0005195,519.5,10.846702903018697,10.853132444621416,-1.060024024312721,3.4481915873304146e-14,-3.394245170731851e-20,-2856.8675553785847
0.00051975,519.75,10.84467598447875,10.851102337508262,-1.0594271298692195,3.4482584336538573e-14,-3.394246463201558e-20,-2858.897662491738
0.00052,520.0,10.842648514306424,10.84907168074859,-1.058830739014677,3.4483252047280495e-14,-3.3942490481409724e-20,-2860.9283192514104
0.00052025,520.25,10.840620492488819,10.847040474327372,-1.0582348509168418,3.448391900658019e-14,-3.3942632653077507e-20,-2862.959525672629
0.0005205,520.5,10.838591919013215,10.845008718229725,-1.05763946474945,3.448458521548867e-14,-3.394256802959215e-20,-2864.991281770276
0.00052075,520.75,10.83656279386705,10.842976412440901,-1.0570445796766894,3.448525067506465e-14,-3.3942400008530226e-20,-2867.0235875590993
0.000521,521.0,10.834533117037921,10.840943556946389,-1.0564501948642293,3.448591538636686e-14,-3.3942477556712653e-20,-2869.056443053613
0.00052125,521.25,10.8325028885136,10.838910151731842,-1.055856309486985,3.448657935043716e-14,-3.394243878262144e-20,-2871.0898482681587
0.0005215,521.5,10.830472108282017,10.83687619678305,-1.0552629227258086,3.448724256831816e-14,-3.394246463201558e-20,-2873.1238032169504
0.00052175,521.75,10.828440776331263,10.834841692086002,-1.0546700337503288,3.4487905041060127e-14,-3.39424129332273e-20,-2875.158307913999
0.000522,522.0,10.826408892649596,10.83280663762685,-1.0540776417346662,3.44885667697134e-14,-3.394252925550094e-20,-2877.1933623731506
0.00052225,522.25,10.824376457225435,10.830771033391903,-1.0534857458621518,3.448922775531148e-14,-3.3942606803683364e-20,-2879.2289666080983
0.0005225,522.5,10.822343470047372,10.828734879367616,-1.052894345321374,3.4489887998888654e-14,-3.394256802959215e-20,-2881.265120632384
0.00052275,522.75,10.820309931104145,10.826698175540658,-1.0523034392891528,3.449054750148686e-14,-3.3942503406106795e-20,-2883.3018244593422
0.000523,523.0,10.818275840384675,10.824660921897852,-1.051713026946698,3.4491206264148096e-14,-3.3942606803683364e-20,-2885.3390781021494
0.00052325,523.25,10.816241197878028,10.822623118426174,-1.051123107485221,3.449186428789763e-14,-3.394274897535115e-20,-2887.3768815738276
0.0005235,523.5,10.81420600357345,10.820584765112752,-1.0505336801009693,3.449252157376151e-14,-3.3942593878986293e-20,-2889.415234887248
0.00052375,523.75,10.812170257460332,10.818545861944925,-1.0499447439778844,3.4493178122773403e-14,-3.3942503406106795e-20,-2891.4541380550763
0.000524,524.0,10.810133959528244,10.816506408910186,-1.0493562983046014,3.4493833935967104e-14,-3.3942490481409724e-20,-2893.4935910898157
0.00052425,524.25,10.80809710976691,10.814466405996185,-1.0487683422795748,3.449448901435969e-14,-3.394243878262144e-20,-2895.5335940038162
0.0005245,524.5,10.806059708166217,10.81242585319072,-1.0481808751060353,3.4495143358969074e-14,-3.3942477556712653e-20,-2897.5741468092815
0.00052475,524.75,10.804021754716215,10.810384750481791,-1.0475938959756521,3.4495796970820765e-14,-3.394254218019801e-20,-2899.6152495182096
0.000525,525.0,10.80198324940712,10.808343097857561,-1.0470074040849016,3.449644985094039e-14,-3.3942490481409724e-20,-2901.65690214244
0.00052525,525.25,10.799944192229308,10.806300895306327,-1.046421398639934,3.449710200033697e-14,-3.394255510489508e-20,-2903.6991046936732
0.0005255,525.5,10.797904583173311,10.804258142816547,-1.045835878851041,3.449775342002035e-14,-3.394252925550094e-20,-2905.7418571834532
0.00052575,525.75,10.795864422229833,10.802214840376958,-1.045250843914692,3.449840411100795e-14,-3.3942516330803866e-20,-2907.785159623042
0.000526,526.0,10.793823709389734,10.800170987976372,-1.0446662930356232,3.449905407431734e-14,-3.3942606803683364e-20,-2909.8290120236293
0.00052625,526.25,10.791782444644037,10.798126585603729,-1.0440822254277913,3.449970331094956e-14,-3.394258095428922e-20,-2911.873414396271
0.0005265,526.5,10.789740627983928,10.796081633248157,-1.043498640308404,3.450035182190645e-14,-3.3942516330803866e-20,-2913.918366751844
0.00052675,526.75,10.78769825940075,10.794036130899052,-1.0429155368813985,3.450099960819747e-14,-3.3942477556712653e-20,-2915.963869100948
0.000527,527.0,10.78565533888601,10.79199007854589,-1.0423329143587594,3.4501646670832185e-14,-3.3942710201259934e-20,-2918.00992145411
0.00052725,527.25,10.78361186643138,10.789943476178282,-1.0417507719614654,3.450229301080374e-14,-3.394277482474529e-20,-2920.0565238217196
0.0005275,527.5,10.781567842028691,10.787896323786008,-1.041169108913896,3.4502938629106076e-14,-3.3942736050654076e-20,-2922.1036762139934
0.00052775,527.75,10.779523265669937,10.785848621359136,-1.0405879244269802,3.4503583526740744e-14,-3.3942632653077507e-20,-2924.1513786408636
0.000528,528.0,10.777478137347261,10.783800368887798,-1.0400072177199224,3.450422770470942e-14,-3.394265850247165e-20,-2926.1996311122025
0.00052825,528.25,10.775432457052988,10.78175156636227,-1.0394269880204943,3.450487116399742e-14,-3.3942593878986293e-20,-2928.2484336377292
0.0005285,528.5,10.77338622477958,10.779702213772994,-1.0388472345597406,3.450551390559087e-14,-3.3942632653077507e-20,-2930.2977862270063
0.00052875,528.75,10.771339440519682,10.777652311110698,-1.0382679565560131,3.45061559304835e-14,-3.3942606803683364e-20,-2932.3476888893033
0.000529,529.0,10.769292104266086,10.77560185836618,-1.0376891532352008,3.450679723966919e-14,-3.394267142716872e-20,-2934.3981416338206
0.00052925,529.25,10.767244216011743,10.77355085553039,-1.037110823831463,3.4507437834125476e-14,-3.394267142716872e-20,-2936.449144469611
0.0005295,529.5,10.765195775749772,10.77149930259444,-1.0365329675832993,3.450807771483078e-14,-3.394269727656286e-20,-2938.5006974055605
0.00052975,529.75,10.763146783473454,10.769447199549647,-1.0359555837180185,3.450871688277107e-14,-3.3942723125957005e-20,-2940.552800450354
0.00053,530.0,10.76109723917622,10.767394546387475,-1.0353786714678308,3.450935533893251e-14,-3.394264557777458e-20,-2942.605453612525
0.00053025,530.25,10.759047142851667,10.76534134309954,-1.0348022300734985,3.4509993084284976e-14,-3.3942710201259934e-20,-2944.658656900462
0.0005305,530.5,10.756996494493556,10.7632875896776,-1.0342262587797966,3.451063011979923e-14,-3.394269727656286e-20,-2946.712410322402
0.00053075,530.75,10.754945294095801,10.761233286113699,-1.0336507568189202,3.4511266446453585e-14,-3.394274897535115e-20,-2948.7667138863017
0.000531,531.0,10.752893541652476,10.759178432399956,-1.0330757234303027,3.451190206522656e-14,-3.394269727656286e-20,-2950.8215676000455
0.00053125,531.25,10.750841237157818,10.757123028528625,-1.0325011578620338,3.4512536977080436e-14,-3.394264557777458e-20,-2952.876971471377
0.0005315,531.5,10.748788380606225,10.755067074492134,-1.031927059366483,3.45131711829784e-14,-3.394268435186579e-20,-2954.932925507867
0.00053175,531.75,10.746734971992247,10.753010570283115,-1.0313534271842304,3.4513804683891204e-14,-3.3942632653077507e-20,-2956.9894297168858
0.000532,532.0,10.744681011310597,10.750953515894352,-1.0307802605604417,3.451443748078976e-14,-3.394274897535115e-20,-2959.046484105649
0.00053225,532.25,10.742626498556152,10.74889591131878,-1.0302075587491577,3.4515069574628875e-14,-3.39428135988365e-20,-2961.104088681221
0.0005325,532.5,10.740571433723943,10.746837756549477,-1.0296353210089657,3.4515700966364244e-14,-3.394269727656286e-20,-2963.1622434505234
0.00053275,532.75,10.73851581680916,10.74477905157973,-1.0290635465877385,3.4516331656959094e-14,-3.3942632653077507e-20,-2965.22094842027
0.000533,533.0,10.736459647807157,10.742719796402977,-1.0284922347375531,3.451696164737686e-14,-3.3942710201259934e-20,-2967.280203597025
0.00053325,533.25,10.734402926713438,10.740659991012798,-1.0279213847188877,3.451759093856493e-14,-3.39428135988365e-20,-2969.3400089872025
0.0005335,533.5,10.732345653523671,10.738599635402934,-1.027350995797092,3.451821953147157e-14,-3.3942710201259934e-20,-2971.400364597067
0.00053375,533.75,10.730287828233681,10.736538729567316,-1.026781067226491,3.451884742705257e-14,-3.3942710201259934e-20,-2973.4612704326846
0.000534,534.0,10.72822945083946,10.734477273500037,-1.0262115982658073,3.451947462626399e-14,-3.3942632653077507e-20,-2975.522726499965
0.00053425,534.25,10.726170521337142,10.732415267195325,-1.0256425881819917,3.452010113004582e-14,-3.394268435186579e-20,-2977.5847328046757
0.0005345,534.5,10.724111039723033,10.730352710647571,-1.025074036246708,3.4520726939339016e-14,-3.3942593878986293e-20,-2979.647289352429
0.00053475,534.75,10.722051005993592,10.728289603851358,-1.0245059417211133,3.452135205509202e-14,-3.394255510489508e-20,-2981.7103961486423
0.000535,535.0,10.71999042014543,10.726225946801422,-1.0239383038704217,3.452197647825353e-14,-3.394258095428922e-20,-2983.774053198579
0.00053525,535.25,10.717929282175328,10.724161739492647,-1.0233711219681882,3.452260020975629e-14,-3.394255510489508e-20,-2985.838260507353
0.0005355,535.5,10.715867592080222,10.722096981920073,-1.0228043952928216,3.452322325053398e-14,-3.3942619728380436e-20,-2987.9030180799273
0.00053575,535.75,10.713805349857196,10.720031674078923,-1.0222381231116089,3.4523845601527774e-14,-3.394254218019801e-20,-2989.9683259210774
0.000536,536.0,10.711742555503504,10.717965815964595,-1.0216723046957088,3.452446726367909e-14,-3.394267142716872e-20,-2992.0341840354067
0.00053625,536.25,10.709679209016548,10.715899407572628,-1.0211069393247134,3.452508823791348e-14,-3.3942839448230645e-20,-2994.100592427372
0.0005365,536.5,10.707615310393894,10.71383244889872,-1.0205420262836296,3.452570852515744e-14,-3.394264557777458e-20,-2996.1675511012804
0.00053675,536.75,10.70555085963326,10.711764939938675,-1.0199775648485296,3.452632812634494e-14,-3.394255510489508e-20,-2998.2350600613263
0.000537,537.0,10.703485856732524,10.70969688068853,-1.0194135542967546,3.452694704241022e-14,-3.3942619728380436e-20,-3000.3031193114707
0.00053725,537.25,10.701420301689726,10.707628271144474,-1.0188499939145939,3.4527565274271704e-14,-3.3942723125957005e-20,-3002.3717288555263
0.0005375,537.5,10.699354194503055,10.70555911130282,-1.0182868829928688,3.452818282284878e-14,-3.3942710201259934e-20,-3004.4408886971805
0.00053775,537.75,10.69728753517086,10.70348940116016,-1.0177242208094084,3.452879968906828e-14,-3.3942606803683364e-20,-3006.5105988398404
0.000538,538.0,10.695220323691645,10.701419140713154,-1.0171620066494969,3.4529415873857326e-14,-3.394267142716872e-20,-3008.5808592868466
0.00053825,538.25,10.693152560064078,10.6993483299586,-1.0166002398064662,3.45300313781273e-14,-3.394267142716872e-20,-3010.6516700414004
0.0005385,538.5,10.691084244286975,10.697276968893465,-1.016038919577442,3.453064620279053e-14,-3.394267142716872e-20,-3012.723031106535
0.00053875,538.75,10.689015376359313,10.695205057514913,-1.015478045249075,3.45312603487668e-14,-3.394264557777458e-20,-3014.794942485087
0.000539,539.0,10.686945956280223,10.693132595820252,-1.0149176161124371,3.4531873816976213e-14,-3.394277482474529e-20,-3016.8674041797494
0.00053925,539.25,10.684875984048993,10.691059583806933,-1.0143576314668001,3.453248660832315e-14,-3.3942826523533574e-20,-3018.940416193068
0.0005395,539.5,10.682805459665074,10.688986021472555,-1.0137980906152937,3.453309872371298e-14,-3.3942723125957005e-20,-3021.013978527446
0.00053975,539.75,10.68073438312806,10.68691190881499,-1.0132389928484211,3.45337101640585e-14,-3.394269727656286e-20,-3023.0880911850113
0.00054,540.0,10.678662754437708,10.68483724583217,-1.0126803374643842,3.453432093027283e-14,-3.394280067413943e-20,-3025.16275416783
0.00054025,540.25,10.676590573593938,10.68276203252217,-1.012122123769277,3.4534931023253456e-14,-3.3942826523533574e-20,-3027.2379674778304
0.0005405,540.5,10.674517840596813,10.680686268883221,-1.0115643510722094,3.453554044389885e-14,-3.3942723125957005e-20,-3029.31373111678
0.00054075,540.75,10.67244455544656,10.678609954913837,-1.0110070186700144,3.453614919311489e-14,-3.394265850247165e-20,-3031.390045086165
0.000541,541.0,10.670370718143557,10.67653309061259,-1.0104501258670462,3.45367572718078e-14,-3.3942632653077507e-20,-3033.466909387411
0.00054125,541.25,10.668296328688344,10.674455675978187,-1.009893671975473,3.453736468086824e-14,-3.394265850247165e-20,-3035.5443240218137
0.0005415,541.5,10.66622138708161,10.6723777110095,-1.0093376563105523,3.453797142118782e-14,-3.3942632653077507e-20,-3037.6222889905007
0.00054175,541.75,10.664145893324198,10.670299195705681,-1.0087820781750785,3.4538577493665615e-14,-3.394265850247165e-20,-3039.7008042943203
0.000542,542.0,10.662069847417118,10.668220130065947,-1.008226936879129,3.4539182899201e-14,-3.394267142716872e-20,-3041.7798699340547
0.00054225,542.25,10.659993249361523,10.66614051408965,-1.0076722317403128,3.4539787638677854e-14,-3.3942593878986293e-20,-3043.8594859103514
0.0005425,542.5,10.657916099158726,10.664060347776315,-1.0071179620800288,3.454039171298105e-14,-3.394264557777458e-20,-3045.939652223686
0.00054275,542.75,10.65583839681019,10.661979631125654,-1.0065641272094918,3.454099512300288e-14,-3.394265850247165e-20,-3048.0203688743477
0.000543,543.0,10.653760142317548,10.659898364137534,-1.0060107264439881,3.454159786963596e-14,-3.394254218019801e-20,-3050.1016358624656
0.00054325,543.25,10.651681335682564,10.657816546811969,-1.0054577591061988,3.454219995375747e-14,-3.394252925550094e-20,-3052.183453188032
0.0005435,543.5,10.649601976907181,10.655734179149112,-1.0049052245233872,3.4542801376245604e-14,-3.3942619728380436e-20,-3054.265820850889
0.00054375,543.75,10.647522065993478,10.653651261149312,-1.0043531220127797,3.454340213798592e-14,-3.394264557777458e-20,-3056.3487388506883
0.000544,544.0,10.6454416029437,10.651567792813076,-1.0038014508952264,3.454400223986437e-14,-3.3942710201259934e-20,-3058.4322071869256
0.00054425,544.25,10.643360587760242,10.649483774141062,-1.0032502104988081,3.454460168275149e-14,-3.394268435186579e-20,-3060.5162258589376
0.0005445,544.5,10.64127902044565,10.647399205134075,-1.0026994001570002,3.4545200467518846e-14,-3.394274897535115e-20,-3062.600794865926
0.00054475,544.75,10.63919690100263,10.645314085793018,-1.002149019195043,3.4545798595045374e-14,-3.3942619728380436e-20,-3064.6859142069834
0.000545,545.0,10.637114229434044,10.643228416119038,-1.001599066938937,3.4546396066210396e-14,-3.394254218019801e-20,-3066.7715838809627
0.00054525,545.25,10.635031005742897,10.641142196113437,-1.0010495427225659,3.4546992881877874e-14,-3.394255510489508e-20,-3068.857803886564
0.0005455,545.5,10.63294722993236,10.63905542577763,-1.0005004458850426,3.454758904291282e-14,-3.394265850247165e-20,-3070.9445742223697
0.00054575,545.75,10.63086290200575,10.636968105113235,-0.9999517757550791,3.454818455018762e-14,-3.394265850247165e-20,-3073.0318948867657
0.000546,546.0,10.628778021966545,10.634880234122004,-0.9994035316653932,3.4548779404575e-14,-3.394269727656286e-20,-3075.119765877996
0.00054625,546.25,10.626692589818369,10.63279181280585,-0.9988557129563026,3.454937360693246e-14,-3.39428135988365e-20,-3077.208187194151
0.0005465,546.5,10.624606605565,10.630702841166821,-0.9983083189724995,3.4549967158118505e-14,-3.394274897535115e-20,-3079.29715883318
0.00054675,546.75,10.62252006921038,10.628613319207153,-0.9977613490486218,3.4550560058999004e-14,-3.394264557777458e-20,-3081.386680792847
0.000547,547.0,10.620432980758594,10.62652324692923,-0.9972148025234533,3.455115231044022e-14,-3.394258095428922e-20,-3083.4767530707704
0.00054725,547.25,10.618345340213876,10.624432624335572,-0.9966686787435957,3.455174391329319e-14,-3.394265850247165e-20,-3085.567375664429
0.0005475,547.5,10.61625714758063,10.622341451428841,-0.9961229770593149,3.455233486841001e-14,-3.394264557777458e-20,-3087.6585485711585
0.00054775,547.75,10.614168402863397,10.620249728211979,-0.9955776968085344,3.455292517665011e-14,-3.3942723125957005e-20,-3089.750271788021
0.000548,548.0,10.612079106066885,10.618157454687985,-0.995032837336004,3.455351483887332e-14,-3.3942619728380436e-20,-3091.842545312015
0.00054825,548.25,10.609989257195934,10.61606463086,-0.9944883979944433,3.4554103855924295e-14,-3.394274897535115e-20,-3093.935369140001
0.0005485,548.5,10.607898856255566,10.613971256731324,-0.9939443781401531,3.455469222864879e-14,-3.394269727656286e-20,-3096.0287432686773
0.00054875,548.75,10.60580790325093,10.611877332305449,-0.9934007771186912,3.455527995789985e-14,-3.3942619728380436e-20,-3098.122667694553
0.000549,549.0,10.603716398187343,10.609782857586008,-0.9928575942797986,3.455586704453093e-14,-3.394269727656286e-20,-3100.2171424139915
0.00054925,549.25,10.601624341070263,10.607687832576799,-0.9923148289806537,3.4556453489380415e-14,-3.3942723125957005e-20,-3102.312167423203
0.0005495,549.5,10.599531731905314,10.605592257281742,-0.9917724805825561,3.455703929328772e-14,-3.394278774944236e-20,-3104.407742718259
0.00054975,549.75,10.597438570698262,10.603496131704953,-0.9912305484373243,3.4557624457099606e-14,-3.3942710201259934e-20,-3106.5038682950476
0.00055,550.0,10.595344857455029,10.601399455850697,-0.9906890319004759,3.455820898166322e-14,-3.3942710201259934e-20,-3108.6005441493044
0.00055025,550.25,10.593250592181688,10.599302229723383,-0.9901479303345302,3.4558792867810694e-14,-3.3942826523533574e-20,-3110.697770276618
0.0005505,550.5,10.591155774884465,10.597204453327562,-0.989607243106531,3.455937611637523e-14,-3.394276190004822e-20,-3112.7955466724397
0.00055075,550.75,10.589060405569736,10.59510612666797,-0.9890669695734932,3.455995872819731e-14,-3.394268435186579e-20,-3114.8938733320315
0.000551,551.0,10.586964484244035,10.593007249749492,-0.9885271090962406,3.4560540704117873e-14,-3.394277482474529e-20,-3116.9927502505093
0.00055125,551.25,10.584868010914041,10.590907822577163,-0.9879876610429329,3.4561122044962856e-14,-3.394280067413943e-20,-3119.092177422838
0.0005515,551.5,10.582770985586588,10.588807845156149,-0.9874486247860204,3.456170275155929e-14,-3.3942826523533574e-20,-3121.1921548438513
0.00055175,551.75,10.580673408268662,10.586707317491816,-0.9869099996880012,3.4562282824741467e-14,-3.3942710201259934e-20,-3123.292682508184
0.000552,552.0,10.578575278967401,10.584606239589663,-0.986371785115044,3.456286226534415e-14,-3.394277482474529e-20,-3125.3937604103385
0.00055225,552.25,10.576476597690093,10.582504611455345,-0.9858339804408344,3.456344107418716e-14,-3.394280067413943e-20,-3127.4953885446566
0.0005525,552.5,10.574377364444173,10.58040243309465,-0.985296585043336,3.456401925209141e-14,-3.3942826523533574e-20,-3129.5975669053514
0.00055275,552.75,10.57227757923724,10.57829970451356,-0.9847595982902647,3.456459679988507e-14,-3.394269727656286e-20,-3131.7002954864415
0.000553,553.0,10.570177242077026,10.576196425718193,-0.9842230195532143,3.4565173718396785e-14,-3.394278774944236e-20,-3133.803574281808
0.00055325,553.25,10.568076352971435,10.574092596714825,-0.9836868482111154,3.4565750008440325e-14,-3.394287822232186e-20,-3135.9074032851754
0.0005535,553.5,10.565974911928508,10.571988217509865,-0.9831510836470287,3.4566325670830537e-14,-3.3942852372927716e-20,-3138.011782490136
0.00055375,553.75,10.563872918956442,10.569883288109907,-0.9826157252342826,3.456690070638954e-14,-3.394277482474529e-20,-3140.1167118900935
0.000554,554.0,10.561770374063578,10.567777808521695,-0.9820807723498726,3.456747511593992e-14,-3.3942852372927716e-20,-3142.222191478305
0.00055425,554.25,10.559667277258416,10.565671778752113,-0.9815462243779484,3.456804890028944e-14,-3.394286529762479e-20,-3144.328221247887
0.0005545,554.5,10.557563628549609,10.56356519880819,-0.9810120807069326,3.456862206024696e-14,-3.394277482474529e-20,-3146.434801191811
0.00055475,554.75,10.555459427945948,10.561458068697132,-0.9804783407153244,3.456919459662861e-14,-3.3942839448230645e-20,-3148.5419313028688
0.000555,555.0,10.553354675456388,10.559350388426306,-0.9799450037853996,3.456976651025095e-14,-3.394269727656286e-20,-3150.649611573694
0.00055525,555.25,10.551249371090025,10.557242158003211,-0.9794120693064862,3.457033780191582e-14,-3.394277482474529e-20,-3152.7578419967895
0.0005555,555.5,10.549143514856114,10.555133377435483,-0.9788795366720687,3.4570908472426145e-14,-3.394274897535115e-20,-3154.8666225645184
0.00055575,555.75,10.54703710676405,10.553024046730952,-0.9783474052660439,3.457147852259209e-14,-3.394274897535115e-20,-3156.975953269048
0.000556,556.0,10.544930146823384,10.550914165897593,-0.9778156744761368,3.4572047953224324e-14,-3.3942904071716e-20,-3159.0858341024073
0.00055625,556.25,10.542822635043823,10.548803734943522,-0.9772843436965722,3.4572616765118774e-14,-3.3942955770504285e-20,-3161.196265056479
0.0005565,556.5,10.540714571435213,10.54669275387699,-0.9767534123258022,3.457318495907249e-14,-3.394278774944236e-20,-3163.307246123012
0.00055675,556.75,10.538605956007556,10.544581222706435,-0.9762228797531263,3.457375253588975e-14,-3.394268435186579e-20,-3165.4187772935647
0.000557,557.0,10.536496788771002,10.542469141440451,-0.9756927453713125,3.457431949637533e-14,-3.394276190004822e-20,-3167.5308585595494
0.00055725,557.25,10.534387069735848,10.54035651008776,-0.9751630085798938,3.457488584131936e-14,-3.394276190004822e-20,-3169.6434899122405
0.0005575,557.5,10.532276798912552,10.538243328657227,-0.9746336687827563,3.4575451571513066e-14,-3.394276190004822e-20,-3171.756671342773
0.00055775,557.75,10.53016597631171,10.536129597157913,-0.9741047253739057,3.4576016687754894e-14,-3.394269727656286e-20,-3173.870402842088
0.000558,558.0,10.528054601944069,10.534015315599003,-0.9735761777509477,3.457658119084379e-14,-3.394286529762479e-20,-3175.9846844009976
0.00055825,558.25,10.52594267582053,10.531900483989846,-0.973048025318746,3.4577145081564134e-14,-3.394286529762479e-20,-3178.0995160101556
0.0005585,558.5,10.523830197952146,10.529785102339915,-0.972520267486226,3.457770836070135e-14,-3.394280067413943e-20,-3180.2148976600865
0.00055875,558.75,10.521717168350106,10.52766917065887,-0.9719929036524707,3.4578271029048167e-14,-3.394274897535115e-20,-3182.3308293411314
0.000559,559.0,10.519603587025761,10.525552688956518,-0.9714659332201568,3.457883308739774e-14,-3.394286529762479e-20,-3184.447311043483
0.00055925,559.25,10.517489453990608,10.523435657242816,-0.9709393555991293,3.4579394536528717e-14,-3.3942839448230645e-20,-3186.5643427571854
0.0005595,559.5,10.515374769256294,10.521318075527839,-0.9704131702032623,3.457995537722086e-14,-3.394277482474529e-20,-3188.6819244721623
0.00055975,559.75,10.513259532834606,10.519199943821866,-0.9698873764366934,3.458051561026115e-14,-3.3942723125957005e-20,-3190.8000561781355
0.00056,560.0,10.51114374473749,10.517081262135314,-0.9693619737070226,3.458107523643704e-14,-3.394277482474529e-20,-3192.918737864687
0.00056025,560.25,10.509027404977038,10.514962030478754,-0.9688369614282151,3.4581634256521535e-14,-3.394276190004822e-20,-3195.037969521247
0.0005605,560.5,10.506910513565492,10.512842248862896,-0.9683123390190229,3.458219267128874e-14,-3.394276190004822e-20,-3197.157751137106
0.00056075,560.75,10.50479307051524,10.510721917298538,-0.9677881058910787,3.458275048151996e-14,-3.394267142716872e-20,-3199.2780827014626
0.000561,561.0,10.502675075838818,10.50860103579673,-0.9672642614559878,3.458330768799701e-14,-3.394276190004822e-20,-3201.3989642032716
0.00056125,561.25,10.500556529548911,10.506479604368673,-0.9667408051320936,3.458386429148729e-14,-3.394276190004822e-20,-3203.520395631328
0.0005615,561.5,10.498437431658354,10.504357623025676,-0.9662177363434491,3.458442029275931e-14,-3.3942723125957005e-20,-3205.642376974324
0.00056175,561.75,10.496317782180135,10.502235091779154,-0.965695054506086,3.458497569258877e-14,-3.394269727656286e-20,-3207.7649082208472
0.000562,562.0,10.494197581127379,10.50011201064075,-0.9651727590362528,3.4585530491751905e-14,-3.3942904071716e-20,-3209.8879893592502
0.00056225,562.25,10.492076828513367,10.49798837962228,-0.9646508493573807,3.458608469101055e-14,-3.394303331868671e-20,-3212.011620377721
0.0005625,562.5,10.489955524351526,10.49586419873565,-0.9641293248982586,3.458663829112767e-14,-3.394292992111014e-20,-3214.1358012643514
0.00056275,562.75,10.487833668655432,10.493739467992883,-0.9636081850798875,3.458719129287343e-14,-3.3942710201259934e-20,-3216.260532007117
0.000563,563.0,10.485711261438807,10.491614187406228,-0.9630874293233078,3.458774369701849e-14,-3.3942852372927716e-20,-3218.3858125937736
0.00056325,563.25,10.483588302715525,10.489488356988101,-0.962567057056857,3.458829550431922e-14,-3.394286529762479e-20,-3220.5116430118997
0.0005635,563.5,10.481464792499597,10.487361976751016,-0.962047067714275,3.45888467155331e-14,-3.394274897535115e-20,-3222.638023248985
0.00056375,563.75,10.479340730805193,10.485235046707594,-0.9615274607211535,3.4589397331424765e-14,-3.3942736050654076e-20,-3224.764953292407
0.000564,564.0,10.47721611764663,10.483107566870682,-0.961008235503704,3.4589947352759435e-14,-3.3942839448230645e-20,-3226.892433129318
0.00056425,564.25,10.47509095303837,10.480979537253287,-0.9604893914954235,3.4590496780287994e-14,-3.39428135988365e-20,-3229.0204627467137
0.0005645,564.5,10.472965236995018,10.478850957868508,-0.9599709281342754,3.459104561476251e-14,-3.3942826523533574e-20,-3231.1490421314925
0.00056475,564.75,10.47083896953133,10.476721828729644,-0.9594528448488024,3.4591593856942187e-14,-3.394278774944236e-20,-3233.2781712703563
0.000565,565.0,10.468712150662212,10.474592149850132,-0.9589351410710331,3.4592141507586775e-14,-3.39428135988365e-20,-3235.40785014987
0.00056525,565.25,10.466584780402714,10.472461921243541,-0.9584178162396363,3.459268856744179e-14,-3.394286529762479e-20,-3237.538078756459
0.0005655,565.5,10.464456858768031,10.470331142923587,-0.9579008697972214,3.4593235037253905e-14,-3.3942839448230645e-20,-3239.668857076413
0.00056575,565.75,10.462328385773516,10.468199814904162,-0.9573843011770904,3.4593780917776935e-14,-3.3942710201259934e-20,-3241.8001850958385
0.000566,566.0,10.460199361434649,10.466067937199302,-0.9568681098159691,3.459432620976525e-14,-3.394280067413943e-20,-3243.9320628006985
0.00056625,566.25,10.458069785767076,10.46393550982318,-0.9563522951571856,3.459487091395902e-14,-3.394276190004822e-20,-3246.0644901768205
0.0005665,566.5,10.455939658786582,10.461802532790108,-0.9558368566480046,3.45954150310996e-14,-3.39428135988365e-20,-3248.197467209893
0.00056675,566.75,10.453808980509095,10.459669006114575,-0.9553217937263551,3.4595958561935474e-14,-3.394274897535115e-20,-3250.330993885425
0.000567,567.0,10.4516777509507,10.457534929811214,-0.9548071058338274,3.459650150721564e-14,-3.394278774944236e-20,-3252.465070188788
0.00056725,567.25,10.44954597012762,10.455400303894775,-0.9542927924190031,3.4597043867675015e-14,-3.394292992111014e-20,-3254.599696105225
0.0005675,567.5,10.447413638056226,10.453265128380163,-0.9537788529336015,3.4597585644049676e-14,-3.394287822232186e-20,-3256.734871619837
0.00056775,567.75,10.445280754753034,10.451129403282536,-0.953265286817921,3.459812683708279e-14,-3.3942839448230645e-20,-3258.8705967174656
0.000568,568.0,10.443147320234715,10.448993128617106,-0.9527520935187683,3.4598667447518115e-14,-3.3942852372927716e-20,-3261.006871382894
0.00056825,568.25,10.441013334518074,10.446856304399228,-0.9522392724893112,3.459920747608529e-14,-3.394280067413943e-20,-3263.1436956007733
0.0005685,568.5,10.438878797620072,10.444718930644399,-0.9517268231858009,3.459974692351518e-14,-3.394280067413943e-20,-3265.281069355602
0.00056875,568.75,10.436743709557806,10.442581007368306,-0.951214745055527,3.4600285790545715e-14,-3.394287822232186e-20,-3267.418992631695
0.000569,569.0,10.434608070348537,10.440442534586776,-0.9507030375491752,3.46008240779154e-14,-3.394289114701893e-20,-3269.5574654132242
0.00056925,569.25,10.432471880009647,10.438303512315775,-0.9501917001235589,3.4601361786348724e-14,-3.39429945445955e-20,-3271.6964876842258
0.0005695,569.5,10.430335138558684,10.4361639405714,-0.9496807322394348,3.460189891657135e-14,-3.394298161989843e-20,-3273.8360594286
0.00056975,569.75,10.428197846013335,10.434023819369934,-0.9491701333486089,3.460243546931603e-14,-3.394292992111014e-20,-3275.976180630067
0.00057,570.0,10.426060002391434,10.431883148727799,-0.9486599029061261,3.460297144531607e-14,-3.394309794217207e-20,-3278.116851272202
0.00057025,570.25,10.423921607710955,10.429741928661551,-0.9481500403734492,3.460350684529085e-14,-3.394309794217207e-20,-3280.2580713384496
0.0005705,570.5,10.421782661990022,10.427600159187884,-0.9476405452159596,3.4604041669960884e-14,-3.394302039398964e-20,-3282.399840812117
0.00057075,570.75,10.41964316524691,10.425457840323672,-0.947131416889707,3.460457592005378e-14,-3.3942904071716e-20,-3284.5421596763294
0.000571,571.0,10.41750311750003,10.423314972085935,-0.9466226548537531,3.460510959629773e-14,-3.394292992111014e-20,-3286.6850279140667
0.00057125,571.25,10.415362518767937,10.42117155449184,-0.9461142585735909,3.460564269940701e-14,-3.3943046243383783e-20,-3288.8284455081607
0.0005715,571.5,10.413221369069344,10.419027587558686,-0.9456062275192205,3.4606175230097055e-14,-3.3942968695201356e-20,-3290.972412441314
0.00057175,571.75,10.411079668423099,10.416883071303864,-0.9450985611532658,3.4606707189090385e-14,-3.394278774944236e-20,-3293.1169286961367
0.000572,572.0,10.408937416848197,10.414738005744995,-0.9445912589387678,3.460723857711012e-14,-3.394287822232186e-20,-3295.2619942550054
0.00057225,572.25,10.40679461436378,10.412592390899848,-0.9440843203452925,3.4607769394865463e-14,-3.394303331868671e-20,-3297.407609100153
0.0005725,572.5,10.404651260989137,10.410446226786293,-0.9435777448468395,3.4608299643066864e-14,-3.3942852372927716e-20,-3299.553773213707
0.00057275,572.75,10.402507356743692,10.408299513422396,-0.9430715319084465,3.460882932243176e-14,-3.394278774944236e-20,-3301.700486577605
0.000573,573.0,10.400362901647021,10.406152250826349,-0.9425656809983057,3.460935843367825e-14,-3.394286529762479e-20,-3303.8477491736526
0.00057325,573.25,10.39821789571885,10.404004439016486,-0.9420601915911095,3.460988697751056e-14,-3.3942968695201356e-20,-3305.9955609835156
0.0005735,573.5,10.396072338979037,10.40185607801127,-0.9415550631653542,3.461041495463411e-14,-3.394298161989843e-20,-3308.1439219887297
0.00057375,573.75,10.393926231447598,10.399707167829355,-0.941050295190171,3.4610942365761396e-14,-3.394286529762479e-20,-3310.2928321706454
0.000574,574.0,10.391779573144683,10.397557708489519,-0.9405458871380818,3.461146921160549e-14,-3.3942852372927716e-20,-3312.4422915104824
0.00057425,574.25,10.389632364090593,10.395407700010688,-0.9400418384880094,3.461199549286568e-14,-3.3942852372927716e-20,-3314.5922999893123
0.0005745,574.5,10.38748460430577,10.393257142411919,-0.9395381487225061,3.461252121024248e-14,-3.394286529762479e-20,-3316.742857588082
0.00057475,574.75,10.385336293810802,10.391106035712445,-0.9390348173152706,3.461304636444339e-14,-3.394286529762479e-20,-3318.893964287556
0.000575,575.0,10.383187432626418,10.388954379931636,-0.9385318437431622,3.4613570956176566e-14,-3.394286529762479e-20,-3321.045620068364
0.00057525,575.25,10.381038020773497,10.386802175089008,-0.938029227489305,3.461409498613639e-14,-3.39429945445955e-20,-3323.1978249109934
0.0005755,575.5,10.378888058273056,10.3846494212042,-0.9375269680405971,3.4614618455018484e-14,-3.394291699641307e-20,-3325.3505787958006
0.00057575,575.75,10.37673754514626,10.382496118297032,-0.9370250648748257,3.4615141363525456e-14,-3.3942942845807214e-20,-3327.5038817029676
0.000576,576.0,10.374586481414413,10.380342266387467,-0.9365235174730149,3.461566371236056e-14,-3.394302039398964e-20,-3329.657733612534
0.00057625,576.25,10.372434867098974,10.378187865495601,-0.9360223253225566,3.4616185502213327e-14,-3.394314964096035e-20,-3331.812134504399
0.0005765,576.5,10.370282702221536,10.376032915641664,-0.9355214879144913,3.461670673377453e-14,-3.3943046243383783e-20,-3333.967084358336
0.00057675,576.75,10.368129986803833,10.373877416846064,-0.9350210047308597,3.461722740774193e-14,-3.394298161989843e-20,-3336.1225831539377
0.000577,577.0,10.365976720867755,10.371721369129338,-0.9345208752569183,3.4617747524813904e-14,-3.3943059168080854e-20,-3338.2786308706623
0.00057725,577.25,10.363822904435327,10.369564772512183,-0.934021098984167,3.46182670856752e-14,-3.3942942845807214e-20,-3340.4352274878183
0.0005775,577.5,10.361668537528717,10.367407627015396,-0.9335216754077604,3.46187860910118e-14,-3.3942942845807214e-20,-3342.5923729846045
0.00057775,577.75,10.359513620170237,10.365249932659978,-0.9330226040139505,3.461930454151663e-14,-3.394287822232186e-20,-3344.7500673400227
0.000578,578.0,10.357358152382346,10.363091689467053,-0.9325238842924225,3.4619822437883286e-14,-3.394291699641307e-20,-3346.908310532948
0.00057825,578.25,10.35520213418764,10.360932897457864,-0.9320255157393262,3.462033978079174e-14,-3.3943085017474997e-20,-3349.0671025421366
0.0005785,578.5,10.353045565608872,10.358773556653807,-0.931527497853731,3.462085657092322e-14,-3.394292992111014e-20,-3351.2264433461946
0.00057875,578.75,10.35088844666892,10.35661366707652,-0.9310298301238769,3.4621372808965884e-14,-3.394287822232186e-20,-3353.386332923482
0.000579,579.0,10.348730777390815,10.3544532287477,-0.9305325120444653,3.462188849560858e-14,-3.394292992111014e-20,-3355.5467712523023
0.00057925,579.25,10.34657255779773,10.35229224168915,-0.9300355431162811,3.4622403631526546e-14,-3.394298161989843e-20,-3357.70775831085
0.0005795,579.5,10.344413787912982,10.35013070592285,-0.9295389228422735,3.462291821739631e-14,-3.394292992111014e-20,-3359.8692940771525
0.00057975,579.75,10.34225446776003,10.347968621471015,-0.9290426507149632,3.462343225390131e-14,-3.3942942845807214e-20,-3362.031378528986
0.00058,580.0,10.340094597362476,10.345805988355943,-0.9285467262324957,3.462394574172566e-14,-3.3942904071716e-20,-3364.194011644058
0.00058025,580.25,10.33793417674406,10.343642806600048,-0.9280511488987377,3.462445868153995e-14,-3.3942826523533574e-20,-3366.3571933999524
0.0005805,580.5,10.335773205928673,10.341479076225905,-0.9275559182213035,3.4624971074016013e-14,-3.394280067413943e-20,-3368.5209237740964
0.00058075,580.75,10.333611684940337,10.339314797256172,-0.9270610337006704,3.4625482919832634e-14,-3.394292992111014e-20,-3370.685202743828
0.000581,581.0,10.331449613803237,10.337149969713748,-0.926566494837549,3.4625994219669245e-14,-3.394277482474529e-20,-3372.8500302862535
0.00058125,581.25,10.329286992541673,10.334984593621659,-0.9260723011390665,3.462650497419181e-14,-3.394287822232186e-20,-3375.0154063783425
0.0005815,581.5,10.327123821180113,10.332818669003048,-0.9255784521165498,3.4627015184067535e-14,-3.3942839448230645e-20,-3377.181330996952
0.00058175,581.75,10.324960099743146,10.330652195881232,-0.9250849472724465,3.4627524849970574e-14,-3.394291699641307e-20,-3379.3478041187686
0.000582,582.0,10.322795828255524,10.32848517427966,-0.9245917861125394,3.462803397257573e-14,-3.394277482474529e-20,-3381.514825720341
0.00058225,582.25,10.320631006742126,10.326317604221902,-0.9240989681491532,3.462854255254438e-14,-3.394286529762479e-20,-3383.682395778098
0.0005825,582.5,10.318465635227975,10.324149485731667,-0.9236064928974022,3.4629050590539154e-14,-3.3942839448230645e-20,-3385.850514268335
0.00058275,582.75,10.316299713738239,10.32198081883292,-0.9231143598615303,3.462955808722961e-14,-3.394292992111014e-20,-3388.019181167082
0.000583,583.0,10.314133242298233,10.319811603549685,-0.9226225685518725,3.4630065043285966e-14,-3.394280067413943e-20,-3390.188396450316
0.00058325,583.25,10.311966220933403,10.3176418399061,-0.9221311184846902,3.463057145936505e-14,-3.3942736050654076e-20,-3392.358160093901
0.0005835,583.5,10.309798649669345,10.31547152792646,-0.9216400091789964,3.4631077336124956e-14,-3.394287822232186e-20,-3394.5284720735413
0.00058375,583.75,10.307630528531794,10.313300667635238,-0.9211492401452904,3.4631582674230687e-14,-3.394291699641307e-20,-3396.6993323647625
0.000584,584.0,10.305461857546625,10.311129259057052,-0.9206588108968,3.4632087474347915e-14,-3.394300746929257e-20,-3398.8707409429485
0.00058425,584.25,10.30329263673986,10.308957302216657,-0.9201687209523992,3.4632591737128985e-14,-3.3943072092777926e-20,-3401.042697783345
0.0005845,584.5,10.301122866137659,10.306784797138938,-0.9196789698352643,3.4633095463227483e-14,-3.394291699641307e-20,-3403.215202861063
0.00058475,584.75,10.298952545766323,10.304611743848868,-0.9191895570617266,3.46335986533039e-14,-3.394292992111014e-20,-3405.3882561511323
0.000585,585.0,10.296781675652294,10.30243814237165,-0.9187004821483253,3.463410130801942e-14,-3.3942852372927716e-20,-3407.5618576283514
0.00058525,585.25,10.294610255822155,10.30026399273262,-0.9182117446176392,3.46346034280219e-14,-3.394289114701893e-20,-3409.736007267381
0.0005855,585.5,10.292438286302636,10.298089294957231,-0.9177233439964109,3.4635105013960505e-14,-3.394286529762479e-20,-3411.9107050427706
0.00058575,585.75,10.290265767120601,10.2959140490711,-0.9172352798028051,3.463560606649125e-14,-3.394292992111014e-20,-3414.0859509289
0.000586,586.0,10.28809269830306,10.293738255099994,-0.9167475515580367,3.4636106586270846e-14,-3.394289114701893e-20,-3416.2617449000063
0.00058625,586.25,10.285919079877159,10.2915619130698,-0.9162601587891027,3.4636606573942754e-14,-3.3943072092777926e-20,-3418.4380869302004
0.0005865,586.5,10.283744911870198,10.28938502300654,-0.9157731010264888,3.463710603015169e-14,-3.39429945445955e-20,-3420.6149769934605
0.00058675,586.75,10.281570194309598,10.287207584936409,-0.9152863777922108,3.463760495554928e-14,-3.3942942845807214e-20,-3422.7924150635918
0.000587,587.0,10.279394927222937,10.285029598885737,-0.9147999886117268,3.463810335078778e-14,-3.3942904071716e-20,-3424.970401114263
0.00058725,587.25,10.277219110637922,10.282851064880969,-0.9143139330160941,3.4638601216506293e-14,-3.3942955770504285e-20,-3427.1489351190316
0.0005875,587.5,10.275042744582413,10.28067198294869,-0.9138282105391309,3.463909855334517e-14,-3.39429945445955e-20,-3429.3280170513112
0.00058775,587.75,10.272865829084402,10.278492353115741,-0.9133428207047999,3.463959536195163e-14,-3.3942904071716e-20,-3431.5076468842594
0.000588,588.0,10.270688364172024,10.276312175409016,-0.9128577630423794,3.4640091642973564e-14,-3.394292992111014e-20,-3433.687824590984
0.00058825,588.25,10.268510349873559,10.274131449855552,-0.9123730370865486,3.4640587397045734e-14,-3.39428135988365e-20,-3435.868550144448
0.0005885,588.5,10.266331786217416,10.27195017648252,-0.9118886423756514,3.464108262480415e-14,-3.3942826523533574e-20,-3438.049823517482
0.00058875,588.75,10.26415267323216,10.269768355317186,-0.9114045784409903,3.464157732689168e-14,-3.394280067413943e-20,-3440.231644682815
0.000589,589.0,10.26197301094648,10.267585986387035,-0.910920844814129,3.46420715039519e-14,-3.394286529762479e-20,-3442.414013612966
0.00058925,589.25,10.25979279938922,10.265403069719707,-0.9104374410326598,3.4642565156615254e-14,-3.3942723125957005e-20,-3444.5969302802937
0.0005895,589.5,10.257612038589356,10.263219605342938,-0.9099543666381411,3.464305828551347e-14,-3.394287822232186e-20,-3446.7803946570625
0.00058975,589.75,10.255430728576004,10.261035593284635,-0.9094716211638306,3.464355089128511e-14,-3.3942839448230645e-20,-3448.9644067153654
0.00059,590.0,10.253248869378421,10.25885103357284,-0.908989204145955,3.4644042974569436e-14,-3.3942968695201356e-20,-3451.1489664271603
0.00059025,590.25,10.25106646102601,10.256665926235739,-0.9085071151262324,3.464453453599265e-14,-3.3942968695201356e-20,-3453.3340737642616
0.0005905,590.5,10.24888350354831,10.254480271301633,-0.9080253536498307,3.464502557618221e-14,-3.394292992111014e-20,-3455.5197286983685
0.00059075,590.75,10.246699996974993,10.252294068799,-0.9075439192536754,3.4645516095772424e-14,-3.394292992111014e-20,-3457.7059312010015
0.000591,591.0,10.244515941335877,10.250107318756458,-0.9070628114772117,3.4646006095398277e-14,-3.3943059168080854e-20,-3459.892681243543
0.00059125,591.25,10.242331336660927,10.247920021202777,-0.9065820298654569,3.464649557568176e-14,-3.3942942845807214e-20,-3462.079978797224
0.0005915,591.5,10.240146182980233,10.245732176166834,-0.906101573967585,3.4646984537246124e-14,-3.3943046243383783e-20,-3464.267823833167
0.00059175,591.75,10.237960480324036,10.243543783677609,-0.905621443325928,3.464747298072142e-14,-3.3942955770504285e-20,-3466.456216322392
0.000592,592.0,10.235774228722711,10.241354843764281,-0.9051416374831289,3.464796090673845e-14,-3.394311086686914e-20,-3468.6451562357192
0.00059225,592.25,10.233587428206775,10.23916535645618,-0.9046621559883322,3.464844831591499e-14,-3.394321426444571e-20,-3470.8346435438207
0.0005925,592.5,10.231400078806882,10.236975321782738,-0.9041829983939126,3.464893520887014e-14,-3.3943162565657424e-20,-3473.0246782172626
0.00059275,592.75,10.229212180553832,10.234784739773634,-0.9037041642416571,3.464942158622975e-14,-3.3943072092777926e-20,-3475.2152602263664
0.000593,593.0,10.227023733478555,10.23259361045861,-0.9032256530791684,3.464990744862043e-14,-3.3943059168080854e-20,-3477.4063895413906
0.00059325,593.25,10.224834737612126,10.230401933867517,-0.9027474644598128,3.4650392796655824e-14,-3.394298161989843e-20,-3479.5980661324843
0.0005935,593.5,10.222645192985759,10.22820971003036,-0.9022695979394864,3.465087763095087e-14,-3.394298161989843e-20,-3481.790289969641
0.00059375,593.75,10.220455099630806,10.226016938977319,-0.901792053065818,3.4651361952127285e-14,-3.3943059168080854e-20,-3483.9830610226823
0.000594,594.0,10.218264457578755,10.223823620738704,-0.9013148293893594,3.4651845760807533e-14,-3.3943085017474997e-20,-3486.176379261296
0.00059425,594.25,10.21607326686124,10.221629755344967,-0.900837926466103,3.465232905760114e-14,-3.3943175490354495e-20,-3488.370244655033
0.0005945,594.5,10.213881527510031,10.219435342826678,-0.9003613438553792,3.465281184311895e-14,-3.394311086686914e-20,-3490.5646571733223
0.00059475,594.75,10.211689239557034,10.217240383214577,-0.8998850811084027,3.465329411797857e-14,-3.394298161989843e-20,-3492.759616785424
0.000595,595.0,10.209496403034292,10.215044876539546,-0.8994091377791962,3.4653775882798334e-14,-3.394300746929257e-20,-3494.955123460456
0.00059525,595.25,10.207303017974,10.212848822832589,-0.8989335134272766,3.465425713818372e-14,-3.3943072092777926e-20,-3497.1511771674122
0.0005955,595.5,10.205109084408477,10.21065222212484,-0.8984582076155244,3.465473788474149e-14,-3.3943072092777926e-20,-3499.347777875161
0.00059575,595.75,10.202914602370187,10.20845507444761,-0.8979832198985285,3.465521812308518e-14,-3.3943046243383783e-20,-3501.5449255523904
0.000596,596.0,10.20071957189173,10.206257379832337,-0.8975085498340009,3.4655697853829065e-14,-3.3943175490354495e-20,-3503.7426201676644
0.00059625,596.25,10.198523993005848,10.204059138310566,-0.8970341969854595,3.465617707757457e-14,-3.3943291812628135e-20,-3505.940861689435
0.0005965,596.5,10.196327865745422,10.20186034991399,-0.8965601609189888,3.465665579492445e-14,-3.3943201339748637e-20,-3508.139650086011
0.00059675,596.75,10.19413119014347,10.199661014674554,-0.8960864411906206,3.465713400648818e-14,-3.3943085017474997e-20,-3510.3389853254466
0.000597,597.0,10.19193396623314,10.197461132624243,-0.8956130373620076,3.4657611712875994e-14,-3.394303331868671e-20,-3512.5388673757575
0.00059725,597.25,10.189736194047732,10.195260703795169,-0.8951399490002256,3.465808891468534e-14,-3.394300746929257e-20,-3514.739296204832
0.0005975,597.5,10.187537873620677,10.193059728219588,-0.8946671756749438,3.465856561251496e-14,-3.3942968695201356e-20,-3516.940271780414
0.00059775,597.75,10.185339004985545,10.190858205929933,-0.8941947169476265,3.465904180697035e-14,-3.394314964096035e-20,-3519.141794070068
0.000598,598.0,10.183139588176044,10.188656136958771,-0.8937225723822334,3.465951749865772e-14,-3.3943291812628135e-20,-3521.34386304123
0.00059825,598.25,10.180939623226022,10.186453521338814,-0.8932507415480966,3.465999268817057e-14,-3.394338228550763e-20,-3523.546478661187
0.0005985,598.5,10.178739110169463,10.184250359102895,-0.892779224018493,3.466046737610368e-14,-3.394325303853692e-20,-3525.749640897105
0.00059875,598.75,10.176538049040488,10.182046650283926,-0.8923080193602155,3.4660941563058567e-14,-3.394312379156621e-20,-3527.953349716074
0.000599,599.0,10.174336439873354,10.179842394915049,-0.8918371271400771,3.46614152496375e-14,-3.394312379156621e-20,-3530.1576050849512
0.00059925,599.25,10.172134282702466,10.177637593029543,-0.8913665469306049,3.466188843643004e-14,-3.3943162565657424e-20,-3532.362406970459
0.0005995,599.5,10.169931577562357,10.175432244660785,-0.8908962783081723,3.4662361124027045e-14,-3.394311086686914e-20,-3534.5677553392165
0.00059975,599.75,10.167728324487696,10.173226349842324,-0.8904263208408979,3.4662833313026105e-14,-3.394321426444571e-20,-3536.7736501576765
0.0006,600.0,10.165524523513303,10.171019908607844,-0.889956674100942,3.4663305004022824e-14,-3.394303331868671e-20,-3538.9800913921563
