t_s,x1_um,x2_um,Vout_mV
0.49676637712925564,13.703456235557411,13.710428685288571,-0.011121142423518967
0.49676657712925565,13.703454947988313,13.710428115464271,-0.011120119318345074
0.49676677712925565,13.70345366072056,13.710427545605977,-0.011119191332274018
0.49676697712925566,13.703452373742529,13.710426975708494,-0.01111835892527237
0.49676717712925567,13.70345108704258,13.710426405766553,-0.011117622564391466
0.4967673771292556,13.703449800609073,13.71042583577483,-0.011116982723767557
0.4967675771292556,13.703448514430354,13.710425265727942,-0.01111643988462113
0.4967677771292556,13.703447228494761,13.710424695620446,-0.011115994535257977
0.49676797712925563,13.703445942790617,13.710424125447336,-0.011115646734555631
0.49676817712925564,13.70344465730624,13.710423555204109,-0.01111539585152716
0.49676837712925564,13.703443372029941,13.710422984885462,-0.011115242301012369
0.49676857712925565,13.703442086950016,13.710422414486104,-0.011115186527663934
0.49676877712925566,13.703440802054756,13.710421844000681,-0.01111522898440622
0.49676897712925566,13.703439517332443,13.71042127342379,-0.011115370132435265
0.49676917712925567,13.703438232771358,13.710420702749948,-0.011115610441218785
0.4967693771292556,13.70343694835977,13.710420131973626,-0.011115950388496072
0.4967695771292556,13.703435664085934,13.710419561089228,-0.011116390460278392
0.49676977712925563,13.703434379938102,13.710418990092162,-0.011116930168372154
0.49676997712925564,13.703433095904517,13.710418418977303,-0.011117569346913953
0.49677017712925564,13.70343181197342,13.710417847739278,-0.011118308432760808
0.49677037712925565,13.703430528133033,13.710417276372645,-0.011119147863342413
0.49677057712925565,13.703429244371597,13.710416704871916,-0.011120088085629953
0.49677077712925566,13.703427960677319,13.710416133231531,-0.011121129556136117
0.49677097712925566,13.703426677038415,13.710415561445872,-0.011122272740915078
0.49677117712925567,13.703425393443096,13.710414989509255,-0.011123518115562506
0.4967713771292556,13.70342410987956,13.710414417416162,-0.011124865976010772
0.4967715771292556,13.703422826335999,13.710413845161982,-0.011126315592394168
0.49677177712925563,13.703421542800607,13.710413272741219,-0.011127867250763781
0.49677197712925564,13.703420259261565,13.710412700148364,-0.011129521344201834
0.49677217712925564,13.703418975707057,13.710412127377845,-0.011131278293383673
0.49677237712925565,13.70341769212526,13.71041155442401,-0.011133138546577765
0.49677257712925565,13.703416408504344,13.710410981281123,-0.011135102579645702
0.49677277712925566,13.703415124832482,13.710410407943371,-0.01113717089604219
0.49677297712925567,13.70341384109783,13.71040983440527,-0.01113934365014852
0.4967731771292556,13.703412557288557,13.710409260661933,-0.011141620235847697
0.4967733771292556,13.703411273392812,13.71040868670774,-0.011144001001233646
0.49677357712925563,13.703409989398752,13.71040811253708,-0.011146486335499549
0.49677377712925563,13.703408705294526,13.71040753814425,-0.011149076656885627
0.49677397712925564,13.703407421068285,13.710406963523475,-0.011151772412678522
0.49677417712925565,13.703406136708173,13.710406388668899,-0.01115457407921129
0.49677437712925565,13.703404852202338,13.710405813574585,-0.011157482161863415
0.49677457712925566,13.703403567538915,13.710405238235214,-0.011160496514494887
0.49677477712925566,13.703402282706044,13.710404662645606,-0.01116361672244696
0.49677497712925567,13.703400997691864,13.710404086800036,-0.01116684317319908
0.4967751771292556,13.703399712484504,13.71040351069277,-0.011170176253378216
0.4967753771292556,13.70339842707211,13.710402934317989,-0.011173616380118902
0.49677557712925563,13.703397141442808,13.710402357669802,-0.011177164001057692
0.49677577712925564,13.703395855584732,13.710401780742218,-0.011180819594336823
0.49677597712925564,13.70339456948602,13.71040120352919,-0.011184583668565678
0.49677617712925565,13.703393283134801,13.710400626025663,-0.011188455683201369
0.49677637712925565,13.703391996519201,13.710400048226012,-0.011192435581066772
0.49677657712925566,13.703390709627355,13.71039947012447,-0.01119652371551524
0.49677677712925566,13.703389422447394,13.710398891715183,-0.01120072047198694
0.49677697712925567,13.703388134967451,13.710398312992222,-0.01120502626800883
0.4967771771292556,13.70338684717566,13.71039773394957,-0.01120944155319343
0.4967773771292556,13.703385559060155,13.710397154581125,-0.011213966809243758
0.49677757712925563,13.703384270609071,13.71039657488084,-0.011218602438529469
0.49677777712925564,13.703382981810545,13.710395994843644,-0.011223347738398934
0.49677797712925564,13.70338169265271,13.7103954144637,-0.011228202853816361
0.49677817712925565,13.703380403123706,13.710394833735137,-0.011233168136861978
0.49677837712925565,13.703379113211676,13.710394252651984,-0.011238243973315047
0.49677857712925566,13.703377822904766,13.710393671208195,-0.011243430782653845
0.49677877712925567,13.703376532191118,13.710393089397638,-0.011248729018055676
0.4967789771292556,13.703375241058884,13.710392507214092,-0.011254139166395342
0.4967791771292556,13.703373949496214,13.71039192465159,-0.011259661439467598
0.49677937712925563,13.703372657491256,13.710391341704936,-0.0112652951200585
0.49677957712925563,13.70337136503217,13.710390758368133,-0.01127104049021037
0.49677977712925564,13.703370072107118,13.710390174635195,-0.011276897902192185
0.49677997712925565,13.703368778704261,13.710389590500045,-0.011282867743596258
0.49678017712925565,13.70336748481177,13.710389005956516,-0.011288950437338212
0.49678037712925566,13.703366190417814,13.710388420998362,-0.011295146441657012
0.49678057712925566,13.703364895510575,13.710387835619247,-0.01130145625011495
0.49678077712925567,13.703363600078225,13.710387249813373,-0.011307879792361168
0.4967809771292556,13.703362304108953,13.710386663575282,-0.011314416495096794
0.4967811771292556,13.703361007590944,13.710386076898878,-0.01132106670807881
0.49678137712925563,13.703359710512396,13.710385489778055,-0.011327830785078047
0.49678157712925564,13.703358412861506,13.71038490220663,-0.011334709116892765
0.49678177712925564,13.703357114626478,13.710384314178327,-0.011341702131346873
0.49678197712925565,13.703355815795527,13.71038372568678,-0.011348810293289921
0.49678217712925565,13.703354516356868,13.710383136725534,-0.01135603410459711
0.49678237712925566,13.70335321629872,13.710382547289063,-0.011363373113179746
0.49678257712925566,13.703351915609312,13.710381957371506,-0.011370827061668382
0.49678277712925567,13.703350614276879,13.710381366966718,-0.011378396292707564
0.4967829771292556,13.703349312289662,13.710380776068488,-0.011386081162833047
0.4967831771292556,13.703348009635905,13.710380184670514,-0.011393882067445588
0.49678337712925563,13.703346706303867,13.71037959276641,-0.011401799440798138
0.49678357712925564,13.703345402281812,13.710379000349693,-0.011409833756004344
0.49678377712925564,13.703344097558006,13.710378407413877,-0.011417985459599435
0.49678397712925565,13.703342792120724,13.710377813953563,-0.011426253805625007
0.49678417712925566,13.703341485958253,13.710377219962579,-0.01143463884322509
0.49678437712925566,13.70334017905888,13.710376625434701,-0.011443140892433595
0.49678457712925567,13.703338871410908,13.710376030363618,-0.011451760314043399
0.4967847771292556,13.703337563002645,13.710375434742915,-0.011460497509603896
0.4967849771292556,13.70333625382241,13.710374838566096,-0.011469352921430736
0.49678517712925563,13.703334943858525,13.710374241826562,-0.011478327032591279
0.49678537712925563,13.70333363309933,13.710373644517901,-0.011487420121493966
0.49678557712925564,13.703332321533164,13.710373046634633,-0.01149663137295384
0.49678577712925565,13.703331009148375,13.710372448170414,-0.01150596100323364
0.49678597712925565,13.70332969593333,13.710371849118923,-0.011515409336187644
0.49678617712925566,13.703328381876396,13.71037124947373,-0.011524976738427046
0.49678637712925566,13.70332706696596,13.71037064922832,-0.011534663619319924
0.49678657712925567,13.703325751190409,13.710370048376081,-0.011544470430991261
0.4967867771292556,13.703324434538146,13.710369446910297,-0.01155439766832016
0.4967869771292556,13.703323116997584,13.710368844824723,-0.011564445345728527
0.49678717712925563,13.70332179855714,13.710368242113661,-0.011574612741957497
0.49678737712925564,13.703320479205246,13.710367638770654,-0.01158490017062356
0.49678757712925564,13.703319158930343,13.710367034789273,-0.011595307961099553
0.49678777712925565,13.703317837720894,13.710366430162985,-0.011605836487607291
0.49678797712925565,13.703316515565355,13.710365824885155,-0.011616486169217554
0.49678817712925566,13.70331519245221,13.710365218949066,-0.011627257469850095
0.49678837712925566,13.703313868369944,13.710364612347881,-0.01163815089827364
0.49678857712925567,13.70331254330706,13.710364005075622,-0.011649166099546937
0.4967887771292556,13.703311217252066,13.710363397126224,-0.011660302624961684
0.4967889771292556,13.703309890193482,13.710362788493178,-0.011671560809598296
0.49678917712925563,13.703308562119851,13.710362179169948,-0.011682940990053667
0.49678937712925564,13.703307233019714,13.710361569149882,-0.011694443549980608
0.49678957712925564,13.703305902881638,13.710360958426248,-0.011706068920084776
0.49678977712925565,13.703304571694195,13.710360346992195,-0.011717817578124663
0.49678997712925566,13.703303239445976,13.710359734840814,-0.011729690025892919
0.49679017712925566,13.703301906125574,13.710359121966405,-0.01174168549217721
0.49679037712925567,13.7033005717216,13.710358508362473,-0.011753803928270388
0.4967905771292556,13.703299236222685,13.710357894022472,-0.011766045630569282
0.4967907771292556,13.703297899617468,13.710357278939757,-0.011778410944848024
0.49679097712925563,13.703296561894597,13.710356663107577,-0.01179090026623763
0.49679117712925563,13.703295223042746,13.710356046519077,-0.011803514039239592
0.49679137712925564,13.703293883050597,13.710355429167297,-0.011816252757722467
0.49679157712925565,13.703292541906842,13.710354811045391,-0.011829116763450484
0.49679177712925565,13.703291199600192,13.710354192147596,-0.011842105186271377
0.49679197712925566,13.703289856119374,13.71035357246724,-0.01185521822284334
0.49679217712925566,13.70328851145312,13.710352951997654,-0.011868456159929801
0.49679237712925567,13.703287165590188,13.710352330732073,-0.011881819358158739
0.4967925771292556,13.70328581851935,13.710351708663595,-0.011895308252018908
0.4967927771292556,13.703284470229386,13.710351085785181,-0.011908923349874867
0.49679297712925563,13.7032831207091,13.710350462089876,-0.011922665052391234
0.49679317712925564,13.703281769947301,13.71034983757171,-0.01193653260349948
0.49679337712925564,13.703280417932826,13.710349212223978,-0.0119505261494987
0.49679357712925565,13.703279064654513,13.710348586039949,-0.011964645975745794
0.49679377712925565,13.703277710101231,13.710347959012763,-0.011978892444069978
0.49679397712925566,13.703276354261856,13.710347331135436,-0.011993265992772766
0.49679417712925567,13.703274997125288,13.710346702400855,-0.012007767136627963
0.49679437712925567,13.703273638680429,13.710346072801979,-0.01202239627158545
0.4967945771292556,13.703272278916216,13.71034544233278,-0.012037152624374525
0.4967947771292556,13.703270917821584,13.710344810986454,-0.012052036347334876
0.49679497712925563,13.703269555385502,13.710344178756209,-0.012067047725640606
0.49679517712925564,13.703268191596939,13.7103435456351,-0.012082187123609677
0.49679537712925564,13.703266826444898,13.710342911616056,-0.0120974549846999
0.49679557712925565,13.703265459918391,13.710342276691877,-0.012112851831508873
0.49679577712925566,13.703264092006448,13.71034164085545,-0.012128378055947416
0.49679597712925566,13.703262722698113,13.71034100410067,-0.012144032868377216
0.49679617712925567,13.703261351982453,13.710340366420665,-0.012159816428242282
0.4967963771292556,13.703259979848552,13.710339727808554,-0.012175729021745142
0.4967965771292556,13.703258606285504,13.710339088257307,-0.012191771017048582
0.49679677712925563,13.703257231282436,13.71033844775977,-0.012207942864249177
0.49679697712925563,13.703255854828484,13.710337806308658,-0.01222424509539487
0.49679717712925564,13.703254476912804,13.710337163896774,-0.01224067809927703
0.49679737712925565,13.703253097524572,13.710336520517949,-0.012257241070914965
0.49679757712925565,13.703251716652975,13.71033587616522,-0.012273934178047553
0.49679777712925566,13.703250334287224,13.71033523083163,-0.01229075770916613
0.49679797712925566,13.703248950416555,13.710334584510063,-0.012307712037637612
0.49679817712925567,13.703247565030212,13.710333937193282,-0.012324797621704511
0.4967983771292556,13.703246178117471,13.710333288873901,-0.012342015004480131
0.4967985771292556,13.703244789667616,13.710332639544651,-0.012359364572455844
0.49679877712925563,13.703243399669958,13.710331989199288,-0.012376845506147977
0.49679897712925564,13.703242008113817,13.710331337830764,-0.01239445798274711
0.49679917712925564,13.703240614988541,13.710330685432034,-0.012412202294238471
0.49679937712925565,13.7032392202835,13.710330031995904,-0.012430078820543226
0.49679957712925565,13.70323782398808,13.710329377515041,-0.0124480880295185
0.49679977712925566,13.703236426091685,13.710328721981965,-0.012466230476957373
0.49679997712925567,13.703235026583748,13.710328065389323,-0.012484506547778381
0.49680017712925567,13.70323362545371,13.710327407730801,-0.012502915408937438
0.4968003771292556,13.703232222691037,13.710326748999261,-0.01252145724821291
0.4968005771292556,13.703230818285219,13.710326089187568,-0.012540132362228246
0.49680077712925563,13.703229412225763,13.710325428288446,-0.01255894113873969
0.49680097712925564,13.703228004502202,13.710324766294463,-0.012577884056656849
0.49680117712925564,13.703226595104082,13.710324103198039,-0.012596961686037553
0.49680137712925565,13.70322518402098,13.710323438991741,-0.012616174411005963
0.49680157712925566,13.703223771242483,13.710322773669175,-0.012635521385942521
0.49680177712925566,13.703222356758205,13.71032210722311,-0.01265500281035608
0.49680197712925567,13.703220940557781,13.710321439646332,-0.012674618986762254
0.4968021771292556,13.703219522630867,13.710320770931464,-0.012694370312137847
0.4968023771292556,13.70321810296714,13.710320101070973,-0.012714257277942826
0.49680257712925563,13.7032166815563,13.710319430057181,-0.012734280470087412
0.49680277712925563,13.703215258388072,13.710318757882574,-0.012754440272548268
0.49680297712925564,13.703213833452196,13.710318084540667,-0.012774735827926906
0.49680317712925565,13.703212406738428,13.710317410024139,-0.012795167348620365
0.49680337712925565,13.703210978236568,13.710316734325684,-0.012815735144359661
0.49680357712925566,13.703209547936416,13.71031605743782,-0.012836439622757483
0.49680377712925566,13.703208115827806,13.710315379352926,-0.012857281289308192
0.49680397712925567,13.703206681900596,13.71031470006321,-0.012878260747387828
0.4968041771292556,13.703205246144659,13.71031401956107,-0.0128993783814119
0.4968043771292556,13.703203808549889,13.710313337839933,-0.01292063332342694
0.49680457712925563,13.70320236910621,13.710312654892382,-0.012942025799815411
0.49680477712925564,13.703200927803566,13.710311970711015,-0.012963556128672055
0.49680497712925564,13.703199484631924,13.710311285288244,-0.01298522472966568
0.49680517712925565,13.70319803958127,13.710310598616346,-0.013007032124039138
0.49680537712925565,13.703196592641625,13.71030991068742,-0.013028978934609348
0.49680557712925566,13.703195143803018,13.71030922149376,-0.013051065547225729
0.49680577712925567,13.70319369305551,13.710308531028714,-0.013073291084243793
0.49680597712925567,13.703192240389184,13.710307839284761,-0.013095655787452016
0.4968061771292556,13.703190785794137,13.710307146254388,-0.013118159984826658
0.4968063771292556,13.703189329260503,13.710306451929911,-0.013140804109719979
0.49680657712925563,13.703187870778436,13.71030575630349,-0.013163588700822777
0.49680677712925564,13.703186410338112,13.710305059367107,-0.01318651440218933
0.49680697712925564,13.703184947929731,13.710304361112962,-0.013209581601713379
0.49680717712925565,13.703183483543514,13.710303661534303,-0.013232789413248717
0.49680737712925566,13.703182017169706,13.710302960623501,-0.013256138095322945
0.49680757712925566,13.70318054879858,13.710302258372936,-0.013279627987191846
0.49680777712925567,13.703179078420426,13.710301554774823,-0.013303259537440154
0.4968079771292556,13.703177606025568,13.710300849821188,-0.013327033303974955
0.4968081771292556,13.703176131604348,13.710300143503908,-0.01335094995405211
0.49680837712925563,13.703174655147135,13.71029943581506,-0.013375009878530415
0.49680857712925564,13.703173176644317,13.710298726747808,-0.013399212184193496
0.49680877712925564,13.703171696086308,13.710298016294402,-0.013423557147771081
0.49680897712925565,13.70317021346355,13.71029730444711,-0.013448045121507086
0.49680917712925565,13.703168728766503,13.710296591198023,-0.01347267657106581
0.49680937712925566,13.70316724198566,13.710295876539053,-0.013497452075531907
0.49680957712925566,13.703165753111536,13.710295160461937,-0.013522372327410413
0.49680977712925567,13.703164262134669,13.71029444295866,-0.013547437705503972
0.4968099771292556,13.703162769045615,13.710293724022252,-0.013572647351963977
0.4968101771292556,13.703161273834963,13.710293003644846,-0.013598001583356409
0.49681037712925563,13.703159776493326,13.71029228181857,-0.013623500766132175
0.49681057712925564,13.70315827701134,13.710291558535333,-0.013649145415285743
0.49681077712925564,13.703156775379668,13.710290833786855,-0.013674936194348163
0.49681097712925565,13.703155271588999,13.71029010756472,-0.013700873827179794
0.49681117712925565,13.703153765630042,13.710289379861717,-0.013726957647394216
0.49681137712925566,13.703152257493528,13.710288650669975,-0.013753187764569373
0.49681157712925567,13.703150747170225,13.710287919981571,-0.013779564515936005
0.49681177712925567,13.703149234650915,13.71028718778836,-0.01380608839170459
0.4968119771292556,13.703147719926413,13.71028645408199,-0.013832760035057925
0.4968121771292556,13.703146202987556,13.71028571885388,-0.013859580242180772
0.49681237712925563,13.703144683825208,13.710284982096379,-0.01388654877732294
0.49681257712925564,13.70314316243025,13.710284243801775,-0.013913665358973407
0.49681277712925564,13.703141638793598,13.710283503962025,-0.013940930350820639
0.49681297712925565,13.70314011290619,13.710282762568921,-0.013968344217296348
0.49681317712925566,13.703138584758987,13.71028201961404,-0.013995907580596368
0.49681337712925566,13.703137054342983,13.710281275088738,-0.014023621220680665
0.49681357712925567,13.703135521649191,13.710280528984768,-0.014051485431208184
0.4968137771292556,13.703133986668645,13.710279781294629,-0.014079499568402815
0.4968139771292556,13.703132449392415,13.710279032010122,-0.0141076639960008
0.49681417712925563,13.703130909811591,13.710278281122983,-0.014135979151967583
0.49681437712925564,13.703129367917287,13.710277528624712,-0.014164445636846186
0.49681457712925564,13.703127823700648,13.710276774506584,-0.014193064213749471
0.49681477712925565,13.703126277152839,13.710276018759911,-0.014221835549261258
0.49681497712925565,13.703124728265056,13.71027526137718,-0.014250758906112314
0.49681517712925566,13.70312317702851,13.71027450235009,-0.014279834548501185
0.49681537712925566,13.703121623434452,13.710273741670305,-0.014309062886694248
0.49681557712925567,13.703120067474151,13.710272979329254,-0.014338444498702266
0.4968157771292556,13.703118509138898,13.710272215318135,-0.014367980130272177
0.4968159771292556,13.703116948420023,13.71027144962792,-0.014397670676774043
0.49681617712925563,13.703115385308868,13.710270682250902,-0.014427515546854904
0.49681637712925564,13.703113819796803,13.710269913178724,-0.014457514824084918
0.49681657712925564,13.703112251875224,13.710269142402966,-0.014487668889993739
0.49681677712925565,13.703110681535561,13.710268369914983,-0.014517978299165384
0.49681697712925565,13.70310910876926,13.710267595705881,-0.014548443779238238
0.49681717712925566,13.703107533567803,13.710266819766522,-0.014579066230905031
0.49681737712925567,13.703105955922682,13.710266042088517,-0.014609845692593966
0.49681757712925567,13.70310437582543,13.71026526266379,-0.014640781727927297
0.4968177771292556,13.703102793267599,13.710264481483748,-0.01467187478130066
0.49681797712925563,13.70310120824076,13.710263698539636,-0.014703125382866566
0.49681817712925563,13.703099620736525,13.710262913822472,-0.01473453424122621
0.49681837712925564,13.703098030746519,13.710262127323023,-0.014766102243463978
0.49681857712925565,13.703096438262405,13.710261339032309,-0.014797829937548513
0.49681877712925565,13.703094843275853,13.71026054894236,-0.014829716617016781
0.49681897712925566,13.703093245778575,13.710259757044408,-0.014861762691727
0.49681917712925566,13.703091645762305,13.710258963329625,-0.014893968666016659
0.49681937712925567,13.703090043218793,13.710258167788927,-0.014926335228435464
0.4968195771292556,13.70308843813983,13.710257370412975,-0.014958863251736287
0.4968197771292556,13.703086830517226,13.710256571192328,-0.014991553630673709
0.49681997712925563,13.703085220342814,13.710255770118916,-0.015024405663219949
0.49682017712925564,13.703083607608447,13.710254967183841,-0.015057419627918444
0.49682037712925564,13.703081992306018,13.710254162378186,-0.015090596002080838
0.49682057712925565,13.703080374427437,13.710253355692759,-0.015123935453113182
0.49682077712925565,13.703078753964636,13.710252547118102,-0.015157438838515953
0.49682097712925566,13.703077130909584,13.710251736644507,-0.015191107205884053
0.49682117712925566,13.703075505254267,13.71025092426345,-0.01522494023224563
0.49682137712925567,13.703073876990691,13.710250109966092,-0.015258937854659458
0.4968215771292556,13.703072246110901,13.710249293743352,-0.015293100566610625
0.4968217771292556,13.703070612606956,13.710248475585939,-0.015327429013043847
0.49682197712925563,13.703068976470943,13.71024765548427,-0.015361924035147112
0.49682217712925564,13.703067337694982,13.710246833428503,-0.015396586670389548
0.49682237712925564,13.703065696271215,13.710246009409362,-0.015431417266630745
0.49682257712925565,13.703064052191793,13.710245183418255,-0.015466415277131551
0.49682277712925565,13.703062405448913,13.710244355445859,-0.015501581240348766
0.49682297712925566,13.703060756034784,13.710243525482767,-0.015536915777224727
0.49682317712925567,13.703059103941651,13.710242693519271,-0.01557241971139945
0.49682337712925567,13.70305744916178,13.710241859545388,-0.015608094069210616
0.4968235771292556,13.703055791687449,13.710241023551243,-0.01564393968584069
0.49682377712925563,13.703054131510982,13.710240185528232,-0.015679955845161866
0.49682397712925563,13.703052468624712,13.710239345466853,-0.015716143016411218
0.49682417712925564,13.703050803020998,13.710238503357564,-0.015752501795127594
0.49682437712925565,13.703049134692234,13.710237659190529,-0.015789032986181978
0.49682457712925565,13.703047463630828,13.710236812955626,-0.015825737603777444
0.49682477712925566,13.703045789829227,13.710235964642502,-0.01586261680083916
0.49682497712925566,13.703044113279876,13.710235114242334,-0.015899669970749687
0.49682517712925567,13.703042433975272,13.710234261745466,-0.015936897421414603
0.4968253771292556,13.703040751907917,13.710233407142226,-0.01597429972129368
0.4968255771292556,13.703039067070344,13.710232550422631,-0.016011877655125448
0.49682577712925563,13.703037379455118,13.710231691576405,-0.016049632223864956
0.49682597712925564,13.703035689054818,13.710230830592964,-0.0160875646447252
0.49682617712925564,13.703033995862052,13.710229967462732,-0.016125674950441714
0.49682637712925565,13.703032299869443,13.710229102176271,-0.016163962965131257
0.49682657712925565,13.70303060106965,13.710228234723612,-0.01620242933582237
0.49682677712925566,13.703028899455344,13.710227365094562,-0.016241074866087373
0.49682697712925566,13.703027195019231,13.710226493278586,-0.016279900625029906
0.49682717712925567,13.703025487754035,13.71022561926493,-0.0163189078153815
0.4968273771292556,13.7030237776525,13.710224743044158,-0.016358096048167632
0.4968275771292556,13.703022064707405,13.710223864606196,-0.01639746573188975
0.49682777712925563,13.70302034891153,13.710222983940856,-0.016437017531633742
0.49682797712925564,13.7030186302577,13.710222101037592,-0.016476752385269418
0.49682817712925564,13.703016908738759,13.71022121588551,-0.016516671503439655
0.49682837712925565,13.703015184347567,13.71022032847394,-0.016556775738479784
0.49682857712925566,13.703013457077008,13.710219438793228,-0.016597064676407806
0.49682877712925566,13.703011726919991,13.710218546833003,-0.016637538952764302
0.49682897712925567,13.703009993869449,13.710217652582696,-0.016678199366912998
0.4968291771292557,13.70300825791833,13.7102167560314,-0.01671904699854729
0.4968293771292556,13.703006519059622,13.710215857167832,-0.016760083207678828
0.49682957712925563,13.703004777286313,13.710214955981723,-0.016801308133838497
0.49682977712925563,13.703003032591429,13.710214052462806,-0.01684272184052711
0.49682997712925564,13.703001284968007,13.710213146600445,-0.01688432504519797
0.49683017712925565,13.702999534409111,13.710212238383708,-0.016926118689017625
0.49683037712925565,13.70299778090783,13.710211327801279,-0.016968104001341838
0.49683057712925566,13.702996024457274,13.710210414841693,-0.017010282281145542
0.49683077712925566,13.70299426505057,13.710209499494834,-0.01705265315419237
0.49683097712925567,13.702992502680871,13.710208581749884,-0.01709521718009208
0.4968311771292556,13.70299073734134,13.710207661595886,-0.017137975153653093
0.4968313771292556,13.702988969025176,13.710206739021503,-0.017180928165929817
0.49683157712925563,13.702987197725593,13.710205814015005,-0.017224077604151424
0.49683177712925564,13.702985423435825,13.710204886565043,-0.017267424332921038
0.49683197712925564,13.702983646149127,13.710203956661184,-0.017310968049098756
0.49683217712925565,13.702981865858773,13.710203024292257,-0.017354709526296294
0.49683237712925565,13.702980082558057,13.710202089446895,-0.01739864970903259
0.49683257712925566,13.702978296240302,13.710201152113328,-0.017442789846416968
0.49683277712925566,13.702976506898837,13.710200212279387,-0.017487131492149144
0.49683297712925567,13.702974714527024,13.7101992699342,-0.017531674673189713
0.4968331771292556,13.702972919118237,13.710198325066536,-0.01757641972046705
0.4968333771292556,13.702971120665868,13.710197377664963,-0.017621367455446162
0.49683357712925563,13.702969319163333,13.710196427717674,-0.017666518980546914
0.49683377712925564,13.70296751460407,13.710195475212451,-0.017711875711404434
0.49683397712925564,13.702965706981534,13.710194520136973,-0.01775743904758406
0.49683417712925565,13.702963896289189,13.710193562480328,-0.017803208659131185
0.49683437712925566,13.702962082520528,13.710192602230807,-0.017849185274799808
0.49683457712925566,13.702960265669063,13.710191639376555,-0.017895369841489577
0.49683477712925567,13.702958445728317,13.710190673905306,-0.017941763628005584
0.4968349771292556,13.702956622691843,13.710189705804355,-0.01798836822504537
0.4968351771292556,13.702954796553204,13.710188735061555,-0.018035184500092238
0.49683537712925563,13.702952967305977,13.710187761665532,-0.01808221230628351
0.49683557712925563,13.702951134943762,13.710186785604193,-0.018129452568289996
0.49683577712925564,13.702949299460176,13.71018580686522,-0.01817690639887879
0.49683597712925565,13.702947460848854,13.710184825435835,-0.018224575241906477
0.49683617712925565,13.70294561910345,13.710183841302861,-0.018272460855985922
0.49683637712925566,13.70294377421763,13.71018285445464,-0.018320563176533657
0.49683657712925566,13.702941926185076,13.710181864878876,-0.018368882821768188
0.49683677712925567,13.702940074999493,13.710180872563178,-0.0184174207385512
0.4968369771292556,13.702938220654593,13.710179877494708,-0.01846617821423204
0.4968371771292556,13.702936363144115,13.710178879660187,-0.01851515687670192
0.49683737712925563,13.702934502461805,13.710177879046329,-0.018564358226096398
0.49683757712925564,13.702932638601432,13.710176875641247,-0.01861378200973108
0.49683777712925564,13.702930771556769,13.710175869432197,-0.018663429141701472
0.49683797712925565,13.702928901321616,13.71017486040628,-0.018713300742813455
0.49683817712925565,13.702927027889782,13.710173848550127,-0.018763398284002183
0.49683837712925566,13.702925151255094,13.710172833849906,-0.01881372358633206
0.49683857712925567,13.702923271411391,13.710171816292544,-0.018864277504838677
0.49683877712925567,13.702921388352527,13.710170795865542,-0.018915060099949144
0.4968389771292556,13.702919502072366,13.710169772555753,-0.01896607245765529
0.4968391771292556,13.702917612564791,13.710168746349714,-0.019017315881583678
0.49683937712925563,13.702915719823702,13.710167717233505,-0.019068792035330108
0.49683957712925564,13.702913823843001,13.7101666851928,-0.01912050285809497
0.49683977712925564,13.702911924616616,13.710165650214915,-0.01917244831292494
0.49683997712925565,13.702910022138479,13.710164612286405,-0.019224629227058202
0.49684017712925566,13.702908116402535,13.710163571393727,-0.019277046725788304
0.49684037712925566,13.702906207402743,13.71016252752286,-0.019329702304521554
0.49684057712925567,13.702904295133076,13.710161480659274,-0.01938259782877704
0.4968407771292556,13.70290237958752,13.710160430788575,-0.019435734894104533
0.4968409771292556,13.702900460760068,13.710159377897723,-0.019489113361285344
0.49684117712925563,13.70289853864472,13.710158321972777,-0.019542734343446166
0.49684137712925563,13.702896613235499,13.710157262999614,-0.019596599156287337
0.49684157712925564,13.70289468452643,13.710156200963603,-0.01965070949621881
0.49684177712925565,13.70289275251156,13.710155135849591,-0.019705067440360206
0.49684197712925565,13.702890817184928,13.710154067643453,-0.01975967380859825
0.49684217712925566,13.702888878540596,13.710152996331365,-0.01981452892540546
0.49684237712925566,13.702886936572629,13.710151921898932,-0.01986963404427876
0.49684257712925567,13.702884991275104,13.710150844331412,-0.019924990680628755
0.4968427771292556,13.702883042642112,13.710149763613526,-0.019980600741213803
0.4968429771292556,13.702881090667749,13.710148679729658,-0.02003646634845063
0.49684317712925563,13.702879135346118,13.710147592665907,-0.02009258751714555
0.49684337712925564,13.702877176671326,13.710146502407502,-0.020148965299056815
0.49684357712925564,13.702875214637496,13.710145408939578,-0.020205601016212806
0.49684377712925565,13.702873249238753,13.710144312246726,-0.020262496392914445
0.49684397712925565,13.702871280469234,13.710143212313003,-0.020319653555735184
0.49684417712925566,13.702869308323088,13.710142109122724,-0.020377074180895557
0.49684437712925567,13.702867332794451,13.71014100266153,-0.020434758298079943
0.49684457712925567,13.702865353877483,13.710139892914086,-0.020492707254495937
0.4968447771292556,13.702863371566345,13.710138779864751,-0.020550922652616932
0.4968449771292556,13.7028613858552,13.71013766349729,-0.020609406567750305
0.49684517712925563,13.702859396738228,13.710136543795414,-0.02066816095497061
0.49684537712925564,13.7028574042096,13.71013542074416,-0.020727186073289196
0.49684557712925564,13.702855408263497,13.710134294327819,-0.020786483231257754
0.49684577712925565,13.702853408894104,13.710133164530342,-0.02084605405691888
0.49684597712925566,13.702851406095615,13.71013203133507,-0.020905900662085846
0.49684617712925566,13.702849399862224,13.710130894725172,-0.02096602516767986
0.49684637712925567,13.702847390188127,13.71012975468523,-0.021026427881527594
0.4968465771292556,13.702845377067526,13.7101286111991,-0.02108711012742427
0.4968467771292556,13.702843360494613,13.710127464250306,-0.021148073558141686
0.49684697712925563,13.702841340463607,13.710126313821755,-0.021209320321167697
0.49684717712925563,13.702839316968712,13.71012515989607,-0.021270852692352328
0.49684737712925564,13.702837290004132,13.710124002457347,-0.02133267104736409
0.49684757712925565,13.702835259564083,13.710122841488992,-0.02139477672223091
0.49684777712925565,13.702833225642769,13.71012167697409,-0.021457171393205972
0.49684797712925566,13.702831188234404,13.71012050889509,-0.021519857242509627
0.49684817712925566,13.702829147333206,13.710119337234064,-0.02158283669005617
0.49684837712925567,13.70282710293338,13.710118161974597,-0.021646110196819654
0.4968485771292556,13.702825055029141,13.710116983099624,-0.021709679108628276
0.4968487771292556,13.702823003614691,13.710115800591778,-0.02177354512354863
0.49684897712925563,13.702820948684247,13.710114614433047,-0.02183771045701443
0.49684917712925564,13.70281889023201,13.710113424604927,-0.021902177661997493
0.49684937712925564,13.70281682825219,13.71011223109048,-0.021966947300720754
0.49684957712925565,13.702814762738985,13.71011103387214,-0.02203202072730719
0.49684977712925565,13.702812693686594,13.710109832932085,-0.02209739965967024
0.49684997712925566,13.702810621089212,13.710108628251817,-0.022163086344452975
0.49685017712925567,13.702808544941036,13.710107419812264,-0.02222908345602319
0.49685037712925567,13.70280646523625,13.710106207595926,-0.02229539167201314
0.4968505771292556,13.702804381969038,13.710104991584732,-0.022362012353752663
0.4968507771292556,13.702802295133576,13.710103771760384,-0.022428947236474688
0.49685097712925563,13.702800204724038,13.710102548103878,-0.022496198595488303
0.49685117712925564,13.702798110734598,13.710101320595573,-0.022563769214982706
0.49685137712925564,13.702796013159409,13.71010008921739,-0.02263165990030034
0.49685157712925565,13.702793911992625,13.710098853950731,-0.022699872019893357
0.49685177712925566,13.702791807228394,13.710097614776796,-0.022768407322947083
0.49685197712925566,13.702789698860856,13.710096371676078,-0.02283726811029489
0.49685217712925567,13.702787586884144,13.710095124628392,-0.02290645723441825
0.4968523771292556,13.702785471292382,13.710093873614971,-0.02297597572756769
0.4968525771292556,13.702783352079683,13.710092618616747,-0.02304582487673666
0.49685277712925563,13.702781229240147,13.710091359614385,-0.0231160064711679
0.49685297712925564,13.702779102767872,13.710090096587873,-0.023186522833472552
0.49685317712925564,13.702776972656949,13.710088829516483,-0.023257376849366542
0.49685337712925565,13.702774838901448,13.710087558380666,-0.023328569854614803
0.49685357712925565,13.702772701495428,13.710086283160953,-0.0234001029870097
0.49685377712925566,13.702770560432944,13.710085003837449,-0.02347197809449939
0.49685397712925566,13.702768415708034,13.710083720389594,-0.023544197516970875
0.49685417712925567,13.702766267314727,13.710082432796131,-0.02361676416883323
0.4968543771292556,13.70276411524704,13.710081141036735,-0.02368967967101206
0.4968545771292556,13.702761959498964,13.710079845091492,-0.023762945037570864
0.49685477712925563,13.70275980006449,13.710078544939925,-0.02383656216214802
0.49685497712925564,13.702757636937587,13.710077240560953,-0.02391053339650083
0.49685517712925564,13.702755470112217,13.710075931932755,-0.02398486167833482
0.49685537712925565,13.702753299582321,13.710074619034238,-0.02405954889463735
0.49685557712925565,13.702751125341823,13.710073301845014,-0.024134595959920686
0.49685577712925566,13.702748947384627,13.71007198034403,-0.024210004800847538
0.49685597712925567,13.702746765704628,13.710070654509657,-0.024285777774982666
0.49685617712925567,13.702744580295702,13.710069324319512,-0.024361917836989013
0.4968563771292556,13.702742391151707,13.71006798975175,-0.024438427119348127
0.4968565771292556,13.702740198266476,13.710066650785462,-0.02451530645998367
0.49685677712925563,13.702738001633827,13.710065307399022,-0.02459255780547117
0.49685697712925564,13.702735801247563,13.710063959570254,-0.024670183512127356
0.49685717712925564,13.702733597101462,13.71006260727621,-0.0247481865444199
0.49685737712925565,13.702731389189285,13.710061250494283,-0.024826569258830918
0.49685757712925566,13.702729177504768,13.710059889203045,-0.02490533243783527
0.49685777712925566,13.702726962041622,13.710058523380276,-0.02498447803492587
0.49685797712925567,13.702724742793544,13.710057153003246,-0.025064008397046155
0.4968581771292556,13.702722519754204,13.710055778048448,-0.025143926490050175
0.4968583771292556,13.702720292917256,13.710054398492531,-0.02522423487180611
0.49685857712925563,13.702718062276317,13.710053014313509,-0.02530493428893056
0.49685877712925564,13.702715827824983,13.710051625488575,-0.025386026688785424
0.49685897712925564,13.702713589556835,13.710050231994455,-0.025467514399838805
0.49685917712925565,13.702711347465415,13.71004883380707,-0.025549400379922538
0.49685937712925565,13.702709101544256,13.71004743090234,-0.02563168736427984
0.49685957712925566,13.702706851786848,13.710046023257705,-0.025714376080895367
0.49685977712925566,13.702704598186656,13.710044610849774,-0.025797468457867047
0.49685997712925567,13.702702340737124,13.710043193654727,-0.025880966794825894
0.4968601771292556,13.702700079431667,13.710041771647926,-0.02596487403081775
0.4968603771292556,13.702697814263667,13.710040344804574,-0.026049193053516995
0.49686057712925563,13.70269554522648,13.71003891310152,-0.02613392458712433
0.49686077712925564,13.702693272313425,13.710037476514799,-0.026219070527408704
0.49686097712925564,13.702690995517797,13.710036035020043,-0.026304633133575464
0.49686117712925565,13.70268871483286,13.710034588592068,-0.02639061531392479
0.49686137712925565,13.702686430251847,13.710033137205377,-0.02647702008228204
0.49686157712925566,13.70268414176795,13.710031680836225,-0.02656384817113359
0.49686177712925567,13.702681849374336,13.710030219460075,-0.026651101430951632
0.49686197712925567,13.702679553064133,13.710028753052018,-0.02673878206768226
0.4968621771292556,13.702677252830442,13.71002728158634,-0.02682689294550196
0.49686237712925563,13.702674948666324,13.710025805036869,-0.026915437177167465
0.49686257712925563,13.702672640564806,13.710024323379264,-0.02700441551208119
0.49686277712925564,13.702670328518874,13.710022836588413,-0.027093829742643502
0.49686297712925565,13.702668012521482,13.710021344638905,-0.02718368200743089
0.49686317712925565,13.702665692565548,13.710019847504489,-0.02727397511167897
0.49686337712925566,13.702663368643952,13.710018345158357,-0.027364712238306624
0.49686357712925566,13.702661040749533,13.710016837575566,-0.027455894159205275
0.49686377712925567,13.702658708875088,13.710015324730456,-0.02754752259595585
0.4968639771292556,13.702656373013374,13.710013806597116,-0.027639599604185067
0.4968641771292556,13.702654033157115,13.71001228314879,-0.02773212791402513
0.49686437712925563,13.702651689298996,13.710010754358066,-0.02782511074909001
0.49686457712925564,13.702649341431645,13.710009220199414,-0.02791854890522511
0.49686477712925564,13.702646989547656,13.710007680646637,-0.028012444020662337
0.49686497712925565,13.702644633639585,13.710006135673346,-0.028106798050991238
0.49686517712925565,13.702642273699935,13.710004585252314,-0.02820161363334689
0.49686537712925566,13.702639909721174,13.710003029355548,-0.02829689400164365
0.49686557712925566,13.702637541695719,13.710001467956962,-0.028392639973441772
0.49686577712925567,13.702635169615942,13.709999901029834,-0.028488853091527266
0.4968659771292556,13.702632793474166,13.709998328547337,-0.02858553519325025
0.4968661771292556,13.70263041326267,13.709996750481796,-0.028682688803691802
0.49686637712925563,13.702628028973692,13.709995166804683,-0.02878031713550292
0.49686657712925564,13.702625640599411,13.709993577489385,-0.02887842102104707
0.49686677712925564,13.702623248131964,13.709991982508681,-0.028977001895682954
0.49686697712925565,13.70262085156343,13.70999038183533,-0.029076061458791196
0.49686717712925565,13.702618450885845,13.70998877544126,-0.02917560210258854
0.49686737712925566,13.702616046091196,13.709987163297527,-0.029275626912127862
0.49686757712925567,13.702613637171414,13.709985545376798,-0.029376136946210746
0.49686777712925567,13.702611224118375,13.70998392165161,-0.02947713329863186
0.4968679771292556,13.702608806923909,13.709982292094283,-0.02957861758404671
0.49686817712925563,13.702606385579784,13.709980656676375,-0.02968059203990505
0.49686837712925563,13.702603960077722,13.709979015368587,-0.029783059600502326
0.49686857712925564,13.70260153040939,13.70997736814293,-0.02988602150623463
0.49686877712925565,13.70259909656639,13.709975714971709,-0.029989478527240133
0.49686897712925565,13.70259665854027,13.709974055826864,-0.030093432161597947
0.49686917712925566,13.702594216322531,13.709972390679633,-0.030197884468618312
0.49686937712925566,13.702591769904608,13.709970719500415,-0.030302838207632736
0.49686957712925567,13.70258931927788,13.70996904226064,-0.030408294754208354
0.4968697771292556,13.702586864433666,13.709967358932406,-0.030514254570264254
0.4968699771292556,13.702584405363218,13.709965669487323,-0.030620719005537273
0.49687017712925563,13.70258194205774,13.70996397389638,-0.030727689916838483
0.49687037712925564,13.702579474508372,13.709962272129726,-0.030835169862875038
0.49687057712925564,13.702577002706192,13.709960564158292,-0.03094316030653018
0.49687077712925565,13.702574526642204,13.709958849954,-0.031051661414592813
0.49687097712925565,13.702572046307365,13.709957129488206,-0.031160674356683817
0.49687117712925566,13.702569561692556,13.709955402731708,-0.031270200761877746
0.49687137712925566,13.702567072788602,13.709953669654467,-0.03138024296173222
0.49687157712925567,13.70256457958626,13.709951930227016,-0.03149080245753532
0.4968717771292556,13.702562082076224,13.709950184421137,-0.03160187913118329
0.4968719771292556,13.702559580249105,13.709948432208,-0.03171347394128611
0.49687217712925563,13.702557074095466,13.709946673558278,-0.0318255882633127
0.49687237712925564,13.702554563605801,13.70994490844184,-0.03193822417461723
0.49687257712925564,13.702552048770524,13.709943136828894,-0.03205138316533512
0.49687277712925565,13.70254952957999,13.709941358691148,-0.03216506484016225
0.49687297712925566,13.702547006024473,13.709939573999657,-0.03227926991634606
0.49687317712925566,13.702544478094183,13.709937782725058,-0.03239399948951256
0.49687337712925567,13.702541945779261,13.709935984837191,-0.03250925535532935
0.4968735771292557,13.702539409069779,13.70993418030606,-0.03262503894330479
0.4968737771292556,13.702536867955722,13.709932369103347,-0.032741349585869904
0.49687397712925563,13.70253432242701,13.70993055120008,-0.03285818773057564
0.49687417712925563,13.70253177247349,13.709928726566948,-0.03297555416727095
0.49687437712925564,13.702529218084937,13.709926895173847,-0.03309345038258737
0.49687457712925565,13.702526659251047,13.709925056990693,-0.03321187769605265
0.49687477712925565,13.702524095961438,13.709923211989203,-0.03333083517024356
0.49687497712925566,13.702521528205649,13.70992136014047,-0.03345032295591931
0.49687517712925566,13.702518955973147,13.709919501415323,-0.03357034151171361
0.49687537712925567,13.70251637925332,13.709917635783821,-0.033690891988559575
0.4968755771292556,13.702513798035486,13.709915763215896,-0.033811975548097534
0.4968757771292556,13.702511212308863,13.70991388368338,-0.033933590983258745
0.49687597712925563,13.702508622062608,13.709911997157535,-0.03405573812371583
0.49687617712925564,13.702506027285782,13.709910103609417,-0.034178417072567954
0.49687637712925564,13.702503427967377,13.709908203009354,-0.034301628619377404
0.49687657712925565,13.702500824096301,13.7099062953274,-0.034425373721615526
0.49687677712925565,13.702498215661379,13.709904380535615,-0.03454965090061909
0.49687697712925566,13.702495602651345,13.709902458605502,-0.034674459643461365
0.49687717712925566,13.702492985054855,13.709900529508467,-0.034799799675199146
0.49687737712925567,13.702490362860482,13.709898593215199,-0.034925671400416705
0.4968775771292556,13.702487736056721,13.709896649696013,-0.03505207552899371
0.4968777771292556,13.702485104631965,13.709894698923275,-0.03517901030710717
0.49687797712925563,13.70248246857453,13.709892740868847,-0.035306474861180874
0.49687817712925564,13.70247982787264,13.709890775504574,-0.035434468518032815
0.49687837712925564,13.702477182514444,13.709888802801624,-0.03556299127588995
0.49687857712925565,13.702474532487996,13.709886822730706,-0.03569204355697229
0.49687877712925566,13.702471877781251,13.709884835264585,-0.03582162332775071
0.49687897712925566,13.702469218382092,13.709882840375583,-0.035951729340143235
0.49687917712925567,13.702466554278297,13.709880838036108,-0.036082360505686105
0.4968793771292557,13.702463885457567,13.709878828217914,-0.03621351639809387
0.4968795771292556,13.702461211907508,13.709876810892219,-0.03634519711601737
0.49687977712925563,13.702458533615628,13.70987478603231,-0.03647740034140142
0.49687997712925563,13.702455850569347,13.709872753611068,-0.03661012444225055
0.49688017712925564,13.702453162755996,13.709870713601575,-0.03674336790147659
0.49688037712925565,13.702450470162807,13.70986866597628,-0.03687712985406293
0.49688057712925565,13.70244777277693,13.709866610707046,-0.03701141004465386
0.49688077712925566,13.702445070585409,13.709864547767788,-0.03714620586581638
0.49688097712925566,13.702442363575193,13.709862477132058,-0.03728151529764003
0.49688117712925567,13.702439651733139,13.70986039877371,-0.03741733638551502
0.4968813771292556,13.702436935046016,13.709858312666011,-0.037553667816030194
0.4968815771292556,13.70243421350049,13.70985621878163,-0.03769050891712448
0.49688177712925563,13.702431487083132,13.709854117095105,-0.03782785690309472
0.49688197712925564,13.702428755780407,13.709852007580876,-0.037965709253086344
0.49688217712925564,13.702426019578699,13.70984989021365,-0.0381040636094835
0.49688237712925565,13.702423278464277,13.709847764967614,-0.03824291820625151
0.49688257712925565,13.702420532423334,13.709845631816394,-0.03838227190718112
0.49688277712925566,13.702417781441943,13.709843490735178,-0.03852212183538825
0.49688297712925567,13.702415025506085,13.709841341699487,-0.038662464888130334
0.49688317712925567,13.702412264601643,13.709839184684943,-0.03880329833666845
0.4968833771292556,13.702409498714397,13.70983701966677,-0.03894461996402008
0.4968835771292556,13.702406727830034,13.709834846619652,-0.039086428171205306
0.49688377712925563,13.702403951934132,13.709832665519569,-0.03922871995650636
0.49688397712925564,13.702401171012172,13.70983047634318,-0.039371491683940316
0.49688417712925564,13.702398385049529,13.709828279067148,-0.03951474025090268
0.49688437712925565,13.70239559403148,13.709826073667816,-0.03965846299786831
0.49688457712925566,13.702392797943205,13.709823860121038,-0.03980265787087085
0.49688477712925566,13.702389996769773,13.70982163840371,-0.03994732171754533
0.49688497712925567,13.702387190496149,13.709819408493697,-0.04009245042008697
0.4968851771292557,13.702384379107205,13.709817170368796,-0.040238040507315755
0.4968853771292556,13.702381562587696,13.709814924006562,-0.040384088892386226
0.49688557712925563,13.70237874092229,13.709812669384108,-0.04053059308177239
0.49688577712925563,13.702375914095542,13.709810406479368,-0.04067754975497255
0.49688597712925564,13.702373082091894,13.709808135271468,-0.040824954366615034
0.49688617712925565,13.702370244895699,13.70980585573942,-0.040972803090923694
0.49688637712925565,13.702367402491195,13.709803567862089,-0.04112109243639925
0.49688657712925566,13.70236455486252,13.709801271617913,-0.041269819492353844
0.49688677712925566,13.702361701993707,13.709798966985966,-0.04141898076169128
0.49688697712925567,13.702358843868684,13.709796653946698,-0.04156857132858371
0.4968871771292556,13.70235598047127,13.70979433248041,-0.04171858703543786
0.4968873771292556,13.702353111785175,13.70979200256733,-0.04186902401633554
0.49688757712925563,13.702350237794015,13.709789664187294,-0.04201987897365816
0.49688777712925564,13.702347358481292,13.709787317320615,-0.04217114823416627
0.49688797712925564,13.702344473830404,13.709784961949094,-0.04232282657151344
0.49688817712925565,13.702341583824639,13.709782598054382,-0.04247490952750946
0.49688837712925565,13.702338688447181,13.70978022561813,-0.042627392899086715
0.49688857712925566,13.702335787681111,13.709777844621625,-0.04278027303954848
0.49688877712925567,13.702332881509406,13.709775455046481,-0.04293354610956439
0.49688897712925567,13.702329969914922,13.709773056875889,-0.04308720663481968
0.4968891771292556,13.702327052880422,13.70977065009289,-0.043241249896109946
0.4968893771292556,13.702324130388556,13.70976823468059,-0.04339567139809929
0.49688957712925563,13.70232120242187,13.709765810621757,-0.04355046718983951
0.49688977712925564,13.702318268962808,13.709763377899375,-0.043705633284872786
0.49688997712925564,13.702315329993693,13.709760936498023,-0.04386116402579737
0.49689017712925565,13.702312385496757,13.709758486402174,-0.04401705447966066
0.49689037712925566,13.702309435454113,13.709756027596395,-0.04417329990986394
0.49689057712925566,13.70230647984778,13.70975356006496,-0.04432989611279422
0.49689077712925567,13.702303518659656,13.709751083792245,-0.044486838982564676
0.4968909771292557,13.702300551871549,13.709748598764238,-0.044644122745529556
0.4968911771292556,13.702297579465148,13.70974610496682,-0.04480174230898787
0.49689137712925563,13.702294601422034,13.709743602386043,-0.04495969275241006
0.49689157712925563,13.702291617723693,13.709741091007675,-0.04511796967690593
0.49689177712925564,13.702288628351498,13.709738570817493,-0.04527656889281285
0.49689197712925565,13.702285633286722,13.70973604180288,-0.04543548457820134
0.49689217712925565,13.702282632510526,13.709733503951124,-0.04559471154053378
0.49689237712925566,13.702279626003957,13.709730957249722,-0.04575424473707389
0.49689257712925566,13.702276613747978,13.709728401685924,-0.04591407963591038
0.49689277712925567,13.702273595723437,13.709725837246905,-0.046074212006092546
0.4968929771292556,13.70227057191107,13.709723263921402,-0.04623463604608359
0.4968931771292556,13.702267542291517,13.70972068169807,-0.04639534652793028
0.49689337712925563,13.702264506845308,13.70971809056583,-0.046556338352354246
0.49689357712925564,13.702261465552873,13.709715490513357,-0.046717606920186776
0.49689377712925564,13.702258418394539,13.709712881529194,-0.046879148007349825
0.49689397712925565,13.702255365350528,13.709710263603387,-0.047040955901190014
0.49689417712925565,13.70225230640095,13.709707636725907,-0.04720302540564842
0.49689437712925566,13.702249241525829,13.709705000887036,-0.04736535143302127
0.49689457712925567,13.702246170705068,13.709702356076814,-0.04752792938493471
0.49689477712925567,13.702243093918485,13.709699702285098,-0.047690755096494994
0.4968949771292556,13.702240011145783,13.709697039503183,-0.047853823010766613
0.4968951771292556,13.702236922366568,13.709694367722278,-0.04801712803263492
0.49689537712925563,13.702233827560343,13.709691686933946,-0.04818066515480977
0.49689557712925564,13.702230726706514,13.709688997129513,-0.04834442984870517
0.49689577712925564,13.702227619784384,13.709686298300086,-0.04850841806390853
0.49689597712925565,13.702224506773158,13.709683590438111,-0.048672624463670384
0.49689617712925566,13.702221387651935,13.709680873535959,-0.04883704412246796
0.49689637712925566,13.702218262399724,13.709678147586375,-0.04900167218179375
0.49689657712925567,13.702215130995421,13.70967541258188,-0.04916650425079942
0.4968967771292557,13.702211993417846,13.709672668514768,-0.049331536406295895
0.4968969771292556,13.702208849645702,13.70966991537843,-0.04949676372197604
0.49689717712925563,13.7022056996576,13.709667153166404,-0.04966218138002466
0.49689737712925564,13.702202543432056,13.70966438187247,-0.049827784779756974
0.49689757712925564,13.702199380947487,13.709661601490227,-0.04999356973380039
0.49689777712925565,13.70219621218222,13.70965881201305,-0.05015953251109378
0.49689797712925565,13.70219303711448,13.709656013435172,-0.050325668623504266
0.49689817712925566,13.702189855722402,13.709653205751172,-0.05049197345297426
0.49689837712925566,13.70218666798402,13.709650388955742,-0.050658442709604165
0.49689857712925567,13.702183473877282,13.709647563043434,-0.050825072471469016
0.4968987771292556,13.702180273380042,13.70964472800857,-0.05099185926109467
0.4968989771292556,13.70217706647006,13.70964188384613,-0.05115879905402248
0.49689917712925563,13.702173853124998,13.709639030551571,-0.05132588751577082
0.49689937712925564,13.702170633322439,13.709636168120374,-0.05149312071598645
0.49689957712925564,13.70216740703986,13.709633296547905,-0.05166049505477694
0.49689977712925565,13.702164174254666,13.709630415829292,-0.051828007364342704
0.49689997712925565,13.702160934944159,13.709627525960153,-0.05199565410722113
0.49690017712925566,13.70215768908556,13.709624626936662,-0.052163431305641
0.49690037712925567,13.70215443665599,13.709621718754953,-0.05233133543296161
0.49690057712925567,13.702151177632498,13.709618801411052,-0.05249936326145991
0.4969007771292556,13.702147911992038,13.709615874900756,-0.052667511982117464
0.4969009771292556,13.702144639711477,13.709612939220188,-0.05283577856456196
0.49690117712925563,13.702141360767598,13.709609994366074,-0.05300415944933424
0.49690137712925564,13.702138075137102,13.709607040335065,-0.05317265155129937
0.49690157712925564,13.702134782796602,13.709604077123691,-0.05334125205749627
0.49690177712925565,13.702131483722628,13.709601104728256,-0.053509958559621186
0.49690197712925566,13.702128177891632,13.709598123145263,-0.05367876854977165
0.49690217712925566,13.702124865279977,13.709595132371836,-0.0538476789366645
0.49690237712925567,13.70212154586395,13.709592132404973,-0.054016687107476244
0.4969025771292557,13.702118219619754,13.709589123241573,-0.05418579069821455
0.4969027771292556,13.702114886523514,13.709586104878282,-0.0543549877345019
0.49690297712925563,13.702111546551277,13.709583077311846,-0.05452427624121871
0.49690317712925564,13.702108199679012,13.709580040539626,-0.05469365363283584
0.49690337712925564,13.702104845882603,13.709576994558812,-0.0548631177919475
0.49690357712925565,13.702101485137868,13.70957393936652,-0.05503266682908194
0.49690377712925565,13.70209811742054,13.709570874959585,-0.05520229922849097
0.49690397712925566,13.702094742706283,13.709567801334858,-0.055372013551681504
0.49690417712925566,13.702091360970684,13.709564718489762,-0.05554180774452367
0.49690437712925567,13.702087972189254,13.709561626421564,-0.05571168019970668
0.4969045771292556,13.702084576337434,13.709558525127411,-0.05588162951843645
0.4969047771292556,13.70208117339059,13.709555414604193,-0.056051654659015175
0.49690497712925563,13.702077763324022,13.709552294848713,-0.056221754717335544
0.49690517712925564,13.702074346112953,13.709549165858332,-0.05639192818487669
0.49690537712925564,13.702070921732536,13.709546027630205,-0.056562173970851906
0.49690557712925565,13.70206749015786,13.709542880161404,-0.05673249117451195
0.49690577712925565,13.702064051363939,13.709539723448701,-0.056902879234397685
0.49690597712925566,13.702060605325729,13.709536557488729,-0.05707333777189111
0.49690617712925567,13.70205715201811,13.709533382278632,-0.05724386582726008
0.49690637712925567,13.702053691415898,13.709530197815333,-0.05741446282424336
0.4969065771292556,13.702050223493847,13.709527004095664,-0.05758512835838993
0.49690677712925563,13.702046748226639,13.709523801116152,-0.05775586234634497
0.49690697712925563,13.702043265588907,13.709520588873135,-0.05792666491948037
0.49690717712925564,13.702039775555205,13.709517367363398,-0.05809753566014616
0.49690737712925565,13.70203627810003,13.709514136583502,-0.05826847449670393
0.49690757712925565,13.702032773197825,13.70951089652991,-0.058439481510069904
0.49690777712925566,13.702029260822961,13.709507647198778,-0.058610557082832186
0.49690797712925566,13.702025740949757,13.709504388586012,-0.058781701839428595
0.49690817712925567,13.702022213552477,13.709501120687936,-0.05895291588830938
0.4969083771292557,13.702018678605311,13.709497843500605,-0.0591241996455938
0.4969085771292556,13.702015136082405,13.709494557020008,-0.05929555365615259
0.49690877712925563,13.702011585957845,13.709491261241807,-0.059466978746485
0.49690897712925564,13.702008028205658,13.70948795616137,-0.059638476011772315
0.49690917712925564,13.702004462799824,13.709484641774425,-0.05981004606736339
0.49690937712925565,13.702000889714256,13.709481318076431,-0.05998168979506056
0.49690957712925565,13.701997308922826,13.709477985062781,-0.06015340817353015
0.49690977712925566,13.701993720399342,13.709474642728555,-0.06032520244224945
0.49690997712925566,13.701990124117572,13.709471291068507,-0.0604970741015066
0.49691017712925567,13.701986520051225,13.70946793007758,-0.06066902435218205
0.4969103771292556,13.701982908173958,13.709464559750609,-0.06084105441920644
0.4969105771292556,13.701979288459386,13.709461180082279,-0.061013165711830984
0.49691077712925563,13.701975660881065,13.70945779106699,-0.06118535984550634
0.49691097712925564,13.70197202541251,13.709454392698815,-0.06135763867548585
0.49691117712925564,13.701968382027186,13.709450984971795,-0.06153000397717283
0.49691137712925565,13.701964730698517,13.70944756788007,-0.06170245728469889
0.49691157712925565,13.701961071399866,13.709444141417517,-0.061875000403490095
0.49691177712925566,13.701957404104569,13.709440705577787,-0.062047635283666434
0.49691197712925567,13.701953728785904,13.709437260354195,-0.062220364093856464
0.49691217712925567,13.701950045417114,13.709433805739852,-0.062393189102574284
0.4969123771292556,13.701946353971394,13.70943034172807,-0.06256611218294167
0.49691257712925563,13.701942654421895,13.70942686831185,-0.0627391354872528
0.49691277712925563,13.70193894674173,13.709423385484026,-0.06291226125612429
0.49691297712925564,13.70193523090397,13.709419893237106,-0.06308549192766859
0.49691317712925565,13.70193150688165,13.709416391563265,-0.06325883013744589
0.49691337712925565,13.701927774647757,13.709412880454849,-0.06343227818445123
0.49691357712925566,13.701924034175244,13.709409359903947,-0.06360583848083035
0.49691377712925566,13.701920285437026,13.709405829902504,-0.06377951353077552
0.49691397712925567,13.70191652840598,13.709402290442167,-0.06395330599674803
0.4969141771292557,13.701912763054942,13.709398741514258,-0.06412721871785607
0.4969143771292556,13.701908989356728,13.709395183109919,-0.06430125455623807
0.49691457712925563,13.701905207284096,13.709391615220408,-0.06447541604019813
0.49691477712925564,13.701901416809779,13.709388037836668,-0.06464970594936227
0.49691497712925564,13.701897617906479,13.709384450949445,-0.06482412712573071
0.49691517712925565,13.701893810546865,13.70938085454917,-0.0649986825677378
0.49691537712925565,13.701889994703569,13.709377248625954,-0.06517337543025195
0.49691557712925566,13.701886170349189,13.709373633169937,-0.06534820863812629
0.49691577712925566,13.701882337456302,13.709370008171113,-0.06552318507924978
0.49691597712925567,13.701878495997441,13.709366373619256,-0.06569830777309153
0.4969161771292556,13.701874645945114,13.70936272950388,-0.06587357983463933
0.4969163771292556,13.7018707872718,13.709359075814183,-0.06604900451596653
0.49691657712925563,13.701866919949952,13.709355412539066,-0.06622458519076914
0.49691677712925564,13.701863043951988,13.709351739667602,-0.06640032483456151
0.49691697712925564,13.701859159250306,13.709348057188473,-0.06657622665005128
0.49691717712925565,13.701855265817263,13.709344365090264,-0.06675229382839905
0.49691737712925566,13.701851363625208,13.70934066336125,-0.06692852967919106
0.49691757712925566,13.701847452646447,13.709336951989401,-0.06710493763043926
0.49691777712925567,13.701843532853273,13.709333230962438,-0.06728152117823842
0.4969179771292557,13.701839604217945,13.709329500268199,-0.06745828344056318
0.4969181771292556,13.701835666712704,13.70932575989417,-0.0676352277620549
0.49691837712925563,13.701831720309764,13.709322009827698,-0.06781235747325313
0.49691857712925563,13.701827764981314,13.709318250055833,-0.06798967600563453
0.49691877712925564,13.701823800699524,13.70931448056534,-0.06816718689180937
0.49691897712925565,13.701819827436537,13.709310701342716,-0.06834489372215978
0.49691917712925565,13.701815845164484,13.709306912374599,-0.06852279970988347
0.49691937712925566,13.701811853855464,13.709303113647245,-0.06870090828996614
0.49691957712925566,13.701807853481558,13.709299305146795,-0.06887922286534594
0.49691977712925567,13.701803844014833,13.709295486859103,-0.06905774692393801
0.4969199771292557,13.701799825427326,13.709291658769741,-0.06923648403863462
0.4969201771292556,13.701795797691068,13.709287820863999,-0.06941543786725533
0.49692037712925563,13.701791760778056,13.70928397312731,-0.06959461167665353
0.49692057712925564,13.701787714660282,13.70928011554472,-0.06977400894240524
0.49692077712925564,13.701783659309712,13.709276248101189,-0.06995363308249444
0.49692097712925565,13.701779594698298,13.70927237078141,-0.07013348758308599
0.49692117712925565,13.701775520797975,13.709268483569804,-0.07031357600060878
0.49692137712925566,13.701771437580666,13.709264586450525,-0.07049390196175574
0.49692157712925566,13.701767345018265,13.709260679407672,-0.07067446892105733
0.49692177712925567,13.701763243082667,13.709256762425246,-0.07085528019830209
0.4969219771292556,13.701759131745742,13.709252835487016,-0.07103633923205652
0.4969221771292556,13.701755010979342,13.709248898576547,-0.0712176494566114
0.49692237712925563,13.701750880755318,13.709244951677162,-0.07139921436321812
0.49692257712925564,13.701746741045497,13.709240994771918,-0.07158103750028975
0.49692277712925564,13.701742591821699,13.709237027843646,-0.07176312243466942
0.49692297712925565,13.70173843305572,13.70923305087531,-0.07194547236454657
0.49692317712925566,13.701734264719354,13.709229063849495,-0.07212809070338115
0.49692337712925566,13.701730086784382,13.709225066748708,-0.0723109807906272
0.49692357712925567,13.701725899222572,13.709221059555203,-0.0724941460112422
0.4969237771292557,13.701721702005674,13.709217042251002,-0.07267758979568731
0.4969239771292556,13.701717495105443,13.709213014817875,-0.07286131561987622
0.49692417712925563,13.701713278493603,13.709208977237497,-0.07304532685737287
0.49692437712925563,13.701709052141883,13.70920492949153,-0.0732296266440556
0.49692457712925564,13.701704816021996,13.709200871561366,-0.07341421827500444
0.49692477712925565,13.70170057010565,13.709196803428263,-0.07359910499504692
0.49692497712925565,13.701696314364535,13.709192725073251,-0.07378429008452164
0.49692517712925566,13.701692048770338,13.709188636477133,-0.07396977685927814
0.49692537712925566,13.701687773294742,13.709184537620484,-0.07415556867067696
0.49692557712925567,13.701683487909415,13.70918042848385,-0.07434166869964566
0.4969257771292557,13.701679192586019,13.709176309047686,-0.07452807998434685
0.4969259771292556,13.70167488729621,13.709172179292237,-0.07471480567131497
0.49692617712925563,13.70167057201163,13.709168039197598,-0.07490184886534493
0.49692637712925564,13.701666246703924,13.709163888743667,-0.07508921269816811
0.49692657712925564,13.701661911344726,13.709159727910118,-0.07527690032865973
0.49692677712925565,13.701657565905661,13.709155556676418,-0.07546491494278695
0.49692697712925565,13.701653210358355,13.709151375021998,-0.07565325957437843
0.49692717712925566,13.70164884467442,13.70914718292623,-0.07584193708782574
0.49692737712925567,13.70164446882547,13.709142980368261,-0.07603095046967982
0.49692757712925567,13.701640082783106,13.70913876732713,-0.0762203026495892
0.4969277771292556,13.701635686518932,13.709134543781678,-0.0764099965773398
0.4969279771292556,13.701631280004538,13.709130309710542,-0.07660003522306559
0.49692817712925563,13.701626863211525,13.70912606509218,-0.07679042157693271
0.49692837712925564,13.701622436111471,13.70912180990492,-0.07698115856506675
0.49692857712925564,13.701617998675964,13.709117544127187,-0.0771722488193261
0.49692877712925565,13.701613550876584,13.709113267737083,-0.07736369516385791
0.49692897712925566,13.701609092684903,13.709108980712665,-0.07755550032768273
0.49692917712925566,13.701604624072496,13.70910468303182,-0.07774766705453323
0.49692937712925567,13.701600145010936,13.709100374672246,-0.07794019810285427
0.4969295771292557,13.70159565547179,13.709096055611463,-0.07813309624580286
0.4969297771292556,13.701591155426621,13.709091725826813,-0.07832636427119447
0.49692997712925563,13.701586644846994,13.709087385295767,-0.07852000465703007
0.49693017712925563,13.701582123704467,13.70908303399552,-0.07871401998340545
0.49693037712925564,13.7015775919706,13.709078671903216,-0.07890841279074898
0.49693057712925565,13.70157304961695,13.709074298995862,-0.07910318560069513
0.49693077712925565,13.701568496615076,13.709069915250302,-0.07929834094546853
0.49693097712925566,13.70156393293653,13.709065520643218,-0.07949388136788414
0.49693117712925566,13.701559358552863,13.709061115151124,-0.07968980942134705
0.49693137712925567,13.701554773435637,13.709056698750427,-0.0798861276172332
0.4969315771292557,13.701550177556392,13.70905227141767,-0.08008283814199611
0.4969317771292556,13.70154557088669,13.709047833129066,-0.080279943406025
0.49693197712925563,13.701540953398075,13.709043383860836,-0.08047744569967868
0.49693217712925564,13.701536325062099,13.709038923589047,-0.08067534732078013
0.49693237712925564,13.701531685850314,13.709034452289622,-0.08087365057483505
0.49693257712925565,13.701527035734275,13.709029969938339,-0.08107235777497736
0.49693277712925565,13.701522374685528,13.709025476510822,-0.08127147124196912
0.49693297712925566,13.701517702675629,13.709020971982643,-0.08147099320847256
0.49693317712925567,13.701513019676126,13.709016456329454,-0.08167092565076313
0.49693337712925567,13.701508325658578,13.709011929526643,-0.08187127073688763
0.4969335771292556,13.701503620594536,13.709007391549578,-0.08207203052718436
0.4969337771292556,13.701498904455555,13.709002842373506,-0.08227320708787889
0.49693397712925563,13.701494177213192,13.708998281973539,-0.08247480249074972
0.49693417712925564,13.701489438839006,13.708993710324648,-0.08267681881335104
0.49693437712925564,13.701484689304555,13.708989127401683,-0.08287925813895713
0.49693457712925565,13.701479928581405,13.708984533179414,-0.08308212248280679
0.49693477712925566,13.701475156641113,13.708979927632765,-0.08328541357604423
0.49693497712925566,13.701470373455244,13.708975310736331,-0.08348913336849828
0.49693517712925567,13.701465578995364,13.70897068246476,-0.08369328368894599
0.4969353771292557,13.701460773233045,13.708966042792564,-0.08389786637081585
0.4969355771292556,13.701455956139856,13.708961391694146,-0.08410288325213078
0.49693577712925563,13.701451127687369,13.708956729143782,-0.08430833617573583
0.49693597712925563,13.701446287847158,13.70895205511563,-0.08451422698895683
0.49693617712925564,13.701441436590805,13.708947369583722,-0.08472055754382787
0.49693637712925565,13.701436573889888,13.708942672522364,-0.08492732930364606
0.49693657712925565,13.701431699715991,13.708937963905445,-0.08513454402702238
0.49693677712925566,13.701426814040698,13.708933243706953,-0.08534220331612938
0.49693697712925566,13.701421916835594,13.708928511900778,-0.08555030877554606
0.49693717712925567,13.701417008072278,13.708923768460702,-0.08575886201416763
0.4969373771292557,13.70141208772234,13.708919013360397,-0.08596786464520559
0.4969375771292556,13.701407155757382,13.708914246573425,-0.08617731828612947
0.49693777712925563,13.701402212148997,13.708909468073244,-0.08638722455889952
0.49693797712925564,13.701397256868797,13.708904677833358,-0.0865975849333357
0.49693817712925564,13.701392289888382,13.708899875827283,-0.08680840074339069
0.49693837712925565,13.701387311179367,13.708895062028342,-0.08701967346565859
0.49693857712925565,13.701382320713368,13.708890236409877,-0.08723140448354057
0.49693877712925566,13.701377318461995,13.708885398945132,-0.0874435951849544
0.49693897712925567,13.701372304396877,13.708880549607258,-0.08765624696233439
0.49693917712925567,13.701367278489636,13.708875688369314,-0.08786936121263123
0.4969393771292556,13.7013622407119,13.708870815204252,-0.08808293933725288
0.4969395771292556,13.701357191035301,13.708865930084936,-0.08829698274230169
0.49693977712925563,13.701352129431474,13.708861032984426,-0.08851149254394554
0.49693997712925564,13.701347055872063,13.708856123875544,-0.08872646998496679
0.49694017712925564,13.70134197032871,13.708851202731118,-0.08894191628113937
0.49694037712925565,13.701336872773057,13.708846269523933,-0.08915783260957214
0.49694057712925566,13.701331763176764,13.708841324226697,-0.08937422015250433
0.49694077712925566,13.70132664151148,13.708836366812022,-0.08959108009730557
0.49694097712925567,13.70132150774887,13.708831397252451,-0.0898084136364759
0.4969411771292557,13.701316361860592,13.708826415520424,-0.09002622196764574
0.4969413771292556,13.701311203818323,13.70882142158831,-0.09024450629351527
0.49694157712925563,13.701306033593726,13.708816415428723,-0.09046326747208772
0.49694177712925564,13.70130085115848,13.708811397013966,-0.09068250660672775
0.49694197712925564,13.701295656484266,13.708806366316399,-0.09090222469739419
0.49694217712925565,13.701290449542768,13.708801323308354,-0.09112242272795053
0.49694237712925565,13.701285230305677,13.708796267962082,-0.09134310168828867
0.49694257712925566,13.701279998744685,13.708791200249753,-0.09156426257432887
0.49694277712925566,13.70127475483149,13.708786120143467,-0.09178590638801976
0.49694297712925567,13.70126949853779,13.708781027615245,-0.09200803413733841
0.4969431771292557,13.701264229835301,13.708775922637038,-0.0922306468362903
0.4969433771292556,13.701258948695724,13.708770805181015,-0.09245374520561572
0.49694357712925563,13.70125365509078,13.708765675219103,-0.09267733011908279
0.49694377712925564,13.701248348992184,13.708760532723256,-0.09290140242048528
0.49694397712925564,13.701243030371662,13.708755377665419,-0.09312596291466736
0.49694417712925565,13.701237699200941,13.708750210017454,-0.09335101241356576
0.49694437712925565,13.701232355451756,13.708745029751173,-0.0935765517362096
0.49694457712925566,13.701226999095843,13.708739836838314,-0.0938025817087205
0.49694477712925567,13.70122163010494,13.70873463125055,-0.09402910316431251
0.49694497712925567,13.7012162484508,13.708729412959483,-0.09425611694329222
0.4969451771292556,13.70121085410517,13.708724181936825,-0.0944836237265064
0.4969453771292556,13.701205447039804,13.70871893815429,-0.09471162409512804
0.49694557712925563,13.70120002722646,13.708713681583435,-0.0949401187900223
0.49694577712925564,13.701194594636906,13.708708412195882,-0.0951691084514487
0.49694597712925564,13.701189149242907,13.708703129963194,-0.09539859372790536
0.49694617712925565,13.701183691016235,13.708697834856872,-0.09562857527612884
0.49694637712925566,13.701178219928671,13.708692526848365,-0.09585905376109416
0.49694657712925566,13.70117273595199,13.708687205909055,-0.09609002985601493
0.49694677712925567,13.701167239057988,13.708681872010269,-0.09632150424234315
0.4969469771292557,13.701161729218445,13.708676525123279,-0.09655347760583645
0.4969471771292556,13.701156206405162,13.708671165219702,-0.09678595023232112
0.49694737712925563,13.701150670589936,13.708665792270697,-0.09701892280145388
0.49694757712925564,13.70114512174457,13.70866040624763,-0.09725239580289516
0.49694777712925564,13.701139559840872,13.708655007121807,-0.09748636973578437
0.49694797712925565,13.701133984850653,13.708649594864491,-0.09772084510867571
0.49694817712925565,13.70112839674573,13.708644169446893,-0.09795582243953807
0.49694837712925566,13.701122795497925,13.708638730840166,-0.09819130225575504
0.49694857712925566,13.701117181079061,13.70863327901541,-0.09842728509412488
0.49694877712925567,13.701111553460969,13.708627813943679,-0.09866377150086056
0.4969489771292557,13.701105912615482,13.708622335596079,-0.09890076192520532
0.4969491771292556,13.70110025851444,13.70861684394386,-0.09913825660191922
0.49694937712925563,13.70109459112968,13.708611338958004,-0.0993762560319499
0.49694957712925564,13.701088910433048,13.70860582060962,-0.09961476057819654
0.49694977712925564,13.701083216396402,13.708600288869778,-0.09985377061416932
0.49694997712925565,13.701077508991585,13.708594743709492,-0.10009328652392341
0.49695017712925565,13.701071788190463,13.708589185099736,-0.10033330870205899
0.49695037712925566,13.701066053964897,13.708583613011438,-0.10057383755372136
0.49695057712925567,13.701060306286752,13.708578027415474,-0.10081487349460079
0.49695077712925567,13.701054545127901,13.708572428282677,-0.10105641695093258
0.4969509771292556,13.70104877046022,13.708566815584007,-0.10129846819569818
0.49695117712925563,13.701042982255577,13.708561189290446,-0.10154102739677041
0.49695137712925563,13.701037180485866,13.708555549372802,-0.1017840949179944
0.49695157712925564,13.701031365122967,13.708549895801998,-0.10202767100997051
0.49695177712925565,13.701025536138774,13.708544228548897,-0.10227175593490824
0.49695197712925565,13.701019693505174,13.708538547584334,-0.10251634996662623
0.49695217712925566,13.701013837194072,13.708532852879097,-0.10276145339055225
0.49695237712925566,13.701007967177365,13.708527144403936,-0.1030070665037232
0.49695257712925567,13.70100208342696,13.708521422129555,-0.10325318961478512
0.4969527771292557,13.700996185914766,13.708515686026617,-0.1034998230439932
0.4969529771292556,13.700990274612694,13.708509936065907,-0.10374696696990825
0.49695317712925563,13.700984349492662,13.708504172218266,-0.10399462144292246
0.49695337712925564,13.70097841052659,13.708498394454335,-0.10424278673740268
0.49695357712925564,13.700972457686392,13.708492602744869,-0.10449146300436227
0.49695377712925565,13.700966490944007,13.7084867970606,-0.10474065040738632
0.49695397712925565,13.700960510271354,13.70848097737221,-0.10499034912263167
0.49695417712925566,13.700954515640374,13.708475143650354,-0.10524055933882687
0.49695437712925566,13.700948507022998,13.70846929586564,-0.10549128125727213
0.49695457712925567,13.700942484391172,13.708463433988642,-0.10574251509183943
0.4969547771292557,13.700936447716835,13.7084575579899,-0.1059942610689725
0.4969549771292556,13.700930396971938,13.708451667840004,-0.1062465193488384
0.49695517712925563,13.700924332128423,13.70844576350975,-0.10649928981480063
0.49695537712925564,13.700918253158248,13.708439844969604,-0.10675257269742619
0.49695557712925564,13.700912160033367,13.708433912190213,-0.10700636805956318
0.49695577712925565,13.700906052725738,13.708427965142189,-0.10726067597747549
0.49695597712925565,13.700899931207326,13.708422003796114,-0.10751549654084301
0.49695617712925566,13.70089379545009,13.708416028122535,-0.10777082985276144
0.49695637712925567,13.700887645426004,13.708410038091966,-0.10802667602974252
0.49695657712925567,13.700881481107036,13.708404033674883,-0.10828303520171378
0.4969567771292556,13.700875302465159,13.708398014841732,-0.10853990751194745
0.49695697712925563,13.700869109472348,13.708391981562922,-0.1087972931173455
0.49695717712925563,13.700862902100585,13.708385933809211,-0.10905519181528782
0.49695737712925564,13.700856680321849,13.708379871550969,-0.10931360372411643
0.49695757712925565,13.70085044410812,13.708373794758721,-0.10957252886590503
0.49695777712925565,13.700844193431392,13.708367703403002,-0.10983196723936307
0.49695797712925566,13.700837928263647,13.70836159745432,-0.11009191885735266
0.49695817712925566,13.700831648576886,13.708355476883144,-0.11035238374688881
0.49695837712925567,13.700825354343092,13.708349341659918,-0.1106133619491393
0.4969585771292557,13.700819045534267,13.708343191755056,-0.11087485351942468
0.4969587771292556,13.700812722122413,13.708337027138937,-0.11113685852714555
0.49695897712925563,13.70080638407952,13.70833084778191,-0.11139937705607353
0.49695917712925564,13.700800031377602,13.708324653654422,-0.11166240908243907
0.49695937712925564,13.700793663988657,13.708318444727068,-0.11192595438133593
0.49695957712925565,13.700787281884699,13.708312220970155,-0.11219001303760451
0.49695977712925565,13.700780885037728,13.708305982354162,-0.11245458498085263
0.49695997712925566,13.700774473419765,13.708299728849546,-0.11271967015545623
0.49696017712925566,13.700768047002814,13.708293460426725,-0.11298526852055897
0.49696037712925567,13.700761605758895,13.708287177056105,-0.11325138005007264
0.4969605771292557,13.700755149660026,13.708280878708045,-0.11351800473267677
0.4969607771292556,13.700748678678222,13.708274565352893,-0.11378514257174464
0.49696097712925563,13.700742192785507,13.70826823696095,-0.11405279358564
0.49696117712925564,13.7007356919539,13.708261893502511,-0.11432095780727211
0.49696137712925564,13.700729176155427,13.708255534948096,-0.11458963501648357
0.49696157712925565,13.70072264536211,13.70824916126808,-0.11485882508911673
0.49696177712925566,13.700716099545978,13.7082427724328,-0.11512852799206802
0.49696197712925566,13.700709538679058,13.708236368412678,-0.11539874360816685
0.49696217712925567,13.70070296273338,13.708229949178108,-0.11566947183551501
0.4969623771292557,13.700696371680973,13.708223514699467,-0.11594071258748656
0.4969625771292556,13.700689765493872,13.708217064947092,-0.11621246579265226
0.49696277712925563,13.70068314414411,13.708210599891302,-0.11648473139508166
0.49696297712925563,13.700676507603715,13.708204119502389,-0.11675750935389023
0.49696317712925564,13.700669855844728,13.708197623750618,-0.11703079964354125
0.49696337712925565,13.70066318883919,13.708191112606226,-0.11730460225377014
0.49696357712925565,13.700656506559131,13.70818458603979,-0.1175789168271096
0.49696377712925566,13.700649808976591,13.708178044021542,-0.11785374330116108
0.49696397712925566,13.700643096063608,13.708171486521824,-0.11812908155906982
0.49696417712925567,13.700636367792224,13.708164913511022,-0.11840493144370058
0.4969643771292557,13.70062962413448,13.708158324959497,-0.11868129281358478
0.4969645771292556,13.70062286506242,13.70815172083758,-0.11895816554284352
0.49696477712925563,13.700616090548081,13.708145101115582,-0.11923554952149502
0.49696497712925564,13.700609300563507,13.70813846576379,-0.11951344465499372
0.49696517712925564,13.70060249508074,13.708131814752461,-0.11979185086453739
0.49696537712925565,13.700595674071828,13.708125148051833,-0.12007076808699042
0.49696557712925565,13.700588837508814,13.708118465632118,-0.12035019627488369
0.49696577712925566,13.700581985363739,13.70811176746388,-0.12063013501998528
0.49696597712925566,13.700575117608649,13.70810505351731,-0.12091058423730858
0.49696617712925567,13.700568234215591,13.708098323762727,-0.12119154377261142
0.4969663771292556,13.700561335156607,13.708091578170501,-0.12147301343429993
0.4969665771292556,13.700554420403744,13.708084816710963,-0.12175499304697235
0.49696677712925563,13.700547489929047,13.708078039354428,-0.12203748245095028
0.49696697712925564,13.700540543704559,13.708071246071185,-0.1223204815025912
0.49696717712925564,13.700533581702329,13.708064436831505,-0.12260399007421022
0.49696737712925565,13.700526603894396,13.708057611605629,-0.12288800805408014
0.49696757712925566,13.700519610252812,13.708050770363778,-0.12317253534643163
0.49696777712925566,13.70051260074962,13.70804391307615,-0.12345757187145286
0.49696797712925567,13.70050557535686,13.708037039713226,-0.12374311725921167
0.4969681771292557,13.700498534046583,13.708030150245271,-0.12402917130899672
0.4969683771292556,13.700491476790825,13.708023244642547,-0.12431573387756989
0.49696857712925563,13.700484403561633,13.7080163228754,-0.124602804743472
0.49696877712925563,13.700477314331046,13.708009384914162,-0.12489038370116129
0.49696897712925564,13.700470209071106,13.708002430729135,-0.12517847056133133
0.49696917712925565,13.700463087753858,13.707995460290599,-0.12546706515083159
0.49696937712925565,13.700455950351342,13.707988473568815,-0.1257561673126674
0.49696957712925566,13.700448796835593,13.707981470534024,-0.12604577690599988
0.49696977712925566,13.700441627178655,13.707974451156439,-0.12633589380614613
0.49696997712925567,13.700434441352563,13.707967415406252,-0.12662651790457913
0.4969701771292557,13.700427239329358,13.70796036325381,-0.12691764893938948
0.4969703771292556,13.700420021081072,13.707953294669537,-0.12720928652497923
0.49697057712925563,13.700412786579738,13.707946209623588,-0.12750143057013955
0.49697077712925564,13.700405535797392,13.707939108086311,-0.12779408082648827
0.49697097712925564,13.700398268706067,13.707931990028039,-0.12808723706199895
0.49697117712925565,13.700390985277796,13.707924855419067,-0.12838089906091998
0.49697137712925565,13.700383685484605,13.707917704229677,-0.12867506662377465
0.49697157712925566,13.700376369298521,13.707910536430134,-0.12896973956736102
0.49697177712925567,13.700369036691578,13.70790335199067,-0.12926491772475202
0.49697197712925567,13.700361687635796,13.707896150881508,-0.1295606009452955
0.4969721771292556,13.700354322103207,13.70788893307284,-0.12985678909453174
0.4969723771292556,13.700346940065824,13.707881698534845,-0.13015348205452265
0.49697257712925563,13.700339541495673,13.707874447238163,-0.13045067922810433
0.49697277712925564,13.700332126364769,13.707867179152815,-0.13074838060023794
0.49697297712925564,13.700324694645133,13.707859894249152,-0.13104658590205212
0.49697317712925565,13.700317246308778,13.707852592497492,-0.13134529487774982
0.49697337712925566,13.700309781327721,13.707845273868147,-0.13164450728783633
0.49697357712925566,13.700302299673968,13.707837938331407,-0.13194422290911934
0.49697377712925567,13.700294801319535,13.707830585857533,-0.13224444153470882
0.4969739771292557,13.700287286236426,13.70782321641677,-0.13254516297401722
0.4969741771292556,13.700279754396645,13.707815829979346,-0.13284638705267554
0.49697437712925563,13.700272205772198,13.707808426515454,-0.13314811361286807
0.49697457712925563,13.700264640335085,13.707801005995284,-0.13345034251283064
0.49697477712925564,13.700257058057304,13.707793568389173,-0.13375307345605214
0.49697497712925565,13.700249458910854,13.707786113667535,-0.13405630601634397
0.49697517712925565,13.700241842867724,13.707778641800513,-0.13436004008342697
0.49697537712925566,13.700234209899905,13.707771152758438,-0.13466427537933162
0.49697557712925566,13.700226559979395,13.70776364651163,-0.1349690116423719
0.49697577712925567,13.700218893078167,13.707756123030379,-0.1352742486271453
0.4969759771292557,13.700211209168213,13.707748582284962,-0.1355799861045328
0.4969761771292556,13.700203508221517,13.70774102424563,-0.13588622386161386
0.49697637712925563,13.700195790210044,13.707733448882614,-0.1361929617020064
0.49697657712925564,13.70018805510578,13.707725856166125,-0.136500199445357
0.49697677712925564,13.700180302880694,13.70771824606636,-0.13680793692768048
0.49697697712925565,13.700172533506755,13.707710618553486,-0.13711617400127546
0.49697717712925565,13.700164746955933,13.707702973597975,-0.13742491021659006
0.49697737712925566,13.700156943200188,13.70769531117006,-0.1377341453124326
0.49697757712925567,13.70014912221148,13.707687631239962,-0.13804387909666024
0.49697777712925567,13.700141283961761,13.707679933778003,-0.13835411128682082
0.4969779771292556,13.700133428422998,13.70767221875449,-0.1386648416165594
0.4969781771292556,13.700125555567126,13.707664486139704,-0.13897606983596328
0.49697837712925563,13.700117665366102,13.707656735903903,-0.13928779571104472
0.49697857712925564,13.700109757791866,13.707648968017333,-0.13960001902408561
0.49697877712925564,13.700101832816358,13.707641182450217,-0.13991273957355133
0.49697897712925565,13.70009389041152,13.707633379172757,-0.1402259571740908
0.49697917712925566,13.70008593054928,13.707625558155131,-0.1405396716565364
0.49697937712925566,13.700077953201568,13.707617719367505,-0.14085388286790418
0.49697957712925567,13.700069958340311,13.707609862780412,-0.14116859027780002
0.4969797771292557,13.700061945937428,13.707601988363983,-0.14148379370941191
0.4969799771292556,13.700053915964846,13.707594096088476,-0.14179949293012192
0.49698017712925563,13.700045868394465,13.707586185924194,-0.1421156876536627
0.49698037712925563,13.70003780319821,13.707578257841437,-0.14243237760953956
0.49698057712925564,13.700029720347978,13.707570311810471,-0.1427495625433802
0.49698077712925565,13.700021619815676,13.70756234780155,-0.1430672422168474
0.49698097712925565,13.7000135015732,13.707554365784905,-0.14338541640763922
0.49698117712925566,13.700005365592444,13.707546365730746,-0.1437040849094886
0.49698137712925566,13.6999972118453,13.707538347609265,-0.14402324753216353
0.49698157712925567,13.699989040303656,13.707530311390636,-0.14434290410146725
0.4969817771292557,13.69998085093939,13.707522257045008,-0.14466305445923797
0.4969819771292556,13.699972643724385,13.70751418454289,-0.144983698087831
0.49698217712925563,13.699964418630504,13.707506093854418,-0.1453048347822199
0.49698237712925564,13.699956175629621,13.707497984949827,-0.14562646432024948
0.49698257712925564,13.6999479146936,13.707489857799413,-0.14594858641153077
0.49698277712925565,13.6999396357943,13.707481712373452,-0.1462712007815098
0.49698297712925565,13.699931338903577,13.707473548642204,-0.14659430717146746
0.49698317712925566,13.699923023993277,13.707465366575903,-0.1469179053385197
0.49698337712925567,13.699914691035248,13.707457166144776,-0.14724199505561722
0.49698357712925567,13.69990634000133,13.707448947319016,-0.1475665761115458
0.4969837771292556,13.69989797086336,13.707440710068806,-0.14789164831083576
0.4969839771292556,13.699889583593167,13.707432454364303,-0.14821721147412317
0.49698417712925563,13.699881178162578,13.707424180175645,-0.14854326543760837
0.49698437712925564,13.699872754543415,13.70741588747322,-0.14886980978956837
0.49698457712925564,13.69986431270749,13.707407576227295,-0.1491968441802753
0.49698477712925565,13.699855852626614,13.707399246408007,-0.14952436845117953
0.49698497712925566,13.699847374272597,13.707390897985634,-0.1498523823076049
0.49698517712925566,13.699838877617234,13.707382530930445,-0.15018088547046565
0.49698537712925567,13.699830362632326,13.707374145212679,-0.1505098776762663
0.4969855771292557,13.699821829289656,13.707365740802556,-0.150839358677102
0.4969857771292556,13.699813277561015,13.707357317670285,-0.15116932824056653
0.49698597712925563,13.699804707418174,13.707348875786044,-0.151499786150119
0.49698617712925564,13.699796118832912,13.70734041512,-0.15183073220453422
0.49698637712925564,13.699787511776998,13.707331935642294,-0.15216216621826895
0.49698657712925565,13.699778886222193,13.707323437323051,-0.15249408802137043
0.49698677712925565,13.699770242140252,13.707314920132463,-0.1528264973748013
0.49698697712925566,13.699761579502926,13.707306384041022,-0.15315939370049256
0.49698717712925566,13.699752898281963,13.707297829018698,-0.15349277694920369
0.49698737712925567,13.699744198449103,13.707289255035759,-0.1538266468211357
0.4969875771292557,13.699735479976074,13.707280662062448,-0.15416100303179617
0.4969877771292556,13.69972674283461,13.707272050068983,-0.15449584531190616
0.49698797712925563,13.69971798699643,13.707263419025567,-0.15483117340777225
0.49698817712925564,13.69970921243325,13.70725476890239,-0.15516698708072874
0.49698837712925564,13.699700419116779,13.70724609966961,-0.15550328610750944
0.49698857712925565,13.699691607018721,13.707237411297372,-0.15584007028015465
0.49698877712925565,13.699682776110777,13.707228703755804,-0.1561773394060112
0.49698897712925566,13.699673926364634,13.707219977015006,-0.1565150933077325
0.49698917712925567,13.699665057751979,13.707211231045063,-0.15685333182327854
0.49698937712925567,13.699656170244495,13.707202465816366,-0.1571920544780531
0.4969895771292556,13.69964726381385,13.707193681299055,-0.15753126099942477
0.4969897771292556,13.69963833843171,13.707184877463225,-0.15787095120721822
0.49698997712925563,13.699629394069733,13.707176054279104,-0.15821112481001984
0.49699017712925564,13.699620430699577,13.707167211716886,-0.1585517815315323
0.49699037712925564,13.699611448292886,13.707158349746749,-0.15889292111048073
0.49699057712925565,13.6996024468213,13.707149468338855,-0.15923454330061246
0.49699077712925566,13.699593426256452,13.707140567463346,-0.15957664787069717
0.49699097712925566,13.699584386569972,13.707131647090337,-0.15991923460452684
0.49699117712925567,13.699575327733479,13.70712270718993,-0.16026230330091573
0.4969913771292557,13.69956624971858,13.707113747732205,-0.16060585377370043
0.4969915771292556,13.699557152496894,13.707104768687225,-0.1609498858516443
0.49699177712925563,13.699548036040012,13.707095770025024,-0.1612943993788195
0.49699197712925564,13.699538900319528,13.707086751716123,-0.16163939369994562
0.49699217712925564,13.699529745307025,13.707077713730383,-0.16198486878874344
0.49699237712925565,13.699520570974085,13.707068656037974,-0.16233082436804766
0.49699257712925565,13.69951137729228,13.707059578609059,-0.16267726015340897
0.49699277712925566,13.699502164233175,13.707050481413797,-0.16302417587504514
0.49699297712925566,13.69949293176832,13.707041364422308,-0.16337157127784058
0.49699317712925567,13.699483679869275,13.707032227604707,-0.1637194461213469
0.4969933771292557,13.699474408507575,13.707023070931083,-0.16406780017978226
0.4969935771292556,13.699465117654764,13.70701389437151,-0.1644166332419351
0.49699377712925563,13.699455807282362,13.707004697896028,-0.16476594511155113
0.49699397712925564,13.69944647736189,13.706995481474674,-0.16511573560675258
0.49699417712925564,13.699437127864867,13.706986245077461,-0.16546600456042543
0.49699437712925565,13.699427758762797,13.706976988674384,-0.16581675180750993
0.49699457712925565,13.699418370027175,13.706967712235938,-0.1661679766649758
0.49699477712925566,13.699408961629493,13.706958415731888,-0.1665196791620793
0.49699497712925567,13.699399533541238,13.70694909913237,-0.16687185900442594
0.49699517712925567,13.699390085733876,13.706939762407501,-0.16722451591193319
0.4969953771292556,13.699380618178886,13.70693040552737,-0.16757764961873253
0.49699557712925563,13.699371130847718,13.706921028462052,-0.16793125987356172
0.49699577712925563,13.699361623711829,13.706911631181606,-0.16828534643917661
0.49699597712925564,13.69935209674266,13.70690221365606,-0.1686399090927431
0.49699617712925565,13.699342549911648,13.70689277585543,-0.16899494762573913
0.49699637712925565,13.699332983190224,13.706883317749714,-0.16935046184395486
0.49699657712925566,13.699323396549804,13.706873839308884,-0.16970645156749242
0.49699677712925566,13.699313789961806,13.706864340502893,-0.1700629166307662
0.49699697712925567,13.699304163397631,13.70685482130168,-0.17041985688250255
0.4969971771292557,13.699294516828672,13.706845281675637,-0.17077727167459097
0.4969973771292556,13.699284850226324,13.706835721594533,-0.17113516098101678
0.49699757712925563,13.699275163561955,13.706826141028406,-0.17149352454318811
0.49699777712925564,13.699265456806943,13.706816539947308,-0.17185236208287774
0.49699797712925564,13.699255729932652,13.706806918321274,-0.17221167333588833
0.49699817712925565,13.699245982910432,13.706797276120312,-0.17257145805195329
0.49699837712925565,13.699236215711636,13.70678761331442,-0.17293171599473706
0.49699857712925566,13.699226428307592,13.706777929873564,-0.17329244694183446
0.49699877712925566,13.699216620669636,13.706768225767698,-0.17365365068477126
0.49699897712925567,13.699206792769084,13.706758500966757,-0.174015327029004
0.4969991771292557,13.699196944577254,13.706748755440652,-0.17437747579391985
0.4969993771292556,13.699187076065447,13.706738989159279,-0.17474009681273614
0.49699957712925563,13.699177187204956,13.706729202092502,-0.1751031899329028
0.49699977712925564,13.699167277967065,13.70671939421047,-0.17546675470606465
0.49699997712925564,13.699157348323055,13.70670956548314,-0.17583079083669303
0.49700017712925565,13.699147398244191,13.706699715880353,-0.17619529819329632
0.49700037712925565,13.699137427701734,13.706689845372091,-0.17656027649696354
0.49700057712925566,13.699127436666933,13.706679953928322,-0.17692572548233462
0.49700077712925567,13.699117425111032,13.706670041518983,-0.17729164489760024
0.49700097712925567,13.699107393005262,13.706660108114004,-0.17765803450450207
0.4970011771292556,13.699097340320849,13.706650153683286,-0.17802489407823052
0.49700137712925563,13.699087267029004,13.706640178196714,-0.1783922234078326
0.49700157712925563,13.699077173100934,13.706630181624147,-0.17876002229560056
0.49700177712925564,13.699067058507833,13.706620163935435,-0.17912829055747936
0.49700197712925565,13.69905692322089,13.706610125100395,-0.17949702802296474
0.49700217712925565,13.699046767211286,13.706600065088836,-0.1798662345351033
0.49700237712925566,13.699036590450184,13.706589983870568,-0.18023590992257843
0.49700257712925566,13.699026392908749,13.706579881415841,-0.1806060535084052
0.49700277712925567,13.699016174558125,13.70656975769422,-0.18097666535322485
0.4970029771292557,13.69900593536945,13.70655961267561,-0.18134774517460203
0.4970031771292556,13.698995675313869,13.706549446329904,-0.1817192927031525
0.49700337712925563,13.698985394362484,13.706539258626961,-0.18209130768295545
0.49700357712925564,13.698975092486421,13.706529049536636,-0.18246378987093487
0.49700377712925564,13.69896476965678,13.706518819028757,-0.18283673903727207
0.49700397712925565,13.698954425844649,13.70650856707313,-0.18321015496530235
0.49700417712925565,13.69894406102111,13.706498293639541,-0.1835840374515153
0.49700437712925566,13.698933675157244,13.706487998697764,-0.18395838630555447
0.49700457712925566,13.698923268224108,13.70647768221754,-0.18433320135021772
0.49700477712925567,13.69891284019276,13.706467344168605,-0.1847084824214568
0.4970049771292557,13.698902391034242,13.706456984520662,-0.18508422936837787
0.4970051771292556,13.698891920719591,13.70644660324353,-0.18546044191119904
0.49700537712925563,13.698881429219828,13.706436200307214,-0.1858371195236581
0.49700557712925564,13.698870916505966,13.706425775681264,-0.1862142622043808
0.49700577712925564,13.69886038254901,13.706415329335483,-0.18659186967725486
0.49700597712925565,13.698849827319956,13.706404861239651,-0.18696994167892708
0.49700617712925566,13.698839250789785,13.70639437136354,-0.1873484779588033
0.49700637712925566,13.698828652929475,13.706383859676897,-0.18772747827904832
0.49700657712925567,13.698818033709987,13.706373326149443,-0.18810694241458584
0.4970067771292557,13.698807393102275,13.706362770750887,-0.18848687015309865
0.4970069771292556,13.698796731077286,13.706352193450916,-0.1888672612949229
0.49700717712925563,13.698786047605948,13.706341594219188,-0.18924811565347047
0.49700737712925563,13.698775342659186,13.706330973025356,-0.1896294330545956
0.49700757712925564,13.698764616207912,13.706320329839041,-0.190011213337017
0.49700777712925565,13.698753868223031,13.706309664629849,-0.1903934563522125
0.49700797712925565,13.698743098675433,13.706298977367489,-0.19077616183026772
0.49700817712925566,13.698732307535998,13.706288268021874,-0.1911593292282085
0.49700837712925566,13.698721494775597,13.70627753656243,-0.1915429585659687
0.49700857712925567,13.698710660365089,13.706266782958853,-0.19192704956971166
0.4970087771292557,13.698699804275327,13.706256007180825,-0.1923116019779965
0.4970089771292556,13.69868892647715,13.706245209197995,-0.1926966155416713
0.49700917712925563,13.698678026941382,13.706234388980006,-0.19308209002430068
0.49700937712925564,13.698667105638842,13.706223546496465,-0.19346802520152462
0.49700957712925564,13.698656162540336,13.706212681716977,-0.19385442086148572
0.49700977712925565,13.698645197616665,13.706201794611115,-0.1942412768047224
0.49700997712925565,13.698634210838609,13.706190885148434,-0.19462859284416917
0.49701017712925566,13.698623202176945,13.706179953298472,-0.19501636880515616
0.49701037712925566,13.698612171602436,13.706168999030744,-0.19540460452540942
0.49701057712925567,13.698601119085836,13.706158022314748,-0.19579329985505112
0.4970107771292557,13.698590044597884,13.706147023119955,-0.19618245465659884
0.4970109771292556,13.698578948109315,13.70613600141634,-0.19657206820385836
0.49701117712925563,13.698567829590845,13.706124957173124,-0.1969621406070364
0.49701137712925564,13.698556689013179,13.706113890359878,-0.1973526716002955
0.49701157712925564,13.698545526347019,13.706102800946162,-0.1977436609206969
0.49701177712925565,13.69853434156305,13.706091688901523,-0.19813510831728584
0.49701197712925566,13.698523134631948,13.706080554195474,-0.19852701355109148
0.49701217712925566,13.698511905524374,13.706069396797513,-0.19891937639512708
0.49701237712925567,13.69850065421098,13.706058216677125,-0.1993121966343897
0.4970125771292557,13.69848938066241,13.70604701380377,-0.19970547406586067
0.4970127771292556,13.698478084849299,13.706035788146886,-0.20009920849839588
0.49701297712925563,13.698466766742253,13.70602453967589,-0.20049339975316297
0.49701317712925563,13.698455426311886,13.706013268360188,-0.20088804766298604
0.49701337712925564,13.698444063528795,13.706001974169151,-0.2012831520727822
0.49701357712925565,13.69843267836356,13.705990657072146,-0.2016787128394527
0.49701377712925565,13.698421270786756,13.705979317038697,-0.20207472960905604
0.49701397712925566,13.698409840768946,13.70596795403837,-0.20247120194758578
0.49701417712925566,13.698398388280673,13.705956568040385,-0.20286812984557537
0.49701437712925567,13.698386913292477,13.70594515901418,-0.20326551303469984
0.4970145771292557,13.698375415774889,13.705933726929167,-0.20366335125822493
0.4970147771292556,13.69836389569842,13.705922271754755,-0.20406164427089576
0.49701497712925563,13.698352353033567,13.705910793460303,-0.2044603918393795
0.49701517712925564,13.698340787750826,13.705899292015177,-0.20485959374160212
0.49701537712925564,13.698329199820675,13.705887767388715,-0.20525924976719023
0.49701557712925565,13.69831758921358,13.705876219550229,-0.2056593597173609
0.49701577712925565,13.698305955899999,13.705864648469017,-0.20605992340492124
0.49701597712925566,13.698294299850373,13.705853054114357,-0.2064609406542689
0.49701617712925567,13.698282621035133,13.705841436455502,-0.20686241130139163
0.49701637712925567,13.698270919424699,13.705829795461694,-0.20726433519386758
0.4970165771292557,13.69825919498948,13.705818131102145,-0.20766671219086505
0.4970167771292556,13.69824744769987,13.705806443346312,-0.20806954184872856
0.49701697712925563,13.69823567752625,13.705794732163504,-0.20847282385570537
0.49701717712925564,13.698223884438988,13.705782997522853,-0.20887655815718
0.49701737712925564,13.698212068408449,13.705771239393638,-0.20928074448633735
0.49701757712925565,13.698200229404975,13.705759457745131,-0.2096853825876193
0.49701777712925566,13.6981883673989,13.705747652546574,-0.21009047221672483
0.49701797712925566,13.698176482360548,13.705735823767197,-0.21049601314061037
0.49701817712925567,13.69816457426023,13.705723971376205,-0.21090200513748897
0.4970183771292557,13.69815264306824,13.705712095342784,-0.21130844799683116
0.4970185771292556,13.698140688754865,13.705700195636107,-0.21171534151925137
0.49701877712925563,13.698128711290376,13.705688272225311,-0.21212268551696006
0.49701897712925563,13.698116710645033,13.70567632507953,-0.21253047981308612
0.49701917712925564,13.69810468678908,13.705664354167867,-0.2129387242421283
0.49701937712925565,13.698092639692758,13.705652359459409,-0.21334741864984252
0.49701957712925565,13.698080569326287,13.705640340923226,-0.21375656289324188
0.49701977712925566,13.698068475659873,13.705628298528524,-0.21416615663662497
0.49701997712925566,13.698056358663722,13.705616232244603,-0.21457619939587003
0.49702017712925567,13.698044218308006,13.70560414204036,-0.21498669120964564
0.4970203771292557,13.698032054562907,13.705592027884926,-0.21539763180836857
0.4970205771292556,13.698019867398578,13.705579889747408,-0.21580902093323334
0.49702077712925563,13.698007656785167,13.705567727596897,-0.21622085833666913
0.49702097712925564,13.697995422692806,13.705555541402463,-0.2166331437816546
0.49702117712925564,13.697983165091616,13.705543331133153,-0.21704587704217473
0.49702137712925565,13.697970883951706,13.705531096758,-0.21745905790310643
0.49702157712925565,13.697958579243169,13.705518838246013,-0.21787268616021874
0.49702177712925566,13.697946250936088,13.705506555566183,-0.21828676162017255
0.49702197712925567,13.69793389900053,13.705494248687485,-0.218701284100521
0.49702217712925567,13.697921523406551,13.705481917578865,-0.21911625342970917
0.4970223771292557,13.697909124124196,13.705469562209254,-0.21953166944707436
0.4970225771292556,13.697896701123494,13.705457182547573,-0.21994753200273
0.49702277712925563,13.697884254374463,13.7054447785627,-0.22036384095802836
0.49702297712925564,13.697871783847102,13.705432350223909,-0.22078059565107247
0.49702317712925564,13.6978592895114,13.705419897499972,-0.22119779607051057
0.49702337712925565,13.697846771337339,13.705407420359775,-0.22161544204615696
0.49702357712925566,13.697834229294877,13.705394918772265,-0.22203353331056547
0.49702377712925566,13.697821663353968,13.705382392706369,-0.2224520696069255
0.49702397712925567,13.697809073484553,13.705369842130995,-0.22287105068906213
0.4970241771292557,13.69779645965655,13.705357267015032,-0.22329047632143603
0.4970243771292556,13.69778382183987,13.705344667327342,-0.22371034627902683
0.49702457712925563,13.697771160004411,13.705332043036776,-0.22413066034779963
0.49702477712925563,13.697758474120056,13.705319394112164,-0.22455141832400535
0.49702497712925564,13.697745764156675,13.705306720522314,-0.22497262001464716
0.49702517712925565,13.697733030084125,13.705294022236014,-0.22539426523736383
0.49702537712925565,13.697720271872248,13.705281299222037,-0.22581635382042975
0.49702557712925566,13.697707489490872,13.705268551449132,-0.2262388856027549
0.49702577712925566,13.69769468290982,13.705255778886025,-0.22666186043388487
0.49702597712925567,13.697681852098889,13.705242981501435,-0.22708527817400084
0.4970261771292557,13.697668997027868,13.705230159264477,-0.22750913807438064
0.4970263771292556,13.697656117666531,13.705217312143677,-0.2279334402426053
0.49702657712925563,13.697643213984637,13.705204440107766,-0.22835818446373113
0.49702677712925564,13.697630285951936,13.705191543125492,-0.22878337046749256
0.49702697712925564,13.697617333538162,13.705178621165604,-0.2292089979940609
0.49702717712925565,13.697604356713029,13.705165674196815,-0.22963506679392587
0.49702737712925565,13.697591355446253,13.705152702187824,-0.23006157662789647
0.49702757712925566,13.697578329707516,13.705139705107309,-0.23048852726710012
0.49702777712925567,13.697565279466504,13.705126682923934,-0.2309159184929832
0.49702797712925567,13.697552204692876,13.705113635606336,-0.2313437500973111
0.4970281771292557,13.697539105356283,13.705100563123137,-0.2317720218821676
0.4970283771292556,13.697525981426363,13.705087465442945,-0.23220073365983657
0.49702857712925563,13.697512832872734,13.705074342534335,-0.23262988525327757
0.49702877712925564,13.697499659665006,13.70506119436587,-0.23305947649541217
0.49702897712925564,13.697486461772773,13.705048020906098,-0.23348950722959955
0.49702917712925565,13.697473239165616,13.70503482212354,-0.23391997730951777
0.49702937712925566,13.697459991813098,13.705021597986935,-0.2343508862383289
0.49702957712925566,13.697446719684772,13.7050083484649,-0.23478223370289986
0.49702977712925567,13.697433422750173,13.70499507352584,-0.2352140197006719
0.4970299771292557,13.697420100978821,13.704981773138309,-0.23564624395256747
0.4970301771292556,13.697406754340232,13.70496844727086,-0.23607890618946237
0.49703037712925563,13.697393382803895,13.704955095892005,-0.2365120061526656
0.49703057712925564,13.69737998633929,13.704941718970254,-0.23694554359319941
0.49703077712925564,13.697366564915884,13.70492831647409,-0.23737951827227913
0.49703097712925565,13.697353118503125,13.704914888371984,-0.23781392996119335
0.49703117712925565,13.69733964707045,13.704901434632381,-0.23824877844130402
0.49703137712925566,13.697326150587283,13.70488795522371,-0.238684063504046
0.49703157712925566,13.697312629023033,13.704874450114376,-0.2391197849509276
0.49703177712925567,13.69729908234709,13.704860919272772,-0.23955594259353016
0.4970319771292557,13.69728551052883,13.704847362667268,-0.23999253625350836
0.4970321771292556,13.697271913537625,13.70483378026622,-0.24042956576246863
0.49703237712925563,13.697258291342816,13.704820172037953,-0.24086703096245468
0.49703257712925564,13.69724464391374,13.704806537950788,-0.24130493170521947
0.49703277712925564,13.697230971219717,13.704792877973325,-0.24174326731883766
0.49703297712925565,13.697217273230054,13.704779192073834,-0.2421820377318706
0.49703317712925565,13.697203549914036,13.704765480220567,-0.24262124284181083
0.49703337712925566,13.69718980124094,13.70475174238186,-0.24306088236402018
0.49703357712925567,13.697176027180028,13.70473797852604,-0.24350095602375701
0.49703377712925567,13.697162227700547,13.704724188621414,-0.2439414635561761
0.4970339771292557,13.697148402771726,13.704710372636267,-0.2443824047063284
0.4970341771292556,13.697134552362783,13.704696530538861,-0.2448237792290387
0.49703437712925563,13.697120676442918,13.704682662297449,-0.24526558688939573
0.49703457712925564,13.697106774981314,13.704668767880257,-0.24570782746201716
0.49703477712925564,13.697092847947145,13.704654847255494,-0.24615050073153935
0.49703497712925565,13.697078895309568,13.704640900391357,-0.2465936064924951
0.49703517712925566,13.697064917037723,13.704626927256015,-0.24703714454931347
0.49703537712925566,13.697050913100735,13.704612927817626,-0.24748111471631992
0.49703557712925567,13.69703688346772,13.704598902044324,-0.24792551681773625
0.4970357771292557,13.697022828107764,13.704584849904226,-0.24837035068768065
0.4970359771292556,13.697008746989962,13.70457077136543,-0.2488156161700438
0.49703617712925563,13.696994640083366,13.704556666396158,-0.249261312843088
0.49703637712925564,13.69698050735703,13.704542534964693,-0.24970744018192806
0.49703657712925564,13.69696634877999,13.704528377038953,-0.25015399832669066
0.49703677712925565,13.696952164321264,13.704514192587055,-0.2506009869808076
0.49703697712925565,13.696937953949856,13.704499981577097,-0.251048405857386
0.49703717712925566,13.696923717634757,13.704485743977157,-0.25149625467920794
0.49703737712925566,13.69690945534494,13.704471479755298,-0.2519445331787309
0.49703757712925567,13.696895167049364,13.704457188879562,-0.25239324109808764
0.4970377771292557,13.696880852716971,13.704442871317976,-0.2528423781890861
0.4970379771292556,13.696866512316696,13.704428527038546,-0.25329194421308454
0.49703817712925563,13.696852145817434,13.704414156009253,-0.2537419389414911
0.49703837712925564,13.696837753188092,13.704399758198074,-0.2541923621550147
0.49703857712925564,13.696823334397552,13.704385333572954,-0.25464321364416415
0.49703877712925565,13.696808889414676,13.704370882101832,-0.25509449320912364
0.49703897712925565,13.696794418208313,13.704356403752621,-0.25554620065975253
0.49703917712925566,13.696779920747298,13.704341898493213,-0.2559983358155855
0.49703937712925567,13.696765397000451,13.70432736629149,-0.25645089850583236
0.49703957712925567,13.696750846936576,13.704312807115311,-0.2569038885693783
0.4970397771292557,13.696736270524458,13.704298220932662,-0.2573573055235197
0.49703997712925563,13.69672166773287,13.704283607711568,-0.257811148866569
0.49704017712925563,13.696707038530564,13.704268967419708,-0.25826541875666836
0.49704037712925564,13.696692382886278,13.704254300024953,-0.25872011488572816
0.49704057712925565,13.696677700768738,13.704239605495149,-0.2591752369553983
0.49704077712925565,13.696662992146655,13.70422488379813,-0.2596307846769423
0.49704097712925566,13.696648256988723,13.704210134901716,-0.26008675777123774
0.49704117712925566,13.69663349526361,13.704195358773694,-0.2605431559687755
0.49704137712925567,13.696618706939987,13.704180555381846,-0.2609999790096602
0.4970415771292557,13.69660389198649,13.704165724693935,-0.26145722664361065
0.4970417771292556,13.696589050371758,13.704150866677704,-0.2619148986298317
0.49704197712925563,13.69657418206439,13.704135981300873,-0.26237299473752335
0.49704217712925564,13.696559287032988,13.704121068531148,-0.2628315147451183
0.49704237712925564,13.696544365246135,13.70410612833622,-0.2632904584407897
0.49704257712925565,13.696529416672393,13.70409116068376,-0.2637498256223247
0.49704277712925565,13.69651444128031,13.70407616554142,-0.26420961609712407
0.49704297712925566,13.696499439038424,13.704061142876835,-0.2646698296822021
0.49704317712925566,13.696484409915241,13.704046092657626,-0.265130466204187
0.49704337712925567,13.696469353879271,13.704031014851386,-0.2655915254993207
0.4970435771292557,13.696454270898997,13.70401590942598,-0.26605300667814397
0.4970437771292556,13.69643916094288,13.704000776348927,-0.2665149098398957
0.49704397712925563,13.696424023979368,13.70398561558775,-0.2669772348774637
0.49704417712925564,13.696408859976904,13.70397042711006,-0.2674399814714642
0.49704437712925564,13.6963936689039,13.703955210883429,-0.26790314931224457
0.49704457712925565,13.696378450728766,13.703939966875419,-0.26836673809975603
0.49704477712925565,13.69636320541988,13.703924695053574,-0.2688307475435531
0.49704497712925566,13.69634793294562,13.703909395385425,-0.26929517736279357
0.49704517712925567,13.69633263327433,13.703894067838482,-0.2697600272862391
0.49704537712925567,13.696317306374354,13.703878712380234,-0.2702252970522545
0.4970455771292557,13.69630195221401,13.703863328978155,-0.2706909864088081
0.49704577712925563,13.696286570761606,13.70384791759971,-0.27115709511334246
0.49704597712925563,13.696271161985416,13.703832478212332,-0.2716236229332914
0.49704617712925564,13.696255725853723,13.703817010783444,-0.27209056964530454
0.49704637712925565,13.696240262334774,13.703801515280453,-0.272557935035764
0.49704657712925565,13.696224771396809,13.703785991670749,-0.27302571890065536
0.49704677712925566,13.696209253008051,13.703770439921705,-0.27349392104556797
0.49704697712925566,13.6961937071367,13.703754860000668,-0.2739625412856943
0.49704717712925567,13.696178133750946,13.703739251874977,-0.2744315794458305
0.4970473771292557,13.696162532818965,13.70372361551202,-0.27490103511555486
0.4970475771292556,13.69614690430891,13.703707950879341,-0.2753709074283749
0.49704777712925563,13.696131248188905,13.703692257944066,-0.2758411968367397
0.49704797712925564,13.69611556442708,13.703676536673523,-0.2763119029974497
0.49704817712925564,13.696099852991535,13.703660787035014,-0.2767830255771495
0.49704837712925565,13.696084113850366,13.703645008995831,-0.2772545642521975
0.49704857712925565,13.696068346971636,13.703629202523242,-0.2777265187086655
0.49704877712925566,13.696052552323401,13.7036133675845,-0.2781988886423389
0.49704897712925566,13.696036729873697,13.703597504146847,-0.278671673758717
0.49704917712925567,13.696020879590543,13.703581612177496,-0.2791448737730124
0.4970493771292557,13.696005001441943,13.703565691643659,-0.27961848841015163
0.4970495771292556,13.695989095395888,13.703549742512523,-0.2800925174046432
0.49704977712925563,13.695973161420333,13.70353376475125,-0.2805669605011038
0.49704997712925564,13.695957199483239,13.703517758327,-0.28104181745346923
0.49705017712925564,13.695941209552537,13.703501723206907,-0.28151708802552056
0.49705037712925565,13.695925191596148,13.703485659358094,-0.28199277199075223
0.49705057712925566,13.69590914558197,13.703469566747662,-0.28246886913237257
0.49705077712925566,13.695893071477888,13.7034534453427,-0.2829453792433035
0.49705097712925567,13.695876969251767,13.703437295110279,-0.2834223021261804
0.4970511771292557,13.695860838871457,13.703421116017449,-0.2838996375933525
0.4970513771292557,13.695844680304791,13.703404908031247,-0.2843773854668825
0.49705157712925563,13.695828493519594,13.703388671118864,-0.2848555447544412
0.49705177712925563,13.69581227848364,13.70337240524731,-0.2853341154227124
0.49705197712925564,13.695796035164724,13.703356110383535,-0.2858130975928855
0.49705217712925565,13.695779763530608,13.703339786494542,-0.28629249090013276
0.49705237712925565,13.695763463549032,13.703323433547329,-0.28677229498968276
0.49705257712925566,13.695747135187734,13.70330705150887,-0.2872525095168202
0.49705277712925566,13.695730778414418,13.703290640346125,-0.2877331341468857
0.49705297712925567,13.695714393196784,13.703274200026039,-0.28821416855527643
0.4970531771292557,13.695697979502505,13.703257730515537,-0.2886956124274454
0.4970533771292556,13.695681537299247,13.703241231781544,-0.28917746545876805
0.49705357712925563,13.695665066554643,13.703224703790935,-0.2896597273550773
0.49705377712925564,13.695648567236317,13.703208146510605,-0.290142397831861
0.49705397712925564,13.695632039311883,13.703191559907413,-0.2906254766147969
0.49705417712925565,13.695615482748924,13.70317494394821,-0.2911089634396188
0.49705437712925565,13.695598897515016,13.703158298599824,-0.29159285805211677
0.49705457712925566,13.69558228357771,13.703141623829076,-0.2920771602081369
0.49705477712925566,13.695565640904544,13.703124919602761,-0.29256186967358155
0.49705497712925567,13.695548969463038,13.703108185887668,-0.2930469862244093
0.4970551771292557,13.695532269220696,13.70309142265056,-0.2935325096466345
0.4970553771292556,13.695515540144998,13.703074629858195,-0.2940184397361931
0.49705557712925563,13.695498782203414,13.703057807477304,-0.29450477629948196
0.49705577712925564,13.695481995363389,13.703040955474604,-0.294991519152549
0.49705597712925564,13.695465179592361,13.703024073816884,-0.2954786672699471
0.49705617712925565,13.69544833485774,13.703007162470886,-0.29596622030433556
0.49705637712925566,13.695431461126917,13.702990221403228,-0.29645417876578284
0.49705657712925566,13.695414558367272,13.702973250580587,-0.2969425422509893
0.49705677712925567,13.695397626546166,13.702956249969622,-0.29743131036735326
0.4970569771292557,13.695380665630942,13.702939219536978,-0.29792048273297167
0.4970571771292557,13.695363675588927,13.702922159249288,-0.2984100589766395
0.49705737712925563,13.695346656387436,13.702905069073172,-0.29890003873771415
0.49705757712925563,13.69532960799374,13.702887948975215,-0.29939042166665925
0.49705777712925564,13.695312530375123,13.702870798922016,-0.29988120742422864
0.49705797712925565,13.695295423498832,13.702853618880134,-0.3003723956820105
0.49705817712925565,13.695278287332112,13.702836408816133,-0.30086398612229154
0.49705837712925566,13.69526112184217,13.702819168696543,-0.3013559784380562
0.49705857712925566,13.695243926996211,13.702801898487893,-0.30184837233298767
0.49705877712925567,13.695226702761419,13.70278459815669,-0.3023411675214671
0.4970589771292557,13.69520944910495,13.70276726766943,-0.3028343637285742
0.4970591771292556,13.695192165993964,13.70274990699259,-0.3033279606899497
0.49705937712925563,13.69517485339557,13.702732516092631,-0.30382195815234375
0.49705957712925564,13.695157511276888,13.702715094936,-0.3043163558727936
0.49705977712925564,13.695140139605009,13.70269764348913,-0.3048111536191722
0.49705997712925565,13.695122738347004,13.702680161718437,-0.30530635117005045
0.49706017712925565,13.695105307469936,13.702662649590327,-0.3058019483146974
0.49706037712925566,13.695087846940833,13.702645107071184,-0.3062979448530807
0.49706057712925567,13.695070356726719,13.70262753412738,-0.30679434059586613
0.49706077712925567,13.695052836794599,13.70260993072527,-0.3072911353644177
0.4970609771292557,13.695035287111457,13.702592296831245,-0.307788326702017
0.4970611771292556,13.695017707644258,13.702574632411599,-0.30828591611110606
0.49706137712925563,13.695000098359937,13.702556937432618,-0.308783903655441
0.49706157712925564,13.694982459225429,13.702539211860605,-0.30928228887502907
0.49706177712925564,13.694964790207644,13.702521455661845,-0.3097810713220989
0.49706197712925565,13.694947091273475,13.702503668802605,-0.31028025056096276
0.49706217712925566,13.694929362389798,13.702485851249135,-0.31077982616801625
0.49706237712925566,13.694911603523469,13.702468002967674,-0.3112797977317385
0.49706257712925567,13.694893814641325,13.702450123924448,-0.31178016485269194
0.4970627771292557,13.694875995710186,13.702432214085666,-0.3122809271435229
0.4970629771292557,13.694858146696852,13.702414273417528,-0.31278208422896064
0.49706317712925563,13.694840267568111,13.70239630188621,-0.3132836357456789
0.49706337712925563,13.694822358290716,13.702378299457878,-0.3137855813428525
0.49706357712925564,13.694804418831419,13.702360266098683,-0.3142879206813222
0.49706377712925565,13.694786449156943,13.702342201774762,-0.3147906534341513
0.49706397712925565,13.694768449234004,13.702324106452238,-0.31529377928648666
0.49706417712925566,13.694750419029283,13.702305980097224,-0.31579729793555844
0.49706437712925566,13.69473235850946,13.702287822675807,-0.3163012090906804
0.49706457712925567,13.694714267641185,13.70226963415407,-0.3168055124732497
0.4970647771292557,13.69469614639109,13.702251414498077,-0.31731020781674696
0.4970649771292556,13.694677994725797,13.702233163673881,-0.31781529486659604
0.49706517712925563,13.6946598126119,13.702214881647512,-0.3183207733807249
0.49706537712925564,13.694641600015975,13.702196568384991,-0.31882664312872444
0.49706557712925564,13.69462335690459,13.702178223852329,-0.31933290389240904
0.49706577712925565,13.694605083244282,13.702159848015514,-0.3198395554656768
0.49706597712925565,13.694586779001579,13.702141440840526,-0.3203465976545089
0.49706617712925566,13.694568444142986,13.702123002293328,-0.3208540302769704
0.49706637712925567,13.694550078634988,13.70210453233987,-0.3213618531632095
0.49706657712925567,13.694531682444055,13.702086030946067,-0.3218700658762286
0.4970667771292557,13.694513255536643,13.702067498077573,-0.3223786647963607
0.4970669771292556,13.69449479787918,13.702048933700452,-0.3228876530417202
0.49706717712925563,13.694476309438064,13.702030337780561,-0.3233970300994502
0.49706737712925564,13.694457790179705,13.702011710283767,-0.32390679546946916
0.49706757712925564,13.694439240070468,13.701993051175908,-0.3244169486650357
0.49706777712925565,13.69442065907671,13.701974360422813,-0.32492748921260783
0.49706797712925566,13.694402047164779,13.701955637990304,-0.32543841665184253
0.49706817712925566,13.694383404300988,13.701936883844182,-0.32594973053559595
0.49706837712925567,13.694364730451632,13.701918097950232,-0.32646143042992326
0.4970685771292557,13.694346025582998,13.701899280274237,-0.32697351591407886
0.4970687771292557,13.694327289661349,13.701880430781953,-0.32748598658051614
0.49706897712925563,13.69430852265293,13.701861549439139,-0.32799884203474533
0.49706917712925563,13.694289724523959,13.701842636211516,-0.32851208189590286
0.49706937712925564,13.694270895240644,13.701823691064813,-0.32902570579589724
0.49706957712925565,13.694252034769173,13.701804713964734,-0.32953971337997834
0.49706977712925565,13.694233143075715,13.701785704876979,-0.3300541043065953
0.49706997712925566,13.694214220126417,13.701766663767225,-0.3305688782473963
0.49707017712925566,13.694195265887414,13.701747590601142,-0.33108403488722854
0.49707037712925567,13.694176280324815,13.70172848534438,-0.3315995739241385
0.4970705771292557,13.69415726340471,13.701709347962582,-0.3321154950693717
0.4970707771292556,13.694138215093181,13.70169017842138,-0.33263179804722937
0.49707097712925563,13.694119135356273,13.701670976686378,-0.33314848259564195
0.49707117712925564,13.694100024160024,13.701651742723175,-0.333665548465309
0.49707137712925564,13.694080881470454,13.70163247649736,-0.3341829954202725
0.49707157712925565,13.694061707253564,13.701613177974508,-0.33470082323777367
0.49707177712925565,13.694042501475327,13.701593847120177,-0.3352190317082526
0.49707197712925566,13.694023264101707,13.701574483899908,-0.33573762063534873
0.49707217712925567,13.69400399509865,13.701555088279235,-0.33625658983590045
0.49707237712925567,13.693984694432077,13.70153566022347,-0.33677593779748405
0.4970725771292557,13.693965362067887,13.701516199697723,-0.3372956628311643
0.4970727771292556,13.693945997971976,13.70149670666779,-0.3378157671174713
0.49707297712925563,13.693926602110198,13.701477181099094,-0.3383362500989815
0.49707317712925564,13.693907174448407,13.701457622957061,-0.33885711123219253
0.49707337712925564,13.693887714952425,13.701438032207104,-0.3393783499881011
0.49707357712925565,13.693868223588062,13.701418408814616,-0.3398999658520583
0.49707377712925566,13.69384870032111,13.701398752744987,-0.3404219583237697
0.49707397712925566,13.693829145117341,13.701379063963582,-0.34094432691729537
0.49707417712925567,13.6938095579425,13.701359342435769,-0.34146707116104985
0.4970743771292557,13.693789938762324,13.701339588126888,-0.34199019059780233
0.4970745771292557,13.693770287542524,13.701319801002283,-0.34251368478467625
0.49707477712925563,13.6937506042488,13.701299981027272,-0.34303755329300417
0.49707497712925564,13.693730888846819,13.70128012816716,-0.3435617957089095
0.49707517712925564,13.693711141302233,13.70126024238725,-0.34408641163243375
0.49707537712925565,13.693691361580685,13.701240323652826,-0.3446114006781187
0.49707557712925565,13.693671549647792,13.701220371929164,-0.34513676247486025
0.49707577712925566,13.693651705469149,13.701200387181526,-0.3456624966659087
0.49707597712925566,13.693631829010338,13.701180369375155,-0.3461886029088693
0.49707617712925567,13.693611920236917,13.701160318475296,-0.34671508087570135
0.4970763771292557,13.693591979114426,13.701140234447163,-0.347241930252719
0.4970765771292556,13.693572005608395,13.701120117255979,-0.34776915074044407
0.49707677712925563,13.69355199968431,13.70109996686693,-0.34829674205419237
0.49707697712925564,13.693531961307665,13.70107978324521,-0.3488247039231949
0.49707717712925564,13.69351189044392,13.70105956635599,-0.34935303609118373
0.49707737712925565,13.693491787058523,13.701039316164438,-0.3498817383162452
0.49707757712925565,13.693471651116896,13.701019032635697,-0.3504108103708202
0.49707777712925566,13.693451482584448,13.700998715734908,-0.3509402520417042
0.49707797712925567,13.693431281426566,13.700978365427195,-0.35147006313004703
0.49707817712925567,13.69341104760862,13.700957981677027,-0.35200024097358495
0.4970783771292557,13.69339078109596,13.700937564449347,-0.3525307859760461
0.4970785771292556,13.693370481853924,13.700917113709554,-0.35306169927419245
0.49707877712925563,13.693350149847808,13.700896629422642,-0.3535929802631418
0.49707897712925564,13.693329785042911,13.700876111553615,-0.35412462835310493
0.49707917712925564,13.693309387404504,13.700855560067449,-0.3546566429699752
0.49707937712925565,13.693288956897838,13.700834974929132,-0.35518902355518106
0.49707957712925566,13.69326849348815,13.700814356103614,-0.3557217695656863
0.49707977712925566,13.693247997140649,13.700793703555854,-0.35625488047398945
0.49707997712925567,13.693227467820531,13.70077301725079,-0.35678835576812473
0.4970801771292557,13.693206905492971,13.700752297153361,-0.3573221949516611
0.4970803771292557,13.693186310123128,13.700731543228477,-0.3578563975437029
0.49708057712925563,13.693165681676138,13.700710755441053,-0.358390963078741
0.49708077712925564,13.693145020117111,13.700689933755978,-0.3589258911072469
0.49708097712925564,13.693124325411151,13.700669078138143,-0.35946118119478176
0.49708117712925565,13.693103597523335,13.700648188552426,-0.3599968329225906
0.49708137712925565,13.693082836418721,13.70062726496369,-0.3605328458874535
0.49708157712925566,13.693062042062353,13.70060630733679,-0.3610692197016856
0.49708177712925566,13.693041214419248,13.70058531563657,-0.36160595399313716
0.49708197712925567,13.693020353454408,13.700564289827856,-0.3621430484051938
0.4970821771292557,13.692999459132812,13.700543229875478,-0.36268050259677614
0.4970823771292556,13.692978531419437,13.700522135744249,-0.3632183162421907
0.49708257712925563,13.692957570279207,13.700501007398955,-0.3637564890317269
0.49708277712925564,13.692936575677054,13.70047984480439,-0.3642950206707617
0.49708297712925564,13.692915547577886,13.700458647925334,-0.3648339108803563
0.49708317712925565,13.692894485946583,13.700437416726553,-0.36537315939710735
0.49708337712925565,13.692873390748016,13.700416151172801,-0.36591276597314604
0.49708357712925566,13.692852261947028,13.700394851228825,-0.36645273037613957
0.49708377712925567,13.692831099508446,13.700373516859358,-0.3669930523892895
0.49708397712925567,13.692809903397086,13.700352148027738,-0.36753372814515234
0.4970841771292557,13.692788673577736,13.700330744699228,-0.36807476026691016
0.49708437712925563,13.692767410015177,13.70030930683865,-0.36861614875897114
0.49708457712925563,13.692746112674142,13.700287834410583,-0.36915789296619705
0.49708477712925564,13.692724781519374,13.700266327379623,-0.36969999224974165
0.49708497712925565,13.692703416515581,13.700244785710339,-0.37024244598765216
0.49708517712925565,13.692682017627453,13.700223209367303,-0.3707852535747181
0.49708537712925566,13.692660584819665,13.700201598315068,-0.37132841442247255
0.49708557712925566,13.692639118056865,13.700179952518187,-0.371871927959191
0.49708577712925567,13.692617617303695,13.700158271941195,-0.372415793629892
0.4970859771292557,13.692596082524762,13.700136556548625,-0.37296001089633696
0.4970861771292557,13.692574513684667,13.700114806304995,-0.3735045792370303
0.49708637712925563,13.692552910747988,13.700093021174824,-0.3740494981470677
0.49708657712925564,13.69253127367927,13.700071201122602,-0.374594767138742
0.49708677712925564,13.692509602443058,13.700049346112829,-0.3751403857406349
0.49708697712925565,13.692487897003867,13.70002745610999,-0.3756863534982223
0.49708717712925565,13.692466157326201,13.700005531078553,-0.37623266997372296
0.49708737712925566,13.692444383374532,13.699983570982994,-0.3767793347460984
0.49708757712925566,13.692422575113323,13.699961575787762,-0.3773263474110535
0.49708777712925567,13.692400732507018,13.699939545457308,-0.37787370758103533
0.4970879771292557,13.692378855520031,13.699917479956067,-0.37842141488523445
0.4970881771292556,13.692356944116778,13.699895379248478,-0.378969468969432
0.49708837712925563,13.692334998261623,13.699873243298947,-0.37951786949660815
0.49708857712925564,13.692313017918938,13.699851072071889,-0.3800666161460299
0.49708877712925564,13.69229100305307,13.699828865531709,-0.3806157086138592
0.49708897712925565,13.692268953628338,13.699806623642795,-0.38116514661300077
0.49708917712925565,13.692246869609049,13.699784346369535,-0.38171492987310235
0.49708937712925566,13.69222475095949,13.699762033676299,-0.38226505814055445
0.49708957712925567,13.692202597643927,13.699739685527256,-0.38281553070839236
0.49708977712925567,13.692180409626612,13.69971730188485,-0.3833663438788633
0.4970899771292557,13.692158186871781,13.699694882714677,-0.38391750117599655
0.49709017712925563,13.692135929343651,13.69967242798096,-0.38446900187269967
0.49709037712925563,13.6921136370064,13.699649937647886,-0.3850208452603639
0.49709057712925564,13.692091309824203,13.69962741167966,-0.385573030647946
0.49709077712925565,13.692068947761207,13.699604850040464,-0.38612555736258
0.49709097712925565,13.692046550781546,13.699582252694482,-0.38667842474942465
0.49709117712925566,13.692024118849334,13.699559619605884,-0.38723163217166334
0.49709137712925566,13.692001651928658,13.699536950738842,-0.3877851790105036
0.49709157712925567,13.691979149983602,13.699514246057511,-0.38833906466517776
0.4970917771292557,13.691956612978213,13.699491505526048,-0.3888932885529428
0.4970919771292557,13.691934040876525,13.699468729108588,-0.38944785010907984
0.49709217712925563,13.691911433642568,13.699445916769285,-0.3900027487867407
0.49709237712925564,13.691888791240322,13.699423068472253,-0.3905579840575637
0.49709257712925564,13.691866113633774,13.699400184181622,-0.39111355541074994
0.49709277712925565,13.69184340078688,13.699377263861509,-0.39166946235367867
0.49709297712925565,13.691820652663578,13.69935430747602,-0.39222570441175386
0.49709317712925566,13.691797869227795,13.699331314989259,-0.39278228112840397
0.49709337712925566,13.691775050443425,13.699308286365321,-0.3933391920650819
0.49709357712925567,13.691752196274358,13.69928522156829,-0.39389643680126524
0.4970937771292557,13.69172930668445,13.699262120562254,-0.3944540149344557
0.4970939771292556,13.691706381637559,13.699238983311286,-0.39501192608002533
0.49709417712925563,13.69168342109749,13.699215809779444,-0.3955701698718347
0.49709437712925564,13.691660425028054,13.699192599930788,-0.39612874596130443
0.49709457712925564,13.691637393393046,13.699169353729374,-0.39668765401803485
0.49709477712925565,13.691614326156227,13.699146071139246,-0.39724689372965044
0.49709497712925566,13.691591223281344,13.69912275212444,-0.3978064648018004
0.49709517712925566,13.69156808473213,13.699099396648986,-0.39836636695815814
0.49709537712925567,13.691544910472292,13.699076004675991,-0.39892659828759014
0.4970955771292557,13.691521700465529,13.699052576168103,-0.39948715741593677
0.4970957771292557,13.691498454675525,13.699029111090505,-0.4000480466270104
0.49709597712925563,13.69147517306594,13.699005609407038,-0.40060926513870865
0.49709617712925563,13.69145185560039,13.69898207108153,-0.4011708121885915
0.49709637712925564,13.691428502242498,13.698958496077811,-0.40173268703294723
0.49709657712925565,13.691405112955863,13.698934884359712,-0.4022948889474149
0.49709677712925565,13.691381687704055,13.698911235891051,-0.4028574172268288
0.49709697712925566,13.691358226450635,13.69888755063564,-0.40342027118521867
0.49709717712925566,13.69133472915914,13.698863828557295,-0.40398345015580955
0.49709737712925567,13.691311195793087,13.698840069619818,-0.40454695349102165
0.4970975771292557,13.691287626315985,13.698816273787013,-0.40511078056247063
0.4970977771292557,13.69126402069131,13.698792441022677,-0.40567493076096706
0.49709797712925563,13.691240378882537,13.698768571290607,-0.40623940349636073
0.49709817712925564,13.691216700853092,13.698744664554573,-0.4068041981981661
0.49709837712925564,13.69119298656641,13.69872072077837,-0.40736931431462325
0.49709857712925565,13.691169235985898,13.69869673992577,-0.4079347513133243
0.49709877712925565,13.691145449074941,13.698672721960548,-0.4085005086810565
0.49709897712925566,13.691121625796915,13.698648666846472,-0.4090665859238023
0.49709917712925566,13.691097766115165,13.698624574547303,-0.4096329825667396
0.49709937712925567,13.691073869993025,13.698600445026802,-0.41019969815424145
0.4970995771292557,13.69104993739381,13.69857627824872,-0.4107667322498764
0.4970997771292556,13.691025968280814,13.698552074176813,-0.4113340844362505
0.49709997712925563,13.691001962617305,13.698527832774811,-0.4119017543156377
0.49710017712925564,13.690977920366546,13.698503554006459,-0.412469741509035
0.49710037712925564,13.69095384149177,13.698479237835489,-0.41303804565679164
0.49710057712925565,13.690929725956202,13.698454884225637,-0.41360666641845273
0.49710077712925566,13.690905573723038,13.698430493140625,-0.4141756034727582
0.49710097712925566,13.690881384755459,13.698406064544168,-0.4147448565176437
0.49710117712925567,13.690857159016627,13.69838159839797,-0.4153144224157007
0.4971013771292557,13.6908328964697,13.698357094665518,-0.41588430218354666
0.4971015771292557,13.690808597077824,13.698332553311339,-0.4164544968210871
0.49710177712925563,13.690784260804097,13.698307974298936,-0.41702500548708976
0.49710197712925563,13.690759887611604,13.698283357591796,-0.417595827361374
0.49710217712925564,13.690735477463415,13.698258703153426,-0.41816696164386086
0.49710237712925565,13.69071103032258,13.698234010947322,-0.41873840755520625
0.49710257712925565,13.690686546152136,13.698209280936975,-0.4193101643366426
0.49710277712925566,13.690662024915092,13.698184513085877,-0.41988223124997875
0.49710297712925566,13.690637466574444,13.698159707357515,-0.4204546075776002
0.49710317712925567,13.690612871093174,13.698134863715378,-0.421027292622469
0.4971033771292557,13.690588238434238,13.698109982122947,-0.42160028570812386
0.4971035771292556,13.690563568560584,13.698085062543713,-0.4221735861785206
0.49710377712925563,13.690538861435122,13.698060104941142,-0.4227471933986692
0.49710397712925564,13.690514117020761,13.698035109278717,-0.4233211067536786
0.49710417712925564,13.69048933528039,13.698010075519912,-0.42389532564939375
0.49710437712925565,13.690464516176878,13.697985003628203,-0.424469849512236
0.49710457712925565,13.69043965967307,13.69795989356706,-0.42504467778920313
0.49710477712925566,13.6904147657318,13.69793474529995,-0.4256198099478694
0.49710497712925567,13.690389834315884,13.69790955879034,-0.4261952454763859
0.49710517712925567,13.69036486538811,13.697884334001696,-0.42677098388348
0.4971053771292557,13.690339858911264,13.697859070897477,-0.42734702469845587
0.4971055771292556,13.690314814848106,13.697833769441148,-0.4279233674710339
0.49710577712925563,13.690289733161359,13.697808429596156,-0.4285000117719911
0.49710597712925564,13.690264613813758,13.697783051325962,-0.4290769571922014
0.49710617712925564,13.690239456768005,13.697757634594018,-0.4296542033432749
0.49710637712925565,13.690214261986785,13.697732179363774,-0.4302317498573983
0.49710657712925566,13.690189029432764,13.69770668559868,-0.430809596387335
0.49710677712925566,13.690163759068591,13.69768115326218,-0.4313877426064247
0.49710697712925567,13.690138450856914,13.697655582313779,-0.43196618528352415
0.4971071771292557,13.690113104760352,13.697629972718987,-0.4325449263589017
0.4971073771292557,13.690087720741506,13.69760432444145,-0.4331239653993235
0.49710757712925563,13.690062298762955,13.69757863744435,-0.4337033015824413
0.49710777712925563,13.690036838787243,13.697552911690861,-0.4342829341040678
0.49710797712925564,13.690011340776925,13.697527147144173,-0.4348628621772129
0.49710817712925565,13.689985804694519,13.697501343767481,-0.4354430850327266
0.49710837712925565,13.68996023050253,13.697475501523966,-0.4360236019191374
0.49710857712925566,13.689934618163454,13.697449620376837,-0.4366044121026538
0.49710877712925566,13.68990896763976,13.697423700289285,-0.4371855148671627
0.49710897712925567,13.689883278893896,13.697397741224513,-0.43776690951423053
0.4971091771292557,13.689857551888302,13.697371743145728,-0.43834859536310294
0.4971093771292556,13.689831786585405,13.697345706016142,-0.43893057175054284
0.49710957712925563,13.689805982947593,13.697319629798956,-0.4395128380314773
0.49710977712925564,13.689780140937252,13.697293514457385,-0.4400953935780276
0.49710997712925564,13.689754260516752,13.697267359954655,-0.44067823778015613
0.49711017712925565,13.68972834164844,13.697241166253985,-0.4412613700455042
0.49711037712925565,13.689702384294645,13.697214933318593,-0.44184478979939196
0.49711057712925566,13.689676388417682,13.697188661111708,-0.4424284964848192
0.49711077712925567,13.689650353979847,13.697162349596562,-0.4430124895624647
0.49711097712925567,13.689624280943416,13.697135998736387,-0.4435967685106863
0.4971111771292557,13.689598169270653,13.69710960849442,-0.444181332825521
0.4971113771292556,13.689572018923805,13.697083178833909,-0.444766182020523
0.49711157712925563,13.689545829865086,13.697056709718078,-0.44535131562741187
0.49711177712925564,13.68951960205671,13.697030201110184,-0.4459367331951001
0.49711197712925564,13.689493335460861,13.697003652972175,-0.44652243334408226
0.49711217712925565,13.689467030039738,13.696977065265523,-0.4471084154166887
0.49711237712925566,13.689440685755503,13.696950437955,-0.4476946804045684
0.49711257712925566,13.689414302570295,13.69692377100354,-0.44828122743218196
0.49711277712925567,13.689387880446233,13.69689706437408,-0.448868055642083
0.4971129771292557,13.689361419345428,13.696870318029568,-0.44945516419491816
0.4971131771292557,13.689334919229962,13.696843531932952,-0.4500425522694276
0.49711337712925563,13.689308380061917,13.6968167060472,-0.45063021906228073
0.49711357712925563,13.689281801803332,13.696789840335258,-0.45121816378873003
0.49711377712925564,13.689255184416252,13.696762934760104,-0.4518063856816314
0.49711397712925565,13.6892285278627,13.696735989284717,-0.45239488399209704
0.49711417712925565,13.689201832104674,13.696709003872078,-0.4529836579893323
0.49711437712925566,13.68917509710417,13.696681978485172,-0.4535727069606354
0.49711457712925566,13.68914832282316,13.696654913087,-0.45416203021139784
0.49711477712925567,13.689121509223588,13.69662780764056,-0.454751627065104
0.4971149771292557,13.689094656267406,13.696600662108859,-0.4553414968633317
0.4971151771292556,13.689067763916531,13.69657347645492,-0.4559316389655875
0.49711537712925563,13.68904083213286,13.696546250641747,-0.45652205274996316
0.49711557712925564,13.689013860878283,13.696518984632377,-0.4571127376121512
0.49711577712925564,13.688986850114674,13.696491678389837,-0.457703692966102
0.49711597712925565,13.688959799803891,13.69646433187717,-0.4582949182438585
0.49711617712925565,13.688932709907766,13.696436945057421,-0.45888641289555654
0.49711637712925566,13.688905580388122,13.696409517893638,-0.45947817638942556
0.49711657712925567,13.688878411206762,13.696382050348882,-0.4600702082117877
0.49711677712925567,13.688851202325479,13.696354542386215,-0.4606625078670583
0.4971169771292557,13.68882395370604,13.696326993968711,-0.4612550748777458
0.4971171771292556,13.68879666531021,13.696299405055678,-0.4618479068273579
0.49711737712925563,13.68876933709974,13.696271775611857,-0.4624410054507087
0.49711757712925564,13.68874196903636,13.69624410560046,-0.4630343701786719
0.49711777712925564,13.68871456108178,13.696216394984216,-0.4636280000966686
0.49711797712925565,13.688687113197686,13.69618864372585,-0.4642218943088526
0.49711817712925566,13.688659625345755,13.69616085178811,-0.46481605193811043
0.49711837712925566,13.688632097487641,13.69613301913374,-0.4654104721260616
0.49711857712925567,13.688604529584993,13.696105145725504,-0.46600515403305814
0.4971187771292557,13.688576921599433,13.696077231526166,-0.4666000968381846
0.4971189771292557,13.688549273492578,13.696049276498513,-0.46719529973925894
0.49711917712925563,13.688521585226027,13.696021280605333,-0.4677907619526658
0.49711937712925564,13.688493856761347,13.695993243809408,-0.46838648271401895
0.49711957712925564,13.688466088060117,13.69596516607356,-0.46898246127716886
0.49711977712925565,13.688438279083877,13.695937047360596,-0.469578696914864
0.49711997712925565,13.68841042979417,13.695908887633346,-0.4701751889185856
0.49712017712925566,13.688382540152505,13.695880686854645,-0.4707719365985478
0.49712037712925566,13.688354610120388,13.695852444987334,-0.4713689392836973
0.49712057712925567,13.68832663965931,13.69582416199427,-0.47196619632171344
0.4971207771292557,13.68829862873074,13.695795837838316,-0.47256370707900847
0.4971209771292556,13.688270577296139,13.69576747248235,-0.4731614709405615
0.49712117712925563,13.688242485316934,13.695739065889239,-0.4737594873105819
0.49712137712925564,13.68821435275456,13.695710618021879,-0.47435775561151444
0.49712157712925564,13.688186179570424,13.695682128843174,-0.4749562752847021
0.49712177712925565,13.688157965725921,13.695653598316031,-0.4755550457902208
0.49712197712925565,13.688129711182423,13.695625026403372,-0.4761540666068793
0.49712217712925566,13.688101415901297,13.695596413066491,-0.47675333638308576
0.49712237712925567,13.688073079843909,13.695567758265902,-0.47735285455989573
0.49712257712925567,13.688044702971608,13.695539061966569,-0.4779526220569003
0.4971227771292557,13.688016285245713,13.695510324131027,-0.4785526379049005
0.4971229771292556,13.68798782662753,13.695481544721824,-0.4791529011539081
0.49712317712925563,13.687959327078334,13.695452723701502,-0.4797534108738119
0.49712337712925564,13.687930786559404,13.695423861032635,-0.48035416615337817
0.49712357712925564,13.687902205032,13.69539495667781,-0.4809551661009172
0.49712377712925565,13.687873582457362,13.695366010599606,-0.4815564098441164
0.49712397712925566,13.68784491879673,13.695337022760638,-0.4821578965300405
0.49712417712925566,13.68781621401131,13.695307993123519,-0.48275962532513145
0.49712437712925567,13.687787468062307,13.695278921650884,-0.4833615954152085
0.4971245771292557,13.687758680910912,13.695249808305372,-0.48396380600546834
0.4971247771292557,13.687729852518293,13.695220653049633,-0.48456625632048467
0.49712497712925563,13.687700982845621,13.695191455846349,-0.4851689456040413
0.49712517712925564,13.68767207185402,13.69516221665818,-0.485771873119801
0.49712537712925564,13.687643119504632,13.695132935447825,-0.4863750381503024
0.49712557712925565,13.68761412575857,13.69510361217799,-0.4869784399976284
0.49712577712925565,13.687585090576933,13.695074246811389,-0.487582077983239
0.49712597712925566,13.687556013920812,13.695044839310754,-0.4881859514479718
0.49712617712925566,13.68752689575128,13.69501538963882,-0.48879005975204143
0.49712637712925567,13.68749773602939,13.694985897758352,-0.4893944022750401
0.4971265771292557,13.687468534716196,13.694956363632103,-0.48999897841593687
0.4971267771292556,13.687439291772725,13.694926787222869,-0.4906037875929105
0.49712697712925563,13.687410007159983,13.694897168493421,-0.4912088292440207
0.49712717712925564,13.687380680838977,13.694867507406569,-0.49181410282620036
0.49712737712925564,13.687351312770712,13.694837803920192,-0.49241960703542964
0.49712757712925565,13.687321902916176,13.694808057999342,-0.49302534232479167
0.49712777712925565,13.68729245123633,13.694778269607093,-0.4936313079437134
0.49712797712925566,13.687262957692123,13.69474843870581,-0.494237502973719
0.49712817712925567,13.687233422244482,13.694718565257872,-0.4948439265105687
0.49712837712925567,13.687203844854334,13.694688649225684,-0.4954505776642599
0.4971285771292557,13.687174225482584,13.69465869057166,-0.49605745555902575
0.49712877712925563,13.687144564090136,13.694628689258241,-0.49666455933316817
0.49712897712925563,13.687114860637855,13.694598645247874,-0.49727188813973044
0.49712917712925564,13.687085115086614,13.694568558503033,-0.49787944114548743
0.49712937712925565,13.687055327397275,13.69453842898621,-0.4984872175316186
0.49712957712925565,13.68702549753068,13.694508256659917,-0.4990952164935404
0.49712977712925566,13.686995625447656,13.69447804148668,-0.49970343724090516
0.49712997712925566,13.686965711109021,13.694447783429046,-0.5003118789976022
0.49713017712925567,13.686935754475579,13.694417482449579,-0.5009205410017573
0.4971303771292557,13.686905755508118,13.69438713851086,-0.5015294225057327
0.4971305771292557,13.68687571416742,13.694356751575498,-0.5021385227761272
0.49713077712925563,13.686845630414258,13.694326321606109,-0.5027478410936069
0.49713097712925564,13.686815504209367,13.694295848565325,-0.5033573767535817
0.49713117712925564,13.686785335513491,13.694265332415801,-0.5039671290651911
0.49713137712925565,13.686755124287357,13.69423477312022,-0.50457709735198
0.49713157712925565,13.686724870491684,13.694204170641267,-0.5051872809517294
0.49713177712925566,13.686694574087163,13.694173524941183,-0.5057976791115252
0.49713197712925566,13.686664235034497,13.694142835978631,-0.5064082910904308
0.49713217712925567,13.686633853294385,13.694112103718973,-0.5070191173124673
0.4971323771292557,13.686603428827485,13.694081328124414,-0.5076301568312168
0.4971325771292556,13.686572961594456,13.694050509157195,-0.5082414087141272
0.49713277712925563,13.686542451555924,13.694019646779555,-0.5088528720431893
0.49713297712925564,13.68651189867252,13.693988740953777,-0.5094645459139193
0.49713317712925564,13.686481302904864,13.693957791642156,-0.5100764294360383
0.49713337712925565,13.686450664213563,13.693926798807002,-0.5106885217333016
0.49713357712925565,13.686419982559206,13.693895762410662,-0.5113008219434986
0.49713377712925566,13.686389257902379,13.693864682415487,-0.5119133292184537
0.49713397712925567,13.686358490203649,13.693833558783856,-0.5125260427240256
0.49713417712925567,13.686327679423576,13.69380239147817,-0.5131389616401079
0.4971343771292557,13.686296825522703,13.693771180460848,-0.5137520851606282
0.49713457712925563,13.686265928461582,13.693739925694342,-0.5143654124933787
0.49713477712925563,13.686234988200715,13.693708627141095,-0.5149789428606969
0.49713497712925564,13.686204004700624,13.693677284763604,-0.5155926754984437
0.49713517712925565,13.686172977921808,13.693645898524363,-0.5162066096566853
0.49713537712925565,13.68614190782476,13.693614468385906,-0.5168207445995222
0.49713557712925566,13.686110794369956,13.693582994310775,-0.5174350796050894
0.49713577712925566,13.686079637517862,13.693551476261534,-0.5180496139655562
0.49713597712925567,13.686048437228933,13.693519914200778,-0.5186643469871267
0.4971361771292557,13.686017193463615,13.693488308091107,-0.5192792779900397
0.4971363771292557,13.685985906182335,13.693456657893368,-0.519894406076893
0.49713657712925563,13.685954575345548,13.693424963567821,-0.5205097312208614
0.49713677712925564,13.685923200913658,13.693393225079031,-0.521125253252161
0.49713697712925564,13.68589178284707,13.693361442389092,-0.5217409712119784
0.49713717712925565,13.685860321106178,13.693329615460117,-0.5223568841558484
0.49713737712925565,13.685828815651359,13.693297744254235,-0.5229729911534833
0.49713757712925566,13.685797266442982,13.693265828733596,-0.5235892912887734
0.49713777712925566,13.685765673441404,13.693233868860386,-0.524205783659786
0.49713797712925567,13.685734036606982,13.6932018645968,-0.5248224673787668
0.4971381771292557,13.685702355900046,13.693169815905064,-0.5254393415721388
0.4971383771292556,13.685670631280939,13.69313772274743,-0.5260564053803312
0.49713857712925563,13.685638862709963,13.693105585086155,-0.526673657958465
0.49713877712925564,13.685607050147432,13.693073402883533,-0.5272910984753248
0.49713897712925564,13.685575193553651,13.693041176101879,-0.5279087261140443
0.49713917712925565,13.685543292888909,13.693008904703534,-0.5285265400719343
0.49713937712925566,13.68551134811348,13.692976588650856,-0.5291445395604842
0.49713957712925566,13.685479359187637,13.692944227906226,-0.5297627238053603
0.49713977712925567,13.685447326071639,13.692911822432054,-0.5303810920464066
0.4971399771292557,13.685415248725734,13.692879372190765,-0.5309996435376452
0.4971401771292557,13.685383127110168,13.69284687714481,-0.5316183775472753
0.49714037712925563,13.68535096118517,13.69281433725667,-0.5322372933575021
0.49714057712925563,13.685318750910945,13.69278175248883,-0.532856390265224
0.49714077712925564,13.685286496247715,13.692749122803818,-0.5334756675810018
0.49714097712925565,13.685254197155679,13.69271644816074,-0.534095124450932
0.49714117712925565,13.685221853595054,13.692683728521969,-0.5347147612541753
0.49714137712925566,13.685189465526031,13.692650963851081,-0.5353345773677721
0.49714157712925566,13.685157032908782,13.69261815411003,-0.5359545718318557
0.49714177712925567,13.685124555703464,13.692585299260788,-0.5365747437009145
0.4971419771292557,13.68509203387024,13.692552399265365,-0.5371950920437928
0.4971421771292557,13.685059467369257,13.692519454085781,-0.5378156159436903
0.49714237712925563,13.685026856160656,13.692486463684098,-0.5384363144979897
0.49714257712925564,13.684994200204558,13.692453428022368,-0.5390571868189462
0.49714277712925564,13.684961499461089,13.6924203470627,-0.5396782320326535
0.49714297712925565,13.684928753890363,13.692387220767218,-0.5402994492797336
0.49714317712925565,13.68489596345249,13.692354049098062,-0.5409208377151632
0.49714337712925566,13.684863128107564,13.692320832017401,-0.5415423965082751
0.49714357712925566,13.684830247815672,13.692287569487434,-0.5421641248427573
0.49714377712925567,13.684797322536898,13.69225426147037,-0.5427860219166536
0.4971439771292557,13.684764352231314,13.692220907928457,-0.5434080869423629
0.4971441771292556,13.684731336858988,13.692187508823965,-0.5440303191464669
0.49714437712925563,13.684698276379963,13.69215406411916,-0.5446527177704213
0.49714457712925564,13.684665170754291,13.692120573776371,-0.545275282069519
0.49714477712925564,13.684632019942017,13.692087037757933,-0.545898011313581
0.49714497712925565,13.684598823903164,13.6920534560262,-0.5465209047867838
0.49714517712925566,13.684565582597758,13.692019828543565,-0.5471439617876594
0.49714537712925566,13.684532295985811,13.691986155272428,-0.5477671816290957
0.49714557712925567,13.684498964027338,13.69195243616979,-0.5483905636998602
0.4971457771292557,13.684465586682368,13.691918671200733,-0.549014108446541
0.4971459771292557,13.684432163910891,13.691884860327512,-0.549637814969638
0.49714617712925563,13.684398695672897,13.691851003511943,-0.5502616823209356
0.49714637712925563,13.684365181928348,13.691817100715824,-0.5508857095674425
0.49714657712925564,13.68433162263722,13.691783151901014,-0.5515098957903531
0.49714677712925565,13.684298017759481,13.691749157029378,-0.5521342400857406
0.49714697712925565,13.684264367255086,13.691715116062813,-0.5527587415643828
0.49714717712925566,13.684230671083988,13.691681028963234,-0.5533833993517632
0.49714737712925566,13.684196929206125,13.691646895692577,-0.5540082125880702
0.49714757712925567,13.684163141581442,13.69161271621281,-0.5546331804281978
0.4971477771292557,13.684129308169858,13.691578490485922,-0.5552583020417449
0.4971479771292557,13.684095428931307,13.69154421847392,-0.5558835766130157
0.49714817712925563,13.684061503825713,13.691509900138854,-0.556509003340846
0.49714837712925564,13.684027532812967,13.691475535442763,-0.5571345814392978
0.49714857712925564,13.683993515852979,13.691441124347735,-0.5577603101366174
0.49714877712925565,13.683959452905652,13.691406666815881,-0.5583861886759296
0.49714897712925565,13.683925343930866,13.691372162809332,-0.5590122163150651
0.49714917712925566,13.683891188888518,13.691337612290239,-0.5596383923265593
0.49714937712925567,13.683856987738476,13.691303015220782,-0.5602647159976532
0.49714957712925567,13.683822740440613,13.691268371563162,-0.5608911866302924
0.4971497771292557,13.683788446954795,13.691233681279604,-0.5615178035411283
0.4971499771292556,13.683754107240881,13.691198944331441,-0.5621445660093353
0.49715017712925563,13.683719721258731,13.691164160675914,-0.5627714740288284
0.49715037712925564,13.683685288968213,13.691129330278589,-0.5633985276140294
0.49715057712925564,13.683650810329171,13.69109445310103,-0.5640257258288165
0.49715077712925565,13.683616285301435,13.691059529104843,-0.5646530677524426
0.49715097712925566,13.683581713844838,13.691024558251636,-0.565280552479534
0.49715117712925566,13.6835470959192,13.690989540503047,-0.5659081791200915
0.49715137712925567,13.68351243148434,13.690954475820737,-0.5665359467994895
0.4971515771292557,13.683477720500077,13.69091936416639,-0.5671638546584767
0.4971517771292557,13.68344296292622,13.69088420550171,-0.5677919018531762
0.49715197712925563,13.683408158722576,13.690848999788434,-0.5684200875549101
0.49715217712925563,13.683373307848932,13.690813746988287,-0.5690484109508982
0.49715237712925564,13.683338410265089,13.690778447063051,-0.5696768712432106
0.49715257712925565,13.683303465930836,13.69074309997452,-0.5703054676494667
0.49715277712925565,13.683268474805953,13.690707705684506,-0.5709341994026592
0.49715297712925566,13.683233436850227,13.690672264154845,-0.5715630657511551
0.49715317712925566,13.683198352023426,13.690636775347398,-0.5721920659586955
0.49715337712925567,13.68316322028532,13.690601239224042,-0.5728211993043956
0.4971535771292557,13.683128041595674,13.690565655746681,-0.5734504650827444
0.4971537771292557,13.683092815914247,13.690530024877244,-0.574079862603605
0.49715397712925563,13.683057543200801,13.690494346577678,-0.5747093911920401
0.49715417712925564,13.683022223415067,13.69045862080994,-0.5753390501890103
0.49715437712925564,13.682986856516795,13.690422847536023,-0.575968838950326
0.49715457712925565,13.68295144246573,13.690387026715305,-0.576598756867148
0.49715477712925565,13.682915981221633,13.690351158307193,-0.5772288043955671
0.49715497712925566,13.682880472744246,13.69031524227597,-0.5778589810918726
0.49715517712925567,13.682844916993288,13.690279278582917,-0.5784892860706959
0.49715537712925567,13.682809313928486,13.69024326718935,-0.5791197184627209
0.4971555771292557,13.682773663509563,13.690207208056597,-0.5797502774146837
0.4971557771292556,13.682737965696239,13.69017110114601,-0.580380962089197
0.49715597712925563,13.682702220448212,13.690134946418937,-0.5810117716654518
0.49715617712925564,13.682666427725199,13.69009874383677,-0.5816427053381655
0.49715637712925564,13.682630587486901,13.690062493360909,-0.5822737623182832
0.49715657712925565,13.682594699693027,13.690026194952774,-0.5829049418328021
0.49715677712925566,13.682558764303272,13.689989848573802,-0.5835362431247715
0.49715697712925566,13.682522781277333,13.68995345418545,-0.5841676654532932
0.49715717712925567,13.682486750574899,13.689917011749191,-0.5847992080935212
0.4971573771292557,13.68245067215566,13.689880521226517,-0.5854308703366613
0.4971575771292557,13.682414545979297,13.689843982578939,-0.5860626514899725
0.49715777712925563,13.682378372005507,13.689807395767994,-0.5866945508765894
0.49715797712925563,13.682342150193943,13.689770760755216,-0.5873265678362259
0.49715817712925564,13.68230588050429,13.689734077502173,-0.587958701724122
0.49715837712925565,13.682269562896217,13.689697345970451,-0.5885909519117449
0.49715857712925565,13.682233197329394,13.689660566121653,-0.5892233177866141
0.49715877712925566,13.682196783763482,13.689623737917398,-0.5898557987523017
0.49715897712925566,13.682160322158145,13.689586861319327,-0.5904883942284315
0.49715917712925567,13.682123812473042,13.689549936284472,-0.5911211039114562
0.4971593771292557,13.682087254667861,13.689512962774812,-0.5917539283639917
0.4971595771292557,13.682050648702246,13.689475940752967,-0.5923868669037711
0.49715977712925563,13.682013994535863,13.689438870179849,-0.5930199187220985
0.49715997712925564,13.681977292128336,13.689401751016335,-0.5936530830279014
0.49716017712925564,13.681940541439323,13.68936458322336,-0.5942863590466783
0.49716037712925565,13.681903742428462,13.689327366761853,-0.5949197460211992
0.49716057712925565,13.681866895055398,13.689290101592755,-0.5955532432113319
0.49716077712925566,13.681829999279769,13.689252787677018,-0.596186849894041
0.49716097712925567,13.681793055061204,13.689215424975604,-0.5968205653633881
0.49716117712925567,13.681756062359344,13.689178013449494,-0.5974543889305317
0.4971613771292557,13.68171902113382,13.689140553059675,-0.5980883199237279
0.4971615771292556,13.68168193134427,13.689103043767156,-0.5987223576881527
0.49716177712925563,13.6816447929503,13.689065485532934,-0.5993565015866081
0.49716197712925564,13.681607605911546,13.689027878318038,-0.5999907509984649
0.49716217712925564,13.68157037018763,13.688990222083504,-0.6006251053203666
0.49716237712925565,13.681533085738176,13.688952516790382,-0.6012595639660541
0.49716257712925566,13.681495752522796,13.688914762399731,-0.6018941263663649
0.49716277712925566,13.681458370501112,13.688876958872621,-0.6025287919692338
0.49716297712925567,13.681420939632732,13.688839106170134,-0.6031635602396928
0.4971631771292557,13.681383459877273,13.688801204253366,-0.6037984306598704
0.4971633771292557,13.681345931194342,13.688763253083426,-0.6044334027289926
0.49716357712925563,13.681308353543555,13.68872525262144,-0.6050684759632058
0.49716377712925564,13.68127072688452,13.688687202821702,-0.6057036505420945
0.49716397712925564,13.681233051176863,13.688649103649025,-0.6063389268143241
0.49716417712925565,13.681195326380186,13.688610955064021,-0.606974304070077
0.49716437712925565,13.68115755245409,13.688572757027014,-0.607609781611357
0.49716457712925566,13.681119729358176,13.688534509498337,-0.6082453587586435
0.49716477712925566,13.681081857052044,13.688496212438325,-0.6088810348508916
0.49716497712925567,13.68104393549529,13.688457865807306,-0.6095168092455319
0.4971651771292557,13.681005964647516,13.688419469565625,-0.6101526813184702
0.4971653771292557,13.680967944468312,13.68838102367361,-0.6107886504640889
0.49716557712925563,13.680929874917279,13.68834252809162,-0.6114247160950688
0.49716577712925564,13.680891755954,13.688303982779972,-0.6120608776430957
0.49716597712925564,13.680853587538065,13.68826538769902,-0.612697134557802
0.49716617712925565,13.680815369629073,13.688226742809112,-0.6133334863074719
0.49716637712925565,13.680777102186605,13.688188048070595,-0.6139699323788654
