x1_m,x2_m,Vc_V,C_F,Q1_N,Q2_N,Qtranslation_N
-1.3810000000000002e-5,-1.3810000000000002e-5,3.0,7.398172218229775e-12,-4.5408036943659547e-7,-1.3082895387559194e-5,-1.353697575699579e-5
-1.3808e-5,-1.3808e-5,3.0,7.39215578142175e-12,-4.525452914683833e-7,-1.3084389753359441e-5,-1.3536935044827824e-5
-1.3806000000000001e-5,-1.3806000000000001e-5,3.0,7.386139351720635e-12,-4.51010470501459e-7,-1.308592923095125e-5,-1.353693970145271e-5
-1.3804e-5,-1.3804e-5,3.0,7.380122926903188e-12,-4.4947577453516166e-7,-1.30874911582904e-5,-1.3536966932825562e-5
-1.3802000000000001e-5,-1.3802000000000001e-5,3.0,7.374106507717833e-12,-4.479408975176587e-7,-1.3089018995063687e-5,-1.3536959892581345e-5
-1.3800000000000002e-5,-1.3800000000000002e-5,3.0,7.36809009824175e-12,-4.464057711203256e-7,-1.3090498634352025e-5,-1.353690440547235e-5
-1.3798e-5,-1.3798e-5,3.0,7.362073700606602e-12,-4.448707190747849e-7,-1.3091991688902014e-5,-1.3536862407976799e-5
-1.3796000000000001e-5,-1.3796000000000001e-5,3.0,7.356057311765565e-12,-4.4333592406848884e-7,-1.309353461045085e-5,-1.3536870534519339e-5
-1.3794e-5,-1.3794e-5,3.0,7.35004093021803e-12,-4.4180105343730464e-7,-1.3095060806628923e-5,-1.3536861860066229e-5
-1.3792000000000001e-5,-1.3792000000000001e-5,3.0,7.344024560648846e-12,-4.4026596680310957e-7,-1.3096541010730286e-5,-1.3536806977533396e-5
-1.379e-5,-1.379e-5,3.0,7.338008204326711e-12,-4.3873103879927704e-7,-1.3098053831769831e-5,-1.3536784870569108e-5
-1.3788e-5,-1.3788e-5,3.0,7.331991857827915e-12,-4.371961857714502e-7,-1.3099580892018594e-5,-1.3536777077790043e-5
-1.3786000000000002e-5,-1.3786000000000002e-5,3.0,7.3259755246577e-12,-4.3566114422058595e-7,-1.31010641252158e-5,-1.3536725269436387e-5
-1.3784e-5,-1.3784e-5,3.0,7.319959206553218e-12,-4.3412623452857877e-7,-1.310257606307099e-5,-1.3536702297599569e-5
-1.3782000000000001e-5,-1.3782000000000001e-5,3.0,7.313942901299423e-12,-4.325913063866725e-7,-1.3104080758031564e-5,-1.3536672064418237e-5
-1.378e-5,-1.378e-5,3.0,7.307926613160893e-12,-4.3105631621299297e-7,-1.3105568604354524e-5,-1.3536624920567517e-5
-1.3778000000000001e-5,-1.3778000000000001e-5,3.0,7.301910340951655e-12,-4.2952142033577727e-7,-1.3107076793725365e-5,-1.3536598214061143e-5
-1.3776000000000002e-5,-1.3776000000000002e-5,3.0,7.295894087059617e-12,-4.2798643275634514e-7,-1.3108558633944483e-5,-1.3536545066700827e-5
-1.3774e-5,-1.3774e-5,3.0,7.289877852245006e-12,-4.264515265131721e-7,-1.3110058451314274e-5,-1.3536509977827446e-5
-1.3772000000000001e-5,-1.3772000000000001e-5,3.0,7.283861638210462e-12,-4.249165568124742e-7,-1.311153727339048e-5,-1.3536453830202953e-5
-1.377e-5,-1.377e-5,3.0,7.27784544616496e-12,-4.2338163941596934e-7,-1.3113026343758717e-5,-1.3536407983174687e-5
-1.3768000000000001e-5,-1.3768000000000001e-5,3.0,7.271829278363318e-12,-4.2184669164579586e-7,-1.3114502108849145e-5,-1.353634880049494e-5
-1.3766000000000002e-5,-1.3766000000000002e-5,3.0,7.26581313598546e-12,-4.203117598174062e-7,-1.3115976848436305e-5,-1.353628860825371e-5
-1.3764e-5,-1.3764e-5,3.0,7.25979702181183e-12,-4.187768376258089e-7,-1.3117448839236626e-5,-1.3536225676862435e-5
-1.3763966666666669e-5,-1.3763966666666669e-5,3.0,7.2596967534774515e-12,-4.187512557058387e-7,-1.3117473342424787e-5,-1.3536224598130627e-5
-1.3762000000000001e-5,-1.3762000000000001e-5,3.0,7.253780937786781e-12,-4.172419046472875e-7,-1.3118910333282734e-5,-1.3536152237930021e-5
-1.376e-5,-1.376e-5,3.0,7.247764886510831e-12,-4.1570698576500837e-7,-1.3120368525836305e-5,-1.3536075511601314e-5
-1.3758000000000001e-5,-1.3758000000000001e-5,3.0,7.241748871110877e-12,-4.141720748991735e-7,-1.3121820727193816e-5,-1.353599280209299e-5
-1.3756e-5,-1.3756e-5,3.0,7.235732894803311e-12,-4.12637165876334e-7,-1.3123263396748814e-5,-1.3535900562625147e-5
-1.3754e-5,-1.3754e-5,3.0,7.229716961272089e-12,-4.11102263537863e-7,-1.3124696710994415e-5,-1.3535798974532278e-5
-1.3752000000000001e-5,-1.3752000000000001e-5,3.0,7.223701074804639e-12,-4.095673711126342e-7,-1.312612025695363e-5,-1.3535687628066265e-5
-1.375e-5,-1.375e-5,3.0,7.2176852403042075e-12,-4.08032489178333e-7,-1.312753230447543e-5,-1.3535564793653764e-5
-1.3748000000000001e-5,-1.3748000000000001e-5,3.0,7.211669463403856e-12,-4.064976184833772e-7,-1.3128930722512217e-5,-1.3535428340995594e-5
-1.3746e-5,-1.3746e-5,3.0,7.205653750644007e-12,-4.0496276056154256e-7,-1.3130313169511877e-5,-1.3535275930073419e-5
-1.3744000000000001e-5,-1.3744000000000001e-5,3.0,7.199638109686455e-12,-4.034279174479447e-7,-1.313167686882656e-5,-1.3535104786274506e-5
-1.3742000000000002e-5,-1.3742000000000002e-5,3.0,7.193622549584132e-12,-4.0189309155394213e-7,-1.3133018366424124e-5,-1.3534911457978067e-5
-1.374e-5,-1.374e-5,3.0,7.187607081136922e-12,-4.003582857105848e-7,-1.3134333275265466e-5,-1.3534691560976051e-5
-1.3738000000000001e-5,-1.3738000000000001e-5,3.0,7.181591717371339e-12,-3.988235032421033e-7,-1.3135615912243113e-5,-1.3534439415485216e-5
-1.3736e-5,-1.3736e-5,3.0,7.17557647419965e-12,-3.9728874812222203e-7,-1.3136858800464908e-5,-1.3534147548587131e-5
-1.3734000000000001e-5,-1.3734000000000001e-5,3.0,7.169561371339774e-12,-3.9575402539846857e-7,-1.3138052070723305e-5,-1.3533806096121774e-5
-1.3732000000000002e-5,-1.3732000000000002e-5,3.0,7.163546433624315e-12,-3.94219341595043e-7,-1.3139182420421255e-5,-1.3533401762016297e-5
-1.373e-5,-1.373e-5,3.0,7.157531692937256e-12,-3.926847048267133e-7,-1.3140231085079611e-5,-1.3532915789906324e-5
-1.3728000000000001e-5,-1.3728000000000001e-5,3.0,7.1515171911673786e-12,-3.911501258062599e-7,-1.3141171124196785e-5,-1.3532321250003045e-5
-1.3726e-5,-1.3726e-5,3.0,7.145502984857709e-12,-3.89615619071701e-7,-1.314196240415351e-5,-1.353157802322521e-5
-1.3725600000000001e-5,-1.3725600000000001e-5,3.0,7.1443001854783636e-12,-3.8930872804285206e-7,-1.3142097848024703e-5,-1.3531406576067555e-5
-1.37252e-5,-1.37252e-5,3.0,7.143097401732332e-12,-3.890018408846187e-7,-1.3142224311296699e-5,-1.3531226152181317e-5
-1.3724800000000001e-5,-1.3724800000000001e-5,3.0,7.141894634449414e-12,-3.8869495780816007e-7,-1.3142341080304786e-5,-1.3531036038112947e-5
-1.37244e-5,-1.37244e-5,3.0,7.140691884525178e-12,-3.883880790413288e-7,-1.3142447357348081e-5,-1.353083543638941e-5
-1.3724000000000001e-5,-1.3724000000000001e-5,3.0,7.139489152930468e-12,-3.880812048375516e-7,-1.3142542269219864e-5,-1.3530623474057415e-5
-1.37236e-5,-1.37236e-5,3.0,7.138286440718015e-12,-3.877743354601024e-7,-1.3142624823639258e-5,-1.3530399159099361e-5
-1.3723200000000001e-5,-1.3723200000000001e-5,3.0,7.137083749033451e-12,-3.874674712106711e-7,-1.3142693934212178e-5,-1.353016140542285e-5
-1.37228e-5,-1.37228e-5,3.0,7.135881079125362e-12,-3.8716061240081147e-7,-1.3142748357747127e-5,-1.3529908970147939e-5
-1.3722400000000001e-5,-1.3722400000000001e-5,3.0,7.134678432358623e-12,-3.8685375938878566e-7,-1.314278672042739e-5,-1.3529640479816176e-5
-1.3722e-5,-1.3722e-5,3.0,7.133475810228937e-12,-3.865469125506051e-7,-1.3142807448393277e-5,-1.3529354360943882e-5
-1.3721600000000001e-5,-1.3721600000000001e-5,3.0,7.132273214379862e-12,-3.8624007231359314e-7,-1.314280877714325e-5,-1.3529048849456844e-5
-1.3721200000000002e-5,-1.3721200000000002e-5,3.0,7.131070646623245e-12,-3.8593323913811747e-7,-1.3142788685787238e-5,-1.3528721924925356e-5
-1.37208e-5,-1.37208e-5,3.0,7.129868108962164e-12,-3.8562641353986556e-7,-1.3142744873451768e-5,-1.3528371286991634e-5
-1.3720400000000002e-5,-1.3720400000000002e-5,3.0,7.128665603619332e-12,-3.853195960883098e-7,-1.3142674698758172e-5,-1.3527994294846482e-5
-1.372e-5,-1.372e-5,3.0,7.127463133069377e-12,-3.850127874167576e-7,-1.3142575113306364e-5,-1.3527587900723122e-5
-1.3719600000000002e-5,-1.3719600000000002e-5,3.0,7.126260700078595e-12,-3.847059882363709e-7,-1.3142442592867667e-5,-1.3527148581104037e-5
-1.37192e-5,-1.37192e-5,3.0,7.12505830775174e-12,-3.843991993408006e-7,-1.3142273023995235e-5,-1.3526672223336036e-5
-1.3718800000000002e-5,-1.3718800000000002e-5,3.0,7.1238559595890436e-12,-3.840924216293769e-7,-1.3142061596719322e-5,-1.3526154018348699e-5
-1.37184e-5,-1.37184e-5,3.0,7.12265365955548e-12,-3.837856561171921e-7,-1.3141802636274596e-5,-1.3525588292391787e-5
-1.3718000000000001e-5,-1.3718000000000001e-5,3.0,7.1214514121653934e-12,-3.8347890396206456e-7,-1.3141489413276156e-5,-1.352496831723822e-5
-1.3717933333333335e-5,-1.3717933333333335e-5,3.0,7.1212510430707286e-12,-3.834277799917243e-7,-1.3141431391316395e-5,-1.3524859171308119e-5
-1.37176e-5,-1.37176e-5,3.0,7.1202492225874385e-12,-3.8317216648920386e-7,-1.3141113888476663e-5,-1.3524286054965866e-5
-1.3717200000000001e-5,-1.3717200000000001e-5,3.0,7.119047096774864e-12,-3.8286544522408265e-7,-1.3140666380495933e-5,-1.3523531825720014e-5
-1.37168e-5,-1.37168e-5,3.0,7.1178450416295255e-12,-3.825587419367992e-7,-1.3140135141851443e-5,-1.3522693883788242e-5
-1.3716400000000001e-5,-1.3716400000000001e-5,3.0,7.116643065209996e-12,-3.8225205869257816e-7,-1.3139505782634185e-5,-1.3521757841326763e-5
-1.3716e-5,-1.3716e-5,3.0,7.115441176998261e-12,-3.8194539792239287e-7,-1.3138760512023784e-5,-1.3520705909946177e-5
-1.3715600000000001e-5,-1.3715600000000001e-5,3.0,7.114239388245826e-12,-3.8163876251063437e-7,-1.313787710367176e-5,-1.3519515866182395e-5
-1.37152e-5,-1.37152e-5,3.0,7.113037712427491e-12,-3.813321559112679e-7,-1.3136827475714572e-5,-1.351815963162584e-5
-1.3714800000000001e-5,-1.3714800000000001e-5,3.0,7.111836165844421e-12,-3.810255823033187e-7,-1.3135575723505232e-5,-1.351660130580855e-5
-1.37144e-5,-1.37144e-5,3.0,7.110634768435669e-12,-3.807190467978918e-7,-1.3134075344109749e-5,-1.3514794390907641e-5
-1.3714000000000001e-5,-1.3714000000000001e-5,3.0,7.109433544885077e-12,-3.8041255572250423e-7,-1.3132265288758372e-5,-1.3512677844480877e-5
-1.37138e-5,-1.37138e-5,3.0,7.1088330076827116e-12,-3.8025932924960917e-7,-1.313121972785939e-5,-1.3511479057109e-5
-1.37136e-5,-1.37136e-5,3.0,7.108232526151096e-12,-3.8010611701315863e-7,-1.3130064284522966e-5,-1.3510170401536124e-5
-1.3713400000000002e-5,-1.3713400000000002e-5,3.0,7.107632105490702e-12,-3.7995292034621213e-7,-1.3128784294914007e-5,-1.350873721526022e-5
-1.3713200000000001e-5,-1.3713200000000001e-5,3.0,7.107031751607151e-12,-3.797997407626738e-7,-1.3127362614912413e-5,-1.3507162355675087e-5
-1.3713e-5,-1.3713e-5,3.0,7.106431471231779e-12,-3.796465799880038e-7,-1.3125779142112596e-5,-1.35054257221006e-5
-1.37128e-5,-1.37128e-5,3.0,7.105831272065327e-12,-3.794934399961688e-7,-1.3124010249593114e-5,-1.3503503689589282e-5
-1.3712600000000001e-5,-1.3712600000000001e-5,3.0,7.105231162948989e-12,-3.793403230535719e-7,-1.3122028120133997e-5,-1.3501368443187569e-5
-1.3712400000000001e-5,-1.3712400000000001e-5,3.0,7.104631154067316e-12,-3.791872317709386e-7,-1.3119799978212357e-5,-1.3498987209983296e-5
-1.37122e-5,-1.37122e-5,3.0,7.104031257187385e-12,-3.790341691647122e-7,-1.311728723125273e-5,-1.3496321400417444e-5
-1.3712e-5,-1.3712e-5,3.0,7.103431485937582e-12,-3.78881138728642e-7,-1.3114444551225435e-5,-1.3493325689954077e-5
-1.3711800000000001e-5,-1.3711800000000001e-5,3.0,7.102831856127318e-12,-3.787281445157232e-7,-1.3111218968588762e-5,-1.3489947113104485e-5
-1.3711600000000001e-5,-1.3711600000000001e-5,3.0,7.102232386104362e-12,-3.785751912299302e-7,-1.3107549113102016e-5,-1.3486124304331947e-5
-1.37114e-5,-1.37114e-5,3.0,7.101633097138842e-12,-3.784222843248526e-7,-1.3103364819530064e-5,-1.3481787103854916e-5
-1.37112e-5,-1.37112e-5,3.0,7.101034013810774e-12,-3.7826943010310314e-7,-1.309858742479487e-5,-1.3476856854897973e-5
-1.3711000000000001e-5,-1.3711000000000001e-5,3.0,7.100435164361201e-12,-3.7811663580637523e-7,-1.3093131188293032e-5,-1.3471247824099407e-5
-1.3710800000000001e-5,-1.3710800000000001e-5,3.0,7.099836580946383e-12,-3.7796390968046537e-7,-1.308690630791202e-5,-1.3464870217592486e-5
-1.37106e-5,-1.37106e-5,3.0,7.09923829971537e-12,-3.778112609945458e-7,-1.3079823893629559e-5,-1.3457635154624105e-5
-1.37104e-5,-1.37104e-5,3.0,7.098640360622057e-12,-3.776586999919953e-7,-1.3071802890696992e-5,-1.3449461590688987e-5
-1.3710200000000001e-5,-1.3710200000000001e-5,3.0,7.0980428068971995e-12,-3.775062377539894e-7,-1.306277828236424e-5,-1.3440284520118228e-5
-1.3710000000000001e-5,-1.3710000000000001e-5,3.0,7.097445684153009e-12,-3.773538859694469e-7,-1.3052709118610218e-5,-1.3430063004579664e-5
-1.37098e-5,-1.37098e-5,3.0,7.0968490391709556e-12,-3.7720165662509347e-7,-1.3041584411403972e-5,-1.3418786068029066e-5
-1.3709600000000002e-5,-1.3709600000000002e-5,3.0,7.096252918508567e-12,-3.770495616503587e-7,-1.302942515969042e-5,-1.3406474721340778e-5
-1.3709400000000001e-5,-1.3709400000000001e-5,3.0,7.09565736711734e-12,-3.7689761256506803e-7,-1.3016281833798568e-5,-1.3393179446363636e-5
-1.37092e-5,-1.37092e-5,3.0,7.0950624271617e-12,-3.767458201774171e-7,-1.300222808275985e-5,-1.3378973902937267e-5
-1.3709e-5,-1.3709e-5,3.0,7.094468137169241e-12,-3.76594194365541e-7,-1.2987352458274065e-5,-1.3363946652639606e-5
-1.3708800000000002e-5,-1.3708800000000002e-5,3.0,7.093874531555795e-12,-3.764427439545963e-7,-1.2971750123770816e-5,-1.3348192867725412e-5
-1.3708600000000001e-5,-1.3708600000000001e-5,3.0,7.093281640491455e-12,-3.7629147668140407e-7,-1.2955515971532485e-5,-1.3331807448213888e-5
-1.37084e-5,-1.37084e-5,3.0,7.092689490028351e-12,-3.761403992266432e-7,-1.2938739769962672e-5,-1.3314880169189314e-5
-1.37082e-5,-1.37082e-5,3.0,7.092098102398706e-12,-3.759895172910944e-7,-1.2921503305804931e-5,-1.3297492823096026e-5
-1.3708000000000002e-5,-1.3708000000000002e-5,3.0,7.091507496402574e-12,-3.7583883569510384e-7,-1.2903879127338811e-5,-1.3279717963033915e-5
-1.3707800000000001e-5,-1.3707800000000001e-5,3.0,7.090917687824978e-12,-3.7568835848566553e-7,-1.2885930396221955e-5,-1.3261618754707621e-5
-1.37076e-5,-1.37076e-5,3.0,7.09032868984335e-12,-3.7553808904101994e-7,-1.286771140937899e-5,-1.324324949842001e-5
-1.37074e-5,-1.37074e-5,3.0,7.089740513403125e-12,-3.7538803016705663e-7,-1.28492684627123e-5,-1.3224656492879356e-5
-1.3707200000000002e-5,-1.3707200000000002e-5,3.0,7.0891531675515905e-12,-3.7523818418298e-7,-1.2830640839097653e-5,-1.3205879023280632e-5
-1.3707000000000001e-5,-1.3707000000000001e-5,3.0,7.088566659727566e-12,-3.750885529956187e-7,-1.2811861790984147e-5,-1.3186950343979766e-5
-1.37068e-5,-1.37068e-5,3.0,7.087980996008922e-12,-3.7493913816291005e-7,-1.2792959449102266e-5,-1.3167898587265177e-5
-1.37066e-5,-1.37066e-5,3.0,7.0873961813219064e-12,-3.7478994094757637e-7,-1.2773957627581246e-5,-1.3148747568528823e-5
-1.3706400000000001e-5,-1.3706400000000001e-5,3.0,7.086812219617178e-12,-3.746409623622586e-7,-1.2754876518458121e-5,-1.312951748082038e-5
-1.3706200000000001e-5,-1.3706200000000001e-5,3.0,7.086229114017317e-12,-3.74492203207335e-7,-1.2735733280644266e-5,-1.3110225483851601e-5
-1.3706e-5,-1.3706e-5,3.0,7.085646866940362e-12,-3.7434366410258766e-7,-1.2716542534027196e-5,-1.3090886198129784e-5
-1.3705600000000001e-5,-1.3705600000000001e-5,3.0,7.084484955108324e-12,-3.7404724777453445e-7,-1.2678066699728522e-5,-1.3052113947503056e-5
-1.37052e-5,-1.37052e-5,3.0,7.083326492908782e-12,-3.737517156304151e-7,-1.2639529185823549e-5,-1.3013280901453964e-5
-1.3704800000000001e-5,-1.3704800000000001e-5,3.0,7.082171482969673e-12,-3.734570683436225e-7,-1.2600989572192176e-5,-1.2974446640535798e-5
-1.37044e-5,-1.37044e-5,3.0,7.081019923315089e-12,-3.731633054074428e-7,-1.2562492664755077e-5,-1.2935655970162521e-5
-1.3704000000000001e-5,-1.3704000000000001e-5,3.0,7.079871808488589e-12,-3.728704254229893e-7,-1.2524072529401085e-5,-1.2896942954824075e-5
-1.37036e-5,-1.37036e-5,3.0,7.078727130374953e-12,-3.725784263098364e-7,-1.2485755319096199e-5,-1.2858333745406035e-5
-1.3703200000000001e-5,-1.3703200000000001e-5,3.0,7.077585878809513e-12,-3.722873054622081e-7,-1.2447561279565134e-5,-1.2819848585027342e-5
-1.37028e-5,-1.37028e-5,3.0,7.0764480420357284e-12,-3.7199705986626935e-7,-1.240950619063382e-5,-1.2781503250500088e-5
-1.3702400000000001e-5,-1.3702400000000001e-5,3.0,7.075313607053185e-12,-3.7170768618932876e-7,-1.2371602415466829e-5,-1.2743310101656157e-5
-1.3702e-5,-1.3702e-5,3.0,7.0741825598852e-12,-3.7141918084843576e-7,-1.2333859674031567e-5,-1.2705278854880003e-5
-1.3701600000000001e-5,-1.3701600000000001e-5,3.0,7.073054885786951e-12,-3.7113154006373355e-7,-1.2296285620200617e-5,-1.2667417160264351e-5
-1.37012e-5,-1.37012e-5,3.0,7.07193056940887e-12,-3.708447599003406e-7,-1.2258886277309727e-5,-1.2629731037210068e-5
-1.3700800000000001e-5,-1.3700800000000001e-5,3.0,7.070809594926198e-12,-3.705588363015638e-7,-1.2221666370476337e-5,-1.2592225206777901e-5
-1.37004e-5,-1.37004e-5,3.0,7.069691946142496e-12,-3.7027376511543015e-7,-1.2184629582747632e-5,-1.2554903347863062e-5
-1.3700000000000001e-5,-1.3700000000000001e-5,3.0,7.068577606573086e-12,-3.699895421160792e-7,-1.2147778754444127e-5,-1.2517768296560206e-5
-1.36996e-5,-1.36996e-5,3.0,7.067466559512703e-12,-3.6970616302110314e-7,-1.211111603969473e-5,-1.2480822202715834e-5
-1.3699200000000001e-5,-1.3699200000000001e-5,3.0,7.066358788090813e-12,-3.694236235057271e-7,-1.2074643030402305e-5,-1.2444066653908033e-5
-1.36988e-5,-1.36988e-5,3.0,7.0652542753169855e-12,-3.691419192144429e-7,-1.2038360855192399e-5,-1.2407502774406841e-5
-1.3698400000000001e-5,-1.3698400000000001e-5,3.0,7.0641530041184604e-12,-3.6886104577063636e-7,-1.2002270258986092e-5,-1.2371131304756727e-5
-1.3698000000000002e-5,-1.3698000000000002e-5,3.0,7.063054957371257e-12,-3.6858099878456337e-7,-1.196637166743435e-5,-1.2334952666218913e-5
-1.36976e-5,-1.36976e-5,3.0,7.061960117926154e-12,-3.683017738600099e-7,-1.1930665239439008e-5,-1.2298967013299017e-5
-1.3697200000000002e-5,-1.3697200000000002e-5,3.0,7.060868468630442e-12,-3.6802336659986785e-7,-1.1895150910225396e-5,-1.2263174276825263e-5
-1.36968e-5,-1.36968e-5,3.0,7.059779992346144e-12,-3.677457726108053e-7,-1.1859828426868974e-5,-1.222757419947978e-5
-1.3696400000000002e-5,-1.3696400000000002e-5,3.0,7.0586946719654204e-12,-3.674689875072177e-7,-1.1824697377760244e-5,-1.2192166365267461e-5
-1.3696e-5,-1.3696e-5,3.0,7.057612490423523e-12,-3.671930069145455e-7,-1.1789757217162818e-5,-1.2156950224077363e-5
-1.3695600000000001e-5,-1.3695600000000001e-5,3.0,7.056533430709805e-12,-3.669178264720987e-7,-1.1755007285783918e-5,-1.2121925112256016e-5
-1.36952e-5,-1.36952e-5,3.0,7.055457475876983e-12,-3.6664344183543166e-7,-1.1720446828078335e-5,-1.2087090269913766e-5
-1.3694800000000001e-5,-1.3694800000000001e-5,3.0,7.054384609049071e-12,-3.6636984867837434e-7,-1.1686075006870018e-5,-1.2052444855548392e-5
-1.36944e-5,-1.36944e-5,3.0,7.0533148134280194e-12,-3.6609704269473753e-7,-1.1651890915752288e-5,-1.2017987958447026e-5
-1.3694000000000001e-5,-1.3694000000000001e-5,3.0,7.052248072299435e-12,-3.6582501959977553e-7,-1.1617893589647216e-5,-1.1983718609246992e-5
-1.3692e-5,-1.3692e-5,3.0,7.046959605439621e-12,-3.644764991296577e-7,-1.1450671584925438e-5,-1.1815148084055095e-5
-1.3690000000000001e-5,-1.3690000000000001e-5,3.0,7.0417450484246975e-12,-3.631469221851833e-7,-1.1287952931969367e-5,-1.1651099854154551e-5
-1.3688e-5,-1.3688e-5,3.0,7.0366024245338465e-12,-3.6183578203292906e-7,-1.1129587744636319e-5,-1.1491423526669248e-5
-1.3686e-5,-1.3686e-5,3.0,7.0315298247855445e-12,-3.605425893045507e-7,-1.0975423066018921e-5,-1.1335965655323473e-5
-1.3684000000000001e-5,-1.3684000000000001e-5,3.0,7.026525408216492e-12,-3.592668720682849e-7,-1.0825307246725904e-5,-1.1184574118794189e-5
-1.3682e-5,-1.3682e-5,3.0,7.021587400729504e-12,-3.5800817553360287e-7,-1.0679092234447458e-5,-1.1037100409981061e-5
-1.3680000000000001e-5,-1.3680000000000001e-5,3.0,7.016714093194611e-12,-3.567660615644269e-7,-1.0536634757742323e-5,-1.089340081930675e-5
-1.3678e-5,-1.3678e-5,3.0,7.011903839172827e-12,-3.5554010809561084e-7,-1.0397796899565842e-5,-1.0753337007661452e-5
-1.3676000000000001e-5,-1.3676000000000001e-5,3.0,7.007155052469518e-12,-3.543299085057438e-7,-1.0262446323722817e-5,-1.061677623222856e-5
-1.3674000000000002e-5,-1.3674000000000002e-5,3.0,7.00246620463606e-12,-3.531350709766947e-7,-1.013045630018621e-5,-1.0483591371162905e-5
-1.3672e-5,-1.3672e-5,3.0,6.997835822488953e-12,-3.5195521785763436e-7,-1.0001705613150186e-5,-1.035366083100782e-5
-1.3671900000000002e-5,-1.3671900000000002e-5,3.0,6.997605812409539e-12,-3.5189661195518736e-7,-9.995351010801368e-6,-1.0347247622756555e-5
-1.3670000000000001e-5,-1.3670000000000001e-5,3.0,6.9932624856865405e-12,-3.507899850438199e-7,-9.8760784014255e-6,-1.022686838646932e-5
-1.3668e-5,-1.3668e-5,3.0,6.9887448243860905e-12,-3.496390213759876e-7,-9.753463961200872e-6,-1.0103102982576859e-5
-1.3666000000000001e-5,-1.3666000000000001e-5,3.0,6.98428151699367e-12,-3.485019880635257e-7,-9.633756529654893e-6,-9.982258517718419e-6
-1.3664000000000002e-5,-1.3664000000000002e-5,3.0,6.9798712880124054e-12,-3.4737855813287426e-7,-9.516855060913555e-6,-9.86423361904643e-6
-1.3662e-5,-1.3662e-5,3.0,6.975512905990912e-12,-3.462684159015992e-7,-9.402663001534476e-6,-9.748931417436075e-6
-1.3660000000000001e-5,-1.3660000000000001e-5,3.0,6.971205181570974e-12,-3.4517125647791496e-7,-9.29108806997275e-6,-9.636259326450664e-6
-1.3658e-5,-1.3658e-5,3.0,6.966946965632014e-12,-3.4408678528501313e-7,-9.182042042741838e-6,-9.526128828026851e-6
-1.3656000000000001e-5,-1.3656000000000001e-5,3.0,6.962737147529065e-12,-3.4301471760936414e-7,-9.075440548859295e-6,-9.418455266468659e-6
-1.3654e-5,-1.3654e-5,3.0,6.958574653420221e-12,-3.419547781719573e-7,-8.971202873426843e-6,-9.3131576515988e-6
-1.3652e-5,-1.3652e-5,3.0,6.954458444679535e-12,-3.409067007214429e-7,-8.869251770719405e-6,-9.210158471440848e-6
-1.3650000000000001e-5,-1.3650000000000001e-5,3.0,6.950387516390968e-12,-3.3987022764805555e-7,-8.769513286838241e-6,-9.109383514486297e-6
-1.3648e-5,-1.3648e-5,3.0,6.9463608959192785e-12,-3.388451096172565e-7,-8.671916591785382e-6,-9.010761701402639e-6
-1.3646000000000001e-5,-1.3646000000000001e-5,3.0,6.942377641553643e-12,-3.3783110522202516e-7,-8.576393820684614e-6,-8.914224925906638e-6
-1.3644e-5,-1.3644e-5,3.0,6.938436841219997e-12,-3.3682798065276653e-7,-8.482879923796039e-6,-8.819707904448805e-6
-1.3642e-5,-1.3642e-5,3.0,6.9345376112583606e-12,-3.3583550938387304e-7,-8.391312524929018e-6,-8.72714803431289e-6
-1.3640000000000002e-5,-1.3640000000000002e-5,3.0,6.93067909526137e-12,-3.3485347187598374e-7,-8.301631787832278e-6,-8.636485259708262e-6
-1.3638e-5,-1.3638e-5,3.0,6.926860462970673e-12,-3.3388165529307127e-7,-8.213780290137812e-6,-8.547661945430884e-6
-1.3636000000000001e-5,-1.3636000000000001e-5,3.0,6.923080909227864e-12,-3.3291985323351347e-7,-8.127702904436364e-6,-8.460622757669877e-6
-1.3634e-5,-1.3634e-5,3.0,6.919339652976857e-12,-3.319678654743486e-7,-8.043346686073047e-6,-8.375314551547395e-6
-1.3632000000000001e-5,-1.3632000000000001e-5,3.0,6.9156359363148565e-12,-3.31025497727992e-7,-7.960660767269e-6,-8.291686264996992e-6
-1.3630000000000002e-5,-1.3630000000000002e-5,3.0,6.9119690235891234e-12,-3.300925614106882e-7,-7.879596257188636e-6,-8.209688818599324e-6
-1.3628e-5,-1.3628e-5,3.0,6.908338200537009e-12,-3.2916887342206e-7,-7.800106147594768e-6,-8.129275021016827e-6
-1.3626000000000001e-5,-1.3626000000000001e-5,3.0,6.904742773466867e-12,-3.2825425593513144e-7,-7.72214522375087e-6,-8.050399479686e-6
-1.3625866666666668e-5,-1.3625866666666668e-5,3.0,6.904504320235782e-12,-3.28193599683015e-7,-7.71700112477755e-6,-8.045194724460565e-6
-1.3624e-5,-1.3624e-5,3.0,6.9011820684774925e-12,-3.273485361962309e-7,-7.645669980249275e-6,-7.973018516445506e-6
-1.3622000000000001e-5,-1.3622000000000001e-5,3.0,6.897655430714079e-12,-3.2645154633425446e-7,-7.570638541465531e-6,-7.897090087799785e-6
-1.362e-5,-1.362e-5,3.0,6.8941622236585896e-12,-3.2556312317875017e-7,-7.4970105863539095e-6,-7.822573709532659e-6
-1.3618e-5,-1.3618e-5,3.0,6.890701828452746e-12,-3.2468310808636794e-7,-7.424747277320877e-6,-7.749430385407244e-6
-1.3616000000000001e-5,-1.3616000000000001e-5,3.0,6.887273643251828e-12,-3.2381134677520164e-7,-7.353811192926192e-6,-7.677622539701394e-6
-1.3614e-5,-1.3614e-5,3.0,6.883877082607655e-12,-3.2294768916661725e-7,-7.284166264180769e-6,-7.607113953347386e-6
-1.3612000000000001e-5,-1.3612000000000001e-5,3.0,6.8805115768791955e-12,-3.2209198923416274e-7,-7.2157777142232405e-6,-7.537869703457403e-6
-1.361e-5,-1.361e-5,3.0,6.8771765716693226e-12,-3.212441048591759e-7,-7.148612001171425e-6,-7.469856106030601e-6
-1.3579833333333335e-5,-1.3579833333333335e-5,3.0,6.830231996751847e-12,-3.0931571975283664e-7,-6.263967138521387e-6,-6.573282858274224e-6
-1.35338e-5,-1.35338e-5,3.0,6.7685060387760315e-12,-2.9365238860353344e-7,-5.257590064032444e-6,-5.5512424526359775e-6
-1.3487766666666668e-5,-1.3487766666666668e-5,3.0,6.7157423287823584e-12,-2.802848331612616e-7,-4.5199169135015184e-6,-4.80020174666278e-6
-1.3441733333333336e-5,-1.3441733333333336e-5,3.0,6.669702094341448e-12,-2.6863916007860013e-7,-3.956369454519099e-6,-4.2250086145977e-6
-1.3395700000000001e-5,-1.3395700000000001e-5,3.0,6.6288929142185026e-12,-2.5833280295509403e-7,-3.5120542383348605e-6,-3.7703870412899545e-6
-1.3349666666666669e-5,-1.3349666666666669e-5,3.0,6.592269913908569e-12,-2.490979235555207e-7,-3.1529323650864646e-6,-3.4020302886419853e-6
-1.3303633333333334e-5,-1.3303633333333334e-5,3.0,6.559072975678691e-12,-2.4073968051912995e-7,-2.8567793490358857e-6,-3.0975190295550157e-6
-1.3257600000000002e-5,-1.3257600000000002e-5,3.0,6.528731831894939e-12,-2.3311190002065308e-7,-2.6084712233116717e-6,-2.841583123332325e-6
-1.3211566666666669e-5,-1.3211566666666669e-5,3.0,6.500807673628607e-12,-2.2610210715316686e-7,-2.3973602465438978e-6,-2.6234623536970646e-6
-1.3165533333333335e-5,-1.3165533333333335e-5,3.0,6.474955613847034e-12,-2.1962190339549045e-7,-2.215734057228586e-6,-2.4353559606240764e-6
-1.3119500000000002e-5,-1.3119500000000002e-5,3.0,6.4508996602352664e-12,-2.1360055092696333e-7,-2.057870106307307e-6,-2.27147065723427e-6
-1.3073466666666668e-5,-1.3073466666666668e-5,3.0,6.428415506005734e-12,-2.0798056108324024e-7,-1.9194333451523308e-6,-2.127413906235571e-6
-1.3027433333333335e-5,-1.3027433333333335e-5,3.0,6.407318379639514e-12,-2.027145796673646e-7,-1.797080118326263e-6,-1.9997946979936277e-6
-1.29814e-5,-1.29814e-5,3.0,6.387454267646611e-12,-1.9776313693183642e-7,-1.6881903646492173e-6,-1.8859535015810536e-6
-1.2935366666666668e-5,-1.2935366666666668e-5,3.0,6.368693445557117e-12,-1.9309298927310942e-7,-1.5906821334451842e-6,-1.7837751227182936e-6
-1.2889333333333336e-5,-1.2889333333333336e-5,3.0,6.3509256249808284e-12,-1.886758752027792e-7,-1.5028803438557449e-6,-1.6915562190585242e-6
-1.2843300000000001e-5,-1.2843300000000001e-5,3.0,6.3340562552385086e-12,-1.8448756729094898e-7,-1.4234221460997784e-6,-1.6079097133907275e-6
-1.2797266666666669e-5,-1.2797266666666669e-5,3.0,6.318003664860415e-12,-1.8050713940753039e-7,-1.351187508161241e-6,-1.5316946475687714e-6
-1.2751233333333334e-5,-1.2751233333333334e-5,3.0,6.302696823989948e-12,-1.7671639313075587e-7,-1.2852475199416763e-6,-1.4619639130724321e-6
-1.2705200000000002e-5,-1.2705200000000002e-5,3.0,6.2880735725658946e-12,-1.7309940355642964e-7,-1.2248253560757813e-6,-1.397924759632211e-6
-1.2659166666666669e-5,-1.2659166666666669e-5,3.0,6.274079202571008e-12,-1.696421558706668e-7,-1.1692664243052943e-6,-1.3389085801759611e-6
-1.2613133333333335e-5,-1.2613133333333335e-5,3.0,6.260665312695371e-12,-1.6633225175491424e-7,-1.1180152739988873e-6,-1.2843475257538016e-6
-1.2567100000000002e-5,-1.2567100000000002e-5,3.0,6.2477888749202855e-12,-1.6315867011569753e-7,-1.0705975445230987e-6,-1.2337562146387962e-6
-1.2521066666666668e-5,-1.2521066666666668e-5,3.0,6.235411467643352e-12,-1.601115705062305e-7,-1.026605715796352e-6,-1.1867172863025824e-6
-1.2475033333333335e-5,-1.2475033333333335e-5,3.0,6.223498640912625e-12,-1.5718213041332514e-7,-9.856877588476475e-7,-1.1428698892609726e-6
-1.2429e-5,-1.2429e-5,3.0,6.212019387367024e-12,-1.5436240964133737e-7,-9.475380207559371e-7,-1.1019004303972744e-6
-1.2382966666666668e-5,-1.2382966666666668e-5,3.0,6.200945698438486e-12,-1.5164523655228363e-7,-9.11889847350437e-7,-1.0635350839027207e-6
-1.2336933333333336e-5,-1.2336933333333336e-5,3.0,6.190252189840811e-12,-1.490241120669944e-7,-8.785095692767074e-7,-1.0275336813437018e-6
-1.2290900000000001e-5,-1.2290900000000001e-5,3.0,6.17991578375668e-12,-1.4649312820030447e-7,-8.471915664342698e-7,-9.936846946345743e-7
-1.2244866666666669e-5,-1.2244866666666669e-5,3.0,6.169915437724456e-12,-1.4404689856724838e-7,-8.177541918776164e-7,-9.618010904448649e-7
-1.2198833333333334e-5,-1.2198833333333334e-5,3.0,6.160231912224789e-12,-1.4168049880951544e-7,-7.900363856083679e-7,-9.317168844178833e-7
-1.2152800000000002e-5,-1.2152800000000002e-5,3.0,6.1508475705216466e-12,-1.3938941528993268e-7,-7.638948458593055e-7,-9.032842611492382e-7
-1.2106766666666667e-5,-1.2106766666666667e-5,3.0,6.141746205530968e-12,-1.3716950071512807e-7,-7.392016537232332e-7,-8.763711544383612e-7
-1.2060733333333335e-5,-1.2060733333333335e-5,3.0,6.1329128894524355e-12,-1.350169355931935e-7,-7.15842268627771e-7,-8.508592042209644e-7
-1.2014700000000002e-5,-1.2014700000000002e-5,3.0,6.124333842664732e-12,-1.3292819462925432e-7,-6.937138288725468e-7,-8.266420235018012e-7
-1.1968666666666668e-5,-1.1968666666666668e-5,3.0,6.115996318996761e-12,-1.3090001731875022e-7,-6.727237044458379e-7,-8.03623721764588e-7
-1.1922633333333335e-5,-1.1922633333333335e-5,3.0,6.10788850497997e-12,-1.289293821245295e-7,-6.527882595183542e-7,-7.817176416428837e-7
-1.18766e-5,-1.18766e-5,3.0,6.099999431085807e-12,-1.2701348372611135e-7,-6.338317900361505e-7,-7.608452737622619e-7
-1.1830566666666668e-5,-1.1830566666666668e-5,3.0,6.092318893277088e-12,-1.2514971291271683e-7,-6.157856081982977e-7,-7.409353211110146e-7
-1.1784533333333336e-5,-1.1784533333333336e-5,3.0,6.08483738346775e-12,-1.233356387597775e-7,-5.985872506810598e-7,-7.219228894408373e-7
-1.1738500000000001e-5,-1.1738500000000001e-5,3.0,6.077546027703983e-12,-1.2156899278464854e-7,-5.821797915420281e-7,-7.037487843266766e-7
-1.1692466666666669e-5,-1.1692466666666669e-5,3.0,6.0704365310602464e-12,-1.198476548235243e-7,-5.665112440208973e-7,-6.863588988444216e-7
-1.1646433333333334e-5,-1.1646433333333334e-5,3.0,6.063501128393502e-12,-1.1816964040996071e-7,-5.515340381143963e-7,-6.69703678524357e-7
-1.1600400000000002e-5,-1.1600400000000002e-5,3.0,6.056732540223832e-12,-1.1653308946741459e-7,-5.372045629696994e-7,-6.53737652437114e-7
-1.1554366666666667e-5,-1.1554366666666667e-5,3.0,6.050123933114137e-12,-1.1493625615499179e-7,-5.234827649131892e-7,-6.384190210681809e-7
-1.1508333333333335e-5,-1.1508333333333335e-5,3.0,6.0436688840093265e-12,-1.1337749972809968e-7,-5.103317933879391e-7,-6.237092931160388e-7
-1.1462300000000002e-5,-1.1462300000000002e-5,3.0,6.037361348069485e-12,-1.1185527629466867e-7,-4.977176882749918e-7,-6.095729645696605e-7
-1.1416266666666668e-5,-1.1416266666666668e-5,3.0,6.03119562959409e-12,-1.10368131363666e-7,-4.85609103069105e-7,-5.95977234432771e-7
-1.1370233333333335e-5,-1.1370233333333335e-5,3.0,6.025166355687574e-12,-1.0891469309625647e-7,-4.7397705920757e-7,-5.828917523038265e-7
-1.13242e-5,-1.13242e-5,3.0,6.019268452361787e-12,-1.0749366618157889e-7,-4.627947275418066e-7,-5.702883937233855e-7
-1.1278166666666668e-5,-1.1278166666666668e-5,3.0,6.0134971228097135e-12,-1.0610382626903538e-7,-4.5203723352037584e-7,-5.581410597894112e-7
-1.1232133333333334e-5,-1.1232133333333334e-5,3.0,6.0078478276178995e-12,-1.0474401489749578e-7,-4.416814831386451e-7,-5.464254980361409e-7
-1.1186100000000001e-5,-1.1186100000000001e-5,3.0,6.0023162667136525e-12,-1.0341313486913836e-7,-4.317060071207291e-7,-5.351191419898674e-7
-1.1140066666666669e-5,-1.1140066666666669e-5,3.0,5.9968983628676595e-12,-1.0211014602195083e-7,-4.220908211464744e-7,-5.242009671684252e-7
-1.1094033333333334e-5,-1.1094033333333334e-5,3.0,5.991590246593914e-12,-1.008340613603704e-7,-4.1281730023086594e-7,-5.136513615912363e-7
-1.1048000000000002e-5,-1.1048000000000002e-5,3.0,5.9863882423073206e-12,-9.958394350826624e-8,-4.038680656139383e-7,-5.034520091222045e-7
-1.1001966666666667e-5,-1.1001966666666667e-5,3.0,5.981288855615311e-12,-9.835890145257116e-8,-3.9522688273325344e-7,-4.935857841858245e-7
-1.0955933333333335e-5,-1.0955933333333335e-5,3.0,5.976288761633814e-12,-9.715808754945051e-8,-3.868785690341452e-7,-4.840366565835957e-7
-1.0909900000000002e-5,-1.0909900000000002e-5,3.0,5.971384794230058e-12,-9.598069476801336e-8,-3.7880891053005226e-7,-4.7478960529806563e-7
-1.0863866666666668e-5,-1.0863866666666668e-5,3.0,5.96657393610536e-12,-9.482595414930731e-8,-3.7100458616045455e-7,-4.6583054030976184e-7
-1.0817833333333335e-5,-1.0817833333333335e-5,3.0,5.961853309640413e-12,-9.369313246073247e-8,-3.6345309911049863e-7,-4.571462315712311e-7
-1.07718e-5,-1.07718e-5,3.0,5.9572201684337806e-12,-9.258153002811622e-8,-3.561427143571774e-7,-4.487242443852936e-7
-1.0725766666666668e-5,-1.0725766666666668e-5,3.0,5.952671889471563e-12,-9.149047872954563e-8,-3.490624017942547e-7,-4.4055288052380033e-7
-1.0679733333333334e-5,-1.0679733333333334e-5,3.0,5.948205965872549e-12,-9.041934013668985e-8,-3.4220178436394295e-7,-4.326211245006328e-7
-1.0633700000000001e-5,-1.0633700000000001e-5,3.0,5.943820000158868e-12,-8.936750379079241e-8,-3.355510906893536e-7,-4.24918594480146e-7
-1.0587666666666669e-5,-1.0587666666666669e-5,3.0,5.939511698007091e-12,-8.833438560179394e-8,-3.291011117592717e-7,-4.1743549736106567e-7
-1.0541633333333334e-5,-1.0541633333333334e-5,3.0,5.9352788624392134e-12,-8.731942636018427e-8,-3.228431612671251e-7,-4.1016258762730935e-7
-1.0495600000000002e-5,-1.0495600000000002e-5,3.0,5.931119388416891e-12,-8.63220903521927e-8,-3.167690392500503e-7,-4.0309112960224303e-7
-1.0449566666666667e-5,-1.0449566666666667e-5,3.0,5.927031257805767e-12,-8.534186406982509e-8,-3.108709987125936e-7,-3.962128627824187e-7
-1.0403533333333335e-5,-1.0403533333333335e-5,3.0,5.92301253467994e-12,-8.437825500806099e-8,-3.051417149535633e-7,-3.895199699616243e-7
-1.03575e-5,-1.03575e-5,3.0,5.919061360939341e-12,-8.343079054223912e-8,-2.9957425734443754e-7,-3.8300504788667665e-7
-1.0311466666666668e-5,-1.0311466666666668e-5,3.0,5.915175952215333e-12,-8.249901687930326e-8,-2.9416206333413237e-7,-3.766610802134356e-7
-1.0265433333333335e-5,-1.0265433333333335e-5,3.0,5.911354594042112e-12,-8.158249807715367e-8,-2.8889891447822896e-7,-3.704814125553826e-7
-1.02194e-5,-1.02194e-5,3.0,5.907595638273424e-12,-8.068081512686794e-8,-2.8377891431140726e-7,-3.644597294382752e-7
-1.0173366666666668e-5,-1.0173366666666668e-5,3.0,5.903897499726025e-12,-7.979356509301653e-8,-2.7879646790011743e-7,-3.5859003299313395e-7
-1.0127333333333334e-5,-1.0127333333333334e-5,3.0,5.900258653032847e-12,-7.892036030771683e-8,-2.7394626292876446e-7,-3.528666232364813e-7
-1.0081300000000001e-5,-1.0081300000000001e-5,3.0,5.896677629690365e-12,-7.806082761444733e-8,-2.692232521871328e-7,-3.472840798015801e-7
-1.0035266666666669e-5,-1.0035266666666669e-5,3.0,5.893153015285951e-12,-7.721460765797993e-8,-2.646226373396356e-7,-3.418372449976155e-7
-9.989233333333334e-6,-9.989233333333334e-6,3.0,5.8896834468922194e-12,-7.638135421709848e-8,-2.6013985386845806e-7,-3.365212080855565e-7
-9.943200000000002e-6,-9.943200000000002e-6,3.0,5.8862676106164285e-12,-7.556073357704741e-8,-2.5577055709290864e-7,-3.3133129066995606e-7
-9.897166666666667e-6,-9.897166666666667e-6,3.0,5.882904239294007e-12,-7.475242393890649e-8,-2.5151060917646464e-7,-3.2626303311537113e-7
-9.851133333333335e-6,-9.851133333333335e-6,3.0,5.87959211031615e-12,-7.395611486331605e-8,-2.4735606704121375e-7,-3.213121819045298e-7
-9.8051e-6,-9.8051e-6,3.0,5.876330043582243e-12,-7.317150674618361e-8,-2.4330317111675315e-7,-3.1647467786293673e-7
-9.759066666666668e-6,-9.759066666666668e-6,3.0,5.873116899568607e-12,-7.239831032419216e-8,-2.3934833485723263e-7,-3.117466451814248e-7
-9.713033333333335e-6,-9.713033333333335e-6,3.0,5.869951577505732e-12,-7.163624620810066e-8,-2.354881349661656e-7,-3.0712438117426625e-7
-9.667e-6,-9.667e-6,3.0,5.866833013656749e-12,-7.088504444198431e-8,-2.3171930227399705e-7,-3.0260434671598135e-7
-9.620966666666668e-6,-9.620966666666668e-6,3.0,5.8637601796905e-12,-7.014444408670505e-8,-2.2803871321823948e-7,-2.981831573049445e-7
-9.574933333333334e-6,-9.574933333333334e-6,3.0,5.860732081143005e-12,-6.941419282603037e-8,-2.2444338188034363e-7,-2.93857574706374e-7
-9.528900000000001e-6,-9.528900000000001e-6,3.0,5.857747755961653e-12,-6.869404659394166e-8,-2.2093045253741078e-7,-2.8962449913135245e-7
-9.482866666666669e-6,-9.482866666666669e-6,3.0,5.854806273126822e-12,-6.798376922177744e-8,-2.1749719269040842e-7,-2.8548096191218585e-7
-9.436833333333334e-6,-9.436833333333334e-6,3.0,5.8519067313460464e-12,-6.728313210396023e-8,-2.1414098653377972e-7,-2.8142411863773994e-7
-9.390800000000002e-6,-9.390800000000002e-6,3.0,5.8490482578161994e-12,-6.6591913881145e-8,-2.1085932883425442e-7,-2.774512427153994e-7
-9.344766666666667e-6,-9.344766666666667e-6,3.0,5.84623000704948e-12,-6.590990013971093e-8,-2.0764981918932257e-7,-2.735597193290335e-7
-9.298733333333335e-6,-9.298733333333335e-6,3.0,5.843451159759307e-12,-6.523688312659732e-8,-2.045101566382436e-7,-2.697470397648409e-7
-9.2527e-6,-9.2527e-6,3.0,5.840710921802484e-12,-6.457266147855168e-8,-2.014381346006465e-7,-2.660107960791982e-7
-9.206666666666668e-6,-9.206666666666668e-6,3.0,5.838008523174269e-12,-6.391703996492725e-8,-1.984316361197791e-7,-2.6234867608470634e-7
-9.160633333333335e-6,-9.160633333333335e-6,3.0,5.8353432170531905e-12,-6.326982924322294e-8,-1.9548862938927103e-7,-2.5875845863249394e-7
-9.1146e-6,-9.1146e-6,3.0,5.83271427889271e-12,-6.26308456266176e-8,-1.9260716354394037e-7,-2.5523800917055795e-7
-9.068566666666668e-6,-9.068566666666668e-6,3.0,5.830121005556978e-12,-6.19999108627988e-8,-1.8978536469667758e-7,-2.517852755594764e-7
-9.022533333333334e-6,-9.022533333333334e-6,3.0,5.8275627144981515e-12,-6.137685192343481e-8,-1.870214322048259e-7,-2.4839828412826074e-7
-8.976500000000001e-6,-8.976500000000001e-6,3.0,5.8250387429729105e-12,-6.076150080368156e-8,-1.843136351507409e-7,-2.450751359544225e-7
-8.930466666666667e-6,-8.930466666666667e-6,3.0,5.822548447295931e-12,-6.015369433115591e-8,-1.8166030902236253e-7,-2.4181400335351845e-7
-8.884433333333334e-6,-8.884433333333334e-6,3.0,5.820091202128265e-12,-5.9553273983844863e-8,-1.7905985258069827e-7,-2.386131265645431e-7
-8.838400000000002e-6,-8.838400000000002e-6,3.0,5.8176663997986665e-12,-5.8960085716453703e-8,-1.7651072490208142e-7,-2.3547081061853512e-7
-8.792366666666667e-6,-8.792366666666667e-6,3.0,5.815273449656089e-12,-5.837397979472852e-8,-1.7401144258396153e-7,-2.3238542237869006e-7
-8.746333333333335e-6,-8.746333333333335e-6,3.0,5.812911777451605e-12,-5.779481063731823e-8,-1.7156057710380207e-7,-2.293553877411203e-7
-8.7003e-6,-8.7003e-6,3.0,5.810580824748195e-12,-5.722243666476765e-8,-1.6915675232140934e-7,-2.26379188986177e-7
-8.654266666666668e-6,-8.654266666666668e-6,3.0,5.808280048356898e-12,-5.6656720155260536e-8,-1.667986421157115e-7,-2.2345536227097206e-7
-8.608233333333335e-6,-8.608233333333335e-6,3.0,5.806008919797937e-12,-5.6097527106752974e-8,-1.644849681476397e-7,-2.2058249525439267e-7
-8.5622e-6,-8.5622e-6,3.0,5.803766924785476e-12,-5.554472710516126e-8,-1.6221449774135055e-7,-2.1775922484651181e-7
-8.516166666666668e-6,-8.516166666666668e-6,3.0,5.8015535627348224e-12,-5.4998193198288156e-8,-1.5998604187656968e-7,-2.1498423507485783e-7
-8.470133333333334e-6,-8.470133333333334e-6,3.0,5.799368346290863e-12,-5.445780177518998e-8,-1.5779845328533337e-7,-2.1225625506052335e-7
-8.424100000000001e-6,-8.424100000000001e-6,3.0,5.7972108008766945e-12,-5.392343245070645e-8,-1.5565062464686692e-7,-2.0957405709757337e-7
-8.378066666666667e-6,-8.378066666666667e-6,3.0,5.795080464261376e-12,-5.3394967954889115e-8,-1.535414868747601e-7,-2.069364548296492e-7
-8.332033333333334e-6,-8.332033333333334e-6,3.0,5.79297688614588e-12,-5.2872294027082866e-8,-1.5147000749099754e-7,-2.0434230151808042e-7
-8.286000000000002e-6,-8.286000000000002e-6,3.0,5.790899627766302e-12,-5.235529931442614e-8,-1.4943518908176032e-7,-2.0179048839618646e-7
-8.239966666666667e-6,-8.239966666666667e-6,3.0,5.788848261513491e-12,-5.18438752745519e-8,-1.4743606783025548e-7,-1.9927994310480738e-7
-8.193933333333335e-6,-8.193933333333335e-6,3.0,5.7868223705682905e-12,-5.1337916082281514e-8,-1.4547171212213853e-7,-1.9680962820442005e-7
-8.1479e-6,-8.1479e-6,3.0,5.784821548551622e-12,-5.083731854011736e-8,-1.4354122121938424e-7,-1.9437853975950159e-7
-8.101866666666668e-6,-8.101866666666668e-6,3.0,5.782845399188699e-12,-5.034198199234986e-8,-1.4164372399872998e-7,-1.9198570599107984e-7
-8.055833333333335e-6,-8.055833333333335e-6,3.0,5.780893535986696e-12,-4.985180824260522e-8,-1.3977837775106034e-7,-1.8963018599366557e-7
-8.0098e-6,-8.0098e-6,3.0,5.778965581925223e-12,-4.936670147467011e-8,-1.3794436703833784e-7,-1.8731106851300795e-7
-7.963766666666668e-6,-7.963766666666668e-6,3.0,5.777061169159011e-12,-4.88865681764383e-8,-1.3614090260489457e-7,-1.8502747078133288e-7
-7.917733333333334e-6,-7.917733333333334e-6,3.0,5.775179938732233e-12,-4.8411317066832125e-8,-1.3436722034010075e-7,-1.8277853740693288e-7
-7.871700000000001e-6,-7.871700000000001e-6,3.0,5.773321540303914e-12,-4.794085902556149e-8,-1.3262258028961152e-7,-1.8056343931517302e-7
-7.825666666666667e-6,-7.825666666666667e-6,3.0,5.77148563188392e-12,-4.747510702558789e-8,-1.309062657125657e-7,-1.783813727381536e-7
-7.779633333333334e-6,-7.779633333333334e-6,3.0,5.76967187957906e-12,-4.701397606817058e-8,-1.2921758218227085e-7,-1.7623155825044143e-7
-7.733600000000002e-6,-7.733600000000002e-6,3.0,5.767879957348809e-12,-4.655738312037651e-8,-1.275558567280588e-7,-1.741132398484353e-7
-7.687566666666667e-6,-7.687566666666667e-6,3.0,5.7661095467702455e-12,-4.6105247054943226e-8,-1.259204370161344e-7,-1.720256840710776e-7
-7.641533333333335e-6,-7.641533333333335e-6,3.0,5.764360336811779e-12,-4.565748859238918e-8,-1.243106905673737e-7,-1.699681791597629e-7
-7.595500000000001e-6,-7.595500000000001e-6,3.0,5.76263202361528e-12,-4.5214030245270976e-8,-1.227260040101436e-7,-1.6794003425541455e-7
-7.549466666666668e-6,-7.549466666666668e-6,3.0,5.7609243102862414e-12,-4.4774796264493387e-8,-1.2116578236633528e-7,-1.6594057863082868e-7
-7.503433333333334e-6,-7.503433333333334e-6,3.0,5.759236906691617e-12,-4.4339712587581494e-8,-1.196294483689038e-7,-1.6396916095648528e-7
-7.457400000000001e-6,-7.457400000000001e-6,3.0,5.757569529265013e-12,-4.390870678882976e-8,-1.1811644180930897e-7,-1.6202514859813873e-7
-7.411366666666667e-6,-7.411366666666667e-6,3.0,5.755921900818906e-12,-4.348170803124682e-8,-1.1662621891334383e-7,-1.6010792694459064e-7
-7.365333333333334e-6,-7.365333333333334e-6,3.0,5.754293750363587e-12,-4.305864702021892e-8,-1.1515825174392407e-7,-1.5821689876414299e-7
-7.319300000000001e-6,-7.319300000000001e-6,3.0,5.752684812932549e-12,-4.263945595881865e-8,-1.1371202762949309e-7,-1.5635148358831174e-7
-7.273266666666668e-6,-7.273266666666668e-6,3.0,5.751094829414051e-12,-4.222406850468942e-8,-1.122870486167729e-7,-1.545111171214623e-7
-7.227233333333334e-6,-7.227233333333334e-6,3.0,5.74952354638859e-12,-4.181241972843923e-8,-1.1088283094666281e-7,-1.5269525067510205e-7
-7.181200000000001e-6,-7.181200000000001e-6,3.0,5.7479707159720315e-12,-4.1404446073480923e-8,-1.0949890455215402e-7,-1.5090335062563493e-7
-7.135166666666667e-6,-7.135166666666667e-6,3.0,5.746436095664185e-12,-4.100008531725885e-8,-1.0813481257719169e-7,-1.4913489789445053e-7
-7.089133333333334e-6,-7.089133333333334e-6,3.0,5.744919448202584e-12,-4.0599276533804624e-8,-1.0679011091547438e-7,-1.47389387449279e-7
-7.043100000000001e-6,-7.043100000000001e-6,3.0,5.743420541421256e-12,-4.020196005756812e-8,-1.054643677682349e-7,-1.4566632782580302e-7
-6.997066666666668e-6,-6.997066666666668e-6,3.0,5.741939148114294e-12,-3.9808077448471027e-8,-1.0415716322010046e-7,-1.439652406685715e-7
-6.951033333333334e-6,-6.951033333333334e-6,3.0,5.740475045904027e-12,-3.941757145813457e-8,-1.0286808883217712e-7,-1.422856602903117e-7
-6.905000000000001e-6,-6.905000000000001e-6,3.0,5.7390280171136064e-12,-3.903038599723347e-8,-1.0159674725154936e-7,-1.4062713324878283e-7
-6.858966666666667e-6,-6.858966666666667e-6,3.0,5.737597848643839e-12,-3.8646466103931793e-8,-1.0034275183642946e-7,-1.3898921794036126e-7
-6.812933333333334e-6,-6.812933333333334e-6,3.0,5.7361843318540924e-12,-3.826575791335751e-8,-9.910572629623087e-8,-1.3737148420958838e-7
-6.7669e-6,-6.7669e-6,3.0,5.734787262447115e-12,-3.78882086280752e-8,-9.788530434587832e-8,-1.3577351297395351e-7
-6.720866666666668e-6,-6.720866666666668e-6,3.0,5.73340644035762e-12,-3.751376648951744e-8,-9.668112937370332e-8,-1.3419489586322076e-7
-6.674833333333334e-6,-6.674833333333334e-6,3.0,5.73204166964449e-12,-3.714238075033828e-8,-9.5492854122307e-8,-1.326352348726453e-7
-6.628800000000001e-6,-6.628800000000001e-6,3.0,5.730692758386461e-12,-3.6774001647652535e-8,-9.432014038180469e-8,-1.3109414202945722e-7
-6.582766666666667e-6,-6.582766666666667e-6,3.0,5.729359518581143e-12,-3.6408580377127355e-8,-9.316265869489561e-8,-1.2957123907202296e-7
-6.536733333333334e-6,-6.536733333333334e-6,3.0,5.728041766047277e-12,-3.604606906789337e-8,-9.202008807323084e-8,-1.280661571411242e-7
-6.4907e-6,-6.4907e-6,3.0,5.726739320330074e-12,-3.56864207582445e-8,-9.089211572457726e-8,-1.2657853648282175e-7
-6.444666666666668e-6,-6.444666666666668e-6,3.0,5.7254520046095495e-12,-3.5329589372096535e-8,-8.977843679030293e-8,-1.2510802616239948e-7
-6.398633333333334e-6,-6.398633333333334e-6,3.0,5.724179645611715e-12,-3.497552969617627e-8,-8.867875409273046e-8,-1.2365428378890674e-7
-6.352600000000001e-6,-6.352600000000001e-6,3.0,5.7229220735225585e-12,-3.462419735791386e-8,-8.759277789192933e-8,-1.222169752498432e-7
-6.306566666666667e-6,-6.306566666666667e-6,3.0,5.721679121904659e-12,-3.427554880401251e-8,-8.652022565153825e-8,-1.2079577445555078e-7
-6.260533333333334e-6,-6.260533333333334e-6,3.0,5.720450627616394e-12,-3.3929541279670476e-8,-8.546082181322921e-8,-1.193903630928997e-7
-6.2145e-6,-6.2145e-6,3.0,5.719236430733604e-12,-3.3586132808431495e-8,-8.441429757944307e-8,-1.1800043038787457e-7
-6.168466666666668e-6,-6.168466666666668e-6,3.0,5.718036374473652e-12,-3.3245282172641205e-8,-8.33803907040457e-8,-1.166256728766869e-7
-6.122433333333334e-6,-6.122433333333334e-6,3.0,5.716850305121778e-12,-3.290694889448681e-8,-8.235884529056877e-8,-1.1526579418505559e-7
-6.076400000000001e-6,-6.076400000000001e-6,3.0,5.715678071959667e-12,-3.257109321760007e-8,-8.134941159771757e-8,-1.1392050481531763e-7
-6.030366666666667e-6,-6.030366666666667e-6,3.0,5.714519527196168e-12,-3.223767608920271e-8,-8.03518458518407e-8,-1.1258952194104341e-7
-5.984333333333334e-6,-5.984333333333334e-6,3.0,5.7133745259000615e-12,-3.1906659142775175e-8,-7.936591006607421e-8,-1.1127256920884938e-7
-5.9383e-6,-5.9383e-6,3.0,5.712242925934832e-12,-3.157800468123059e-8,-7.839137186588205e-8,-1.0996937654711265e-7
-5.892266666666668e-6,-5.892266666666668e-6,3.0,5.711124587895357e-12,-3.1251675660575604e-8,-7.742800432073232e-8,-1.0867967998130792e-7
-5.846233333333334e-6,-5.846233333333334e-6,3.0,5.710019375046451e-12,-3.092763567404157e-8,-7.647558578165704e-8,-1.0740322145569862e-7
-5.800200000000001e-6,-5.800200000000001e-6,3.0,5.708927153263209e-12,-3.060584893666941e-8,-7.553389972445714e-8,-1.0613974866112655e-7
-5.754166666666667e-6,-5.754166666666667e-6,3.0,5.707847790973072e-12,-3.028628027033275e-8,-7.460273459832444e-8,-1.048890148686572e-7
-5.708133333333334e-6,-5.708133333333334e-6,3.0,5.706781159099572e-12,-2.996889508918409e-8,-7.368188367966266e-8,-1.0365077876884675e-7
-5.6621e-6,-5.6621e-6,3.0,5.705727131007693e-12,-2.9653659385509416e-8,-7.277114493089976e-8,-1.0242480431640918e-7
-5.616066666666667e-6,-5.616066666666667e-6,3.0,5.704685582450792e-12,-2.9340539715977657e-8,-7.187032086409382e-8,-1.0121086058007148e-7
-5.570033333333334e-6,-5.570033333333334e-6,3.0,5.703656391519029e-12,-2.9029503188271588e-8,-7.097921840914178e-8,-1.0000872159741337e-7
-5.524000000000001e-6,-5.524000000000001e-6,3.0,5.702639438589264e-12,-2.8720517448086852e-8,-7.009764878641107e-8,-9.881816623449792e-8
-5.477966666666667e-6,-5.477966666666667e-6,3.0,5.701634606276356e-12,-2.8413550666487674e-8,-6.92254273836204e-8,-9.763897805010808e-8
-5.431933333333334e-6,-5.431933333333334e-6,3.0,5.70064177938584e-12,-2.8108571527606317e-8,-6.83623736368046e-8,-9.647094516441092e-8
-5.3859e-6,-5.3859e-6,3.0,5.699660844867914e-12,-2.780554921667579e-8,-6.750831091520558e-8,-9.531386013188137e-8
-5.339866666666667e-6,-5.339866666666667e-6,3.0,5.6986916917727126e-12,-2.750445340838434e-8,-6.666306640993787e-8,-9.416751981832221e-8
-5.293833333333334e-6,-5.293833333333334e-6,3.0,5.697734211206815e-12,-2.7205254255541197e-8,-6.582647102628414e-8,-9.303172528182535e-8
-5.247800000000001e-6,-5.247800000000001e-6,3.0,5.696788296290954e-12,-2.690792237804347e-8,-6.499835927948257e-8,-9.190628165752604e-8
-5.201766666666667e-6,-5.201766666666667e-6,3.0,5.695853842118878e-12,-2.661242885213453e-8,-6.417856919387328e-8,-9.07909980460078e-8
-5.155733333333334e-6,-5.155733333333334e-6,3.0,5.694930745717351e-12,-2.6318745199944153e-8,-6.336694220527734e-8,-8.968568740522149e-8
-5.1097e-6,-5.1097e-6,3.0,5.69401890600722e-12,-2.602684337930159e-8,-6.256332306648668e-8,-8.859016644578827e-8
-5.063666666666667e-6,-5.063666666666667e-6,3.0,5.693118223765558e-12,-2.5736695773812792e-8,-6.176755975574884e-8,-8.750425552956164e-8
-5.017633333333334e-6,-5.017633333333334e-6,3.0,5.692228601588813e-12,-2.5448275183193092e-8,-6.097950338813505e-8,-8.642777857132814e-8
-4.971600000000001e-6,-4.971600000000001e-6,3.0,5.6913499438569544e-12,-2.51615548138477e-8,-6.01990081296849e-8,-8.53605629435326e-8
-4.925566666666667e-6,-4.925566666666667e-6,3.0,5.690482156698577e-12,-2.4876508269691674e-8,-5.942593111422567e-8,-8.430243938391734e-8
-4.879533333333334e-6,-4.879533333333334e-6,3.0,5.689625147956937e-12,-2.459310954320228e-8,-5.866013236276752e-8,-8.32532419059698e-8
-4.8335e-6,-4.8335e-6,3.0,5.688778827156885e-12,-2.4311333006696056e-8,-5.790147470538149e-8,-8.221280771207755e-8
-4.787466666666667e-6,-4.787466666666667e-6,3.0,5.687943105472684e-12,-2.403115340382378e-8,-5.714982370546924e-8,-8.118097710929302e-8
-4.741433333333334e-6,-4.741433333333334e-6,3.0,5.687117895696663e-12,-2.3752545841276642e-8,-5.6405047586338745e-8,-8.015759342761539e-8
-4.695400000000001e-6,-4.695400000000001e-6,3.0,5.6863031122087055e-12,-2.3475485780696883e-8,-5.5667017160002466e-8,-7.914250294069935e-8
-4.649366666666667e-6,-4.649366666666667e-6,3.0,5.685498670946533e-12,-2.3199949030786686e-8,-5.493560575811892e-8,-7.81355547889056e-8
-4.603333333333334e-6,-4.603333333333334e-6,3.0,5.684704489376757e-12,-2.2925911739609275e-8,-5.421068916500025e-8,-7.713660090460952e-8
-4.5573e-6,-4.5573e-6,3.0,5.683920486466702e-12,-2.265335038707631e-8,-5.34921455526136e-8,-7.614549593968991e-8
-4.511266666666667e-6,-4.511266666666667e-6,3.0,5.683146582656935e-12,-2.238224177761583e-8,-5.2779855417505005e-8,-7.516209719512083e-8
-4.4652333333333334e-6,-4.4652333333333334e-6,3.0,5.682382699834529e-12,-2.211256303301544e-8,-5.207370151957823e-8,-7.418626455259367e-8
-4.419200000000001e-6,-4.419200000000001e-6,3.0,5.681628761306995e-12,-2.184429158543527e-8,-5.1373568822663705e-8,-7.321786040809897e-8
-4.373166666666667e-6,-4.373166666666667e-6,3.0,5.680884691776901e-12,-2.1577405170585595e-8,-5.067934443681502e-8,-7.225674960740062e-8
-4.327133333333334e-6,-4.327133333333334e-6,3.0,5.680150417317128e-12,-2.131188182106445e-8,-4.999091756227271e-8,-7.130279938333716e-8
-4.2811e-6,-4.2811e-6,3.0,5.679425865346769e-12,-2.104769985985004e-8,-4.9308179435037936e-8,-7.035587929488798e-8
-4.235066666666667e-6,-4.235066666666667e-6,3.0,5.6787109646076355e-12,-2.078483789394356e-8,-4.863102327400025e-8,-6.94158611679438e-8
-4.1890333333333334e-6,-4.1890333333333334e-6,3.0,5.678005645141362e-12,-2.052327480815818e-8,-4.795934422956617e-8,-6.848261903772435e-8
-4.143000000000001e-6,-4.143000000000001e-6,3.0,5.677309838267097e-12,-2.0262989759049207e-8,-4.7293039333737064e-8,-6.755602909278626e-8
-4.096966666666667e-6,-4.096966666666667e-6,3.0,5.676623476559753e-12,-2.0003962168982047e-8,-4.663200745158733e-8,-6.663596962056938e-8
-4.050933333333334e-6,-4.050933333333334e-6,3.0,5.675946493828808e-12,-1.9746171720333357e-8,-4.597614923409483e-8,-6.572232095442818e-8
-4.0049e-6,-4.0049e-6,3.0,5.675278825097638e-12,-1.948959834982175e-8,-4.532536707227801e-8,-6.481496542209975e-8
-3.958866666666667e-6,-3.958866666666667e-6,3.0,5.6746204065833816e-12,-1.923422224296407e-8,-4.4679565052595827e-8,-6.39137872955599e-8
-3.9128333333333335e-6,-3.9128333333333335e-6,3.0,5.67397117567729e-12,-1.8980023828653787e-8,-4.403864891356772e-8,-6.30186727422215e-8
-3.866800000000001e-6,-3.866800000000001e-6,3.0,5.673331070925596e-12,-1.872698377385786e-8,-4.340252600357295e-8,-6.212950977743081e-8
-3.820766666666667e-6,-3.820766666666667e-6,3.0,5.672700032010832e-12,-1.8475082978428544e-8,-4.2771105239790134e-8,-6.124618821821867e-8
-3.774733333333334e-6,-3.774733333333334e-6,3.0,5.672077999733641e-12,-1.822430257002699e-8,-4.214429706823846e-8,-6.036859963826546e-8
-3.7287000000000004e-6,-3.7287000000000004e-6,3.0,5.671464915995032e-12,-1.7974623899155337e-8,-4.152201342488488e-8,-5.949663732404022e-8
-3.682666666666667e-6,-3.682666666666667e-6,3.0,5.670860723779074e-12,-1.7726028534294005e-8,-4.090416769778119e-8,-5.8630196232075195e-8
-3.636633333333334e-6,-3.636633333333334e-6,3.0,5.670265367136025e-12,-1.7478498257141487e-8,-4.029067469019771e-8,-5.77691729473392e-8
-3.5906000000000004e-6,-3.5906000000000004e-6,3.0,5.6696787911658914e-12,-1.7232015057953488e-8,-3.968145058472047e-8,-5.691346564267396e-8
-3.544566666666667e-6,-3.544566666666667e-6,3.0,5.669100942002373e-12,-1.698656113097859e-8,-3.9076412908280375e-8,-5.606297403925897e-8
-3.498533333333334e-6,-3.498533333333334e-6,3.0,5.668531766797237e-12,-1.6742118869987695e-8,-3.847548049808408e-8,-5.5217599368071775e-8
-3.4525000000000004e-6,-3.4525000000000004e-6,3.0,5.667971213705055e-12,-1.649867086389455e-8,-3.787857346841675e-8,-5.43772443323113e-8
-3.406466666666667e-6,-3.406466666666667e-6,3.0,5.667419231868335e-12,-1.6256199892464933e-8,-3.728561317828881e-8,-5.354181307075374e-8
-3.360433333333334e-6,-3.360433333333334e-6,3.0,5.666875771403023e-12,-1.601468892211166e-8,-3.669652219989915e-8,-5.271121112201081e-8
-3.3144000000000004e-6,-3.3144000000000004e-6,3.0,5.666340783384358e-12,-1.577412110177327e-8,-3.611122428788817e-8,-5.188534538966144e-8
-3.268366666666667e-6,-3.268366666666667e-6,3.0,5.665814219833084e-12,-1.5534479758873814e-8,-3.552964434935532e-8,-5.106412410822913e-8
-3.222333333333334e-6,-3.222333333333334e-6,3.0,5.665296033702005e-12,-1.529574839536156e-8,-3.4951708414616474e-8,-5.0247456809978035e-8
-3.1763000000000004e-6,-3.1763000000000004e-6,3.0,5.6647861788628785e-12,-1.5057910683824352e-8,-3.4377343608677304e-8,-4.943525429250165e-8
-3.130266666666667e-6,-3.130266666666667e-6,3.0,5.664284610093635e-12,-1.4820950463679386e-8,-3.380647812339961e-8,-4.862742858707899e-8
-3.084233333333334e-6,-3.084233333333334e-6,3.0,5.663791283065911e-12,-1.4584851737435427e-8,-3.3239041190338475e-8,-4.78238929277739e-8
-3.0382000000000004e-6,-3.0382000000000004e-6,3.0,5.663306154332903e-12,-1.4349598667025211e-8,-3.2674963054228424e-8,-4.702456172125363e-8
-2.992166666666667e-6,-2.992166666666667e-6,3.0,5.6628291813175285e-12,-1.4115175570206295e-8,-3.2114174947098423e-8,-4.622935051730472e-8
-2.946133333333334e-6,-2.946133333333334e-6,3.0,5.662360322300871e-12,-1.3881566917028235e-8,-3.155660906299491e-8,-4.543817598002315e-8
-2.9001000000000004e-6,-2.9001000000000004e-6,3.0,5.661899536410932e-12,-1.3648757326364204e-8,-3.100219853329391e-8,-4.465095585965811e-8
-2.854066666666667e-6,-2.854066666666667e-6,3.0,5.66144678361166e-12,-1.3416731562505373e-8,-3.0450877402583295e-8,-4.386760896508867e-8
-2.8080333333333335e-6,-2.8080333333333335e-6,3.0,5.661002024692258e-12,-1.3185474531816105e-8,-2.99025806050968e-8,-4.3088055136912906e-8
-2.7620000000000004e-6,-2.7620000000000004e-6,3.0,5.660565221256765e-12,-1.2954971279448349e-8,-2.935724394168246e-8,-4.231221522113081e-8
-2.715966666666667e-6,-2.715966666666667e-6,3.0,5.660136335713905e-12,-1.2725206986113417e-8,-2.881480405728835e-8,-4.154001104340177e-8
-2.6699333333333335e-6,-2.6699333333333335e-6,3.0,5.659715331267194e-12,-1.249616696490974e-8,-2.8275198418948826e-8,-4.0771365383858565e-8
-2.6239000000000004e-6,-2.6239000000000004e-6,3.0,5.6593021719052976e-12,-1.2267836658204615e-8,-2.7738365294255627e-8,-4.000620195246024e-8
-2.577866666666667e-6,-2.577866666666667e-6,3.0,5.6588968223926534e-12,-1.2040201634568924e-8,-2.7204243730298223e-8,-3.924444536486715e-8
-2.5318333333333335e-6,-2.5318333333333335e-6,3.0,5.6584992482603165e-12,-1.1813247585762694e-8,-2.6672773533058256e-8,-3.848602111882095e-8
-2.4858000000000004e-6,-2.4858000000000004e-6,3.0,5.658109415797063e-12,-1.1586960323770566e-8,-2.6143895247243678e-8,-3.7730855571014244e-8
-2.439766666666667e-6,-2.439766666666667e-6,3.0,5.657727292040713e-12,-1.136132577788542e-8,-2.5617550136548398e-8,-3.697887591443382e-8
-2.3937333333333335e-6,-2.3937333333333335e-6,3.0,5.657352844769695e-12,-1.1136329991838772e-8,-2.509368016432374e-8,-3.623001015616251e-8
-2.3477000000000004e-6,-2.3477000000000004e-6,3.0,5.656986042494827e-12,-1.0911959120976776e-8,-2.4572227974648363e-8,-3.548418709562514e-8
-2.301666666666667e-6,-2.301666666666667e-6,3.0,5.656626854451319e-12,-1.0688199429480234e-8,-2.4053136873783976e-8,-3.4741336303264206e-8
-2.2556333333333335e-6,-2.2556333333333335e-6,3.0,5.656275250590998e-12,-1.0465037287627547e-8,-2.353635081200407e-8,-3.400138809963162e-8
-2.2096000000000004e-6,-2.2096000000000004e-6,3.0,5.655931201574735e-12,-1.0242459169099097e-8,-2.3021814365783727e-8,-3.326427353488283e-8
-2.163566666666667e-6,-2.163566666666667e-6,3.0,5.655594678765088e-12,-1.0020451648322144e-8,-2.250947272033847e-8,-3.252992436866061e-8
-2.1175333333333335e-6,-2.1175333333333335e-6,3.0,5.655265654219141e-12,-9.799001397854574e-9,-2.1999271652500953e-8,-3.179827305035553e-8
-2.0715000000000004e-6,-2.0715000000000004e-6,3.0,5.654944100681553e-12,-9.578095185806883e-9,-2.149115751392429e-8,-3.106925269973118e-8
-2.025466666666667e-6,-2.025466666666667e-6,3.0,5.654629991577795e-12,-9.357719873300685e-9,-2.0985077214601032e-8,-3.034279708790172e-8
-1.9794333333333335e-6,-1.9794333333333335e-6,3.0,5.654323301007583e-12,-9.137862411963036e-9,-2.048097820668741e-8,-2.961884061865045e-8
-1.9334000000000004e-6,-1.9334000000000004e-6,3.0,5.6540240037385e-12,-8.918509841455202e-9,-1.9978808468622558e-8,-2.8897318310077758e-8
-1.887366666666667e-6,-1.887366666666667e-6,3.0,5.653732075199805e-12,-8.699649287034944e-9,-1.947851648953287e-8,-2.8178165776567815e-8
-1.8413333333333335e-6,-1.8413333333333335e-6,3.0,5.653447491476425e-12,-8.48126795715122e-9,-1.8980051253911475e-8,-2.7461319211062693e-8
-1.7953000000000002e-6,-1.7953000000000002e-6,3.0,5.65317022930312e-12,-8.263353141070268e-9,-1.848336222656385e-8,-2.6746715367634117e-8
-1.749266666666667e-6,-1.749266666666667e-6,3.0,5.652900266058845e-12,-8.045892206532047e-9,-1.7988399337809948e-8,-2.6034291544341995e-8
-1.7032333333333335e-6,-1.7032333333333335e-6,3.0,5.652637579761251e-12,-7.828872597435997e-9,-1.749511296893402e-8,-2.5323985566370017e-8
-1.6572000000000002e-6,-1.6572000000000002e-6,3.0,5.652382149061397e-12,-7.612281831555421e-9,-1.700345393787357e-8,-2.461573576942899e-8
-1.611166666666667e-6,-1.611166666666667e-6,3.0,5.6521339532386e-12,-7.396107498279067e-9,-1.6513373485138607e-8,-2.3909480983417673e-8
-1.5651333333333335e-6,-1.5651333333333335e-6,3.0,5.651892972195467e-12,-7.180337256379454e-9,-1.6024823259953256e-8,-2.320516051633271e-8
-1.5191000000000002e-6,-1.5191000000000002e-6,3.0,5.6516591864530815e-12,-6.964958831806699e-9,-1.5537755306611032e-8,-2.250271413841773e-8
-1.473066666666667e-6,-1.473066666666667e-6,3.0,5.651432577146362e-12,-6.749960015507109e-9,-1.505212205103656e-8,-2.180208206654367e-8
-1.4270333333333335e-6,-1.4270333333333335e-6,3.0,5.651213126019561e-12,-6.535328661265616e-9,-1.4567876287545628e-8,-2.1103204948811244e-8
-1.3810000000000002e-6,-1.3810000000000002e-6,3.0,5.6510008154219445e-12,-6.3210526835712495e-9,-1.4084971165795773e-8,-2.040602384936702e-8
-1.3349666666666667e-6,-1.3349666666666667e-6,3.0,5.6507956283036035e-12,-6.107120055504647e-9,-1.3603360177920629e-8,-1.9710480233425277e-8
-1.2889333333333335e-6,-1.2889333333333335e-6,3.0,5.650597548211429e-12,-5.893518806646962e-9,-1.3122997145840025e-8,-1.9016515952486986e-8
-1.2429000000000002e-6,-1.2429000000000002e-6,3.0,5.650406559285239e-12,-5.6802370210092135e-9,-1.2643836208739664e-8,-1.832407322974888e-8
-1.1968666666666667e-6,-1.1968666666666667e-6,3.0,5.6502226462540436e-12,-5.467262834981351e-9,-1.2165831810712516e-8,-1.7633094645693867e-8
-1.1508333333333335e-6,-1.1508333333333335e-6,3.0,5.650045794432468e-12,-5.254584435300169e-9,-1.1688938688555837e-8,-1.6943523123856006e-8
-1.1048000000000002e-6,-1.1048000000000002e-6,3.0,5.649875989717316e-12,-5.0421900570354134e-9,-1.1213111859716764e-8,-1.625530191675218e-8
-1.0587666666666667e-6,-1.0587666666666667e-6,3.0,5.649713218584271e-12,-4.830067981593133e-9,-1.0738306610380076e-8,-1.556837459197321e-8
-1.0127333333333335e-6,-1.0127333333333335e-6,3.0,5.6495574680847484e-12,-4.618206534735698e-9,-1.026447848369182e-8,-1.4882685018427518e-8
-9.667000000000002e-7,-9.667000000000002e-7,3.0,5.649408725842877e-12,-4.406594084617644e-9,-9.791583268112254e-9,-1.4198177352729898e-8
-9.206666666666667e-7,-9.206666666666667e-7,3.0,5.649266980052634e-12,-4.195219039836683e-9,-9.319576985892325e-9,-1.3514796025729008e-8
-8.746333333333335e-7,-8.746333333333335e-7,3.0,5.649132219475097e-12,-3.984069847498959e-9,-8.84841588166691e-9,-1.2832485729165869e-8
-8.286000000000001e-7,-8.286000000000001e-7,3.0,5.649004433435854e-12,-3.7731349912980816e-9,-8.37805641115977e-9,-1.2151191402457852e-8
-7.825666666666667e-7,-7.825666666666667e-7,3.0,5.648883611822529e-12,-3.5624029896072053e-9,-7.908455229993536e-9,-1.1470858219600741e-8
-7.365333333333335e-7,-7.365333333333335e-7,3.0,5.6487697450824495e-12,-3.3518623935831555e-9,-7.4395691825993475e-9,-1.0791431576182503e-8
-6.905000000000001e-7,-6.905000000000001e-7,3.0,5.648662824220451e-12,-3.1415017852823576e-9,-6.971355291220345e-9,-1.0112857076502702e-8
-6.444666666666667e-7,-6.444666666666667e-7,3.0,5.648562840796799e-12,-2.9313097757874782e-9,-6.503770745003267e-9,-9.435080520790745e-9
-5.984333333333334e-7,-5.984333333333334e-7,3.0,5.648469786925262e-12,-2.721275003344426e-9,-6.036772889172753e-9,-8.758047892517179e-9
-5.524000000000001e-7,-5.524000000000001e-7,3.0,5.648383655271286e-12,-2.5113861315088154e-9,-5.570319214282885e-9,-8.0817053457917e-9
-5.063666666666667e-7,-5.063666666666667e-7,3.0,5.648304439050327e-12,-2.301631847301322e-9,-5.104367345540171e-9,-7.405999192841493e-9
-4.6033333333333337e-7,-4.6033333333333337e-7,3.0,5.6482321320262895e-12,-2.09200085937135e-9,-4.638875032193273e-9,-6.730875891564623e-9
-4.1430000000000005e-7,-4.1430000000000005e-7,3.0,5.648166728510099e-12,-1.8824818961681314e-9,-4.173800136983442e-9,-6.056282033151573e-9
-3.6826666666666673e-7,-3.6826666666666673e-7,3.0,5.648108223358409e-12,-1.6730637041188412e-9,-3.709100625650785e-9,-5.382164329769626e-9
-3.2223333333333337e-7,-3.2223333333333337e-7,3.0,5.648056611972416e-12,-1.463735045813015e-9,-3.2447345564913793e-9,-4.708469602304394e-9
-2.7620000000000005e-7,-2.7620000000000005e-7,3.0,5.64801189029682e-12,-1.2544846981925742e-9,-2.7806600699594598e-9,-4.0351447681520336e-9
-2.3016666666666668e-7,-2.3016666666666668e-7,3.0,5.6479740548188914e-12,-1.0453014507468164e-9,-2.3168353783098303e-9,-3.3621368290566467e-9
-1.8413333333333337e-7,-1.8413333333333337e-7,3.0,5.647943102567674e-12,-8.361741037118627e-10,-1.8532187552758088e-9,-2.6893928589876714e-9
-1.3810000000000003e-7,-1.3810000000000003e-7,3.0,5.647919031113309e-12,-6.270914662738147e-10,-1.3897685257767943e-9,-2.016859992050609e-9
-9.206666666666668e-8,-9.206666666666668e-8,3.0,5.647901838566478e-12,-4.1804235477497273e-10,-9.264430556511384e-10,-1.3444854104261111e-9
-4.603333333333334e-8,-4.603333333333334e-8,3.0,5.647891523577975e-12,-2.0901559092271808e-10,-4.6320074140899733e-10,-6.722163323317154e-10
0.0,0.0,3.0,5.647888085338401e-12,0.0,0.0,0.0
4.603333333333334e-8,4.603333333333334e-8,3.0,5.647891523577975e-12,2.0901559092271808e-10,4.6320074140899733e-10,6.722163323317154e-10
9.206666666666668e-8,9.206666666666668e-8,3.0,5.647901838566478e-12,4.1804235477497273e-10,9.264430556511384e-10,1.3444854104261111e-9
1.3810000000000003e-7,1.3810000000000003e-7,3.0,5.647919031113309e-12,6.270914662738147e-10,1.3897685257767943e-9,2.016859992050609e-9
1.8413333333333337e-7,1.8413333333333337e-7,3.0,5.647943102567674e-12,8.361741037118627e-10,1.8532187552758088e-9,2.6893928589876714e-9
2.3016666666666668e-7,2.3016666666666668e-7,3.0,5.6479740548188914e-12,1.0453014507468164e-9,2.3168353783098303e-9,3.3621368290566467e-9
2.7620000000000005e-7,2.7620000000000005e-7,3.0,5.64801189029682e-12,1.2544846981925742e-9,2.7806600699594598e-9,4.0351447681520336e-9
3.2223333333333337e-7,3.2223333333333337e-7,3.0,5.648056611972416e-12,1.463735045813015e-9,3.2447345564913793e-9,4.708469602304394e-9
3.6826666666666673e-7,3.6826666666666673e-7,3.0,5.648108223358409e-12,1.6730637041188412e-9,3.709100625650785e-9,5.382164329769626e-9
4.1430000000000005e-7,4.1430000000000005e-7,3.0,5.648166728510099e-12,1.8824818961681314e-9,4.173800136983442e-9,6.056282033151573e-9
4.6033333333333337e-7,4.6033333333333337e-7,3.0,5.6482321320262895e-12,2.09200085937135e-9,4.638875032193273e-9,6.730875891564623e-9
5.063666666666667e-7,5.063666666666667e-7,3.0,5.648304439050327e-12,2.301631847301322e-9,5.104367345540171e-9,7.405999192841493e-9
5.524000000000001e-7,5.524000000000001e-7,3.0,5.648383655271286e-12,2.5113861315088154e-9,5.570319214282885e-9,8.0817053457917e-9
5.984333333333334e-7,5.984333333333334e-7,3.0,5.648469786925262e-12,2.721275003344426e-9,6.036772889172753e-9,8.758047892517179e-9
6.444666666666667e-7,6.444666666666667e-7,3.0,5.648562840796799e-12,2.9313097757874782e-9,6.503770745003267e-9,9.435080520790745e-9
6.905000000000001e-7,6.905000000000001e-7,3.0,5.648662824220451e-12,3.1415017852823576e-9,6.971355291220345e-9,1.0112857076502702e-8
7.365333333333335e-7,7.365333333333335e-7,3.0,5.6487697450824495e-12,3.3518623935831555e-9,7.4395691825993475e-9,1.0791431576182503e-8
7.825666666666667e-7,7.825666666666667e-7,3.0,5.648883611822529e-12,3.5624029896072053e-9,7.908455229993536e-9,1.1470858219600741e-8
8.286000000000001e-7,8.286000000000001e-7,3.0,5.649004433435854e-12,3.7731349912980816e-9,8.37805641115977e-9,1.2151191402457852e-8
8.746333333333335e-7,8.746333333333335e-7,3.0,5.649132219475097e-12,3.984069847498959e-9,8.84841588166691e-9,1.2832485729165869e-8
9.206666666666667e-7,9.206666666666667e-7,3.0,5.649266980052634e-12,4.195219039836683e-9,9.319576985892325e-9,1.3514796025729008e-8
9.667000000000002e-7,9.667000000000002e-7,3.0,5.649408725842877e-12,4.406594084617644e-9,9.791583268112254e-9,1.4198177352729898e-8
1.0127333333333335e-6,1.0127333333333335e-6,3.0,5.6495574680847484e-12,4.618206534735698e-9,1.026447848369182e-8,1.4882685018427518e-8
1.0587666666666667e-6,1.0587666666666667e-6,3.0,5.649713218584271e-12,4.830067981593133e-9,1.0738306610380076e-8,1.556837459197321e-8
1.1048000000000002e-6,1.1048000000000002e-6,3.0,5.649875989717316e-12,5.0421900570354134e-9,1.1213111859716764e-8,1.625530191675218e-8
1.1508333333333335e-6,1.1508333333333335e-6,3.0,5.650045794432468e-12,5.254584435300169e-9,1.1688938688555837e-8,1.6943523123856006e-8
1.1968666666666667e-6,1.1968666666666667e-6,3.0,5.6502226462540436e-12,5.467262834981351e-9,1.2165831810712516e-8,1.7633094645693867e-8
1.2429000000000002e-6,1.2429000000000002e-6,3.0,5.650406559285239e-12,5.6802370210092135e-9,1.2643836208739664e-8,1.832407322974888e-8
1.2889333333333335e-6,1.2889333333333335e-6,3.0,5.650597548211429e-12,5.893518806646962e-9,1.3122997145840025e-8,1.9016515952486986e-8
1.3349666666666667e-6,1.3349666666666667e-6,3.0,5.6507956283036035e-12,6.107120055504647e-9,1.3603360177920629e-8,1.9710480233425277e-8
1.3810000000000002e-6,1.3810000000000002e-6,3.0,5.6510008154219445e-12,6.3210526835712495e-9,1.4084971165795773e-8,2.040602384936702e-8
1.4270333333333335e-6,1.4270333333333335e-6,3.0,5.651213126019561e-12,6.535328661265616e-9,1.4567876287545628e-8,2.1103204948811244e-8
1.473066666666667e-6,1.473066666666667e-6,3.0,5.651432577146362e-12,6.749960015507109e-9,1.505212205103656e-8,2.180208206654367e-8
1.5191000000000002e-6,1.5191000000000002e-6,3.0,5.6516591864530815e-12,6.964958831806699e-9,1.5537755306611032e-8,2.250271413841773e-8
1.5651333333333335e-6,1.5651333333333335e-6,3.0,5.651892972195467e-12,7.180337256379454e-9,1.6024823259953256e-8,2.320516051633271e-8
1.611166666666667e-6,1.611166666666667e-6,3.0,5.6521339532386e-12,7.396107498279067e-9,1.6513373485138607e-8,2.3909480983417673e-8
1.6572000000000002e-6,1.6572000000000002e-6,3.0,5.652382149061397e-12,7.612281831555421e-9,1.700345393787357e-8,2.461573576942899e-8
1.7032333333333335e-6,1.7032333333333335e-6,3.0,5.652637579761252e-12,7.828872597435997e-9,1.749511296893402e-8,2.5323985566370017e-8
1.749266666666667e-6,1.749266666666667e-6,3.0,5.652900266058845e-12,8.045892206532047e-9,1.7988399337809948e-8,2.6034291544341995e-8
1.7953000000000002e-6,1.7953000000000002e-6,3.0,5.65317022930312e-12,8.263353141070268e-9,1.848336222656385e-8,2.6746715367634117e-8
1.8413333333333335e-6,1.8413333333333335e-6,3.0,5.653447491476425e-12,8.48126795715122e-9,1.8980051253911475e-8,2.7461319211062693e-8
1.887366666666667e-6,1.887366666666667e-6,3.0,5.653732075199805e-12,8.699649287034944e-9,1.947851648953287e-8,2.8178165776567815e-8
1.9334000000000004e-6,1.9334000000000004e-6,3.0,5.6540240037385e-12,8.918509841455202e-9,1.9978808468622558e-8,2.8897318310077758e-8
1.9794333333333335e-6,1.9794333333333335e-6,3.0,5.654323301007583e-12,9.137862411963036e-9,2.048097820668741e-8,2.961884061865045e-8
2.025466666666667e-6,2.025466666666667e-6,3.0,5.654629991577796e-12,9.357719873300685e-9,2.0985077214601032e-8,3.034279708790172e-8
2.0715000000000004e-6,2.0715000000000004e-6,3.0,5.654944100681553e-12,9.578095185806883e-9,2.149115751392429e-8,3.106925269973118e-8
2.1175333333333335e-6,2.1175333333333335e-6,3.0,5.655265654219141e-12,9.799001397854574e-9,2.1999271652500953e-8,3.179827305035553e-8
2.163566666666667e-6,2.163566666666667e-6,3.0,5.655594678765088e-12,1.0020451648322144e-8,2.250947272033847e-8,3.252992436866061e-8
2.2096000000000004e-6,2.2096000000000004e-6,3.0,5.655931201574735e-12,1.0242459169099097e-8,2.3021814365783727e-8,3.326427353488283e-8
2.2556333333333335e-6,2.2556333333333335e-6,3.0,5.656275250590998e-12,1.0465037287627547e-8,2.353635081200407e-8,3.400138809963162e-8
2.301666666666667e-6,2.301666666666667e-6,3.0,5.656626854451319e-12,1.0688199429480234e-8,2.4053136873783976e-8,3.4741336303264206e-8
2.3477000000000004e-6,2.3477000000000004e-6,3.0,5.656986042494827e-12,1.0911959120976776e-8,2.4572227974648363e-8,3.548418709562514e-8
2.3937333333333335e-6,2.3937333333333335e-6,3.0,5.657352844769695e-12,1.1136329991838772e-8,2.509368016432374e-8,3.623001015616251e-8
2.439766666666667e-6,2.439766666666667e-6,3.0,5.657727292040713e-12,1.136132577788542e-8,2.5617550136548398e-8,3.697887591443382e-8
2.4858000000000004e-6,2.4858000000000004e-6,3.0,5.658109415797063e-12,1.1586960323770566e-8,2.6143895247243678e-8,3.7730855571014244e-8
2.5318333333333335e-6,2.5318333333333335e-6,3.0,5.6584992482603165e-12,1.1813247585762694e-8,2.6672773533058256e-8,3.848602111882095e-8
2.577866666666667e-6,2.577866666666667e-6,3.0,5.6588968223926534e-12,1.2040201634568924e-8,2.7204243730298223e-8,3.924444536486715e-8
2.6239000000000004e-6,2.6239000000000004e-6,3.0,5.6593021719052976e-12,1.2267836658204615e-8,2.7738365294255627e-8,4.000620195246024e-8
2.6699333333333335e-6,2.6699333333333335e-6,3.0,5.659715331267194e-12,1.249616696490974e-8,2.8275198418948826e-8,4.0771365383858565e-8
2.715966666666667e-6,2.715966666666667e-6,3.0,5.660136335713905e-12,1.2725206986113417e-8,2.881480405728835e-8,4.154001104340177e-8
2.7620000000000004e-6,2.7620000000000004e-6,3.0,5.660565221256765e-12,1.2954971279448349e-8,2.935724394168246e-8,4.231221522113081e-8
2.8080333333333335e-6,2.8080333333333335e-6,3.0,5.661002024692258e-12,1.3185474531816105e-8,2.99025806050968e-8,4.3088055136912906e-8
2.854066666666667e-6,2.854066666666667e-6,3.0,5.66144678361166e-12,1.3416731562505373e-8,3.0450877402583295e-8,4.386760896508867e-8
2.9001000000000004e-6,2.9001000000000004e-6,3.0,5.661899536410932e-12,1.3648757326364204e-8,3.100219853329391e-8,4.465095585965811e-8
2.946133333333334e-6,2.946133333333334e-6,3.0,5.662360322300871e-12,1.3881566917028235e-8,3.155660906299491e-8,4.543817598002315e-8
2.992166666666667e-6,2.992166666666667e-6,3.0,5.6628291813175285e-12,1.4115175570206295e-8,3.2114174947098423e-8,4.622935051730472e-8
3.0382000000000004e-6,3.0382000000000004e-6,3.0,5.663306154332903e-12,1.4349598667025211e-8,3.2674963054228424e-8,4.702456172125363e-8
3.084233333333334e-6,3.084233333333334e-6,3.0,5.663791283065911e-12,1.4584851737435427e-8,3.3239041190338475e-8,4.78238929277739e-8
3.130266666666667e-6,3.130266666666667e-6,3.0,5.664284610093635e-12,1.4820950463679386e-8,3.380647812339961e-8,4.862742858707899e-8
3.1763000000000004e-6,3.1763000000000004e-6,3.0,5.6647861788628785e-12,1.5057910683824352e-8,3.4377343608677304e-8,4.943525429250165e-8
3.222333333333334e-6,3.222333333333334e-6,3.0,5.665296033702005e-12,1.529574839536156e-8,3.4951708414616474e-8,5.0247456809978035e-8
3.268366666666667e-6,3.268366666666667e-6,3.0,5.665814219833083e-12,1.5534479758873814e-8,3.552964434935532e-8,5.106412410822913e-8
3.3144000000000004e-6,3.3144000000000004e-6,3.0,5.666340783384358e-12,1.577412110177327e-8,3.611122428788817e-8,5.188534538966144e-8
3.360433333333334e-6,3.360433333333334e-6,3.0,5.666875771403023e-12,1.601468892211166e-8,3.669652219989915e-8,5.271121112201081e-8
3.406466666666667e-6,3.406466666666667e-6,3.0,5.667419231868335e-12,1.6256199892464933e-8,3.728561317828881e-8,5.354181307075374e-8
3.4525000000000004e-6,3.4525000000000004e-6,3.0,5.667971213705055e-12,1.649867086389455e-8,3.787857346841675e-8,5.43772443323113e-8
3.498533333333334e-6,3.498533333333334e-6,3.0,5.668531766797237e-12,1.6742118869987695e-8,3.847548049808408e-8,5.5217599368071775e-8
3.544566666666667e-6,3.544566666666667e-6,3.0,5.669100942002374e-12,1.698656113097859e-8,3.9076412908280375e-8,5.606297403925897e-8
3.5906000000000004e-6,3.5906000000000004e-6,3.0,5.6696787911658914e-12,1.7232015057953488e-8,3.968145058472047e-8,5.691346564267396e-8
3.636633333333334e-6,3.636633333333334e-6,3.0,5.670265367136025e-12,1.7478498257141487e-8,4.029067469019771e-8,5.77691729473392e-8
3.682666666666667e-6,3.682666666666667e-6,3.0,5.670860723779074e-12,1.7726028534294005e-8,4.090416769778119e-8,5.8630196232075195e-8
3.7287000000000004e-6,3.7287000000000004e-6,3.0,5.671464915995032e-12,1.7974623899155337e-8,4.152201342488488e-8,5.949663732404022e-8
3.774733333333334e-6,3.774733333333334e-6,3.0,5.672077999733641e-12,1.822430257002699e-8,4.214429706823846e-8,6.036859963826546e-8
3.820766666666667e-6,3.820766666666667e-6,3.0,5.672700032010832e-12,1.8475082978428544e-8,4.2771105239790134e-8,6.124618821821867e-8
3.866800000000001e-6,3.866800000000001e-6,3.0,5.673331070925596e-12,1.872698377385786e-8,4.340252600357295e-8,6.212950977743081e-8
3.9128333333333335e-6,3.9128333333333335e-6,3.0,5.67397117567729e-12,1.8980023828653787e-8,4.403864891356772e-8,6.30186727422215e-8
3.958866666666667e-6,3.958866666666667e-6,3.0,5.6746204065833816e-12,1.923422224296407e-8,4.4679565052595827e-8,6.39137872955599e-8
4.0049e-6,4.0049e-6,3.0,5.675278825097638e-12,1.948959834982175e-8,4.532536707227801e-8,6.481496542209975e-8
4.050933333333334e-6,4.050933333333334e-6,3.0,5.675946493828808e-12,1.9746171720333357e-8,4.597614923409483e-8,6.572232095442818e-8
4.096966666666667e-6,4.096966666666667e-6,3.0,5.676623476559753e-12,2.0003962168982047e-8,4.663200745158733e-8,6.663596962056938e-8
4.143000000000001e-6,4.143000000000001e-6,3.0,5.677309838267098e-12,2.0262989759049207e-8,4.7293039333737064e-8,6.755602909278626e-8
4.1890333333333334e-6,4.1890333333333334e-6,3.0,5.678005645141362e-12,2.052327480815818e-8,4.795934422956617e-8,6.848261903772435e-8
4.235066666666667e-6,4.235066666666667e-6,3.0,5.6787109646076355e-12,2.078483789394356e-8,4.863102327400025e-8,6.94158611679438e-8
4.2811e-6,4.2811e-6,3.0,5.679425865346769e-12,2.104769985985004e-8,4.9308179435037936e-8,7.035587929488798e-8
4.327133333333334e-6,4.327133333333334e-6,3.0,5.680150417317128e-12,2.131188182106445e-8,4.999091756227271e-8,7.130279938333716e-8
4.373166666666667e-6,4.373166666666667e-6,3.0,5.680884691776901e-12,2.1577405170585595e-8,5.067934443681502e-8,7.225674960740062e-8
4.419200000000001e-6,4.419200000000001e-6,3.0,5.681628761306995e-12,2.184429158543527e-8,5.1373568822663705e-8,7.321786040809897e-8
4.4652333333333334e-6,4.4652333333333334e-6,3.0,5.682382699834529e-12,2.211256303301544e-8,5.207370151957823e-8,7.418626455259367e-8
4.511266666666667e-6,4.511266666666667e-6,3.0,5.683146582656935e-12,2.238224177761583e-8,5.2779855417505005e-8,7.516209719512083e-8
4.5573e-6,4.5573e-6,3.0,5.683920486466701e-12,2.265335038707631e-8,5.34921455526136e-8,7.614549593968991e-8
4.603333333333334e-6,4.603333333333334e-6,3.0,5.684704489376757e-12,2.2925911739609275e-8,5.421068916500025e-8,7.713660090460952e-8
4.649366666666667e-6,4.649366666666667e-6,3.0,5.685498670946533e-12,2.3199949030786686e-8,5.493560575811892e-8,7.81355547889056e-8
4.695400000000001e-6,4.695400000000001e-6,3.0,5.6863031122087055e-12,2.3475485780696883e-8,5.5667017160002466e-8,7.914250294069935e-8
4.741433333333334e-6,4.741433333333334e-6,3.0,5.687117895696663e-12,2.3752545841276642e-8,5.6405047586338745e-8,8.015759342761539e-8
4.787466666666667e-6,4.787466666666667e-6,3.0,5.687943105472684e-12,2.403115340382378e-8,5.714982370546924e-8,8.118097710929302e-8
4.8335e-6,4.8335e-6,3.0,5.688778827156885e-12,2.4311333006696056e-8,5.790147470538149e-8,8.221280771207755e-8
4.879533333333334e-6,4.879533333333334e-6,3.0,5.689625147956937e-12,2.459310954320228e-8,5.866013236276752e-8,8.32532419059698e-8
4.925566666666667e-6,4.925566666666667e-6,3.0,5.690482156698577e-12,2.4876508269691674e-8,5.942593111422567e-8,8.430243938391734e-8
4.971600000000001e-6,4.971600000000001e-6,3.0,5.6913499438569544e-12,2.51615548138477e-8,6.01990081296849e-8,8.53605629435326e-8
5.017633333333334e-6,5.017633333333334e-6,3.0,5.692228601588813e-12,2.5448275183193092e-8,6.097950338813505e-8,8.642777857132814e-8
5.063666666666667e-6,5.063666666666667e-6,3.0,5.693118223765558e-12,2.5736695773812792e-8,6.176755975574884e-8,8.750425552956164e-8
5.1097e-6,5.1097e-6,3.0,5.69401890600722e-12,2.602684337930159e-8,6.256332306648668e-8,8.859016644578827e-8
5.155733333333334e-6,5.155733333333334e-6,3.0,5.694930745717351e-12,2.6318745199944153e-8,6.336694220527734e-8,8.968568740522149e-8
5.201766666666667e-6,5.201766666666667e-6,3.0,5.695853842118878e-12,2.661242885213453e-8,6.417856919387328e-8,9.07909980460078e-8
5.247800000000001e-6,5.247800000000001e-6,3.0,5.696788296290954e-12,2.690792237804347e-8,6.499835927948257e-8,9.190628165752604e-8
5.293833333333334e-6,5.293833333333334e-6,3.0,5.697734211206815e-12,2.7205254255541197e-8,6.582647102628414e-8,9.303172528182535e-8
5.339866666666667e-6,5.339866666666667e-6,3.0,5.6986916917727126e-12,2.750445340838434e-8,6.666306640993787e-8,9.416751981832221e-8
5.3859e-6,5.3859e-6,3.0,5.699660844867914e-12,2.780554921667579e-8,6.750831091520558e-8,9.531386013188137e-8
5.431933333333334e-6,5.431933333333334e-6,3.0,5.70064177938584e-12,2.8108571527606317e-8,6.83623736368046e-8,9.647094516441092e-8
5.477966666666667e-6,5.477966666666667e-6,3.0,5.701634606276356e-12,2.8413550666487674e-8,6.92254273836204e-8,9.763897805010808e-8
5.524000000000001e-6,5.524000000000001e-6,3.0,5.702639438589264e-12,2.8720517448086852e-8,7.009764878641107e-8,9.881816623449792e-8
5.570033333333334e-6,5.570033333333334e-6,3.0,5.703656391519029e-12,2.9029503188271588e-8,7.097921840914178e-8,1.0000872159741337e-7
5.616066666666667e-6,5.616066666666667e-6,3.0,5.704685582450792e-12,2.9340539715977657e-8,7.187032086409382e-8,1.0121086058007148e-7
5.6621e-6,5.6621e-6,3.0,5.705727131007693e-12,2.9653659385509416e-8,7.277114493089976e-8,1.0242480431640918e-7
5.708133333333334e-6,5.708133333333334e-6,3.0,5.706781159099572e-12,2.996889508918409e-8,7.368188367966266e-8,1.0365077876884675e-7
5.754166666666667e-6,5.754166666666667e-6,3.0,5.707847790973072e-12,3.028628027033275e-8,7.460273459832444e-8,1.048890148686572e-7
5.800200000000001e-6,5.800200000000001e-6,3.0,5.70892715326321e-12,3.060584893666941e-8,7.553389972445714e-8,1.0613974866112655e-7
5.846233333333334e-6,5.846233333333334e-6,3.0,5.710019375046451e-12,3.092763567404157e-8,7.647558578165704e-8,1.0740322145569862e-7
5.892266666666668e-6,5.892266666666668e-6,3.0,5.711124587895357e-12,3.1251675660575604e-8,7.742800432073232e-8,1.0867967998130792e-7
5.9383e-6,5.9383e-6,3.0,5.712242925934832e-12,3.157800468123059e-8,7.839137186588205e-8,1.0996937654711265e-7
5.984333333333334e-6,5.984333333333334e-6,3.0,5.7133745259000615e-12,3.1906659142775175e-8,7.936591006607421e-8,1.1127256920884938e-7
6.030366666666667e-6,6.030366666666667e-6,3.0,5.714519527196168e-12,3.223767608920271e-8,8.03518458518407e-8,1.1258952194104341e-7
6.076400000000001e-6,6.076400000000001e-6,3.0,5.715678071959668e-12,3.257109321760007e-8,8.134941159771757e-8,1.1392050481531763e-7
6.122433333333334e-6,6.122433333333334e-6,3.0,5.716850305121778e-12,3.290694889448681e-8,8.235884529056877e-8,1.1526579418505559e-7
6.168466666666668e-6,6.168466666666668e-6,3.0,5.718036374473652e-12,3.3245282172641205e-8,8.33803907040457e-8,1.166256728766869e-7
6.2145e-6,6.2145e-6,3.0,5.719236430733604e-12,3.3586132808431495e-8,8.441429757944307e-8,1.1800043038787457e-7
6.260533333333334e-6,6.260533333333334e-6,3.0,5.720450627616394e-12,3.3929541279670476e-8,8.546082181322921e-8,1.193903630928997e-7
6.306566666666667e-6,6.306566666666667e-6,3.0,5.721679121904659e-12,3.427554880401251e-8,8.652022565153825e-8,1.2079577445555078e-7
6.352600000000001e-6,6.352600000000001e-6,3.0,5.7229220735225585e-12,3.462419735791386e-8,8.759277789192933e-8,1.222169752498432e-7
6.398633333333334e-6,6.398633333333334e-6,3.0,5.724179645611715e-12,3.497552969617627e-8,8.867875409273046e-8,1.2365428378890674e-7
6.444666666666668e-6,6.444666666666668e-6,3.0,5.7254520046095495e-12,3.5329589372096535e-8,8.977843679030293e-8,1.2510802616239948e-7
6.4907e-6,6.4907e-6,3.0,5.726739320330074e-12,3.56864207582445e-8,9.089211572457726e-8,1.2657853648282175e-7
6.536733333333334e-6,6.536733333333334e-6,3.0,5.728041766047277e-12,3.604606906789337e-8,9.202008807323084e-8,1.280661571411242e-7
6.582766666666667e-6,6.582766666666667e-6,3.0,5.729359518581143e-12,3.6408580377127355e-8,9.316265869489561e-8,1.2957123907202296e-7
6.628800000000001e-6,6.628800000000001e-6,3.0,5.730692758386461e-12,3.6774001647652535e-8,9.432014038180469e-8,1.3109414202945722e-7
6.674833333333334e-6,6.674833333333334e-6,3.0,5.73204166964449e-12,3.714238075033828e-8,9.5492854122307e-8,1.326352348726453e-7
6.720866666666668e-6,6.720866666666668e-6,3.0,5.73340644035762e-12,3.751376648951744e-8,9.668112937370332e-8,1.3419489586322076e-7
6.7669e-6,6.7669e-6,3.0,5.734787262447115e-12,3.78882086280752e-8,9.788530434587832e-8,1.3577351297395351e-7
6.812933333333334e-6,6.812933333333334e-6,3.0,5.7361843318540924e-12,3.826575791335751e-8,9.910572629623087e-8,1.3737148420958838e-7
6.858966666666667e-6,6.858966666666667e-6,3.0,5.7375978486438395e-12,3.8646466103931793e-8,1.0034275183642946e-7,1.3898921794036126e-7
6.905000000000001e-6,6.905000000000001e-6,3.0,5.7390280171136064e-12,3.903038599723347e-8,1.0159674725154936e-7,1.4062713324878283e-7
6.951033333333334e-6,6.951033333333334e-6,3.0,5.740475045904027e-12,3.941757145813457e-8,1.0286808883217712e-7,1.422856602903117e-7
6.997066666666668e-6,6.997066666666668e-6,3.0,5.741939148114294e-12,3.9808077448471027e-8,1.0415716322010046e-7,1.439652406685715e-7
7.043100000000001e-6,7.043100000000001e-6,3.0,5.743420541421256e-12,4.020196005756812e-8,1.054643677682349e-7,1.4566632782580302e-7
7.089133333333334e-6,7.089133333333334e-6,3.0,5.744919448202584e-12,4.0599276533804624e-8,1.0679011091547438e-7,1.47389387449279e-7
7.135166666666667e-6,7.135166666666667e-6,3.0,5.7464360956641855e-12,4.100008531725885e-8,1.0813481257719169e-7,1.4913489789445053e-7
7.181200000000001e-6,7.181200000000001e-6,3.0,5.7479707159720315e-12,4.1404446073480923e-8,1.0949890455215402e-7,1.5090335062563493e-7
7.227233333333334e-6,7.227233333333334e-6,3.0,5.74952354638859e-12,4.181241972843923e-8,1.1088283094666281e-7,1.5269525067510205e-7
7.273266666666668e-6,7.273266666666668e-6,3.0,5.751094829414051e-12,4.222406850468942e-8,1.122870486167729e-7,1.545111171214623e-7
7.319300000000001e-6,7.319300000000001e-6,3.0,5.752684812932549e-12,4.263945595881865e-8,1.1371202762949309e-7,1.5635148358831174e-7
7.365333333333334e-6,7.365333333333334e-6,3.0,5.754293750363587e-12,4.305864702021892e-8,1.1515825174392407e-7,1.5821689876414299e-7
7.411366666666667e-6,7.411366666666667e-6,3.0,5.755921900818906e-12,4.348170803124682e-8,1.1662621891334383e-7,1.6010792694459064e-7
7.457400000000001e-6,7.457400000000001e-6,3.0,5.757569529265013e-12,4.390870678882976e-8,1.1811644180930897e-7,1.6202514859813873e-7
7.503433333333334e-6,7.503433333333334e-6,3.0,5.759236906691617e-12,4.4339712587581494e-8,1.196294483689038e-7,1.6396916095648528e-7
7.549466666666668e-6,7.549466666666668e-6,3.0,5.7609243102862414e-12,4.4774796264493387e-8,1.2116578236633528e-7,1.6594057863082868e-7
7.595500000000001e-6,7.595500000000001e-6,3.0,5.76263202361528e-12,4.5214030245270976e-8,1.227260040101436e-7,1.6794003425541455e-7
7.641533333333335e-6,7.641533333333335e-6,3.0,5.764360336811779e-12,4.565748859238918e-8,1.243106905673737e-7,1.699681791597629e-7
7.687566666666667e-6,7.687566666666667e-6,3.0,5.766109546770245e-12,4.6105247054943226e-8,1.259204370161344e-7,1.720256840710776e-7
7.733600000000002e-6,7.733600000000002e-6,3.0,5.767879957348809e-12,4.655738312037651e-8,1.275558567280588e-7,1.741132398484353e-7
7.779633333333334e-6,7.779633333333334e-6,3.0,5.76967187957906e-12,4.701397606817058e-8,1.2921758218227085e-7,1.7623155825044143e-7
7.825666666666667e-6,7.825666666666667e-6,3.0,5.77148563188392e-12,4.747510702558789e-8,1.309062657125657e-7,1.783813727381536e-7
7.871700000000001e-6,7.871700000000001e-6,3.0,5.773321540303914e-12,4.794085902556149e-8,1.3262258028961152e-7,1.8056343931517302e-7
7.917733333333334e-6,7.917733333333334e-6,3.0,5.775179938732233e-12,4.8411317066832125e-8,1.3436722034010075e-7,1.8277853740693288e-7
7.963766666666668e-6,7.963766666666668e-6,3.0,5.777061169159011e-12,4.88865681764383e-8,1.3614090260489457e-7,1.8502747078133288e-7
8.0098e-6,8.0098e-6,3.0,5.778965581925223e-12,4.936670147467011e-8,1.3794436703833784e-7,1.8731106851300795e-7
8.055833333333335e-6,8.055833333333335e-6,3.0,5.780893535986695e-12,4.985180824260522e-8,1.3977837775106034e-7,1.8963018599366557e-7
8.101866666666668e-6,8.101866666666668e-6,3.0,5.782845399188699e-12,5.034198199234986e-8,1.4164372399872998e-7,1.9198570599107984e-7
8.1479e-6,8.1479e-6,3.0,5.784821548551622e-12,5.083731854011736e-8,1.4354122121938424e-7,1.9437853975950159e-7
8.193933333333335e-6,8.193933333333335e-6,3.0,5.786822370568291e-12,5.1337916082281514e-8,1.4547171212213853e-7,1.9680962820442005e-7
8.239966666666667e-6,8.239966666666667e-6,3.0,5.788848261513491e-12,5.18438752745519e-8,1.4743606783025548e-7,1.9927994310480738e-7
8.286000000000002e-6,8.286000000000002e-6,3.0,5.790899627766302e-12,5.235529931442614e-8,1.4943518908176032e-7,2.0179048839618646e-7
8.332033333333334e-6,8.332033333333334e-6,3.0,5.79297688614588e-12,5.2872294027082866e-8,1.5147000749099754e-7,2.0434230151808042e-7
8.378066666666667e-6,8.378066666666667e-6,3.0,5.795080464261376e-12,5.3394967954889115e-8,1.535414868747601e-7,2.069364548296492e-7
8.424100000000001e-6,8.424100000000001e-6,3.0,5.7972108008766945e-12,5.392343245070645e-8,1.5565062464686692e-7,2.0957405709757337e-7
8.470133333333334e-6,8.470133333333334e-6,3.0,5.799368346290863e-12,5.445780177518998e-8,1.5779845328533337e-7,2.1225625506052335e-7
8.516166666666668e-6,8.516166666666668e-6,3.0,5.801553562734821e-12,5.4998193198288156e-8,1.5998604187656968e-7,2.1498423507485783e-7
8.5622e-6,8.5622e-6,3.0,5.803766924785476e-12,5.554472710516126e-8,1.6221449774135055e-7,2.1775922484651181e-7
8.608233333333335e-6,8.608233333333335e-6,3.0,5.806008919797937e-12,5.6097527106752974e-8,1.644849681476397e-7,2.2058249525439267e-7
8.654266666666668e-6,8.654266666666668e-6,3.0,5.808280048356898e-12,5.6656720155260536e-8,1.667986421157115e-7,2.2345536227097206e-7
8.7003e-6,8.7003e-6,3.0,5.810580824748195e-12,5.722243666476765e-8,1.6915675232140934e-7,2.26379188986177e-7
8.746333333333335e-6,8.746333333333335e-6,3.0,5.812911777451605e-12,5.779481063731823e-8,1.7156057710380207e-7,2.293553877411203e-7
8.792366666666667e-6,8.792366666666667e-6,3.0,5.815273449656089e-12,5.837397979472852e-8,1.7401144258396153e-7,2.3238542237869006e-7
8.838400000000002e-6,8.838400000000002e-6,3.0,5.8176663997986665e-12,5.8960085716453703e-8,1.7651072490208142e-7,2.3547081061853512e-7
8.884433333333334e-6,8.884433333333334e-6,3.0,5.820091202128265e-12,5.9553273983844863e-8,1.7905985258069827e-7,2.386131265645431e-7
8.930466666666667e-6,8.930466666666667e-6,3.0,5.822548447295931e-12,6.015369433115591e-8,1.8166030902236253e-7,2.4181400335351845e-7
8.976500000000001e-6,8.976500000000001e-6,3.0,5.8250387429729105e-12,6.076150080368156e-8,1.843136351507409e-7,2.450751359544225e-7
9.022533333333334e-6,9.022533333333334e-6,3.0,5.8275627144981515e-12,6.137685192343481e-8,1.870214322048259e-7,2.4839828412826074e-7
9.068566666666668e-6,9.068566666666668e-6,3.0,5.830121005556978e-12,6.19999108627988e-8,1.8978536469667758e-7,2.517852755594764e-7
9.1146e-6,9.1146e-6,3.0,5.83271427889271e-12,6.26308456266176e-8,1.9260716354394037e-7,2.5523800917055795e-7
9.160633333333335e-6,9.160633333333335e-6,3.0,5.8353432170531905e-12,6.326982924322294e-8,1.9548862938927103e-7,2.5875845863249394e-7
9.206666666666668e-6,9.206666666666668e-6,3.0,5.838008523174269e-12,6.391703996492725e-8,1.984316361197791e-7,2.6234867608470634e-7
9.2527e-6,9.2527e-6,3.0,5.840710921802484e-12,6.457266147855168e-8,2.014381346006465e-7,2.660107960791982e-7
9.298733333333335e-6,9.298733333333335e-6,3.0,5.843451159759307e-12,6.523688312659732e-8,2.045101566382436e-7,2.697470397648409e-7
9.344766666666667e-6,9.344766666666667e-6,3.0,5.84623000704948e-12,6.590990013971093e-8,2.0764981918932257e-7,2.735597193290335e-7
9.390800000000002e-6,9.390800000000002e-6,3.0,5.8490482578161994e-12,6.6591913881145e-8,2.1085932883425442e-7,2.774512427153994e-7
9.436833333333334e-6,9.436833333333334e-6,3.0,5.8519067313460464e-12,6.728313210396023e-8,2.1414098653377972e-7,2.8142411863773994e-7
9.482866666666669e-6,9.482866666666669e-6,3.0,5.854806273126822e-12,6.798376922177744e-8,2.1749719269040842e-7,2.8548096191218585e-7
9.528900000000001e-6,9.528900000000001e-6,3.0,5.857747755961653e-12,6.869404659394166e-8,2.2093045253741078e-7,2.8962449913135245e-7
9.574933333333334e-6,9.574933333333334e-6,3.0,5.860732081143005e-12,6.941419282603037e-8,2.2444338188034363e-7,2.93857574706374e-7
9.620966666666668e-6,9.620966666666668e-6,3.0,5.8637601796905e-12,7.014444408670505e-8,2.2803871321823948e-7,2.981831573049445e-7
9.667e-6,9.667e-6,3.0,5.866833013656749e-12,7.088504444198431e-8,2.3171930227399705e-7,3.0260434671598135e-7
9.713033333333335e-6,9.713033333333335e-6,3.0,5.869951577505732e-12,7.163624620810066e-8,2.354881349661656e-7,3.0712438117426625e-7
9.759066666666668e-6,9.759066666666668e-6,3.0,5.873116899568607e-12,7.239831032419216e-8,2.3934833485723263e-7,3.117466451814248e-7
9.8051e-6,9.8051e-6,3.0,5.876330043582243e-12,7.317150674618361e-8,2.4330317111675315e-7,3.1647467786293673e-7
9.851133333333335e-6,9.851133333333335e-6,3.0,5.87959211031615e-12,7.395611486331605e-8,2.4735606704121375e-7,3.213121819045298e-7
9.897166666666667e-6,9.897166666666667e-6,3.0,5.882904239294007e-12,7.475242393890649e-8,2.5151060917646464e-7,3.2626303311537113e-7
9.943200000000002e-6,9.943200000000002e-6,3.0,5.8862676106164285e-12,7.556073357704741e-8,2.5577055709290864e-7,3.3133129066995606e-7
9.989233333333334e-6,9.989233333333334e-6,3.0,5.8896834468922194e-12,7.638135421709848e-8,2.6013985386845806e-7,3.365212080855565e-7
1.0035266666666669e-5,1.0035266666666669e-5,3.0,5.893153015285951e-12,7.721460765797993e-8,2.646226373396356e-7,3.418372449976155e-7
1.0081300000000001e-5,1.0081300000000001e-5,3.0,5.896677629690365e-12,7.806082761444733e-8,2.692232521871328e-7,3.472840798015801e-7
1.0127333333333334e-5,1.0127333333333334e-5,3.0,5.900258653032847e-12,7.892036030771683e-8,2.7394626292876446e-7,3.528666232364813e-7
1.0173366666666668e-5,1.0173366666666668e-5,3.0,5.903897499726025e-12,7.979356509301653e-8,2.7879646790011743e-7,3.5859003299313395e-7
1.02194e-5,1.02194e-5,3.0,5.907595638273424e-12,8.068081512686794e-8,2.8377891431140726e-7,3.644597294382752e-7
1.0265433333333335e-5,1.0265433333333335e-5,3.0,5.911354594042112e-12,8.158249807715367e-8,2.8889891447822896e-7,3.704814125553826e-7
1.0311466666666668e-5,1.0311466666666668e-5,3.0,5.915175952215333e-12,8.249901687930326e-8,2.9416206333413237e-7,3.766610802134356e-7
1.03575e-5,1.03575e-5,3.0,5.919061360939341e-12,8.343079054223912e-8,2.9957425734443754e-7,3.8300504788667665e-7
1.0403533333333335e-5,1.0403533333333335e-5,3.0,5.923012534679941e-12,8.437825500806099e-8,3.051417149535633e-7,3.895199699616243e-7
1.0449566666666667e-5,1.0449566666666667e-5,3.0,5.927031257805767e-12,8.534186406982509e-8,3.108709987125936e-7,3.962128627824187e-7
1.0495600000000002e-5,1.0495600000000002e-5,3.0,5.931119388416891e-12,8.63220903521927e-8,3.167690392500503e-7,4.0309112960224303e-7
1.0541633333333334e-5,1.0541633333333334e-5,3.0,5.9352788624392134e-12,8.731942636018427e-8,3.228431612671251e-7,4.1016258762730935e-7
1.0587666666666669e-5,1.0587666666666669e-5,3.0,5.939511698007091e-12,8.833438560179394e-8,3.291011117592717e-7,4.1743549736106567e-7
1.0633700000000001e-5,1.0633700000000001e-5,3.0,5.943820000158868e-12,8.936750379079241e-8,3.355510906893536e-7,4.24918594480146e-7
1.0679733333333334e-5,1.0679733333333334e-5,3.0,5.948205965872549e-12,9.041934013668985e-8,3.4220178436394295e-7,4.326211245006328e-7
1.0725766666666668e-5,1.0725766666666668e-5,3.0,5.952671889471563e-12,9.149047872954563e-8,3.490624017942547e-7,4.4055288052380033e-7
1.07718e-5,1.07718e-5,3.0,5.9572201684337806e-12,9.258153002811622e-8,3.561427143571774e-7,4.487242443852936e-7
1.0817833333333335e-5,1.0817833333333335e-5,3.0,5.961853309640413e-12,9.369313246073247e-8,3.6345309911049863e-7,4.571462315712311e-7
1.0863866666666668e-5,1.0863866666666668e-5,3.0,5.96657393610536e-12,9.482595414930731e-8,3.7100458616045455e-7,4.6583054030976184e-7
1.0909900000000002e-5,1.0909900000000002e-5,3.0,5.971384794230058e-12,9.598069476801336e-8,3.7880891053005226e-7,4.7478960529806563e-7
1.0955933333333335e-5,1.0955933333333335e-5,3.0,5.976288761633814e-12,9.715808754945051e-8,3.868785690341452e-7,4.840366565835957e-7
1.1001966666666667e-5,1.1001966666666667e-5,3.0,5.981288855615311e-12,9.835890145257116e-8,3.9522688273325344e-7,4.935857841858245e-7
1.1048000000000002e-5,1.1048000000000002e-5,3.0,5.98638824230732e-12,9.958394350826624e-8,4.038680656139383e-7,5.034520091222045e-7
1.1094033333333334e-5,1.1094033333333334e-5,3.0,5.991590246593913e-12,1.008340613603704e-7,4.1281730023086594e-7,5.136513615912363e-7
1.1140066666666669e-5,1.1140066666666669e-5,3.0,5.9968983628676595e-12,1.0211014602195083e-7,4.220908211464744e-7,5.242009671684252e-7
1.1186100000000001e-5,1.1186100000000001e-5,3.0,6.0023162667136525e-12,1.0341313486913836e-7,4.317060071207291e-7,5.351191419898674e-7
1.1232133333333334e-5,1.1232133333333334e-5,3.0,6.0078478276178995e-12,1.0474401489749578e-7,4.416814831386451e-7,5.464254980361409e-7
1.1278166666666668e-5,1.1278166666666668e-5,3.0,6.013497122809715e-12,1.0610382626903538e-7,4.5203723352037584e-7,5.581410597894112e-7
1.13242e-5,1.13242e-5,3.0,6.019268452361787e-12,1.0749366618157889e-7,4.627947275418066e-7,5.702883937233855e-7
1.1370233333333335e-5,1.1370233333333335e-5,3.0,6.025166355687574e-12,1.0891469309625647e-7,4.7397705920757e-7,5.828917523038265e-7
1.1416266666666668e-5,1.1416266666666668e-5,3.0,6.03119562959409e-12,1.10368131363666e-7,4.85609103069105e-7,5.95977234432771e-7
1.1462300000000002e-5,1.1462300000000002e-5,3.0,6.037361348069485e-12,1.1185527629466867e-7,4.977176882749918e-7,6.095729645696605e-7
1.1508333333333335e-5,1.1508333333333335e-5,3.0,6.0436688840093265e-12,1.1337749972809968e-7,5.103317933879391e-7,6.237092931160388e-7
1.1554366666666667e-5,1.1554366666666667e-5,3.0,6.050123933114137e-12,1.1493625615499179e-7,5.234827649131892e-7,6.384190210681809e-7
1.1600400000000002e-5,1.1600400000000002e-5,3.0,6.056732540223832e-12,1.1653308946741459e-7,5.372045629696994e-7,6.53737652437114e-7
1.1646433333333334e-5,1.1646433333333334e-5,3.0,6.063501128393502e-12,1.1816964040996071e-7,5.515340381143963e-7,6.69703678524357e-7
1.1692466666666669e-5,1.1692466666666669e-5,3.0,6.0704365310602464e-12,1.198476548235243e-7,5.665112440208973e-7,6.863588988444216e-7
1.1738500000000001e-5,1.1738500000000001e-5,3.0,6.077546027703983e-12,1.2156899278464854e-7,5.821797915420281e-7,7.037487843266766e-7
1.1784533333333336e-5,1.1784533333333336e-5,3.0,6.08483738346775e-12,1.233356387597775e-7,5.985872506810598e-7,7.219228894408373e-7
1.1830566666666668e-5,1.1830566666666668e-5,3.0,6.092318893277088e-12,1.2514971291271683e-7,6.157856081982977e-7,7.409353211110146e-7
1.18766e-5,1.18766e-5,3.0,6.099999431085807e-12,1.2701348372611135e-7,6.338317900361505e-7,7.608452737622619e-7
1.1922633333333335e-5,1.1922633333333335e-5,3.0,6.10788850497997e-12,1.289293821245295e-7,6.527882595183542e-7,7.817176416428837e-7
1.1968666666666668e-5,1.1968666666666668e-5,3.0,6.115996318996761e-12,1.3090001731875022e-7,6.727237044458379e-7,8.03623721764588e-7
1.2014700000000002e-5,1.2014700000000002e-5,3.0,6.124333842664732e-12,1.3292819462925432e-7,6.937138288725468e-7,8.266420235018012e-7
1.2060733333333335e-5,1.2060733333333335e-5,3.0,6.1329128894524355e-12,1.350169355931935e-7,7.15842268627771e-7,8.508592042209644e-7
1.2106766666666667e-5,1.2106766666666667e-5,3.0,6.141746205530968e-12,1.3716950071512807e-7,7.392016537232332e-7,8.763711544383612e-7
1.2152800000000002e-5,1.2152800000000002e-5,3.0,6.1508475705216466e-12,1.3938941528993268e-7,7.638948458593055e-7,9.032842611492382e-7
1.2198833333333334e-5,1.2198833333333334e-5,3.0,6.16023191222479e-12,1.4168049880951544e-7,7.900363856083679e-7,9.317168844178833e-7
1.2244866666666669e-5,1.2244866666666669e-5,3.0,6.169915437724456e-12,1.4404689856724838e-7,8.177541918776164e-7,9.618010904448649e-7
1.2290900000000001e-5,1.2290900000000001e-5,3.0,6.17991578375668e-12,1.4649312820030447e-7,8.471915664342698e-7,9.936846946345743e-7
1.2336933333333336e-5,1.2336933333333336e-5,3.0,6.190252189840811e-12,1.490241120669944e-7,8.785095692767074e-7,1.0275336813437018e-6
1.2382966666666668e-5,1.2382966666666668e-5,3.0,6.200945698438486e-12,1.5164523655228363e-7,9.11889847350437e-7,1.0635350839027207e-6
1.2429e-5,1.2429e-5,3.0,6.212019387367024e-12,1.5436240964133737e-7,9.475380207559371e-7,1.1019004303972744e-6
1.2475033333333335e-5,1.2475033333333335e-5,3.0,6.223498640912625e-12,1.5718213041332514e-7,9.856877588476475e-7,1.1428698892609726e-6
1.2521066666666668e-5,1.2521066666666668e-5,3.0,6.235411467643352e-12,1.601115705062305e-7,1.026605715796352e-6,1.1867172863025824e-6
1.2567100000000002e-5,1.2567100000000002e-5,3.0,6.2477888749202855e-12,1.6315867011569753e-7,1.0705975445230987e-6,1.2337562146387962e-6
1.2613133333333335e-5,1.2613133333333335e-5,3.0,6.260665312695371e-12,1.6633225175491424e-7,1.1180152739988873e-6,1.2843475257538016e-6
1.2659166666666669e-5,1.2659166666666669e-5,3.0,6.274079202571008e-12,1.696421558706668e-7,1.1692664243052943e-6,1.3389085801759611e-6
1.2705200000000002e-5,1.2705200000000002e-5,3.0,6.2880735725658946e-12,1.7309940355642964e-7,1.2248253560757813e-6,1.397924759632211e-6
1.2751233333333334e-5,1.2751233333333334e-5,3.0,6.302696823989948e-12,1.7671639313075587e-7,1.2852475199416763e-6,1.4619639130724321e-6
1.2797266666666669e-5,1.2797266666666669e-5,3.0,6.318003664860415e-12,1.8050713940753039e-7,1.351187508161241e-6,1.5316946475687714e-6
1.2843300000000001e-5,1.2843300000000001e-5,3.0,6.3340562552385086e-12,1.8448756729094898e-7,1.4234221460997784e-6,1.6079097133907275e-6
1.2889333333333336e-5,1.2889333333333336e-5,3.0,6.3509256249808284e-12,1.886758752027792e-7,1.5028803438557449e-6,1.6915562190585242e-6
1.2935366666666668e-5,1.2935366666666668e-5,3.0,6.368693445557117e-12,1.9309298927310942e-7,1.5906821334451842e-6,1.7837751227182936e-6
1.29814e-5,1.29814e-5,3.0,6.387454267646611e-12,1.9776313693183642e-7,1.6881903646492173e-6,1.8859535015810536e-6
1.3027433333333335e-5,1.3027433333333335e-5,3.0,6.407318379639514e-12,2.027145796673646e-7,1.797080118326263e-6,1.9997946979936277e-6
1.3073466666666668e-5,1.3073466666666668e-5,3.0,6.428415506005734e-12,2.0798056108324024e-7,1.9194333451523308e-6,2.127413906235571e-6
1.3119500000000002e-5,1.3119500000000002e-5,3.0,6.4508996602352664e-12,2.1360055092696333e-7,2.057870106307307e-6,2.27147065723427e-6
1.3165533333333335e-5,1.3165533333333335e-5,3.0,6.474955613847034e-12,2.1962190339549045e-7,2.215734057228586e-6,2.4353559606240764e-6
1.3211566666666669e-5,1.3211566666666669e-5,3.0,6.500807673628607e-12,2.2610210715316686e-7,2.3973602465438978e-6,2.6234623536970646e-6
1.3257600000000002e-5,1.3257600000000002e-5,3.0,6.528731831894939e-12,2.3311190002065308e-7,2.6084712233116717e-6,2.841583123332325e-6
1.3303633333333334e-5,1.3303633333333334e-5,3.0,6.559072975678691e-12,2.4073968051912995e-7,2.8567793490358857e-6,3.0975190295550157e-6
1.3349666666666669e-5,1.3349666666666669e-5,3.0,6.592269913908569e-12,2.490979235555207e-7,3.1529323650864646e-6,3.4020302886419853e-6
1.3395700000000001e-5,1.3395700000000001e-5,3.0,6.6288929142185026e-12,2.5833280295509403e-7,3.5120542383348605e-6,3.7703870412899545e-6
1.3441733333333336e-5,1.3441733333333336e-5,3.0,6.669702094341447e-12,2.6863916007860013e-7,3.956369454519099e-6,4.2250086145977e-6
1.3487766666666668e-5,1.3487766666666668e-5,3.0,6.7157423287823584e-12,2.802848331612616e-7,4.5199169135015184e-6,4.80020174666278e-6
1.35338e-5,1.35338e-5,3.0,6.7685060387760315e-12,2.9365238860353344e-7,5.257590064032444e-6,5.5512424526359775e-6
1.3579833333333335e-5,1.3579833333333335e-5,3.0,6.830231996751847e-12,3.0931571975283664e-7,6.263967138521387e-6,6.573282858274224e-6
1.361e-5,1.361e-5,3.0,6.8771765716693226e-12,3.212441048591759e-7,7.148612001171425e-6,7.469856106030601e-6
1.3612000000000001e-5,1.3612000000000001e-5,3.0,6.8805115768791955e-12,3.2209198923416274e-7,7.2157777142232405e-6,7.537869703457403e-6
1.3614e-5,1.3614e-5,3.0,6.883877082607654e-12,3.2294768916661725e-7,7.284166264180769e-6,7.607113953347386e-6
1.3616000000000001e-5,1.3616000000000001e-5,3.0,6.887273643251828e-12,3.2381134677520164e-7,7.353811192926192e-6,7.677622539701394e-6
1.3618e-5,1.3618e-5,3.0,6.890701828452746e-12,3.2468310808636794e-7,7.424747277320877e-6,7.749430385407244e-6
1.362e-5,1.362e-5,3.0,6.8941622236585896e-12,3.2556312317875017e-7,7.4970105863539095e-6,7.822573709532659e-6
1.3622000000000001e-5,1.3622000000000001e-5,3.0,6.897655430714079e-12,3.2645154633425446e-7,7.570638541465531e-6,7.897090087799785e-6
1.3624e-5,1.3624e-5,3.0,6.9011820684774925e-12,3.273485361962309e-7,7.645669980249275e-6,7.973018516445506e-6
1.3625866666666668e-5,1.3625866666666668e-5,3.0,6.904504320235782e-12,3.28193599683015e-7,7.71700112477755e-6,8.045194724460565e-6
1.3626000000000001e-5,1.3626000000000001e-5,3.0,6.904742773466867e-12,3.2825425593513144e-7,7.72214522375087e-6,8.050399479686e-6
1.3628e-5,1.3628e-5,3.0,6.908338200537009e-12,3.2916887342206e-7,7.800106147594768e-6,8.129275021016827e-6
1.3630000000000002e-5,1.3630000000000002e-5,3.0,6.9119690235891234e-12,3.300925614106882e-7,7.879596257188636e-6,8.209688818599324e-6
1.3632000000000001e-5,1.3632000000000001e-5,3.0,6.9156359363148565e-12,3.31025497727992e-7,7.960660767269e-6,8.291686264996992e-6
1.3634e-5,1.3634e-5,3.0,6.919339652976857e-12,3.319678654743486e-7,8.043346686073047e-6,8.375314551547395e-6
1.3636000000000001e-5,1.3636000000000001e-5,3.0,6.923080909227864e-12,3.3291985323351347e-7,8.127702904436364e-6,8.460622757669877e-6
1.3638e-5,1.3638e-5,3.0,6.926860462970673e-12,3.3388165529307127e-7,8.213780290137812e-6,8.547661945430884e-6
1.3640000000000002e-5,1.3640000000000002e-5,3.0,6.93067909526137e-12,3.3485347187598374e-7,8.301631787832278e-6,8.636485259708262e-6
1.3642e-5,1.3642e-5,3.0,6.9345376112583606e-12,3.3583550938387304e-7,8.391312524929018e-6,8.72714803431289e-6
1.3644e-5,1.3644e-5,3.0,6.938436841219997e-12,3.3682798065276653e-7,8.482879923796039e-6,8.819707904448805e-6
1.3646000000000001e-5,1.3646000000000001e-5,3.0,6.942377641553643e-12,3.3783110522202516e-7,8.576393820684614e-6,8.914224925906638e-6
1.3648e-5,1.3648e-5,3.0,6.9463608959192785e-12,3.388451096172565e-7,8.671916591785382e-6,9.010761701402639e-6
1.3650000000000001e-5,1.3650000000000001e-5,3.0,6.950387516390968e-12,3.3987022764805555e-7,8.769513286838241e-6,9.109383514486297e-6
1.3652e-5,1.3652e-5,3.0,6.954458444679535e-12,3.409067007214429e-7,8.869251770719405e-6,9.210158471440848e-6
1.3654e-5,1.3654e-5,3.0,6.958574653420221e-12,3.419547781719573e-7,8.971202873426843e-6,9.3131576515988e-6
1.3656000000000001e-5,1.3656000000000001e-5,3.0,6.962737147529065e-12,3.4301471760936414e-7,9.075440548859295e-6,9.418455266468659e-6
1.3658e-5,1.3658e-5,3.0,6.966946965632014e-12,3.4408678528501313e-7,9.182042042741838e-6,9.526128828026851e-6
1.3660000000000001e-5,1.3660000000000001e-5,3.0,6.971205181570974e-12,3.4517125647791496e-7,9.29108806997275e-6,9.636259326450664e-6
1.3662e-5,1.3662e-5,3.0,6.975512905990912e-12,3.462684159015992e-7,9.402663001534476e-6,9.748931417436075e-6
1.3664000000000002e-5,1.3664000000000002e-5,3.0,6.9798712880124054e-12,3.4737855813287426e-7,9.516855060913555e-6,9.86423361904643e-6
1.3666000000000001e-5,1.3666000000000001e-5,3.0,6.98428151699367e-12,3.485019880635257e-7,9.633756529654893e-6,9.982258517718419e-6
1.3668e-5,1.3668e-5,3.0,6.9887448243860905e-12,3.496390213759876e-7,9.753463961200872e-6,1.0103102982576859e-5
1.3670000000000001e-5,1.3670000000000001e-5,3.0,6.9932624856865405e-12,3.507899850438199e-7,9.8760784014255e-6,1.022686838646932e-5
1.3671900000000002e-5,1.3671900000000002e-5,3.0,6.997605812409539e-12,3.5189661195518736e-7,9.995351010801368e-6,1.0347247622756555e-5
1.3672e-5,1.3672e-5,3.0,6.997835822488953e-12,3.5195521785763436e-7,1.0001705613150186e-5,1.035366083100782e-5
1.3674000000000002e-5,1.3674000000000002e-5,3.0,7.00246620463606e-12,3.531350709766947e-7,1.013045630018621e-5,1.0483591371162905e-5
1.3676000000000001e-5,1.3676000000000001e-5,3.0,7.007155052469518e-12,3.543299085057438e-7,1.0262446323722817e-5,1.061677623222856e-5
1.3678e-5,1.3678e-5,3.0,7.011903839172827e-12,3.5554010809561084e-7,1.0397796899565842e-5,1.0753337007661452e-5
1.3680000000000001e-5,1.3680000000000001e-5,3.0,7.016714093194611e-12,3.567660615644269e-7,1.0536634757742323e-5,1.089340081930675e-5
1.3682e-5,1.3682e-5,3.0,7.021587400729504e-12,3.5800817553360287e-7,1.0679092234447458e-5,1.1037100409981061e-5
1.3684000000000001e-5,1.3684000000000001e-5,3.0,7.026525408216493e-12,3.592668720682849e-7,1.0825307246725904e-5,1.1184574118794189e-5
1.3686e-5,1.3686e-5,3.0,7.0315298247855445e-12,3.605425893045507e-7,1.0975423066018921e-5,1.1335965655323473e-5
1.3688e-5,1.3688e-5,3.0,7.0366024245338465e-12,3.6183578203292906e-7,1.1129587744636319e-5,1.1491423526669248e-5
1.3690000000000001e-5,1.3690000000000001e-5,3.0,7.0417450484246975e-12,3.631469221851833e-7,1.1287952931969367e-5,1.1651099854154551e-5
1.3692e-5,1.3692e-5,3.0,7.046959605439621e-12,3.644764991296577e-7,1.1450671584925438e-5,1.1815148084055095e-5
1.3694000000000001e-5,1.3694000000000001e-5,3.0,7.0522480722994335e-12,3.6582501959977553e-7,1.1617893589647216e-5,1.1983718609246992e-5
1.36944e-5,1.36944e-5,3.0,7.05331481342802e-12,3.6609704269473753e-7,1.1651890915752288e-5,1.2017987958447026e-5
1.3694800000000001e-5,1.3694800000000001e-5,3.0,7.054384609049071e-12,3.6636984867837434e-7,1.1686075006870018e-5,1.2052444855548392e-5
1.36952e-5,1.36952e-5,3.0,7.055457475876983e-12,3.6664344183543166e-7,1.1720446828078335e-5,1.2087090269913766e-5
1.3695600000000001e-5,1.3695600000000001e-5,3.0,7.056533430709805e-12,3.669178264720987e-7,1.1755007285783918e-5,1.2121925112256016e-5
1.3696e-5,1.3696e-5,3.0,7.057612490423524e-12,3.671930069145455e-7,1.1789757217162818e-5,1.2156950224077363e-5
1.3696400000000002e-5,1.3696400000000002e-5,3.0,7.0586946719654204e-12,3.674689875072177e-7,1.1824697377760244e-5,1.2192166365267461e-5
1.36968e-5,1.36968e-5,3.0,7.059779992346143e-12,3.677457726108053e-7,1.1859828426868974e-5,1.222757419947978e-5
1.3697200000000002e-5,1.3697200000000002e-5,3.0,7.060868468630442e-12,3.6802336659986785e-7,1.1895150910225396e-5,1.2263174276825263e-5
1.36976e-5,1.36976e-5,3.0,7.061960117926154e-12,3.683017738600099e-7,1.1930665239439008e-5,1.2298967013299017e-5
1.3698000000000002e-5,1.3698000000000002e-5,3.0,7.063054957371257e-12,3.6858099878456337e-7,1.196637166743435e-5,1.2334952666218913e-5
1.3698400000000001e-5,1.3698400000000001e-5,3.0,7.0641530041184604e-12,3.6886104577063636e-7,1.2002270258986092e-5,1.2371131304756727e-5
1.36988e-5,1.36988e-5,3.0,7.0652542753169855e-12,3.691419192144429e-7,1.2038360855192399e-5,1.2407502774406841e-5
1.3699200000000001e-5,1.3699200000000001e-5,3.0,7.066358788090814e-12,3.694236235057271e-7,1.2074643030402305e-5,1.2444066653908033e-5
1.36996e-5,1.36996e-5,3.0,7.067466559512704e-12,3.6970616302110314e-7,1.211111603969473e-5,1.2480822202715834e-5
1.3700000000000001e-5,1.3700000000000001e-5,3.0,7.068577606573086e-12,3.699895421160792e-7,1.2147778754444127e-5,1.2517768296560206e-5
1.37004e-5,1.37004e-5,3.0,7.069691946142496e-12,3.7027376511543015e-7,1.2184629582747632e-5,1.2554903347863062e-5
1.3700800000000001e-5,1.3700800000000001e-5,3.0,7.0708095949261985e-12,3.705588363015638e-7,1.2221666370476337e-5,1.2592225206777901e-5
1.37012e-5,1.37012e-5,3.0,7.07193056940887e-12,3.708447599003406e-7,1.2258886277309727e-5,1.2629731037210068e-5
1.3701600000000001e-5,1.3701600000000001e-5,3.0,7.073054885786951e-12,3.7113154006373355e-7,1.2296285620200617e-5,1.2667417160264351e-5
1.3702e-5,1.3702e-5,3.0,7.0741825598852e-12,3.7141918084843576e-7,1.2333859674031567e-5,1.2705278854880003e-5
1.3702400000000001e-5,1.3702400000000001e-5,3.0,7.075313607053185e-12,3.7170768618932876e-7,1.2371602415466829e-5,1.2743310101656157e-5
1.37028e-5,1.37028e-5,3.0,7.0764480420357284e-12,3.7199705986626935e-7,1.240950619063382e-5,1.2781503250500088e-5
1.3703200000000001e-5,1.3703200000000001e-5,3.0,7.077585878809512e-12,3.722873054622081e-7,1.2447561279565134e-5,1.2819848585027342e-5
1.37036e-5,1.37036e-5,3.0,7.078727130374953e-12,3.725784263098364e-7,1.2485755319096199e-5,1.2858333745406035e-5
1.3704000000000001e-5,1.3704000000000001e-5,3.0,7.079871808488589e-12,3.728704254229893e-7,1.2524072529401085e-5,1.2896942954824075e-5
1.37044e-5,1.37044e-5,3.0,7.081019923315089e-12,3.731633054074428e-7,1.2562492664755077e-5,1.2935655970162521e-5
1.3704800000000001e-5,1.3704800000000001e-5,3.0,7.082171482969674e-12,3.734570683436225e-7,1.2600989572192176e-5,1.2974446640535798e-5
1.37052e-5,1.37052e-5,3.0,7.083326492908782e-12,3.737517156304151e-7,1.2639529185823549e-5,1.3013280901453964e-5
1.3705600000000001e-5,1.3705600000000001e-5,3.0,7.084484955108324e-12,3.7404724777453445e-7,1.2678066699728522e-5,1.3052113947503056e-5
1.3706e-5,1.3706e-5,3.0,7.085646866940361e-12,3.7434366410258766e-7,1.2716542534027196e-5,1.3090886198129784e-5
1.3706200000000001e-5,1.3706200000000001e-5,3.0,7.086229114017316e-12,3.74492203207335e-7,1.2735733280644266e-5,1.3110225483851601e-5
1.3706400000000001e-5,1.3706400000000001e-5,3.0,7.086812219617178e-12,3.746409623622586e-7,1.2754876518458121e-5,1.312951748082038e-5
1.37066e-5,1.37066e-5,3.0,7.0873961813219064e-12,3.7478994094757637e-7,1.2773957627581246e-5,1.3148747568528823e-5
1.37068e-5,1.37068e-5,3.0,7.087980996008922e-12,3.7493913816291005e-7,1.2792959449102266e-5,1.3167898587265177e-5
1.3707000000000001e-5,1.3707000000000001e-5,3.0,7.088566659727566e-12,3.750885529956187e-7,1.2811861790984147e-5,1.3186950343979766e-5
1.3707200000000002e-5,1.3707200000000002e-5,3.0,7.0891531675515905e-12,3.7523818418298e-7,1.2830640839097653e-5,1.3205879023280632e-5
1.37074e-5,1.37074e-5,3.0,7.0897405134031244e-12,3.7538803016705663e-7,1.28492684627123e-5,1.3224656492879356e-5
1.37076e-5,1.37076e-5,3.0,7.09032868984335e-12,3.7553808904101994e-7,1.286771140937899e-5,1.324324949842001e-5
1.3707800000000001e-5,1.3707800000000001e-5,3.0,7.090917687824979e-12,3.7568835848566553e-7,1.2885930396221955e-5,1.3261618754707621e-5
1.3708000000000002e-5,1.3708000000000002e-5,3.0,7.091507496402575e-12,3.7583883569510384e-7,1.2903879127338811e-5,1.3279717963033915e-5
1.37082e-5,1.37082e-5,3.0,7.092098102398706e-12,3.759895172910944e-7,1.2921503305804931e-5,1.3297492823096026e-5
1.37084e-5,1.37084e-5,3.0,7.092689490028351e-12,3.761403992266432e-7,1.2938739769962672e-5,1.3314880169189314e-5
1.3708600000000001e-5,1.3708600000000001e-5,3.0,7.093281640491455e-12,3.7629147668140407e-7,1.2955515971532485e-5,1.3331807448213888e-5
1.3708800000000002e-5,1.3708800000000002e-5,3.0,7.093874531555794e-12,3.764427439545963e-7,1.2971750123770816e-5,1.3348192867725412e-5
1.3709e-5,1.3709e-5,3.0,7.094468137169241e-12,3.76594194365541e-7,1.2987352458274065e-5,1.3363946652639606e-5
1.37092e-5,1.37092e-5,3.0,7.0950624271617e-12,3.767458201774171e-7,1.300222808275985e-5,1.3378973902937267e-5
1.3709400000000001e-5,1.3709400000000001e-5,3.0,7.09565736711734e-12,3.7689761256506803e-7,1.3016281833798568e-5,1.3393179446363636e-5
1.3709600000000002e-5,1.3709600000000002e-5,3.0,7.096252918508567e-12,3.770495616503587e-7,1.302942515969042e-5,1.3406474721340778e-5
1.37098e-5,1.37098e-5,3.0,7.096849039170956e-12,3.7720165662509347e-7,1.3041584411403972e-5,1.3418786068029066e-5
1.3710000000000001e-5,1.3710000000000001e-5,3.0,7.097445684153009e-12,3.773538859694469e-7,1.3052709118610218e-5,1.3430063004579664e-5
1.3710200000000001e-5,1.3710200000000001e-5,3.0,7.0980428068971995e-12,3.775062377539894e-7,1.306277828236424e-5,1.3440284520118228e-5
1.37104e-5,1.37104e-5,3.0,7.098640360622058e-12,3.776586999919953e-7,1.3071802890696992e-5,1.3449461590688987e-5
1.37106e-5,1.37106e-5,3.0,7.09923829971537e-12,3.778112609945458e-7,1.3079823893629559e-5,1.3457635154624105e-5
1.3710800000000001e-5,1.3710800000000001e-5,3.0,7.0998365809463835e-12,3.7796390968046537e-7,1.308690630791202e-5,1.3464870217592486e-5
1.3711000000000001e-5,1.3711000000000001e-5,3.0,7.100435164361202e-12,3.7811663580637523e-7,1.3093131188293032e-5,1.3471247824099407e-5
1.37112e-5,1.37112e-5,3.0,7.101034013810775e-12,3.7826943010310314e-7,1.309858742479487e-5,1.3476856854897973e-5
1.37114e-5,1.37114e-5,3.0,7.101633097138842e-12,3.784222843248526e-7,1.3103364819530064e-5,1.3481787103854916e-5
1.3711600000000001e-5,1.3711600000000001e-5,3.0,7.102232386104362e-12,3.785751912299302e-7,1.3107549113102016e-5,1.3486124304331947e-5
1.3711800000000001e-5,1.3711800000000001e-5,3.0,7.1028318561273176e-12,3.787281445157232e-7,1.3111218968588762e-5,1.3489947113104485e-5
1.3712e-5,1.3712e-5,3.0,7.103431485937582e-12,3.78881138728642e-7,1.3114444551225435e-5,1.3493325689954077e-5
1.37122e-5,1.37122e-5,3.0,7.104031257187385e-12,3.790341691647122e-7,1.311728723125273e-5,1.3496321400417444e-5
1.3712400000000001e-5,1.3712400000000001e-5,3.0,7.104631154067316e-12,3.791872317709386e-7,1.3119799978212357e-5,1.3498987209983296e-5
1.3712600000000001e-5,1.3712600000000001e-5,3.0,7.105231162948989e-12,3.793403230535719e-7,1.3122028120133997e-5,1.3501368443187569e-5
1.37128e-5,1.37128e-5,3.0,7.1058312720653265e-12,3.794934399961688e-7,1.3124010249593114e-5,1.3503503689589282e-5
1.3713e-5,1.3713e-5,3.0,7.10643147123178e-12,3.796465799880038e-7,1.3125779142112596e-5,1.35054257221006e-5
1.3713200000000001e-5,1.3713200000000001e-5,3.0,7.107031751607151e-12,3.797997407626738e-7,1.3127362614912413e-5,1.3507162355675087e-5
1.3713400000000002e-5,1.3713400000000002e-5,3.0,7.107632105490702e-12,3.7995292034621213e-7,1.3128784294914007e-5,1.350873721526022e-5
1.37136e-5,1.37136e-5,3.0,7.108232526151096e-12,3.8010611701315863e-7,1.3130064284522966e-5,1.3510170401536124e-5
1.37138e-5,1.37138e-5,3.0,7.1088330076827116e-12,3.8025932924960917e-7,1.313121972785939e-5,1.3511479057109e-5
1.3714000000000001e-5,1.3714000000000001e-5,3.0,7.1094335448850765e-12,3.8041255572250423e-7,1.3132265288758372e-5,1.3512677844480877e-5
1.37144e-5,1.37144e-5,3.0,7.11063476843567e-12,3.807190467978918e-7,1.3134075344109749e-5,1.3514794390907641e-5
1.3714800000000001e-5,1.3714800000000001e-5,3.0,7.111836165844421e-12,3.810255823033187e-7,1.3135575723505232e-5,1.351660130580855e-5
1.37152e-5,1.37152e-5,3.0,7.113037712427491e-12,3.813321559112679e-7,1.3136827475714572e-5,1.351815963162584e-5
1.3715600000000001e-5,1.3715600000000001e-5,3.0,7.114239388245826e-12,3.8163876251063437e-7,1.313787710367176e-5,1.3519515866182395e-5
1.3716e-5,1.3716e-5,3.0,7.115441176998261e-12,3.8194539792239287e-7,1.3138760512023784e-5,1.3520705909946177e-5
1.3716400000000001e-5,1.3716400000000001e-5,3.0,7.116643065209996e-12,3.8225205869257816e-7,1.3139505782634185e-5,1.3521757841326763e-5
1.37168e-5,1.37168e-5,3.0,7.1178450416295255e-12,3.825587419367992e-7,1.3140135141851443e-5,1.3522693883788242e-5
1.3717200000000001e-5,1.3717200000000001e-5,3.0,7.119047096774864e-12,3.8286544522408265e-7,1.3140666380495933e-5,1.3523531825720014e-5
1.37176e-5,1.37176e-5,3.0,7.1202492225874385e-12,3.8317216648920386e-7,1.3141113888476663e-5,1.3524286054965866e-5
1.3717933333333335e-5,1.3717933333333335e-5,3.0,7.1212510430707286e-12,3.834277799917243e-7,1.3141431391316395e-5,1.3524859171308119e-5
1.3718000000000001e-5,1.3718000000000001e-5,3.0,7.1214514121653934e-12,3.8347890396206456e-7,1.3141489413276156e-5,1.352496831723822e-5
1.37184e-5,1.37184e-5,3.0,7.12265365955548e-12,3.837856561171921e-7,1.3141802636274596e-5,1.3525588292391787e-5
1.3718800000000002e-5,1.3718800000000002e-5,3.0,7.1238559595890436e-12,3.840924216293769e-7,1.3142061596719322e-5,1.3526154018348699e-5
1.37192e-5,1.37192e-5,3.0,7.12505830775174e-12,3.843991993408006e-7,1.3142273023995235e-5,1.3526672223336036e-5
1.3719600000000002e-5,1.3719600000000002e-5,3.0,7.126260700078594e-12,3.847059882363709e-7,1.3142442592867667e-5,1.3527148581104037e-5
1.372e-5,1.372e-5,3.0,7.127463133069377e-12,3.850127874167576e-7,1.3142575113306364e-5,1.3527587900723122e-5
1.3720400000000002e-5,1.3720400000000002e-5,3.0,7.128665603619332e-12,3.853195960883098e-7,1.3142674698758172e-5,1.3527994294846482e-5
1.37208e-5,1.37208e-5,3.0,7.129868108962163e-12,3.8562641353986556e-7,1.3142744873451768e-5,1.3528371286991634e-5
1.3721200000000002e-5,1.3721200000000002e-5,3.0,7.131070646623245e-12,3.8593323913811747e-7,1.3142788685787238e-5,1.3528721924925356e-5
1.3721600000000001e-5,1.3721600000000001e-5,3.0,7.132273214379862e-12,3.8624007231359314e-7,1.314280877714325e-5,1.3529048849456844e-5
1.3722e-5,1.3722e-5,3.0,7.133475810228937e-12,3.865469125506051e-7,1.3142807448393277e-5,1.3529354360943882e-5
1.3722400000000001e-5,1.3722400000000001e-5,3.0,7.134678432358623e-12,3.8685375938878566e-7,1.314278672042739e-5,1.3529640479816176e-5
1.37228e-5,1.37228e-5,3.0,7.135881079125362e-12,3.8716061240081147e-7,1.3142748357747127e-5,1.3529908970147939e-5
1.3723200000000001e-5,1.3723200000000001e-5,3.0,7.13708374903345e-12,3.874674712106711e-7,1.3142693934212178e-5,1.353016140542285e-5
1.37236e-5,1.37236e-5,3.0,7.138286440718016e-12,3.877743354601024e-7,1.3142624823639258e-5,1.3530399159099361e-5
1.3724000000000001e-5,1.3724000000000001e-5,3.0,7.139489152930468e-12,3.880812048375516e-7,1.3142542269219864e-5,1.3530623474057415e-5
1.37244e-5,1.37244e-5,3.0,7.140691884525178e-12,3.883880790413288e-7,1.3142447357348081e-5,1.353083543638941e-5
1.3724800000000001e-5,1.3724800000000001e-5,3.0,7.141894634449414e-12,3.8869495780816007e-7,1.3142341080304786e-5,1.3531036038112947e-5
1.37252e-5,1.37252e-5,3.0,7.143097401732333e-12,3.890018408846187e-7,1.3142224311296699e-5,1.3531226152181317e-5
1.3725600000000001e-5,1.3725600000000001e-5,3.0,7.1443001854783636e-12,3.8930872804285206e-7,1.3142097848024703e-5,1.3531406576067555e-5
1.3726e-5,1.3726e-5,3.0,7.145502984857709e-12,3.89615619071701e-7,1.314196240415351e-5,1.353157802322521e-5
1.3728000000000001e-5,1.3728000000000001e-5,3.0,7.151517191167379e-12,3.911501258062599e-7,1.3141171124196785e-5,1.3532321250003045e-5
1.373e-5,1.373e-5,3.0,7.157531692937256e-12,3.926847048267133e-7,1.3140231085079611e-5,1.3532915789906324e-5
1.3732000000000002e-5,1.3732000000000002e-5,3.0,7.163546433624315e-12,3.94219341595043e-7,1.3139182420421255e-5,1.3533401762016297e-5
1.3734000000000001e-5,1.3734000000000001e-5,3.0,7.169561371339774e-12,3.9575402539846857e-7,1.3138052070723305e-5,1.3533806096121774e-5
1.3736e-5,1.3736e-5,3.0,7.17557647419965e-12,3.9728874812222203e-7,1.3136858800464908e-5,1.3534147548587131e-5
1.3738000000000001e-5,1.3738000000000001e-5,3.0,7.18159171737134e-12,3.988235032421033e-7,1.3135615912243113e-5,1.3534439415485216e-5
1.374e-5,1.374e-5,3.0,7.187607081136922e-12,4.003582857105848e-7,1.3134333275265466e-5,1.3534691560976051e-5
1.3742000000000002e-5,1.3742000000000002e-5,3.0,7.193622549584132e-12,4.0189309155394213e-7,1.3133018366424124e-5,1.3534911457978067e-5
1.3744000000000001e-5,1.3744000000000001e-5,3.0,7.199638109686454e-12,4.034279174479447e-7,1.313167686882656e-5,1.3535104786274506e-5
1.3746e-5,1.3746e-5,3.0,7.205653750644007e-12,4.0496276056154256e-7,1.3130313169511877e-5,1.3535275930073419e-5
1.3748000000000001e-5,1.3748000000000001e-5,3.0,7.211669463403855e-12,4.064976184833772e-7,1.3128930722512217e-5,1.3535428340995594e-5
1.375e-5,1.375e-5,3.0,7.2176852403042075e-12,4.08032489178333e-7,1.312753230447543e-5,1.3535564793653764e-5
1.3752000000000001e-5,1.3752000000000001e-5,3.0,7.22370107480464e-12,4.095673711126342e-7,1.312612025695363e-5,1.3535687628066265e-5
1.3754e-5,1.3754e-5,3.0,7.229716961272089e-12,4.11102263537863e-7,1.3124696710994415e-5,1.3535798974532278e-5
1.3756e-5,1.3756e-5,3.0,7.235732894803312e-12,4.12637165876334e-7,1.3123263396748814e-5,1.3535900562625147e-5
1.3758000000000001e-5,1.3758000000000001e-5,3.0,7.241748871110877e-12,4.141720748991735e-7,1.3121820727193816e-5,1.353599280209299e-5
1.376e-5,1.376e-5,3.0,7.247764886510831e-12,4.1570698576500837e-7,1.3120368525836305e-5,1.3536075511601314e-5
1.3762000000000001e-5,1.3762000000000001e-5,3.0,7.253780937786781e-12,4.172419046472875e-7,1.3118910333282734e-5,1.3536152237930021e-5
1.3763966666666669e-5,1.3763966666666669e-5,3.0,7.2596967534774515e-12,4.187512557058387e-7,1.3117473342424787e-5,1.3536224598130627e-5
1.3764e-5,1.3764e-5,3.0,7.25979702181183e-12,4.187768376258089e-7,1.3117448839236626e-5,1.3536225676862435e-5
1.3766000000000002e-5,1.3766000000000002e-5,3.0,7.26581313598546e-12,4.203117598174062e-7,1.3115976848436305e-5,1.353628860825371e-5
1.3768000000000001e-5,1.3768000000000001e-5,3.0,7.271829278363318e-12,4.2184669164579586e-7,1.3114502108849145e-5,1.353634880049494e-5
1.377e-5,1.377e-5,3.0,7.27784544616496e-12,4.2338163941596934e-7,1.3113026343758717e-5,1.3536407983174687e-5
1.3772000000000001e-5,1.3772000000000001e-5,3.0,7.283861638210462e-12,4.249165568124742e-7,1.311153727339048e-5,1.3536453830202953e-5
1.3774e-5,1.3774e-5,3.0,7.289877852245006e-12,4.264515265131721e-7,1.3110058451314274e-5,1.3536509977827446e-5
1.3776000000000002e-5,1.3776000000000002e-5,3.0,7.295894087059617e-12,4.2798643275634514e-7,1.3108558633944483e-5,1.3536545066700827e-5
1.3778000000000001e-5,1.3778000000000001e-5,3.0,7.301910340951655e-12,4.2952142033577727e-7,1.3107076793725365e-5,1.3536598214061143e-5
1.378e-5,1.378e-5,3.0,7.307926613160893e-12,4.3105631621299297e-7,1.3105568604354524e-5,1.3536624920567517e-5
1.3782000000000001e-5,1.3782000000000001e-5,3.0,7.313942901299423e-12,4.325913063866725e-7,1.3104080758031564e-5,1.3536672064418237e-5
1.3784e-5,1.3784e-5,3.0,7.319959206553218e-12,4.3412623452857877e-7,1.310257606307099e-5,1.3536702297599569e-5
1.3786000000000002e-5,1.3786000000000002e-5,3.0,7.3259755246577e-12,4.3566114422058595e-7,1.31010641252158e-5,1.3536725269436387e-5
1.3788e-5,1.3788e-5,3.0,7.331991857827915e-12,4.371961857714502e-7,1.3099580892018594e-5,1.3536777077790043e-5
1.379e-5,1.379e-5,3.0,7.338008204326711e-12,4.3873103879927704e-7,1.3098053831769831e-5,1.3536784870569108e-5
1.3792000000000001e-5,1.3792000000000001e-5,3.0,7.344024560648848e-12,4.4026596680310957e-7,1.3096541010730286e-5,1.3536806977533396e-5
1.3794e-5,1.3794e-5,3.0,7.350040930218032e-12,4.4180105343730464e-7,1.3095060806628923e-5,1.3536861860066229e-5
1.3796000000000001e-5,1.3796000000000001e-5,3.0,7.356057311765565e-12,4.4333592406848884e-7,1.309353461045085e-5,1.3536870534519339e-5
1.3798e-5,1.3798e-5,3.0,7.362073700606604e-12,4.448707190747849e-7,1.3091991688902014e-5,1.3536862407976799e-5
1.3800000000000002e-5,1.3800000000000002e-5,3.0,7.36809009824175e-12,4.464057711203256e-7,1.3090498634352025e-5,1.353690440547235e-5
1.3802000000000001e-5,1.3802000000000001e-5,3.0,7.374106507717833e-12,4.479408975176587e-7,1.3089018995063687e-5,1.3536959892581345e-5
1.3804e-5,1.3804e-5,3.0,7.380122926903188e-12,4.4947577453516166e-7,1.30874911582904e-5,1.3536966932825562e-5
1.3806000000000001e-5,1.3806000000000001e-5,3.0,7.386139351720635e-12,4.51010470501459e-7,1.308592923095125e-5,1.353693970145271e-5
1.3808e-5,1.3808e-5,3.0,7.39215578142175e-12,4.525452914683833e-7,1.3084389753359441e-5,1.3536935044827824e-5
1.3810000000000002e-5,1.3810000000000002e-5,3.0,7.398172218229775e-12,4.5408036943659547e-7,1.3082895387559194e-5,1.353697575699579e-5
