t_s,x1_um,x2_um,Vout_mV
0.4956239903506611,13.703164521271798,13.710286525975775,-0.005216864136649226
0.49562419035066113,13.703163997772487,13.71028626022886,-0.005211619739150152
0.49562439035066114,13.703163474437703,13.710285994636422,-0.005206526446604027
0.49562459035066114,13.703162951251025,13.710285729190467,-0.0052015844880499516
0.49562479035066115,13.703162428196038,13.710285463883405,-0.005196793617128339
0.4956249903506611,13.703161905256326,13.710285198707233,-0.005192154080786438
0.4956251903506611,13.703161382415468,13.71028493365393,-0.0051876661766480136
0.4956253903506611,13.703160859657057,13.71028466871544,-0.005183330210161102
0.4956255903506611,13.703160336964684,13.71028440388367,-0.005179146494592819
0.4956257903506611,13.703159814321946,13.71028413915048,-0.00517511535103067
0.4956259903506611,13.70315929171244,13.710283874507693,-0.0051712371083825455
0.49562619035066113,13.703158769119767,13.71028360994729,-0.005167511927477141
0.49562639035066114,13.70315824652753,13.710283345461574,-0.005163939554941199
0.49562659035066114,13.703157723919338,13.71028308104246,-0.00516052023791005
0.49562679035066115,13.703157201278808,13.710282816681856,-0.0051572542502953365
0.4956269903506611,13.70315667858956,13.710282552371623,-0.0051541418747887945
0.4956271903506611,13.70315615583521,13.710282288103588,-0.005151183402858842
0.4956273903506611,13.703155632999396,13.710282023869546,-0.005148379134755752
0.4956275903506611,13.703155110065747,13.710281759661239,-0.005145729379508168
0.4956277903506611,13.703154587017911,13.710281495470628,-0.005143234222772642
0.49562799035066113,13.703154063839529,13.71028123128992,-0.005140893417181439
0.49562819035066114,13.703153540514252,13.710280967110954,-0.005138707204138574
0.49562839035066114,13.703153017025745,13.71028070292557,-0.005136675834892177
0.49562859035066115,13.703152493357674,13.710280438725565,-0.005134799570366981
0.49562879035066115,13.703151969493712,13.710280174502698,-0.005133078681164326
0.4956289903506611,13.703151445417545,13.71027991024869,-0.005131513447562573
0.4956291903506611,13.703150921112861,13.710279645955227,-0.005130104159515408
0.4956293903506611,13.703150396563355,13.710279381614267,-0.005128850819516419
0.4956295903506611,13.70314987175274,13.710279117217913,-0.005127753199854458
0.4956297903506611,13.703149346664727,13.71027885275794,-0.005126811530218323
0.49562999035066113,13.703148821283042,13.710278588226132,-0.005126026039963726
0.49563019035066114,13.703148295591415,13.71027832361423,-0.005125396969121967
0.49563039035066114,13.703147769573597,13.71027805891393,-0.0051249245683999195
0.49563059035066115,13.703147243213335,13.710277794116902,-0.005124609099180044
0.4956307903506611,13.703146716494398,13.710277529214759,-0.005124450833520398
0.4956309903506611,13.703146189400552,13.710277264199489,-0.005124449682583354
0.4956311903506611,13.703145661915588,13.710276999063073,-0.005124605453018485
0.4956313903506611,13.7031451340233,13.710276733797262,-0.005124918356800576
0.4956315903506611,13.70314460570749,13.710276468393774,-0.005125388602249498
0.49563179035066113,13.70314407695198,13.710276202844302,-0.005126016409450931
0.49563199035066113,13.703143547740604,13.710275937140494,-0.005126802010256365
0.49563219035066114,13.703143018057194,13.710275671273964,-0.005127745648283097
0.49563239035066115,13.703142487885614,13.710275405236285,-0.005128847578914233
0.49563259035066115,13.703141957209724,13.710275139019457,-0.005130107613074997
0.4956327903506611,13.70314142601341,13.710274872615377,-0.005131525606904141
0.4956329903506611,13.703140894280557,13.710274606015739,-0.005133101748827232
0.4956331903506611,13.703140361995075,13.710274339212233,-0.005134836227306509
0.4956333903506611,13.703139829140886,13.710274072196508,-0.005136729243637443
0.4956335903506611,13.703139295701922,13.710273804960165,-0.005138781011948364
0.49563379035066113,13.703138761662132,13.710273537494777,-0.0051409917592004665
0.49563399035066114,13.703138227005477,13.710273269791871,-0.0051433617251877995
0.49563419035066114,13.703137691715936,13.710273001843502,-0.005145890610711301
0.49563439035066115,13.7031371557775,13.710272733641442,-0.005148578337948258
0.49563459035066115,13.703136619174176,13.710272465177377,-0.005151425065453673
0.4956347903506611,13.703136081889985,13.710272196442958,-0.005154430962859843
0.4956349903506611,13.703135543908969,13.710271927429796,-0.0051575962138176975
0.4956351903506611,13.703135005215184,13.710271658129455,-0.005160921015991792
0.4956353903506611,13.703134465792699,13.71027138853347,-0.0051644055810635995
0.4956355903506611,13.703133925625604,13.71027111863336,-0.00516805012021551
0.49563579035066113,13.703133384697999,13.71027084842118,-0.005171854256978064
0.49563599035066114,13.703132842994009,13.710270577888643,-0.0051758179536889265
0.49563619035066114,13.70313230049777,13.710270307027404,-0.005179941347305906
0.49563639035066115,13.703131757193441,13.710270035829092,-0.005184224589964069
0.4956365903506611,13.7031312130652,13.710269764285284,-0.005188667848974498
0.4956367903506611,13.703130668097232,13.710269492387521,-0.0051932713068292505
0.4956369903506611,13.703130122273754,13.710269220127307,-0.005198035161193974
0.4956371903506611,13.703129575578995,13.710268947496152,-0.005202959584852513
0.4956373903506611,13.7031290279972,13.710268674486118,-0.005208044145041671
0.49563759035066113,13.70312847951264,13.710268401088866,-0.0052132888308473345
0.49563779035066113,13.703127930109602,13.710268127296041,-0.005218693761533192
0.49563799035066114,13.703127379772386,13.710267853099245,-0.005224259072856135
0.49563819035066115,13.703126828485328,13.710267578490031,-0.005229984917066259
0.49563839035066115,13.703126276232771,13.710267303459915,-0.0052358714629068695
0.4956385903506611,13.703125722999081,13.710267028000384,-0.005241918895612773
0.4956387903506611,13.703125168768649,13.710266752102957,-0.005248127342617697
0.4956389903506611,13.703124613525883,13.710266475759692,-0.005254496327894095
0.4956391903506611,13.703124057255208,13.710266198962215,-0.00526102586263354
0.4956393903506611,13.703123499941078,13.710265921702154,-0.005267716049730847
0.49563959035066113,13.703122941567967,13.710265643971098,-0.005274567009929964
0.49563979035066114,13.703122382120368,13.710265365760586,-0.0052815788818239735
0.49563999035066114,13.703121821582801,13.710265087062117,-0.005288751821855098
0.49564019035066115,13.703121259939804,13.710264807867153,-0.005296086004314697
0.49564039035066115,13.703120697175939,13.71026452816724,-0.0053035815034263405
0.4956405903506611,13.703120133275787,13.710264247954433,-0.005311237813427087
0.4956407903506611,13.70311956822396,13.710263967220337,-0.005319054962858308
0.4956409903506611,13.703119002005087,13.71026368595657,-0.005327033039591396
0.4956411903506611,13.703118434603821,13.710263404154698,-0.005335172150776922
0.4956413903506611,13.703117866004845,13.710263121806264,-0.005343472422842548
0.49564159035066113,13.703117296192861,13.71026283890275,-0.0053519340014930115
0.49564179035066114,13.703116725152592,13.7102625554356,-0.005360557051710145
0.49564199035066114,13.703116152868793,13.710262271396408,-0.00536934158596133
0.49564219035066115,13.703115579326239,13.710261986777214,-0.005378287082951531
0.4956423903506611,13.70311500450973,13.710261701569605,-0.005387393583825415
0.4956425903506611,13.703114428404092,13.710261415765197,-0.005396661162963644
0.4956427903506611,13.703113850994175,13.71026112935556,-0.005406089915483208
0.4956429903506611,13.703113272264861,13.710260842332216,-0.0054156799572475005
0.4956431903506611,13.703112692201053,13.710260554686649,-0.005425431424863812
0.49564339035066113,13.70311211078768,13.710260266410291,-0.005435344475683328
0.49564359035066113,13.703111528009694,13.710259977494793,-0.005445419050787371
0.49564379035066114,13.703110943852083,13.710259687932174,-0.005455654629249807
0.49564399035066115,13.703110358299854,13.710259397714019,-0.005466051259798377
0.49564419035066115,13.703109771338042,13.710259106831941,-0.005476609004511759
0.4956443903506611,13.70310918295171,13.710258815277516,-0.005487327947855907
0.4956445903506611,13.70310859312595,13.710258523042256,-0.005498208196696
0.4956447903506611,13.703108001845884,13.710258230117644,-0.005509249880278595
0.4956449903506611,13.703107409096656,13.710257936495111,-0.0055204531502434755
0.4956451903506611,13.70310681486344,13.710257642166376,-0.005531817866059328
0.49564539035066113,13.703106219131442,13.710257347123429,-0.005543343524144604
0.49564559035066114,13.703105621885895,13.710257051357859,-0.005555030175597644
0.49564579035066114,13.703105023112053,13.710256754861291,-0.0055668778719323445
0.49564599035066115,13.703104422795212,13.710256457625292,-0.005578886688699334
0.49564619035066115,13.703103820920688,13.710256159641391,-0.005591056725485968
0.4956463903506611,13.703103217473831,13.710255860901059,-0.0056033881059128895
0.4956465903506611,13.703102612440022,13.710255561395726,-0.005615880977647758
0.4956467903506611,13.703102005804665,13.710255261117206,-0.0056285351067009845
0.4956469903506611,13.703101397553198,13.71025496005744,-0.005641350025154193
0.4956471903506611,13.703100787671092,13.71025465820804,-0.005654325780812659
0.49564739035066113,13.703100176143844,13.710254355560636,-0.005667462416305158
0.49564759035066114,13.703099562956984,13.710254052106801,-0.005680760000000549
0.49564779035066114,13.703098948096073,13.71025374783807,-0.005694218626007786
0.49564799035066115,13.703098331546705,13.710253442745913,-0.0057078384141759165
0.4956481903506611,13.703097713294504,13.710253136821771,-0.005721619510090222
0.4956483903506611,13.703097093325123,13.710252830057552,-0.005735561573049415
0.4956485903506611,13.703096471624251,13.710252522445149,-0.005749664191689145
0.4956487903506611,13.703095848177597,13.710252213976197,-0.005763927404105909
0.4956489903506611,13.703095222970925,13.71025190464234,-0.005778351245487968
0.49564919035066113,13.703094595990008,13.710251594435158,-0.005792935778660237
0.49564939035066113,13.703093967220665,13.71025128334619,-0.005807681094084288
0.49564959035066114,13.703093336648749,13.71025097136692,-0.005822587309858349
0.49564979035066115,13.70309270426014,13.710250658488782,-0.005837654571717299
0.49564999035066115,13.703092070040748,13.710250344703816,-0.0058528824177166315
0.4956501903506611,13.703091433976525,13.710250030003836,-0.005868270515961348
0.4956503903506611,13.70309079605345,13.71024971438052,-0.005883818887960274
0.4956505903506611,13.70309015625754,13.71024939782552,-0.005899527563207781
0.4956507903506611,13.703089514574843,13.71024908033043,-0.005915396600810548
0.4956509903506611,13.703088870991447,13.710248761886794,-0.005931426089483308
0.49565119035066113,13.703088225493463,13.71024844248611,-0.005947616147548847
0.49565139035066114,13.70308757806705,13.710248122119815,-0.005963966922938009
0.49565159035066114,13.703086928698395,13.710247800780085,-0.005980477816095281
0.49565179035066115,13.703086277373712,13.71024747845865,-0.005997148599883765
0.49565199035066115,13.703085624079268,13.710247155147231,-0.006013979271405044
0.4956521903506611,13.703084968801344,13.710246830837493,-0.006030969856229568
0.4956523903506611,13.703084311526275,13.71024650552105,-0.006048120411644355
0.4956525903506611,13.703083652240425,13.710246179189452,-0.006065431026624702
0.4956527903506611,13.703082990930193,13.710245851834204,-0.006082901821853012
0.4956529903506611,13.703082327582012,13.710245523446778,-0.006100532924131853
0.49565319035066113,13.703081662182354,13.710245194019418,-0.006118323654818842
0.49565339035066114,13.703080994717725,13.710244863543844,-0.006136273842822435
0.49565359035066114,13.703080325174675,13.710244532011792,-0.006154383477839171
0.49565379035066115,13.703079653539776,13.71024419941495,-0.006172652583430045
0.4956539903506611,13.703078979799653,13.710243865744939,-0.006191081217015376
0.4956541903506611,13.703078303940956,13.710243530993324,-0.006209669469895319
0.4956543903506611,13.703077625950382,13.710243195151616,-0.00622841746721916
0.4956545903506611,13.703076945814658,13.71024285821134,-0.006247325302003974
0.4956547903506611,13.703076263520552,13.710242520164789,-0.006266392240485329
0.49565499035066113,13.703075579054866,13.710242181003679,-0.006285618154627361
0.49565519035066113,13.703074892404445,13.710241840719766,-0.006305003031519416
0.49565539035066114,13.703074203556167,13.71024149930476,-0.0063245468944843775
0.49565559035066115,13.703073512496953,13.710241156750284,-0.006344249803078657
0.49565579035066115,13.703072819213759,13.71024081304793,-0.0063641118530921945
0.4956559903506611,13.703072123693586,13.710240468189202,-0.0063841331765428925
0.4956561903506611,13.703071425923463,13.710240122165695,-0.00640431382239729
0.4956563903506611,13.703070725890464,13.710239774969732,-0.006424653017756355
0.4956565903506611,13.703070023581706,13.710239426593038,-0.00644515067370956
0.4956567903506611,13.703069318984333,13.710239077027392,-0.006465806776846036
0.49565699035066113,13.70306861208554,13.710238726264512,-0.006486621352390152
0.49565719035066114,13.703067902872558,13.710238374296042,-0.006507594464201517
0.49565739035066114,13.703067191332657,13.710238021113575,-0.00652872621477498
0.49565759035066115,13.703066477453145,13.710237666708624,-0.006550016745240623
0.49565779035066115,13.703065761221378,13.71023731107287,-0.006571466048360199
0.4956579903506611,13.70306504262474,13.710236954198637,-0.006593073329790736
0.4956581903506611,13.70306432165066,13.710236596077676,-0.0066148385354074316
0.4956583903506611,13.703063598286612,13.710236236701778,-0.006636761653093394
0.4956585903506611,13.703062872520103,13.710235876062676,-0.00665884271194707
0.4956587903506611,13.70306214433869,13.710235514152028,-0.00668108178227627
0.49565899035066113,13.703061413729962,13.710235150961433,-0.006703478975598174
0.49565919035066114,13.703060680681556,13.710234786482413,-0.006726034444639325
0.49565939035066114,13.703059945181149,13.710234420706728,-0.006748748112630098
0.49565959035066115,13.70305920721645,13.710234053626719,-0.006771619184038084
0.4956597903506611,13.703058466775218,13.710233685234137,-0.00679464763450503
0.4956599903506611,13.703057723845253,13.710233315520798,-0.0068178334552183315
0.4956601903506611,13.703056978414397,13.710232944478445,-0.006841176681267789
0.4956603903506611,13.703056230470528,13.710232572098752,-0.0068646773916711265
0.4956605903506611,13.703055480001575,13.710232198373314,-0.0068883357093676295
0.49566079035066113,13.703054726995504,13.710231823293666,-0.00691215180121814
0.49566099035066113,13.70305397144032,13.710231446851653,-0.00693612550579886
0.49566119035066114,13.703053213324079,13.710231069039615,-0.0069602560486609275
0.49566139035066115,13.703052452634871,13.71023068984932,-0.0069845434294780575
0.49566159035066115,13.70305168936083,13.71023030927259,-0.007008987644881874
0.4956617903506611,13.703050923490133,13.71022992730119,-0.007033588738236432
0.4956619903506611,13.703050155011004,13.710229543926793,-0.007058346799665582
0.4956621903506611,13.703049383911711,13.710229159140999,-0.0070832619660119904
0.4956623903506611,13.70304861018056,13.710228772935336,-0.007108334420864419
0.4956625903506611,13.703047833805897,13.710228385301779,-0.007133563900804353
0.49566279035066113,13.703047054776121,13.71022799623262,-0.007158949677745014
0.49566299035066114,13.703046273079662,13.710227605719648,-0.007184491768673447
0.49566319035066114,13.703045488705008,13.710227213754713,-0.007210190177653424
0.49566339035066115,13.703044701640676,13.710226820329563,-0.007236044958527787
0.49566359035066115,13.703043911875241,13.710226425435888,-0.007262056214918456
0.4956637903506611,13.70304311939731,13.710226029065288,-0.007288224100219139
0.4956639903506611,13.703042324195543,13.710225631209278,-0.007314548817624428
0.4956641903506611,13.70304152625864,13.710225231859967,-0.007341029982680818
0.4956643903506611,13.703040725575336,13.710224831009587,-0.007367666942103736
0.4956645903506611,13.703039922134431,13.710224428649955,-0.007394459722513627
0.49566479035066113,13.703039115924751,13.71022402477292,-0.007421408337696192
0.49566499035066114,13.703038306935172,13.710223619370248,-0.007448512854376748
0.49566519035066114,13.70303749515462,13.710223212433611,-0.007475773392220234
0.49566539035066115,13.703036680572058,13.710222803954611,-0.007503190123831198
0.4956655903506611,13.703035863176503,13.710222393924752,-0.007530763274746143
0.4956657903506611,13.703035042957005,13.710221982336297,-0.007558492317819463
0.4956659903506611,13.703034219902667,13.710221569181375,-0.007586376706264488
0.4956661903506611,13.703033394002635,13.710221154451844,-0.007614416467446792
0.4956663903506611,13.703032565246097,13.71022073813955,-0.007642611627214393
0.49566659035066113,13.703031733622293,13.710220320236262,-0.007670962267663622
0.49566679035066114,13.703030899120506,13.71021990073364,-0.007699468527139117
0.49566699035066114,13.70303006173006,13.710219479623273,-0.007728130600233822
0.49566719035066115,13.703029221440332,13.71021905689666,-0.0077569487377889814
0.49566739035066115,13.703028378240736,13.710218632546214,-0.0077859222457268085
0.4956675903506611,13.703027532120736,13.710218206563951,-0.007815050719424161
0.4956677903506611,13.70302668306984,13.710217778941768,-0.00784433417679406
0.4956679903506611,13.703025831077607,13.710217349671503,-0.007873772658164094
0.4956681903506611,13.703024976133637,13.710216918744916,-0.007903366263582314
0.4956683903506611,13.703024118227576,13.710216486153652,-0.007933115152809152
0.49566859035066113,13.703023257349118,13.71021605188929,-0.007963019545317428
0.49566879035066114,13.703022393488006,13.710215615943294,-0.007993079720292359
0.49566899035066114,13.703021526634021,13.710215178308282,-0.008023294789728247
0.49566919035066115,13.703020656776998,13.710214738976095,-0.008053664531407333
0.49566939035066115,13.703019783906809,13.710214297938668,-0.008084188941815446
0.4956695903506611,13.703018908013382,13.710213855187838,-0.008114868078132732
0.4956697903506611,13.703018029086689,13.710213410715342,-0.008145702060970062
0.4956699903506611,13.703017147116745,13.710212964512824,-0.008176691074317937
0.4956701903506611,13.703016262093616,13.710212516571815,-0.008207835365580514
0.4956703903506611,13.703015374007416,13.710212066883814,-0.008239135197801789
0.49567059035066113,13.7030144828483,13.710211615441478,-0.00827058960242913
0.49567079035066114,13.703013588606465,13.710211162236615,-0.008302198440906395
0.49567099035066114,13.703012691272171,13.710210707261151,-0.00833396172269705
0.49567119035066115,13.703011790835708,13.710210250506904,-0.008365879524517577
0.4956713903506611,13.703010887287423,13.710209791965596,-0.008397951990328547
0.4956715903506611,13.703009980617713,13.71020933162883,-0.008430179331370281
0.4956717903506611,13.70300907081701,13.71020886948811,-0.008462561826109428
0.4956719903506611,13.703008157875807,13.710208405534969,-0.008495099695735706
0.4956721903506611,13.703007241784627,13.710207939762077,-0.00852779192486916
0.49567239035066113,13.703006322534057,13.710207472161205,-0.008560638493619906
0.49567259035066114,13.703005400114717,13.710207002724252,-0.008593639420180838
0.49567279035066114,13.703004474517288,13.71020653144298,-0.008626794812620712
0.49567299035066115,13.703003545732486,13.710206058309032,-0.008660104868884135
0.49567319035066115,13.703002613751082,13.710205583313925,-0.008693569876791572
0.4956733903506611,13.703001678563897,13.710205106449099,-0.008727190165169834
0.4956735903506611,13.703000740161784,13.710204627707043,-0.00876096490695808
0.4956737903506611,13.70299979853566,13.710204147079583,-0.008794893980765404
0.4956739903506611,13.702998853676482,13.71020366455861,-0.00882897740829548
0.4956741903506611,13.702997905575252,13.710203180135883,-0.008863215305476372
0.49567439035066113,13.702996954223027,13.710202693803016,-0.008897607882460513
0.49567459035066114,13.702995999610907,13.710202205551505,-0.008932155443624721
0.49567479035066114,13.70299504173004,13.71020171537271,-0.008966858383572094
0.49567499035066115,13.702994080571619,13.710201223259114,-0.009001715906480648
0.49567519035066115,13.70299311612689,13.710200729202521,-0.009036727851559664
0.4956753903506611,13.702992148387143,13.7102002331948,-0.009071894245030444
0.4956755903506611,13.70299117734371,13.710199735227702,-0.009107215211931136
0.4956757903506611,13.702990202987985,13.71019923529282,-0.009142690976058186
0.4956759903506611,13.702989225311395,13.710198733381613,-0.009178321860005308
0.49567619035066113,13.702988244305429,13.710198229485407,-0.009214108285153783
0.49567639035066113,13.702987259961608,13.71019772359652,-0.009250049608397764
0.49567659035066114,13.702986272271511,13.71019721570686,-0.009286145521086923
0.49567679035066115,13.702985281226763,13.71019670580824,-0.00932239608946927
0.49567699035066115,13.70298428681903,13.710196193892381,-0.009358801448802145
0.4956771903506611,13.702983289040032,13.710195679950848,-0.009395361837888363
0.4956773903506611,13.702982287881541,13.710195163975065,-0.009432077599116871
0.4956775903506611,13.702981283335372,13.710194645956308,-0.009468949178401843
0.4956777903506611,13.702980275393381,13.710194125886721,-0.009505976095926377
0.4956779903506611,13.702979264047482,13.710193603758308,-0.00954315789802365
0.49567819035066113,13.702978249289625,13.710193079562814,-0.009580494689466137
0.49567839035066114,13.70297723111182,13.710192553291929,-0.00961798661700217
0.49567859035066114,13.702976209506119,13.710192024937179,-0.009655633935825535
0.49567879035066115,13.70297518446462,13.71019149448994,-0.009693437009575458
0.49567899035066115,13.702974155979476,13.710190961941443,-0.009731396310336602
0.4956791903506611,13.702973124042876,13.71019042728364,-0.009769511519348625
0.4956793903506611,13.702972088647064,13.710189890508616,-0.009807782053811671
0.4956795903506611,13.70297104978433,13.710189351608044,-0.009846208051029773
0.4956797903506611,13.70297000744701,13.710188810573571,-0.009884789670343987
0.4956799903506611,13.702968961627489,13.710188267396678,-0.009923527184607303
0.49568019035066113,13.702967912318202,13.710187722068689,-0.009962420980184659
0.49568039035066114,13.702966859511626,13.710187174580769,-0.01000147155695293
0.49568059035066114,13.702965803200295,13.710186624924686,-0.010040678754435282
0.49568079035066115,13.702964743376771,13.710186073092578,-0.010080041877643976
0.49568099035066115,13.702963680033685,13.710185519076036,-0.010119561090114257
0.4956811903506611,13.702962613163702,13.710184962866665,-0.010159236564743825
0.4956813903506611,13.702961542759535,13.710184404455886,-0.010199068593241047
0.4956815903506611,13.702960468813952,13.71018384383496,-0.010239057586058888
0.4956817903506611,13.702959391319766,13.710183280994977,-0.010279204072438911
0.49568199035066113,13.702958310269832,13.710182715927518,-0.010319508046947673
0.49568219035066113,13.702957225657052,13.710182148624748,-0.010359968720582499
0.49568239035066114,13.702956137474377,13.71018157907818,-0.010400586276476083
0.49568259035066115,13.702955045714809,13.710181007279349,-0.010441360901974582
0.49568279035066115,13.702953950371391,13.710180433219621,-0.010482292908709988
0.4956829903506611,13.702952851437216,13.71017985689018,-0.0105233827325887
0.4956831903506611,13.702951748905424,13.710179278282036,-0.0105646309338372
0.4956833903506611,13.7029506427692,13.710178697386562,-0.01060603764622686
0.4956835903506611,13.702949533021775,13.710178114195935,-0.010647602037818702
0.4956837903506611,13.702948419656433,13.710177528701582,-0.010689324317470496
0.49568399035066113,13.70294730266649,13.71017694089493,-0.010731204697986194
0.49568419035066114,13.702946182045322,13.710176350767217,-0.010773243547226748
0.49568439035066114,13.702945057786351,13.710175758309472,-0.010815441388110103
0.49568459035066115,13.702943929883043,13.710175163512606,-0.010857798815204775
0.49568479035066115,13.7029427983289,13.710174566368662,-0.010900315115285622
0.4956849903506611,13.702941663117487,13.710173966869048,-0.010942990320270029
0.4956851903506611,13.702940524242404,13.710173365005188,-0.010985824607870254
0.4956853903506611,13.702939381697298,13.710172760768303,-0.011028818316811483
0.4956855903506611,13.70293823547587,13.710172154149395,-0.011071971946879162
0.4956857903506611,13.70293708557186,13.71017154513926,-0.011115286158907183
0.49568599035066113,13.70293593197905,13.710170933729373,-0.01115876083471071
0.49568619035066114,13.70293477469128,13.710170319911434,-0.011202395509751264
0.49568639035066114,13.702933613702418,13.710169703676735,-0.011246190417267333
0.49568659035066115,13.702932449006395,13.71016908501648,-0.01129014586448069
0.49568679035066116,13.702931280597179,13.710168463921649,-0.011334262325721494
0.4956869903506611,13.702930108468783,13.710167840382985,-0.011378540442416
0.4956871903506611,13.70292893261527,13.710167214391381,-0.011422980668980313
0.4956873903506611,13.702927753030743,13.710166585938715,-0.011467582257206968
0.4956875903506611,13.702926569709351,13.710165955016153,-0.01151234540820789
0.49568779035066113,13.702925382645287,13.71016532161487,-0.011557270394741864
0.49568799035066113,13.70292419183279,13.710164685725815,-0.011602357663063877
0.49568819035066114,13.70292299726615,13.710164047339699,-0.011647607832925125
0.49568839035066115,13.702921798939695,13.710163406447009,-0.011693021686918234
0.49568859035066115,13.702920596847797,13.710162763039515,-0.01173859858660277
0.4956887903506611,13.702919390984874,13.710162117108306,-0.011784338572916686
0.4956889903506611,13.702918181345385,13.71016146864452,-0.011830241881263833
0.4956891903506611,13.702916967923839,13.710160817639064,-0.011876308927008661
0.4956893903506611,13.702915750714782,13.710160164082605,-0.011922540305526912
0.4956895903506611,13.702914529712817,13.710159507965567,-0.011968936792192965
0.49568979035066113,13.702913304912578,13.710158849278914,-0.012015498543043573
0.49568999035066114,13.702912076308742,13.710158188014132,-0.012062224985275309
0.49569019035066114,13.702910843896039,13.710157524162163,-0.012109116438885834
0.49569039035066115,13.702909607669234,13.710156857713867,-0.012156173285314644
0.49569059035066115,13.702908367623142,13.710156188659848,-0.012203396092718135
0.4956907903506611,13.702907123752617,13.710155516990477,-0.012250785615956444
0.4956909903506611,13.70290587605256,13.710154842696118,-0.012298342550347076
0.4956911903506611,13.702904624517904,13.710154165768333,-0.01234606615445681
0.4956913903506611,13.70290336914364,13.710153486197898,-0.012393956674811185
0.4956915903506611,13.702902109924786,13.710152803975644,-0.012442014455488336
0.49569179035066113,13.702900846856418,13.710152119092111,-0.012490240034215444
0.49569199035066114,13.702899579933643,13.710151431537593,-0.012538634142368775
0.49569219035066114,13.702898309151617,13.71015074130213,-0.012587197704973652
0.49569239035066115,13.702897034505533,13.710150048376885,-0.012635930373895397
0.4956925903506611,13.702895755990626,13.710149352752703,-0.012684832035713946
0.4956927903506611,13.702894473602177,13.710148654420287,-0.012733903049670111
0.4956929903506611,13.702893187335498,13.710147953370114,-0.012783143919660666
0.4956931903506611,13.702891897185959,13.71014724959241,-0.012832555350324577
0.4956933903506611,13.702890603148957,13.710146543077116,-0.012882138247029502
0.49569359035066113,13.702889305219943,13.710145833814556,-0.012931893060492491
0.49569379035066113,13.702888003394392,13.710145121795897,-0.012981819146457296
0.49569399035066114,13.702886697667832,13.710144407011597,-0.013031916912605078
0.49569419035066115,13.702885388035826,13.710143689452073,-0.013082186825339421
0.49569439035066115,13.702884074493983,13.710142969107455,-0.01313262955911278
0.4956945903506611,13.702882757037946,13.710142245967607,-0.013183245996412402
0.4956947903506611,13.702881435663404,13.710141520022244,-0.013234037086169761
0.4956949903506611,13.702880110366078,13.710140791262484,-0.013285002139566467
0.4956951903506611,13.702878781141735,13.710140059678613,-0.01333614144996741
0.4956953903506611,13.702877447986173,13.710139325260965,-0.013387455442081543
0.49569559035066113,13.702876110895247,13.71013858799959,-0.013438944756254971
0.49569579035066114,13.70287476986483,13.710137847884235,-0.013490610248470944
0.49569599035066114,13.702873424890848,13.710137104904373,-0.01354245299034985
0.49569619035066115,13.702872075969259,13.710136359050395,-0.01359447298205763
0.49569639035066115,13.702870723096062,13.710135610312822,-0.013646669952780745
0.4956965903506611,13.702869366267294,13.710134858681762,-0.013699044396987908
0.4956967903506611,13.702868005479022,13.710134104147167,-0.013751596917041798
0.4956969903506611,13.702866640727366,13.710133346698678,-0.013804328338628189
0.4956971903506611,13.702865272008477,13.710132586325646,-0.013857239710814089
0.4956973903506611,13.702863899318542,13.710131823017612,-0.013910331789576758
0.49569759035066113,13.702862522653781,13.710131056765293,-0.013963603920162522
0.49569779035066114,13.702861142010455,13.71013028755853,-0.014017056613933997
0.49569799035066114,13.702859757384864,13.710129515387111,-0.014070690461421089
0.49569819035066115,13.702858368773343,13.71012874024049,-0.014124506320337632
0.4956983903506611,13.702856976172264,13.710127962107777,-0.014178505315566367
0.4956985903506611,13.702855579578031,13.710127180978615,-0.01423268789483442
0.4956987903506611,13.702854178987089,13.710126396843206,-0.014287053776076503
0.4956989903506611,13.702852774395916,13.710125609691227,-0.014341603512166422
0.4956991903506611,13.702851365801019,13.71012481951216,-0.014396337806526507
0.49569939035066113,13.702849953198953,13.710124026295139,-0.014451257637735658
0.49569959035066113,13.702848536586306,13.710123230028941,-0.014506364259529284
0.49569979035066114,13.702847115959688,13.710122430703569,-0.014561657507919165
0.49569999035066115,13.702845691315758,13.7101216283086,-0.014617137607901693
0.49570019035066115,13.7028442626512,13.710120822833533,-0.014672805120124118
0.4957003903506611,13.702842829962732,13.71012001426753,-0.014728660866630825
0.4957005903506611,13.702841393247112,13.710119202599385,-0.01478470595278474
0.4957007903506611,13.702839952501128,13.710118387817756,-0.014840941550094954
0.4957009903506611,13.7028385077216,13.710117569912567,-0.014897367256712868
0.4957011903506611,13.702837058905379,13.710116748873078,-0.014953983554355161
0.49570139035066113,13.702835606049357,13.710115924688488,-0.015010791097720175
0.49570159035066114,13.702834149150451,13.710115097347602,-0.015067790833098572
0.49570179035066114,13.702832688205609,13.710114266838868,-0.015124983998373342
0.49570199035066115,13.702831223211819,13.710113433150953,-0.015182371489311397
0.49570219035066115,13.70282975416609,13.710112596273522,-0.015239952935613425
0.4957023903506611,13.702828281065468,13.710111756195548,-0.015297728970646874
0.4957025903506611,13.702826803907033,13.710110912905884,-0.015355700370607434
0.4957027903506611,13.702825322687891,13.710110066392973,-0.015413868211679935
0.4957029903506611,13.702823837405182,13.71010921664488,-0.015472233870102388
0.4957031903506611,13.702822348056076,13.710108363650477,-0.015530797748749013
0.49570339035066113,13.702820854637764,13.710107507398918,-0.015589559791954035
0.49570359035066114,13.702819357147474,13.710106647878941,-0.015648520710194284
0.49570379035066114,13.702817855582467,13.710105785079001,-0.015707681406573918
0.49570399035066115,13.702816349940022,13.710104918987168,-0.01576704309279167
0.4957041903506611,13.702814840217467,13.710104049591163,-0.01582660724522417
0.4957043903506611,13.702813326412135,13.710103176880127,-0.01588637363884632
0.4957045903506611,13.702811808521398,13.71010230084255,-0.015946342771472
0.4957047903506611,13.702810286542652,13.710101421466911,-0.016006515361136623
0.4957049903506611,13.702808760473332,13.710100538741285,-0.01606689244315922
0.49570519035066113,13.702807230310883,13.710099652653335,-0.016127475370142464
0.49570539035066113,13.702805696052792,13.710098763190663,-0.016188265447017524
0.49570559035066114,13.702804157696567,13.710097870342203,-0.016249262331880548
0.49570579035066115,13.702802615239733,13.710096974096126,-0.016310466710565207
0.49570599035066115,13.702801068679854,13.71009607444051,-0.016371879429531378
0.4957061903506611,13.702799518014514,13.710095171363015,-0.01643350166134536
0.4957063903506611,13.702797963241325,13.710094264850884,-0.01649533490474832
0.4957065903506611,13.702796404357924,13.710093354891761,-0.016557380090989855
0.4957067903506611,13.702794841361968,13.710092441474176,-0.016619637006069967
0.4957069903506611,13.702793274251137,13.710091524585986,-0.01668210647019382
0.49570719035066113,13.702791703023143,13.71009060421485,-0.01674478946324482
0.49570739035066114,13.70279012767572,13.71008968034798,-0.016807687300104894
0.49570759035066114,13.702788548206618,13.710088752972181,-0.01687080163065445
0.49570779035066115,13.702786964613617,13.710087822075353,-0.016934132759435706
0.49570799035066115,13.702785376894521,13.710086887645357,-0.016997680934016424
0.4957081903506611,13.702783785047144,13.710085949669752,-0.01706144701560287
0.4957083903506611,13.702782189069335,13.71008500813576,-0.017125432122161305
0.4957085903506611,13.70278058895896,13.710084063030143,-0.017189637715542147
0.4957087903506611,13.702778984713907,13.710083114339373,-0.017254065459318155
0.4957089903506611,13.702777376332088,13.710082162051448,-0.01731871515007306
0.49570919035066113,13.702775763811427,13.710081206153612,-0.017383587501564907
0.49570939035066114,13.702774147149867,13.710080246633067,-0.017448683420942707
0.49570959035066114,13.702772526345383,13.710079283476572,-0.0175140041684345
0.49570979035066115,13.702770901395962,13.710078316670423,-0.017579551357347328
0.4957099903506611,13.70276927229961,13.710077346200983,-0.017645326393546178
0.4957101903506611,13.702767639054358,13.710076372055942,-0.0177113290269568
0.4957103903506611,13.702766001658238,13.71007539422217,-0.017777560145967368
0.4957105903506611,13.702764360109317,13.710074412686406,-0.01784402079505466
0.4957107903506611,13.702762714405672,13.710073427434917,-0.01791071238086486
0.49571099035066113,13.702761064545403,13.71007243845351,-0.017977636672213568
0.49571119035066114,13.702759410526623,13.710071445728648,-0.018044794581067933
0.49571139035066114,13.702757752347456,13.710070449247471,-0.01811218610066054
0.49571159035066115,13.702756090006046,13.710069448996485,-0.018179812223617964
0.49571179035066115,13.702754423500556,13.710068444961948,-0.018247674135349827
0.4957119903506611,13.70275275282916,13.710067437129629,-0.018315773392490877
0.4957121903506611,13.702751077990053,13.710066425484815,-0.01838411192297662
0.4957123903506611,13.702749398981434,13.71006541001432,-0.018452689852630343
0.4957125903506611,13.702747715801522,13.710064390704403,-0.01852150780727937
0.4957127903506611,13.702746028448546,13.710063367541272,-0.018590566768620878
0.49571299035066113,13.702744336920754,13.710062340510676,-0.018659868066079024
0.49571319035066114,13.702742641216403,13.710061309597865,-0.01872941340945597
0.49571339035066114,13.702740941333765,13.710060274787878,-0.018799204609330992
0.49571359035066115,13.70273923727112,13.710059236067348,-0.0188692414919542
0.49571379035066115,13.70273752902676,13.710058193422054,-0.018939524973288
0.4957139903506611,13.702735816598985,13.71005714683773,-0.019010056139844234
0.4957141903506611,13.702734099986111,13.710056096299605,-0.019080836467619208
0.4957143903506611,13.702732379186466,13.710055041792394,-0.01915186782197624
0.4957145903506611,13.702730654198385,13.710053983301075,-0.019223151647315206
0.4957147903506611,13.702728925020208,13.710052920811844,-0.01929468780773344
0.49571499035066113,13.702727191650288,13.710051854310093,-0.01936647736666678
0.49571519035066114,13.70272545408698,13.710050783781016,-0.01943852155010669
0.49571539035066114,13.702723712328659,13.71004970920931,-0.019510821982498677
0.49571559035066115,13.702721966373698,13.710048630579134,-0.019583380686742275
0.4957157903506611,13.702720216220484,13.710047547875648,-0.019656198468107223
0.4957159903506611,13.702718461867397,13.710046461084344,-0.0197292755679104
0.4957161903506611,13.702716703312841,13.710045370190231,-0.01980261310693614
0.4957163903506611,13.702714940555214,13.710044275177975,-0.019876212451934796
0.4957165903506611,13.702713173592917,13.710043176031714,-0.019950075376957102
0.49571679035066113,13.702711402424372,13.710042072735098,-0.02002420400987053
0.49571699035066114,13.70270962704799,13.710040965273572,-0.020098598345848016
0.49571719035066114,13.70270784746218,13.710039853631772,-0.020173259300908384
0.49571739035066115,13.702706063665376,13.710038737794257,-0.020248188021714117
0.49571759035066115,13.702704275655996,13.71003761774502,-0.020323386122004895
0.4957177903506611,13.702702483432475,13.710036493467474,-0.02039885568257656
0.4957179903506611,13.702700686993236,13.710035364946107,-0.020474597412189738
0.4957181903506611,13.70269888633671,13.710034232165443,-0.02055061190870747
0.4957183903506611,13.70269708146133,13.710033095109692,-0.02062690033322557
0.4957185903506611,13.702695272365524,13.710031953762565,-0.020703464252004564
0.49571879035066113,13.702693459047731,13.710030808107181,-0.020780305706434358
0.49571899035066114,13.70269164150638,13.710029658127299,-0.020857425848309213
0.49571919035066114,13.7026898197399,13.710028503807315,-0.020934825003864798
0.49571939035066115,13.702687993746716,13.710027345131069,-0.02101250434849874
0.49571959035066115,13.702686163525259,13.71002618208199,-0.021090465393967476
0.4957197903506611,13.702684329073954,13.710025014642902,-0.021168710135017275
0.4957199903506611,13.702682490391224,13.710023842796915,-0.021247240085436343
0.4957201903506611,13.70268064747548,13.710022666528184,-0.021326055410433715
0.4957203903506611,13.702678800325138,13.710021485820214,-0.021405157263286293
0.4957205903506611,13.702676948938606,13.710020300656142,-0.021484547093725354
0.49572079035066113,13.70267509331429,13.71001911101852,-0.021564226842092193
0.49572099035066114,13.702673233450597,13.710017916889862,-0.021644198306598538
0.49572119035066115,13.702671369345902,13.71001671825401,-0.021724461588773704
0.49572139035066115,13.702669500998601,13.71001551509413,-0.02180501779068028
0.4957215903506611,13.702667628407065,13.710014307393097,-0.021885868291828755
0.4957217903506611,13.702665751569672,13.710013095133169,-0.021967014969591258
0.4957219903506611,13.702663870484784,13.71001187829634,-0.02204845983340835
0.4957221903506611,13.702661985150753,13.710010656866087,-0.022130203003966314
0.4957223903506611,13.702660095565921,13.710009430825233,-0.022212245510866896
0.49572259035066113,13.702658201728626,13.710008200156395,-0.0222945886544703
0.49572279035066114,13.702656303637188,13.710006964841556,-0.022377234239817665
0.49572299035066114,13.702654401289927,13.710005724862233,-0.022460184419685177
0.49572319035066115,13.702652494685143,13.710004480201503,-0.02254343940056151
0.49572339035066115,13.702650583821121,13.71000323084185,-0.022627000127199804
0.4957235903506611,13.702648668696144,13.710001976765632,-0.022710867811314213
0.4957237903506611,13.70264674930847,13.710000717954568,-0.022795044175857267
0.4957239903506611,13.702644825656359,13.709999454389763,-0.022879531454880128
0.4957241903506611,13.702642897738043,13.709998186053861,-0.02296432998933449
0.4957243903506611,13.702640965551744,13.709996912928995,-0.023049440636113395
0.49572459035066113,13.70263902909567,13.709995634997284,-0.023134864508088847
0.49572479035066114,13.702637088368007,13.7099943522402,-0.023220603235327715
0.49572499035066114,13.702635143366939,13.709993064638585,-0.02330665896509175
0.49572519035066115,13.70263319409062,13.70999177217431,-0.02339303254020613
0.49572539035066115,13.702631240537189,13.709990474829498,-0.023479724398985657
0.4957255903506611,13.702629282704764,13.709989172585905,-0.023566735657321387
0.4957257903506611,13.702627320591457,13.709987865424779,-0.023654067841289622
0.4957259903506611,13.70262535419535,13.70998655332673,-0.023741722999581844
0.4957261903506611,13.702623383514508,13.709985236272935,-0.02382970237688697
0.49572639035066113,13.702621408546971,13.709983914245415,-0.023918006119147118
0.49572659035066113,13.702619429290769,13.709982587225614,-0.024006635297730394
0.49572679035066114,13.702617445743897,13.709981255194567,-0.024095591322771122
0.49572699035066115,13.702615457904338,13.70997991813266,-0.024184876132029385
0.49572719035066115,13.702613465770058,13.709978576020495,-0.024274491276728403
0.4957273903506611,13.702611469338985,13.70997722883989,-0.024364436721310407
0.4957275903506611,13.702609468609024,13.70997587657202,-0.024454713453256102
0.4957277903506611,13.702607463578069,13.70997451919773,-0.024545322754294756
0.4957279903506611,13.702605454243978,13.709973156697204,-0.024636266438170754
0.4957281903506611,13.702603440604591,13.709971789050556,-0.024727546272766073
0.49572839035066113,13.702601422657715,13.709970416239349,-0.024819162135019474
0.49572859035066114,13.702599400401134,13.709969038244514,-0.024911114898040754
0.49572879035066114,13.7025973738326,13.709967655046727,-0.025003405702208648
0.49572899035066115,13.702595342949845,13.70996626662601,-0.02509603622358782
0.49572919035066115,13.702593307750572,13.70996487296205,-0.025189008363056604
0.4957293903506611,13.702591268232451,13.709963474036153,-0.025282321985424155
0.4957295903506611,13.70258922439312,13.709962069829006,-0.025375977828710608
0.4957297903506611,13.70258717623019,13.709960660321142,-0.025469976878522663
0.4957299903506611,13.702585123741244,13.709959245492454,-0.025564320659200047
0.4957301903506611,13.70258306692383,13.709957825322297,-0.025659011128205466
0.49573039035066113,13.702581005775468,13.709956399791684,-0.025754048193811316
0.49573059035066114,13.702578940293641,13.709954968881089,-0.02584943244812153
0.49573079035066114,13.702576870475797,13.70995353257093,-0.025945164708171875
0.49573099035066115,13.702574796319356,13.709952090841005,-0.026041246332035608
0.49573119035066116,13.7025727178217,13.709950643670458,-0.026137679218823432
0.4957313903506611,13.702570634980187,13.70994919103989,-0.02623446349437071
0.4957315903506611,13.70256854779212,13.709947732929693,-0.026331599465511026
0.4957317903506611,13.70256645625478,13.70994626932018,-0.0264290878131277
0.4957319903506611,13.702564360365406,13.70994480019107,-0.026526929714157002
0.49573219035066113,13.702562260121201,13.709943325521449,-0.026625126888034534
0.49573239035066113,13.702560155519336,13.709941845291322,-0.026723679875291093
0.49573259035066114,13.702558046556932,13.709940359481232,-0.026822588524049347
0.49573279035066115,13.702555933231077,13.709938868071328,-0.0269218534262659
0.49573299035066115,13.702553815538822,13.709937371041304,-0.02702147556283492
0.4957331903506611,13.702551693477174,13.70993586837023,-0.027121456457917463
0.4957333903506611,13.702549567043103,13.709934360037655,-0.027221796953424183
0.4957335903506611,13.702547436233536,13.709932846024179,-0.027322496564225862
0.4957337903506611,13.702545301045348,13.709931326309865,-0.02742355574482803
0.4957339903506611,13.702543161475385,13.70992980087443,-0.02752497526519331
0.49573419035066113,13.702541017520446,13.709928269696963,-0.027626756438459014
0.49573439035066114,13.702538869177292,13.70992673275668,-0.027728900301817468
0.49573459035066114,13.702536716442623,13.709925190034204,-0.02783140614334097
0.49573479035066115,13.70253455931311,13.709923641509567,-0.027934274241710366
0.49573499035066115,13.702532397785369,13.709922087162544,-0.02803750514114666
0.4957351903506611,13.702530231855974,13.709920526972295,-0.028141099928086083
0.4957353903506611,13.702528061521456,13.709918960917836,-0.028245059737695973
0.4957355903506611,13.702525886778295,13.70991738897978,-0.028349383717498757
0.4957357903506611,13.702523707622916,13.709915811138172,-0.028454071943000175
0.4957359903506611,13.702521524051708,13.709914227372906,-0.028559124718447283
0.49573619035066113,13.702519336061002,13.709912637663265,-0.02866454288855722
0.49573639035066114,13.702517143647086,13.709911041988173,-0.028770327598311
0.49573659035066114,13.702514946806199,13.709909440328241,-0.028876477919585947
0.49573679035066115,13.702512745534515,13.709907832663568,-0.028982993708602373
0.49573699035066116,13.70251053982817,13.709906218974215,-0.02908987501587407
0.4957371903506611,13.702508329683248,13.709904599239655,-0.02919712242984717
0.4957373903506611,13.702506115095778,13.709902973438815,-0.029304737027828157
0.4957375903506611,13.702503896061737,13.709901341552339,-0.029412717849237532
0.4957377903506611,13.702501672577043,13.709899703560412,-0.02952106452662409
0.49573799035066113,13.702499444637557,13.70989805944332,-0.0296297768442267
0.49573819035066113,13.702497212239106,13.70989640918078,-0.029738855120774465
0.49573839035066114,13.70249497537744,13.709894752751925,-0.029848300209486683
0.49573859035066115,13.702492734048267,13.709893090137198,-0.02995811140735462
0.49573879035066115,13.702490488247228,13.709891421317181,-0.030068287861670033
0.4957389903506611,13.702488237969915,13.709889746272351,-0.030178829168405905
0.4957391903506611,13.702485983211858,13.709888064982719,-0.03028973536430491
0.4957393903506611,13.70248372396853,13.709886377427743,-0.030401007016265764
0.4957395903506611,13.702481460235353,13.709884683587692,-0.030512643700858894
0.4957397903506611,13.702479192007678,13.709882983443606,-0.030624644076754304
0.49573999035066113,13.702476919280802,13.709881276976201,-0.030737007549156974
0.49574019035066114,13.702474642049959,13.709879564165854,-0.030849733861904663
0.49574039035066114,13.70247236031033,13.709877844992405,-0.030962823284057042
0.49574059035066115,13.702470074057036,13.709876119436098,-0.03107627555708096
0.49574079035066115,13.70246778328512,13.709874387478402,-0.0311900889744711
0.4957409903506611,13.702465487989578,13.709872649100348,-0.03130426271144903
0.4957411903506611,13.70246318816534,13.70987090428274,-0.03141879621023511
0.4957413903506611,13.702460883807268,13.709869153005862,-0.03153368943242179
0.4957415903506611,13.702458574910173,13.70986739525009,-0.03164894218170764
0.4957417903506611,13.702456261468786,13.709865630997296,-0.03176455248851348
0.49574199035066113,13.702453943477783,13.709863860228896,-0.03188051927186408
0.49574219035066114,13.70245162093177,13.70986208292619,-0.03199684166556615
0.49574239035066114,13.702449293825294,13.709860299069964,-0.03211351931645301
0.49574259035066115,13.702446962152832,13.709858508640874,-0.0322305520007587
0.49574279035066116,13.702444625908797,13.709856711621192,-0.032347937566522475
0.4957429903506611,13.702442285087525,13.70985490799278,-0.03246567466330187
0.4957431903506611,13.702439939683297,13.709853097737495,-0.032583762112563745
0.4957433903506611,13.70243758969032,13.709851280836702,-0.03270219924160069
0.4957435903506611,13.70243523510274,13.709849457271446,-0.032820985723172574
0.49574379035066113,13.70243287591462,13.709847627024441,-0.03294011928245947
0.49574399035066113,13.702430512119971,13.70984579007804,-0.033059598299283476
0.49574419035066114,13.70242814371272,13.709843946414717,-0.033179421281272936
0.49574439035066115,13.70242577068673,13.70984209601648,-0.033299587234414826
0.49574459035066115,13.702423393035797,13.709840238864878,-0.03342009566305473
0.4957447903506611,13.702421010753643,13.709838374943107,-0.03354094421854048
0.4957449903506611,13.70241862383391,13.70983650423406,-0.03366213101347988
0.4957451903506611,13.702416232270188,13.709834626720887,-0.03378365424693953
0.4957453903506611,13.702413836055975,13.7098327423863,-0.03390551260498704
0.4957455903506611,13.70241143518471,13.709830851212569,-0.03402770526399519
0.49574579035066113,13.702409029649758,13.709828953183084,-0.03415023015848151
0.49574599035066114,13.702406619444398,13.709827048281664,-0.03427308482074038
0.49574619035066114,13.70240420456185,13.70982513649207,-0.03439626725920585
0.49574639035066115,13.702401784995255,13.709823217797776,-0.03451977584487706
0.49574659035066115,13.70239936073768,13.709821292181836,-0.034643609430501154
0.4957467903506611,13.702396931782118,13.709819359627993,-0.034767766124651406
0.4957469903506611,13.702394498121485,13.70981742012093,-0.03489224302608112
0.4957471903506611,13.702392059748622,13.7098154736451,-0.03501703792447343
0.4957473903506611,13.702389616656296,13.7098135201848,-0.03514214888432763
0.4957475903506611,13.7023871688372,13.709811559723912,-0.03526757444312957
0.49574779035066113,13.702384716283948,13.709809592246682,-0.035393312790669505
0.49574799035066114,13.702382258989074,13.709807617738614,-0.035519360716635036
0.49574819035066114,13.702379796945046,13.709805636184928,-0.03564571577872166
0.49574839035066115,13.70237733014424,13.709803647570775,-0.035772375747309876
0.49574859035066116,13.702374858578969,13.709801651880928,-0.03589933885668838
0.4957487903506611,13.702372382241462,13.709799649100257,-0.03602660330126104
0.4957489903506611,13.70236990112387,13.709797639215068,-0.036154165665190655
0.4957491903506611,13.702367415218264,13.70979562221139,-0.03628202327482165
0.4957493903506611,13.702364924516637,13.709793598075278,-0.03641017362277195
0.49574959035066113,13.702362429010915,13.709791566792433,-0.0365386146563309
0.49574979035066113,13.70235992869293,13.709789528348455,-0.03666734451472208
0.49574999035066114,13.70235742355444,13.709787482730459,-0.036796359659232634
0.49575019035066115,13.702354913587127,13.70978542992531,-0.03692565719897364
0.49575039035066115,13.70235239878259,13.709783369919995,-0.03705523436901858
0.4957505903506611,13.702349879132349,13.709781302701188,-0.037185088849772376
0.4957507903506611,13.702347354627845,13.709779228255298,-0.03731521868191146
0.4957509903506611,13.702344825260443,13.709777146570259,-0.037445620267571804
0.4957511903506611,13.702342291021418,13.70977505763379,-0.03757629052506132
0.4957513903506611,13.702339751901972,13.709772961433849,-0.03770722645594912
0.49575159035066113,13.702337207893226,13.709770857958091,-0.037838425497791574
0.49575179035066114,13.702334658986219,13.709768747193854,-0.03796988552413223
0.49575199035066114,13.702332105171916,13.709766629129787,-0.03810160304649354
0.49575219035066115,13.702329546441186,13.709764503754583,-0.03823357470763887
0.49575239035066115,13.70232698278483,13.709762371057153,-0.03836579734407769
0.4957525903506611,13.702324414193566,13.70976023102615,-0.038498268178080816
0.4957527903506611,13.702321840658026,13.70975808364994,-0.038630984858642935
0.4957529903506611,13.70231926216877,13.709755928917753,-0.0387639441718306
0.4957531903506611,13.702316678716269,13.709753766819414,-0.03889714239703837
0.4957533903506611,13.702314090290912,13.709751597344729,-0.03903057628197857
0.49575359035066113,13.70231149688301,13.709749420483364,-0.0391642428648764
0.49575379035066114,13.702308898482793,13.709747236224716,-0.03929813960113827
0.49575399035066114,13.70230629508041,13.7097450445587,-0.03943226347869775
0.49575419035066115,13.702303686665928,13.709742845476178,-0.03956661055762199
0.49575439035066116,13.702301073229323,13.709740638967874,-0.03970117750126106
0.4957545903506611,13.702298454760511,13.709738425024462,-0.03983596119779708
0.4957547903506611,13.702295831249305,13.70973620363636,-0.039970958943365956
0.4957549903506611,13.702293202685452,13.70973397479425,-0.04010616787230778
0.4957551903506611,13.702290569058604,13.709731738489953,-0.04024158394694342
0.49575539035066113,13.702287930358347,13.709729494715107,-0.04037720376287333
0.49575559035066114,13.702285286574169,13.709727243461385,-0.040513024094756996
0.49575579035066114,13.702282637695491,13.709724984720216,-0.04064904211584059
0.49575599035066115,13.702279983711652,13.709722718483087,-0.04078525506769929
0.49575619035066115,13.702277324611892,13.709720444742716,-0.04092165891515818
0.4957563903506611,13.702274660385395,13.709718163491647,-0.04105825021350369
0.4957565903506611,13.702271991021242,13.70971587472252,-0.04119502566250039
0.4957567903506611,13.702269316508449,13.709713578427749,-0.04133198235101787
0.4957569903506611,13.702266636835947,13.709711274599657,-0.04146911760317849
0.4957571903506611,13.702263951992586,13.709708963231805,-0.04160642746661535
0.49575739035066113,13.702261261967125,13.709706644317595,-0.041743908492542676
0.49575759035066114,13.702258566748261,13.709704317850612,-0.041881557345432564
0.49575779035066114,13.7022558663246,13.709701983824216,-0.042019371069669784
0.49575799035066115,13.70225316068467,13.709699642231572,-0.042157347060839276
0.49575819035066115,13.70225044981692,13.709697293067027,-0.04229548151149572
0.4957583903506611,13.702247733709717,13.709694936324812,-0.04243377101205676
0.4957585903506611,13.702245012351344,13.709692571999392,-0.042572212232244916
0.4957587903506611,13.702242285730023,13.709690200085033,-0.042710802212217916
0.4957589903506611,13.702239553833875,13.709687820575777,-0.042849538362722206
0.4957591903506611,13.702236816650958,13.709685433466559,-0.04298841723716173
0.49575939035066113,13.702234074169239,13.709683038752525,-0.04312743534347776
0.49575959035066114,13.702231326376612,13.709680636428926,-0.04326658945361905
0.49575979035066114,13.7022285732609,13.709678226490865,-0.04340587664385599
0.49575999035066115,13.702225814809834,13.709675808933243,-0.043545294351511034
0.49576019035066116,13.702223051011078,13.709673383751516,-0.04368483951849034
0.4957603903506611,13.70222028185222,13.709670950941696,-0.04382450862534842
0.4957605903506611,13.702217507320759,13.709668510499744,-0.04396429858465601
0.4957607903506611,13.702214727404124,13.709666062421544,-0.04410420654791854
0.4957609903506611,13.70221194208967,13.709663606702778,-0.04424423001805737
0.49576119035066113,13.702209151364674,13.709661143339435,-0.04438436628089858
0.49576139035066114,13.702206355216337,13.709658672328258,-0.044524611906103975
0.49576159035066114,13.702203553631778,13.709656193665863,-0.04466496396361138
0.49576179035066115,13.702200746598045,13.709653707348842,-0.04480541971797165
0.49576199035066115,13.70219793410212,13.709651213373588,-0.0449459767752204
0.4957621903506611,13.702195116130898,13.709648711736609,-0.045086632732290556
0.4957623903506611,13.702192292671203,13.709646202435255,-0.04522738434088007
0.4957625903506611,13.702189463709788,13.709643685466734,-0.04536822885056758
0.4957627903506611,13.702186629233323,13.70964116082826,-0.04550916367422209
0.4957629903506611,13.70218378922842,13.709638628516855,-0.045650186556062115
0.49576319035066113,13.702180943681608,13.709636088529516,-0.045791295381699806
0.49576339035066114,13.702178092579341,13.709633540864097,-0.04593248715654124
0.49576359035066114,13.702175235908008,13.709630985518304,-0.04607375933579941
0.49576379035066115,13.702172373653921,13.7096284224899,-0.04621510951312212
0.49576399035066115,13.702169505803322,13.709625851776446,-0.04635653560299539
0.4957641903506611,13.702166632342388,13.709623273375376,-0.046498035765268765
0.4957643903506611,13.702163753257215,13.709620687284957,-0.04663960731156041
0.4957645903506611,13.702160868533834,13.7096180935033,-0.04678124793029367
0.4957647903506611,13.702157978158207,13.709615492028624,-0.04692295542477075
0.4957649903506611,13.702155082116219,13.709612882858941,-0.047064727908403506
0.49576519035066113,13.702152180393703,13.709610265992069,-0.04720656380471347
0.49576539035066114,13.702149272976408,13.70960764142657,-0.0473484607757566
0.49576559035066115,13.702146359850016,13.709605009160894,-0.04749041676211024
0.49576579035066115,13.702143441000148,13.709602369193611,-0.04763242980479579
0.49576599035066116,13.702140516412355,13.709599721523098,-0.047774498240627516
0.4957661903506611,13.702137586072125,13.70959706614752,-0.04791662070526893
0.4957663903506611,13.702134649964867,13.709594403065523,-0.048058795376318575
0.4957665903506611,13.702131708075944,13.70959173227592,-0.04820102032865648
0.4957667903506611,13.702128760390629,13.709589053777503,-0.04834329390998055
0.49576699035066113,13.702125806894154,13.709586367568912,-0.048485614700817053
0.49576719035066114,13.702122847571673,13.709583673648575,-0.04862798156897495
0.49576739035066114,13.702119882408276,13.709580972015178,-0.04877039315529949
0.49576759035066115,13.702116911388998,13.709578262667765,-0.04891284775275868
0.49576779035066115,13.702113934498806,13.709575545605265,-0.04905534401213052
0.4957679903506611,13.702110951722599,13.70957282082648,-0.049197880773250664
0.4957681903506611,13.70210796304522,13.709570088330008,-0.049340457151410826
0.4957683903506611,13.702104968451453,13.709567348114538,-0.04948307220668192
0.4957685903506611,13.702101967926017,13.709564600179212,-0.049625724511425176
0.4957687903506611,13.702098961453569,13.709561844522998,-0.0497684130177876
0.49576899035066113,13.702095949018709,13.709559081144791,-0.04991113683610947
0.49576919035066114,13.702092930605975,13.709556310043254,-0.050053895339767784
0.49576939035066114,13.70208990619985,13.709553531217024,-0.050196687970457815
0.49576959035066115,13.702086875784756,13.709550744665226,-0.0503395136213216
0.49576979035066115,13.702083839345056,13.709547950386801,-0.05048237154473247
0.4957699903506611,13.702080796865056,13.709545148380617,-0.05062526112781567
0.4957701903506611,13.702077748329009,13.709542338645333,-0.05076818200825956
0.4957703903506611,13.702074693721102,13.70953952117947,-0.050911133976779474
0.4957705903506611,13.702071633025477,13.709536695982036,-0.05105411627147694
0.49577079035066113,13.70206856622621,13.709533863051847,-0.05119712844357443
0.49577099035066113,13.702065493307336,13.70953102238768,-0.05134017015864594
0.49577119035066114,13.70206241425282,13.709528173988083,-0.05148324131968636
0.49577139035066115,13.702059329046586,13.709525317851414,-0.05162634203942435
0.49577159035066115,13.702056237672497,13.70952245397647,-0.051769471910601494
0.49577179035066116,13.702053140114364,13.709519582361862,-0.05191263078116138
0.4957719903506611,13.702050036355951,13.709516703006186,-0.052055818590407206
0.4957721903506611,13.702046926380964,13.709513815907808,-0.05219903550160665
0.4957723903506611,13.702043810173059,13.709510921064876,-0.05234228190175358
0.4957725903506611,13.702040687715847,13.709508018475834,-0.052485557813334596
0.49577279035066113,13.702037558992881,13.709505108139066,-0.05262886330468099
0.49577299035066114,13.702034423987666,13.709502190052893,-0.052772198603201106
0.49577319035066114,13.702031282683661,13.709499264215431,-0.052915564121279464
0.49577339035066115,13.702028135064278,13.709496330624575,-0.05305896048106326
0.49577359035066115,13.702024981112876,13.709493389278288,-0.05320238816743801
0.4957737903506611,13.70202182081277,13.70949044017471,-0.05334584743248699
0.4957739903506611,13.702018654147222,13.70948748331179,-0.053489338789676856
0.4957741903506611,13.702015481099457,13.709484518687335,-0.0536328628850123
0.4957743903506611,13.702012301652644,13.709481546298909,-0.05377642055998004
0.4957745903506611,13.702009115789917,13.709478566143996,-0.05392001269995548
0.49577479035066113,13.702005923494355,13.709475578220347,-0.05406363979450621
0.49577499035066114,13.702002724748997,13.709472582525507,-0.05420730261274951
0.49577519035066114,13.701999519536841,13.709469579056895,-0.05435100201566184
0.49577539035066115,13.701996307840837,13.709466567811713,-0.05449473904522535
0.49577559035066116,13.701993089643898,13.70946354878693,-0.05463851491053224
0.4957757903506611,13.701989864928887,13.709460521979834,-0.054782330393004335
0.4957759903506611,13.701986633678624,13.70945748738747,-0.05492618649582884
0.4957761903506611,13.701983395875903,13.70945444500684,-0.05507008427375385
0.4957763903506611,13.70198015150346,13.709451394834716,-0.055214024948067715
0.49577659035066113,13.701976900543997,13.709448336867633,-0.055358009906559216
0.49577679035066113,13.701973642980182,13.709445271102146,-0.05550204043626534
0.49577699035066114,13.70197037879463,13.709442197534914,-0.055646117593470386
0.49577719035066115,13.701967107969935,13.709439116162399,-0.05579024266709225
0.49577739035066115,13.701963830488634,13.7094360269809,-0.055934417035210016
0.49577759035066116,13.701960546333236,13.7094329299865,-0.05607864222805942
0.4957777903506611,13.70195725548622,13.709429825175063,-0.056222919899836014
0.4957779903506611,13.701953957930014,13.709426712542717,-0.05636725130315132
0.4957781903506611,13.70195065364702,13.70942359208533,-0.0565116379157118
0.4957783903506611,13.701947342619592,13.709420463798704,-0.056656081249241874
0.49577859035066113,13.701944024830063,13.70941732767841,-0.05680058295347874
0.49577879035066114,13.701940700260725,13.709414183719794,-0.05694514481617234
0.49577899035066114,13.70193736889383,13.709411031918131,-0.057089768590613064
0.49577919035066115,13.701934030711609,13.709407872268836,-0.057234455740561914
0.49577939035066115,13.701930685696244,13.709404704767083,-0.057379207961840914
0.4957795903506611,13.701927333829895,13.709401529407916,-0.057524027000944014
0.4957797903506611,13.701923975094687,13.709398346186155,-0.0576689147287568
0.4957799903506611,13.701920609472708,13.70939515509639,-0.057813873140315275
0.4957801903506611,13.701917236946024,13.709391956133285,-0.05795890403277766
0.4957803903506611,13.701913857496661,13.709388749291445,-0.05810400912132467
0.49578059035066113,13.701910471106617,13.709385534565321,-0.05824919026997295
0.49578079035066114,13.701907077757863,13.709382311949177,-0.05839444941075654
0.49578099035066114,13.701903677432332,13.709379081437064,-0.05853978858671866
0.49578119035066115,13.701900270111938,13.709375843022809,-0.05868520995191165
0.49578139035066116,13.701896855778564,13.70937259670039,-0.058830715355310904
0.4957815903506611,13.701893434414055,13.709369342463594,-0.05897630673108496
0.4957817903506611,13.701890006000237,13.709366080306104,-0.05912198607065683
0.4957819903506611,13.701886570518905,13.709362810221407,-0.05926775544497968
0.4957821903506611,13.701883127951826,13.709359532202773,-0.059413617023296394
0.49578239035066113,13.701879678280743,13.70935624624326,-0.05955957307309905
0.49578259035066113,13.701876221487373,13.709352952336078,-0.05970562554568054
0.49578279035066114,13.701872757553407,13.709349650474213,-0.059851776502285375
0.49578299035066115,13.7018692864605,13.709346340650564,-0.05999802803845062
0.49578319035066115,13.701865808190297,13.70934302285784,-0.06014438232071867
0.49578339035066116,13.701862322724411,13.70933969708853,-0.060290841601798414
0.4957835903506611,13.701858830044433,13.709336363334925,-0.06043740822052467
0.4957837903506611,13.701855330131925,13.709333021589377,-0.06058408428415887
0.4957839903506611,13.701851822968427,13.709329671844133,-0.060730871882126745
0.4957841903506611,13.70184830853546,13.709326314091282,-0.060877773197187166
0.49578439035066113,13.701844786814522,13.709322948322756,-0.061024790451742784
0.49578459035066114,13.70184125778708,13.709319574530278,-0.06117192594308138
0.49578479035066114,13.701837721434591,13.709316192705371,-0.06131918204337572
0.49578499035066115,13.701834177738483,13.709312802839506,-0.061466561032840594
0.49578519035066115,13.701830626680161,13.709309404924193,-0.061614064978055445
0.4957853903506611,13.701827068241013,13.709305998950713,-0.06176169612405915
0.4957855903506611,13.701823502402405,13.709302584910233,-0.0619094567135487
0.4957857903506611,13.701819929145683,13.709299162793725,-0.06205734905349358
0.4957859903506611,13.701816348452175,13.709295732591954,-0.062205375515299526
0.4957861903506611,13.701812760303188,13.709292294295523,-0.06235353851208935
0.49578639035066113,13.701809164680004,13.709288847895206,-0.06250184010498586
0.49578659035066114,13.701805561563898,13.70928539338146,-0.06265028256935748
0.49578679035066114,13.701801950936115,13.709281930744709,-0.06279886813651081
0.49578699035066115,13.701798332777885,13.709278459975181,-0.06294759909254594
0.49578719035066116,13.701794707070428,13.709274981062919,-0.0630964777783566
0.4957873903506611,13.701791073794935,13.709271493997782,-0.06324550658958876
0.4957875903506611,13.701787432932585,13.709267998769574,-0.06339468782555945
0.4957877903506611,13.701783784464544,13.709264495368142,-0.06354402357968392
0.4957879903506611,13.701780128371954,13.70926098378309,-0.06369351611345041
0.49578819035066113,13.701776464635941,13.709257464003935,-0.06384316766572833
0.49578839035066113,13.701772793237621,13.709253936020023,-0.06399298052153735
0.49578859035066114,13.701769114158092,13.709250399820503,-0.06414295701204739
0.49578879035066115,13.701765427378431,13.709246855394355,-0.06429309951457862
0.49578899035066115,13.70176173287971,13.709243302730616,-0.06444341019761277
0.49578919035066116,13.701758030642978,13.709239741818212,-0.06459389119227481
0.4957893903506611,13.701754320649274,13.709236172645918,-0.06474454471032409
0.4957895903506611,13.701750602879613,13.70923259520239,-0.0648953729596083
0.4957897903506611,13.701746877315012,13.709229009476116,-0.06504637818620676
0.4957899903506611,13.70174314393646,13.709225415455416,-0.06519756267459766
0.49579019035066113,13.701739402724943,13.709221813128435,-0.06534892874761628
0.49579039035066114,13.701735653661428,13.709218202483417,-0.06550047848890557
0.49579059035066114,13.701731896726871,13.709214583508428,-0.06565221399992535
0.49579079035066115,13.701728131902211,13.709210956191445,-0.06580413742813311
0.49579099035066115,13.70172435916838,13.709207320520306,-0.0659562509181394
0.4957911903506611,13.701720578506297,13.709203676482703,-0.06610855664614354
0.4957913903506611,13.701716789896869,13.70920002406616,-0.0662610568201027
0.4957915903506611,13.701712993320987,13.709196363258043,-0.06641375367947838
0.4957917903506611,13.701709188759537,13.709192694045756,-0.06656664928719008
0.4957919903506611,13.701705376193384,13.709189016416632,-0.06671974562589619
0.49579219035066113,13.701701555603398,13.709185330357846,-0.06687304477803527
0.49579239035066114,13.701697726970425,13.709181635856478,-0.06702654879913736
0.49579259035066114,13.701693890275301,13.709177932899465,-0.06718025977054795
0.49579279035066115,13.701690045498859,13.7091742214736,-0.06733417979942775
0.49579299035066116,13.701686192621915,13.709170501565506,-0.06748831101875293
0.4957931903506611,13.701682331625284,13.709166773161764,-0.06764265550223521
0.4957933903506611,13.701678462489758,13.709163036249034,-0.0677972150720637
0.4957935903506611,13.70167458519613,13.709159290813714,-0.06795199173993767
0.4957937903506611,13.70167069972518,13.709155536842186,-0.06810698745222658
0.49579399035066113,13.70166680605768,13.70915177432068,-0.06826220417623007
0.49579419035066113,13.701662904174395,13.7091480032353,-0.06841764390017778
0.49579439035066114,13.701658994056077,13.709144223571998,-0.06857330863322957
0.49579459035066115,13.701655075683473,13.70914043531659,-0.06872920040547538
0.49579479035066115,13.701651149037318,13.709136638455016,-0.06888532099672731
0.49579499035066116,13.701647214098342,13.70913283297303,-0.06904167224430086
0.4957951903506611,13.701643270847272,13.70912901885631,-0.0691982560025774
0.4957953903506611,13.701639319264817,13.70912519609044,-0.06935507411069872
0.4957955903506611,13.70163535933168,13.709121364660886,-0.06951212842455225
0.4957957903506611,13.701631391028561,13.70911752455297,-0.06966942081694492
0.49579599035066113,13.701627414336158,13.7091136757519,-0.06982695317755971
0.49579619035066114,13.701623429235152,13.70910981824276,-0.06998472739444102
0.49579639035066114,13.701619435706217,13.70910595201084,-0.07014274503075131
0.49579659035066115,13.701615433730032,13.709102077041086,-0.07030100788401555
0.49579679035066115,13.701611423287256,13.709098193318498,-0.07045951765514558
0.4957969903506611,13.701607404358548,13.709094300827937,-0.07061827605868976
0.4957971903506611,13.701603376924558,13.709090399554162,-0.0707772848230094
0.4957973903506611,13.701599340965934,13.709086489481804,-0.07093654569001433
0.4957975903506611,13.701595296463317,13.709082570595378,-0.07109606041533906
0.4957977903506611,13.701591243397344,13.709078642879314,-0.07125583073562747
0.49579799035066113,13.701587181748634,13.709074706318217,-0.07141585808420099
0.49579819035066114,13.701583111497818,13.709070760896383,-0.07157614412533984
0.49579839035066114,13.701579032625512,13.709066806598143,-0.07173669042672336
0.49579859035066115,13.701574945112329,13.70906284340772,-0.07189749856722721
0.49579879035066116,13.701570848938871,13.709058871309232,-0.0720585701369235
0.4957989903506611,13.701566744085751,13.709054890286684,-0.0722199067370359
0.4957991903506611,13.701562630533555,13.709050900323968,-0.07238150998011872
0.4957993903506611,13.701558508262883,13.709046901404877,-0.07254338148966359
0.4957995903506611,13.701554377254322,13.70904289351343,-0.07270552254597425
0.49579979035066113,13.701550237488455,13.709038876633294,-0.07286793469002627
0.49579999035066113,13.701546088945863,13.709034850748212,-0.07303061934915725
0.49580019035066114,13.701541931607116,13.709030815841821,-0.07319357796005144
0.49580039035066115,13.70153776545279,13.709026771897665,-0.07335681196873986
0.49580059035066115,13.70153359046345,13.709022718899186,-0.07352032283060021
0.49580079035066116,13.701529406619661,13.709018656829729,-0.07368411201035689
0.4958009903506611,13.701525213901983,13.709014585672536,-0.07384818098203544
0.4958011903506611,13.701521012290968,13.709010505410937,-0.07401253104490242
0.4958013903506611,13.701516801767172,13.709006416028188,-0.07417716345247051
0.4958015903506611,13.701512582311137,13.709002317507435,-0.07434207954898471
0.49580179035066113,13.701508353903414,13.708998209831794,-0.07450728062642203
0.49580199035066114,13.701504116524545,13.708994092984298,-0.07467276798482494
0.49580219035066114,13.701499870155065,13.708989966947886,-0.07483854293230136
0.49580239035066115,13.701495614775512,13.70898583170541,-0.0750046067850247
0.49580259035066115,13.701491350366418,13.70898168723963,-0.07517096086723382
0.4958027903506611,13.701487076908311,13.708977533533226,-0.07533760649898244
0.4958029903506611,13.701482794381723,13.708973370569108,-0.07550454467734925
0.4958031903506611,13.70147850276717,13.708969198329848,-0.07567177666743956
0.4958033903506611,13.70147420204518,13.7089650167981,-0.07583930361696613
0.4958035903506611,13.701469892196265,13.70896082595644,-0.07600712668089529
0.49580379035066113,13.701465573200942,13.708956625787367,-0.07617524702144711
0.49580399035066114,13.701461245039729,13.708952416273288,-0.07634366580809522
0.49580419035066114,13.701456907693133,13.708948197396534,-0.0765123842175669
0.49580439035066115,13.701452561141666,13.708943969139357,-0.07668140343384308
0.49580459035066116,13.701448205365832,13.708939731483985,-0.07685072458608591
0.4958047903506611,13.701443840346135,13.708935484412804,-0.07702034856061124
0.4958049903506611,13.701439466063077,13.708931227907915,-0.07719027647175516
0.4958051903506611,13.701435082497158,13.708926961951489,-0.07736050933243621
0.4958053903506611,13.701430689628879,13.708922686525638,-0.07753104816245986
0.49580559035066113,13.701426287438728,13.708918401612372,-0.07770189398847126
0.49580579035066114,13.70142187590721,13.708914107193655,-0.07787304784395549
0.49580599035066114,13.701417455014807,13.708909803251363,-0.0780445107692373
0.49580619035066115,13.701413024742017,13.708905489767298,-0.0782162838114813
0.49580639035066115,13.701408585069325,13.708901166723258,-0.07838836796539701
0.49580659035066116,13.701404135977217,13.70889683410119,-0.07856076398088498
0.4958067903506611,13.701399677446185,13.70889249188277,-0.07873347284585408
0.4958069903506611,13.701395209456706,13.708888140049751,-0.07890649544258344
0.4958071903506611,13.701390731989266,13.70888377858382,-0.07907983265991173
0.4958073903506611,13.701386245024338,13.70887940746659,-0.07925348539342893
0.49580759035066113,13.701381748542412,13.708875026679623,-0.07942745454542836
0.49580779035066114,13.70137724252396,13.708870636204406,-0.07960174102490676
0.49580799035066114,13.701372726949458,13.708866236022354,-0.07977634574756418
0.49580819035066115,13.701368201799385,13.70886182611483,-0.07995126963083282
0.49580839035066115,13.701363667054212,13.708857406463467,-0.08012651325935308
0.4958085903506611,13.701359122694415,13.708852977049519,-0.08030207752274242
0.4958087903506611,13.70135456870046,13.70884853785437,-0.08047796317816085
0.4958089903506611,13.701350005052822,13.70884408885936,-0.08065417098942577
0.4958091903506611,13.701345431731967,13.708839630045752,-0.08083070172720681
0.4958093903506611,13.701340848718363,13.70883516139476,-0.08100755616897713
0.49580959035066113,13.70133625599248,13.708830682887529,-0.0811847350990134
0.49580979035066114,13.701331653534782,13.708826194505152,-0.08136223930839588
0.49580999035066114,13.701327041325731,13.708821696228664,-0.08154006959500831
0.49581019035066115,13.7013224193458,13.708817188039204,-0.08171822659657563
0.49581039035066116,13.70131778757544,13.708812669917881,-0.08189671090870178
0.4958105903506611,13.70131314599512,13.708808141845676,-0.08207552324516217
0.4958107903506611,13.701308494585303,13.708803603803618,-0.0822546642519014
0.4958109903506611,13.70130383332644,13.70879905577267,-0.08243413458178925
0.4958111903506611,13.701299162198998,13.708794497733756,-0.08261393489481912
0.49581139035066113,13.701294481183432,13.70878992966773,-0.08279406585805836
0.49581159035066114,13.701289790260198,13.708785351555406,-0.0829745281456484
0.49581179035066114,13.701285089409756,13.70878076337754,-0.0831553224388046
0.49581199035066115,13.701280378612562,13.708776165114825,-0.08333644942581632
0.49581219035066115,13.701275657849068,13.708771556748237,-0.08351790948420826
0.49581239035066116,13.701270927099731,13.708766938258409,-0.08369970325530571
0.4958125903506611,13.701266186345002,13.708762309626087,-0.08388183128864618
0.4958127903506611,13.701261435565332,13.70875767083198,-0.08406429412675205
0.4958129903506611,13.701256674741177,13.708753021856761,-0.08424709231945623
0.4958131903506611,13.701251903852986,13.70874836268104,-0.08443022642410426
0.49581339035066113,13.701247122881208,13.708743693285387,-0.08461369700550392
0.49581359035066114,13.701242331806297,13.708739013650323,-0.08479750463592499
0.49581379035066114,13.701237530608697,13.708734323756321,-0.08498164989509954
0.49581399035066115,13.701232719268859,13.708729623583823,-0.0851661333514822
0.49581419035066115,13.70122789776723,13.708724913113542,-0.08535095526006725
0.4958143903506611,13.701223066084257,13.70872019232582,-0.08553611619809524
0.4958145903506611,13.701218224200387,13.708715461201155,-0.0857216166051596
0.4958147903506611,13.701213372096058,13.70871071971999,-0.08590745692859537
0.4958149903506611,13.701208509751725,13.708705967862747,-0.08609363762368477
0.49581519035066113,13.701203637147827,13.708701205609783,-0.08628015915360573
0.49581539035066113,13.701198754264805,13.70869643294142,-0.08646702198943194
0.49581559035066114,13.701193861083105,13.70869164983794,-0.08665422661013286
0.49581579035066115,13.701188957583168,13.708686856279579,-0.08684177350257374
0.49581599035066115,13.701184043745439,13.708682052246528,-0.08702966315571715
0.49581619035066116,13.70117911955035,13.7086772377193,-0.0872178957192782
0.4958163903506611,13.701174184978349,13.708672412677988,-0.08740647169334757
0.4958165903506611,13.701169240009872,13.708667577102862,-0.08759539143021335
0.4958167903506611,13.701164284625353,13.708662730974162,-0.08778465529036206
0.4958169903506611,13.701159318805235,13.708657874272077,-0.08797426364268801
0.49581719035066113,13.701154342529952,13.708653006976768,-0.08816421686444106
0.49581739035066114,13.701149355779942,13.708648129068353,-0.0883545153412265
0.49581759035066114,13.70114435853564,13.708643240526902,-0.08854515946700507
0.49581779035066115,13.70113935077748,13.708638341332454,-0.08873614964409308
0.49581799035066115,13.701134332485898,13.708633431465017,-0.08892748628316224
0.49581819035066116,13.701129303641324,13.708628510904802,-0.0891191695482963
0.4958183903506611,13.701124264224193,13.708623579631833,-0.08931119974926169
0.4958185903506611,13.701119214214936,13.708618637626127,-0.08950357720697207
0.4958187903506611,13.701114153593982,13.708613684867746,-0.08969630220258598
0.4958189903506611,13.701109082341759,13.708608721336708,-0.08988937502614847
0.49581919035066113,13.7011040004387,13.708603747012992,-0.09008279597653768
0.49581939035066114,13.701098907865235,13.708598761876546,-0.09027656536146499
0.49581959035066114,13.701093804601788,13.708593765907281,-0.09047068349747496
0.49581979035066115,13.701088690628783,13.708588759085071,-0.09066515070994532
0.49581999035066115,13.701083565926652,13.708583741389756,-0.09085996733308695
0.4958201903506611,13.70107843047582,13.708578712801243,-0.09105513361657988
0.4958203903506611,13.701073284256703,13.70857367329956,-0.09125064963134366
0.4958205903506611,13.701068127249728,13.708568622864483,-0.09144651570159901
0.4958207903506611,13.70106295943532,13.708563561475922,-0.09164273203654533
0.49582099035066113,13.701057780793896,13.708558489113736,-0.09183929885465177
0.49582119035066113,13.701052591305876,13.708553405757774,-0.09203621638365732
0.49582139035066114,13.70104739095168,13.70854831138784,-0.09223348486057088
0.49582159035066115,13.70104217971173,13.708543205983705,-0.09243110453167115
0.49582179035066115,13.701036957566433,13.708538089525115,-0.0926290756525067
0.49582199035066116,13.701031724496216,13.708532961991773,-0.09282739848789597
0.4958221903506611,13.70102648048149,13.70852782336336,-0.09302607331187197
0.4958223903506611,13.701021225502664,13.708522673619763,-0.09322510017454512
0.4958225903506611,13.70101595954016,13.708517512740698,-0.09342447922934108
0.4958227903506611,13.70101068257438,13.708512340705878,-0.09362421068388299
0.49582299035066113,13.701005394585737,13.708507157495049,-0.0938242946915974
0.49582319035066114,13.70100009555464,13.708501963087933,-0.09402473141556963
0.49582339035066114,13.700994785461498,13.70849675746422,-0.09422552102854372
0.49582359035066115,13.700989464286721,13.708491540603577,-0.09442666371292258
0.49582379035066115,13.700984132010708,13.708486312485629,-0.09462815966076774
0.49582399035066116,13.700978788613867,13.708481073089986,-0.09483000907379961
0.4958241903506611,13.7009734340766,13.708475822396217,-0.09503221216334116
0.4958243903506611,13.70096806837931,13.70847056038386,-0.09523476915054252
0.4958245903506611,13.700962691502394,13.708465287032777,-0.095437679939235
0.4958247903506611,13.700957303426252,13.708460002322445,-0.0956409447355588
0.49582499035066113,13.700951904131283,13.708454706232494,-0.09584456365700221
0.49582519035066114,13.700946493597879,13.708449398742548,-0.09604853680755229
0.49582539035066114,13.700941071806438,13.708444079832208,-0.09625286430122092
0.49582559035066115,13.70093563873735,13.708438749481047,-0.09645754626204481
0.49582579035066116,13.700930194371013,13.708433407668608,-0.09666258282408559
0.4958259903506611,13.70092473868781,13.708428054374403,-0.09686797413137259
0.4958261903506611,13.70091927166813,13.708422689577926,-0.09707372033813107
0.4958263903506611,13.700913793292363,13.708417313258636,-0.09727982160844015
0.4958265903506611,13.700908303540892,13.70841192539597,-0.0974862781164608
0.49582679035066113,13.7009028023941,13.708406525969684,-0.09769308970487785
0.49582699035066113,13.700897289832373,13.708401114959143,-0.09790025655149012
0.49582719035066114,13.700891765836083,13.708395692343872,-0.09810777872533351
0.49582739035066115,13.700886230385617,13.708390258103401,-0.0983156562868126
0.49582759035066115,13.700880683461348,13.708384812217222,-0.09852388930665294
0.49582779035066116,13.70087512504365,13.708379354664812,-0.09873247786590117
0.4958279903506611,13.700869555112897,13.70837388542562,-0.09894142205586696
0.4958281903506611,13.70086397364946,13.708368404479064,-0.099150721978355
0.4958283903506611,13.700858380633706,13.70836291180454,-0.09936037774531718
0.4958285903506611,13.700852776046007,13.708357407381424,-0.09957038947908434
0.49582879035066113,13.700847159866724,13.708351891189055,-0.0997807573123084
0.49582899035066114,13.700841532076225,13.708346363207049,-0.09999148111461147
0.49582919035066114,13.700835892654867,13.708340823414751,-0.10020256094211091
0.49582939035066115,13.700830241583015,13.70833527179157,-0.10041399686105176
0.49582959035066115,13.70082457884102,13.708329708316946,-0.10062578889313341
0.4958297903506611,13.700818904409239,13.70832413297029,-0.10083793707056347
0.4958299903506611,13.70081321826803,13.708318545730997,-0.10105044143629315
0.4958301903506611,13.700807520397735,13.70831294657844,-0.10126330204366399
0.4958303903506611,13.70080181077871,13.70830733549196,-0.10147651895664347
0.4958305903506611,13.700796089391298,13.708301712450877,-0.10169009224976591
0.49583079035066113,13.700790356215846,13.708296077434495,-0.1019040220081327
0.49583099035066114,13.700784611232695,13.70829043042208,-0.1021183083274121
0.49583119035066114,13.700778854422184,13.708284771393046,-0.10233295116774394
0.49583139035066115,13.700773085764652,13.70827910032683,-0.10254795040422726
0.49583159035066116,13.700767305240435,13.708273417202678,-0.10276330613358259
0.4958317903506611,13.700761512829859,13.708267721999961,-0.10297901834284973
0.4958319903506611,13.700755708513256,13.708262014698029,-0.10319508703001176
0.4958321903506611,13.70074989227096,13.708256295276211,-0.10341151220363583
0.4958323903506611,13.700744064083288,13.708250563713811,-0.10362829388311232
0.49583259035066113,13.70073822393057,13.708244819990112,-0.10384543209859529
0.49583279035066113,13.700732371793118,13.708239064084374,-0.10406292689100236
0.49583299035066114,13.700726507651257,13.708233295975832,-0.10428077831201465
0.49583319035066115,13.700720631485295,13.708227515643703,-0.10449898642407704
0.49583339035066115,13.700714743275551,13.70822172306718,-0.10471755130039771
0.49583359035066116,13.700708843002328,13.708215918225834,-0.1049364726354613
0.4958337903506611,13.700702930645939,13.70821010109874,-0.10515575056371129
0.4958339903506611,13.70069700618668,13.708204271665203,-0.1053753850454609
0.4958341903506611,13.700691069604854,13.70819842990452,-0.10559537604744844
0.4958343903506611,13.700685120880763,13.708192575795968,-0.10581572354738614
0.49583459035066113,13.700679159994696,13.708186709318799,-0.10603642753389922
0.49583479035066114,13.700673186926949,13.70818083045224,-0.10625748800652601
0.49583499035066114,13.700667201657813,13.708174939175507,-0.10647890497571796
0.49583519035066115,13.700661204167568,13.708169035467781,-0.10670067846283945
0.49583539035066115,13.700655194436502,13.708163119308235,-0.106922808500168
0.4958355903506611,13.7006491724449,13.708157190676015,-0.10714529513083239
0.4958357903506611,13.700643138173026,13.708151249550362,-0.10736813829751672
0.4958359903506611,13.700637091601166,13.708145295910647,-0.10759133778063135
0.4958361903506611,13.700631032709582,13.70813932973595,-0.10781489365390656
0.4958363903506611,13.700624961478544,13.708133351005522,-0.10803880585601622
0.49583659035066113,13.700618877888317,13.708127359698594,-0.10826307433663333
0.49583679035066114,13.700612781919164,13.708121355794372,-0.10848769905643021
0.49583699035066114,13.70060667355134,13.708115339272052,-0.1087126799870784
0.49583719035066115,13.7006005527651,13.708109310110792,-0.10893801711124855
0.49583739035066116,13.70059441954069,13.708103268289747,-0.10916371042261064
0.4958375903506611,13.70058827385837,13.708097213788042,-0.10938975992577103
0.4958377903506611,13.70058211569837,13.708091146584783,-0.10961616563652361
0.4958379903506611,13.700575945040942,13.708085066659052,-0.10984292758147325
0.4958381903506611,13.700569761866314,13.708078973990132,-0.11007004560384351
0.49583839035066113,13.700563566154724,13.708072868557224,-0.11029751955796605
0.49583859035066113,13.700557357886401,13.708066750339409,-0.11052534946483976
0.49583879035066114,13.700551137041572,13.708060619315876,-0.1107535352484249
0.49583899035066115,13.700544903600456,13.7080544754658,-0.1109820768437202
0.49583919035066115,13.700538657543273,13.708048318768336,-0.11121097419676293
0.49583939035066116,13.700532398850243,13.708042149202615,-0.11144022726462884
0.4958395903506611,13.700526127501572,13.708035966747751,-0.11166983601536833
0.4958397903506611,13.700519843477466,13.708029771382837,-0.11189980042826154
0.4958399903506611,13.700513546758133,13.708023563086941,-0.11213012049343611
0.4958401903506611,13.700507237323771,13.708017341839128,-0.11236079621212164
0.49584039035066113,13.700500915154576,13.708011107618422,-0.11259182759658633
0.49584059035066114,13.700494580230743,13.708004860404078,-0.11282321444998258
0.49584079035066114,13.700488232532452,13.70799860017522,-0.11305495663977676
0.49584099035066115,13.700481872039894,13.70799232691089,-0.1132870541649981
0.49584119035066115,13.700475498733244,13.707986040590228,-0.11351950693668789
0.4958413903506611,13.700469112592682,13.707979741192357,-0.11375231487686814
0.4958415903506611,13.700462713598373,13.707973428696379,-0.11398547791879995
0.4958417903506611,13.700456301730494,13.707967103081375,-0.11421899600659594
0.4958419903506611,13.700449876969195,13.707960764326415,-0.11445286909547851
0.4958421903506611,13.700443439294645,13.707954412410537,-0.11468709715171534
0.49584239035066113,13.700436988686997,13.70794804731277,-0.11492168015261936
0.49584259035066114,13.7004305251264,13.707941669012126,-0.11515661808654876
0.49584279035066114,13.700424048593,13.707935277487588,-0.11539191095290707
0.49584299035066115,13.70041755906694,13.707928872718314,-0.11562755858193058
0.49584319035066116,13.700411056528353,13.707922454683448,-0.11586356077998333
0.4958433903506611,13.700404540957376,13.707916023361943,-0.11609991755901329
0.4958435903506611,13.700398012334134,13.707909578732897,-0.11633662881851525
0.4958437903506611,13.70039147063875,13.707903120775383,-0.11657369446880478
0.4958439903506611,13.700384915851348,13.707896649468458,-0.11681111443128064
0.49584419035066113,13.700378347952038,13.707890164791163,-0.1170488886383592
0.49584439035066113,13.700371766920929,13.707883666722518,-0.11728701703347448
0.49584459035066114,13.700365172738131,13.707877155241523,-0.11752549957107802
0.49584479035066115,13.70035856538374,13.707870630327157,-0.11776433621663908
0.49584499035066115,13.70035194483785,13.707864091958388,-0.11800352694664443
0.49584519035066116,13.70034531108056,13.70785754011416,-0.11824307174859852
0.4958453903506611,13.700338664091953,13.707850974773496,-0.11848297053816886
0.4958455903506611,13.700332003852104,13.707844395915606,-0.11872322299599718
0.4958457903506611,13.700325330341096,13.70783780351934,-0.11896382917841887
0.4958459903506611,13.700318643538996,13.707831197563742,-0.11920478897438085
0.49584619035066113,13.700311943425872,13.707824578027848,-0.119446102283756
0.49584639035066114,13.700305229981785,13.707817944890671,-0.11968776901734357
0.49584659035066114,13.700298503186795,13.70781129813121,-0.11992978909686888
0.49584679035066115,13.700291763020948,13.707804637728438,-0.12017216245498337
0.49584699035066115,13.700285009464293,13.707797963661314,-0.12041488903526476
0.4958471903506611,13.700278242496875,13.707791275908786,-0.1206579687921493
0.4958473903506611,13.700271462098721,13.707784574449764,-0.12090140169120192
0.4958475903506611,13.700264668249869,13.70777785926316,-0.12114518770871135
0.4958477903506611,13.700257860930343,13.707771130327862,-0.12138932683195996
0.4958479903506611,13.70025104012016,13.70776438762308,-0.12163381872358296
0.49584819035066113,13.700244205799338,13.707757631127654,-0.1218786633647584
0.49584839035066114,13.700237357947888,13.707750860820532,-0.12212386068343524
0.49584859035066114,13.70023049654581,13.707744076680708,-0.12236941056927998
0.49584879035066115,13.700223621573105,13.707737278687153,-0.1226153129227911
0.49584899035066116,13.700216733009766,13.707730466818825,-0.12286156765529938
0.4958491903506611,13.700209830835783,13.707723641054654,-0.12310817468889938
0.4958493903506611,13.700202915031133,13.70771680137356,-0.12335513395672328
0.4958495903506611,13.700195985575796,13.707709947754447,-0.12360244540253013
0.4958497903506611,13.700189042449745,13.707703080176193,-0.12385010898097967
0.49584999035066113,13.700182085632944,13.707696198617665,-0.12409812465756384
0.49585019035066114,13.70017511510535,13.707689303057704,-0.12434649240860685
0.49585039035066114,13.700168130846928,13.707682393475235,-0.12459521213660237
0.49585059035066115,13.700161132837614,13.707675469849384,-0.1248442835063091
0.49585079035066115,13.700154121057356,13.707668532158884,-0.12509370657351926
0.49585099035066116,13.700147095486088,13.707661580382682,-0.12534348121821745
0.4958511903506611,13.700140056103747,13.70765461449971,-0.12559360733100464
0.4958513903506611,13.700133002890253,13.707647634488877,-0.12584408481337644
0.4958515903506611,13.700125935825525,13.70764064032908,-0.12609491357730612
0.4958517903506611,13.70011885488948,13.707633631999197,-0.12634609354552268
0.49585199035066113,13.700111760062024,13.707626609478089,-0.12659762465144092
0.49585219035066114,13.700104651323056,13.707619572744592,-0.1268495068391619
0.49585239035066114,13.700097528652478,13.70761252177754,-0.1271017400634728
0.49585259035066115,13.700090392030173,13.707605456555726,-0.1273543242898468
0.49585279035066115,13.70008324143603,13.707598377057943,-0.12760725949444324
0.4958529903506611,13.700076076849923,13.707591283263165,-0.12786054547780754
0.4958531903506611,13.700068898251722,13.707584175150316,-0.12811418202257233
0.4958533903506611,13.700061705621293,13.707577052698147,-0.12836816913452612
0.4958535903506611,13.700054498938494,13.707569915885543,-0.12862250669441921
0.4958537903506611,13.700047278183177,13.707562764691373,-0.1288771945935237
0.49585399035066113,13.700040043335193,13.707555599094498,-0.1291322327336331
0.49585419035066114,13.700032794374371,13.707548419073742,-0.12938762102706264
0.49585439035066114,13.700025531280554,13.70754122460793,-0.12964335939664917
0.49585459035066115,13.700018254033568,13.707534015675861,-0.12989944777575116
0.49585479035066116,13.700010962613227,13.707526792256315,-0.1301558861082486
0.4958549903506611,13.700003656999353,13.707519554328062,-0.13041267434847198
0.4958551903506611,13.69999633717175,13.707512301869839,-0.13066981246148707
0.4958553903506611,13.69998900311022,13.70750503486038,-0.13092730042266754
0.4958555903506611,13.699981654794557,13.707497753278636,-0.1311851379905873
0.49585579035066113,13.699974292204548,13.707490457103424,-0.13144332499681205
0.49585599035066114,13.699966915319973,13.707483146313457,-0.1317018614283958
0.49585619035066114,13.699959524120606,13.707475820887556,-0.13196074716651088
0.49585639035066115,13.699952118586221,13.707468480804536,-0.13221998210264654
0.49585659035066115,13.699944698696576,13.707461126043185,-0.13247956613860898
0.49585679035066116,13.699937264431425,13.707453756582279,-0.13273949918652142
0.4958569903506611,13.699929815770519,13.707446372400574,-0.1329997811687518
0.4958571903506611,13.69992235269359,13.707438973476803,-0.1332604120182018
0.4958573903506611,13.69991487518038,13.707431559789693,-0.13352139167787339
0.4958575903506611,13.699907383210611,13.707424131317946,-0.13378272010115774
0.49585779035066113,13.69989987676401,13.707416688040245,-0.13404439725176306
0.49585799035066114,13.699892355820284,13.707409229935257,-0.13430642310371446
0.49585819035066114,13.699884820359145,13.707401756981838,-0.13456879745047623
0.49585839035066115,13.699877270360288,13.707394269158796,-0.13483152007432522
0.49585859035066115,13.699869705803405,13.707386766444746,-0.13509459098669682
0.4958587903506611,13.699862126668183,13.707379248818452,-0.13535801006808343
0.4958589903506611,13.6998545329343,13.707371716258656,-0.13562177720931692
0.4958591903506611,13.699846924581424,13.70736416874409,-0.13588589231112996
0.4958593903506611,13.699839301589224,13.70735660625346,-0.1361503552844485
0.49585959035066113,13.699831663937353,13.707349028765464,-0.13641516605031861
0.49585979035066113,13.69982401160546,13.707341436258769,-0.13668032453990664
0.49585999035066114,13.699816344573186,13.707333828712038,-0.13694583069449887
0.49586019035066115,13.69980866282017,13.707326206103911,-0.13721168446550194
0.49586039035066115,13.69980096632604,13.707318568413005,-0.13747788581444248
0.49586059035066116,13.699793255070412,13.70731091561793,-0.13774443471296743
0.4958607903506611,13.699785529032905,13.707303247697363,-0.1380113310579318
0.4958609903506611,13.699777788193117,13.707295564630195,-0.13827857449658665
0.4958611903506611,13.69977003253065,13.707287866394896,-0.1385461651028063
0.4958613903506611,13.699762262025088,13.70728015297016,-0.13881410275589326
0.49586159035066113,13.699754476656024,13.707272424334663,-0.13908238734502928
0.49586179035066114,13.699746676403029,13.707264680467071,-0.13935101876927508
0.49586199035066114,13.699738861245667,13.707256921346023,-0.13961999693757035
0.49586219035066115,13.699731031163502,13.707249146950145,-0.13988932176873392
0.49586239035066115,13.699723186136088,13.70724135725805,-0.14015899319146347
0.49586259035066116,13.699715326142968,13.707233552248322,-0.1404290111443359
0.4958627903506611,13.69970745116368,13.707225731899541,-0.14069937557573198
0.4958629903506611,13.699699561177754,13.707217896190258,-0.14097008644413667
0.4958631903506611,13.69969165616471,13.707210045099009,-0.14124114371768884
0.4958633903506611,13.699683736104065,13.707202178604318,-0.14151254737448146
0.49586359035066113,13.699675800975323,13.707194296685024,-0.14178429706854992
0.49586379035066114,13.699667850757981,13.707186399319607,-0.14205639276914755
0.49586399035066114,13.699659885431531,13.707178486486612,-0.14232883442118738
0.49586419035066115,13.699651904975457,13.70717055816465,-0.14260162191079273
0.49586439035066115,13.699643909369232,13.707162614332313,-0.14287475513375833
0.4958645903506611,13.699635898592325,13.707154654968173,-0.1431482339954744
0.4958647903506611,13.699627872624193,13.707146680050785,-0.1434220584112303
0.4958649903506611,13.699619831444288,13.707138689558692,-0.14369622830575915
0.4958651903506611,13.699611775032048,13.707130683470405,-0.14397074361354134
0.49586539035066113,13.699603703366915,13.707122661764435,-0.14424560427872873
0.49586559035066113,13.69959561642831,13.707114624419267,-0.14452081025514457
0.49586579035066114,13.699587514195654,13.70710657141337,-0.14479636150628344
0.49586599035066115,13.699579396648357,13.707098502725188,-0.1450722580053115
0.49586619035066115,13.699571263765824,13.707090418333214,-0.14534849968469635
0.49586639035066116,13.699563115527447,13.70708231821624,-0.14562508614394065
0.4958665903506611,13.69955495191261,13.707074202352537,-0.14590201749220552
0.4958667903506611,13.69954677290069,13.707066070720632,-0.14617929361195445
0.4958669903506611,13.699538578471056,13.70705792329905,-0.14645691439481853
0.4958671903506611,13.699530368603071,13.707049760066287,-0.14673487974190408
0.49586739035066113,13.699522143276088,13.707041581000826,-0.14701318956371587
0.49586759035066114,13.699513902469446,13.707033386081132,-0.14729184378015675
0.49586779035066114,13.699505646162487,13.70702517528565,-0.14757084232052808
0.49586799035066115,13.699497374334534,13.707016948592813,-0.14785018512352952
0.49586819035066115,13.699489086964908,13.707008705981027,-0.14812987213725895
0.49586839035066116,13.699480784032918,13.707000447428689,-0.14840990331921272
0.4958685903506611,13.699472465517868,13.706992172914179,-0.1486902786362076
0.4958687903506611,13.69946413139905,13.70698388241585,-0.14897099806469213
0.4958689903506611,13.699455781655749,13.706975575912155,-0.1492520614841738
0.4958691903506611,13.699447416267237,13.706967253381727,-0.14953346856264402
0.49586939035066113,13.699439035212784,13.706958914802769,-0.14981521938637005
0.49586959035066114,13.69943063847165,13.706950560153729,-0.1500973138414708
0.49586979035066114,13.699422226023085,13.706942189413024,-0.15037975182320565
0.49586999035066115,13.699413797846328,13.706933802559062,-0.1506625332359746
0.49587019035066116,13.69940535392061,13.706925399570226,-0.15094565799331777
0.4958703903506611,13.699396894225163,13.706916980424886,-0.15122912601783728
0.4958705903506611,13.699388418739195,13.706908545101395,-0.15151293724151166
0.4958707903506611,13.699379927441912,13.706900093578087,-0.1517970916052238
0.4958709903506611,13.699371420312513,13.706891625833276,-0.15208158905907587
0.49587119035066113,13.699362897330188,13.706883141845262,-0.15236642956231022
0.49587139035066113,13.699354358474116,13.706874641592323,-0.15265161308330982
0.49587159035066114,13.699345803723464,13.70686612505273,-0.15293713959959807
0.49587179035066115,13.699337233057397,13.706857592204807,-0.15322300901640643
0.49587199035066115,13.69932864645507,13.70684904302712,-0.15350922096787306
0.49587219035066116,13.699320043895622,13.706840477497765,-0.15379577556401106
0.4958723903506611,13.699311425358191,13.706831895595085,-0.15408267269266307
0.4958725903506611,13.699302790821895,13.70682329729739,-0.154369912250794
0.4958727903506611,13.699294140265861,13.706814682582998,-0.15465749414401286
0.4958729903506611,13.699285473669185,13.706806051430183,-0.15494541828689143
0.49587319035066113,13.699276791010977,13.706797403817223,-0.15523368460288456
0.49587339035066114,13.69926809227032,13.70678873972237,-0.15552229302433024
0.49587359035066114,13.69925937742629,13.706780059123853,-0.15581124349244946
0.49587379035066115,13.699250646457966,13.706771361999893,-0.1561005359573465
0.49587399035066115,13.699241899344402,13.706762648328686,-0.15639017037800854
0.49587419035066116,13.699233136064654,13.706753918088417,-0.15668014672230604
0.4958743903506611,13.699224356597767,13.706745171257248,-0.1569704649669118
0.4958745903506611,13.699215560922772,13.706736407813326,-0.1572611250976236
0.4958747903506611,13.699206749018689,13.70672762773519,-0.15755212668184723
0.4958749903506611,13.699197920864536,13.70671883100083,-0.1578434698261634
0.49587519035066113,13.69918907643932,13.706710017588442,-0.15813515444565623
0.49587539035066114,13.699180215722032,13.70670118747625,-0.15842718043677062
0.49587559035066114,13.699171338691665,13.706692340642453,-0.1587195477045654
0.49587579035066115,13.69916244532719,13.706683477065232,-0.15901225616271336
0.49587599035066116,13.699153535607575,13.706674596722754,-0.1593053057335014
0.4958761903506611,13.699144609511782,13.706665699593168,-0.15959869634774893
0.4958763903506611,13.699135667018757,13.7066567856546,-0.15989242794513364
0.4958765903506611,13.699126708107437,13.706647854885167,-0.16018650047370298
0.4958767903506611,13.699117732756752,13.706638907262958,-0.1604809138901998
0.49587699035066113,13.699108740945624,13.706629942766055,-0.160775668159981
0.49587719035066113,13.699099732652959,13.706620961372519,-0.1610707632570174
0.49587739035066114,13.69909070785766,13.706611963060388,-0.16136619916389386
0.49587759035066115,13.699081666538616,13.706602947807845,-0.16166197571547125
0.49587779035066115,13.699072608674706,13.706593915593126,-0.1619580926431208
0.49587799035066116,13.699063534244805,13.706584866394152,-0.16225455002985345
0.4958781903506611,13.699054443227778,13.70657580018903,-0.16255134776979496
0.4958783903506611,13.699045335602463,13.70656671695585,-0.16284848576564606
0.4958785903506611,13.69903621134771,13.706557616672683,-0.1631459639281884
0.4958787903506611,13.699027070442352,13.706548499317591,-0.1634437821766136
0.49587899035066113,13.699017912865202,13.706539364868611,-0.16374194043844129
0.49587919035066114,13.69900873859508,13.706530213303763,-0.1640404386495189
0.49587939035066114,13.698999547610788,13.70652104460105,-0.16433927675402168
0.49587959035066115,13.698990339891113,13.70651185873846,-0.1646384547044528
0.49587979035066115,13.698981115414838,13.706502655693965,-0.16493797246164318
0.49587999035066116,13.69897187416074,13.706493435445509,-0.16523782999475164
0.4958801903506611,13.69896261610758,13.706484197971031,-0.16553802728118153
0.4958803903506611,13.698953341234104,13.706474943248447,-0.16583856430691396
0.4958805903506611,13.69894404951906,13.7064656712559,-0.1661394408052676
0.4958807903506611,13.698934740941176,13.706456381971373,-0.16644065664978983
0.49588099035066113,13.698925415479172,13.706447075372711,-0.16674221187013735
0.49588119035066114,13.698916073111763,13.706437751437903,-0.16704410636392877
0.49588139035066114,13.698906713817646,13.706428410144897,-0.16734634003686386
0.49588159035066115,13.698897337575518,13.706419051471645,-0.16764891280272382
0.49588179035066116,13.698887944364056,13.706409675396067,-0.16795182458337105
0.4958819903506611,13.698878534161933,13.706400281896077,-0.16825507530866507
0.4958821903506611,13.698869106947804,13.706390870949559,-0.16855866491679924
0.4958823903506611,13.698859662700324,13.70638144253439,-0.16886259335379578
0.4958825903506611,13.69885020139813,13.706371996628425,-0.16916686057384236
0.49588279035066113,13.698840723019854,13.706362533209502,-0.16947146653920792
0.49588299035066113,13.698831227544112,13.706353052255439,-0.16977641122024265
0.49588319035066114,13.698821714949514,13.706343553744045,-0.1700816945953781
0.49588339035066115,13.698812185214658,13.706334037653102,-0.17038731665112716
0.49588359035066115,13.698802638318135,13.706324503960598,-0.17069327714372193
0.49588379035066116,13.698793074238518,13.70631495264442,-0.17099957591441736
0.4958839903506611,13.698783492954373,13.70630538368226,-0.17130621301369817
0.4958841903506611,13.698773894444258,13.706295797051961,-0.17161318834076014
0.4958843903506611,13.69876427868672,13.706286192731351,-0.17192050180231955
0.4958845903506611,13.698754645660292,13.706276570698234,-0.17222815331295327
0.49588479035066113,13.698744995343498,13.706266930930404,-0.17253614279501378
0.49588499035066114,13.698735327714855,13.706257273405628,-0.1728444701786293
0.49588519035066114,13.698725642752866,13.706247598101664,-0.17315313540170363
0.49588539035066115,13.69871594043602,13.706237904996248,-0.17346213840991623
0.49588559035066115,13.698706220742803,13.706228194067105,-0.17377147915672214
0.49588579035066116,13.698696483651686,13.706218465291933,-0.1740811576033521
0.4958859903506611,13.69868672914113,13.706208718648423,-0.17439117371872645
0.4958861903506611,13.698676957189582,13.706198954114234,-0.17470152747979922
0.4958863903506611,13.698667167775483,13.70618917166702,-0.17501221887104207
0.4958865903506611,13.698657360877263,13.706179371284492,-0.1753232478031244
0.49588679035066113,13.69864753647334,13.706169552944607,-0.1756346138864303
0.49588699035066114,13.698637694542116,13.706159716624809,-0.17594631728557972
0.49588719035066114,13.69862783506199,13.706149862302805,-0.17625835789773875
0.49588739035066115,13.698617958011345,13.706139989956277,-0.17657073562761882
0.49588759035066116,13.698608063368557,13.706130099562891,-0.17688345038747658
0.4958877903506611,13.698598151111995,13.706120191100306,-0.17719650209702717
0.4958879903506611,13.698588221219998,13.70611026454614,-0.17750989068379167
0.4958881903506611,13.69857827367092,13.706100319878017,-0.17782361608257607
0.4958883903506611,13.698568308443082,13.706090357073533,-0.17813767823581825
0.49588859035066113,13.69855832551481,13.706080376110268,-0.17845207709350155
0.49588879035066113,13.698548324864408,13.706070376965785,-0.17876681261315475
0.49588899035066114,13.698538306470176,13.70606035961763,-0.1790818847598517
0.49588919035066115,13.6985282703104,13.706050324043334,-0.1793972935062118
0.49588939035066115,13.698518216363354,13.706040270220404,-0.1797130388323996
0.49588959035066116,13.698508144607304,13.706030198126335,-0.18002912072612512
0.4958897903506611,13.698498055020506,13.706020107738837,-0.18034553892134114
0.4958899903506611,13.698487947581192,13.70600999903547,-0.1806622932838713
0.4958901903506611,13.698477822267598,13.705999871993638,-0.18097938387044743
0.4958903903506611,13.698467679057943,13.705989726590886,-0.18129681058128
0.49589059035066113,13.698457517930434,13.705979562804732,-0.18161457332387804
0.49589079035066114,13.698447338863266,13.70596938061268,-0.181932672013049
0.49589099035066114,13.698437141834631,13.705959179992222,-0.18225110657089894
0.49589119035066115,13.698426926822702,13.70594896092083,-0.18256987692683255
0.49589139035066115,13.698416693805635,13.705938723375949,-0.18288898301755288
0.49589159035066116,13.69840644276159,13.705928467335022,-0.18320842478706173
0.4958917903506611,13.698396173668705,13.70591819277547,-0.18352820218657034
0.4958919903506611,13.698385886505104,13.705907899674687,-0.1838483151748551
0.4958921903506611,13.698375581248909,13.705897588010062,-0.18416876371772456
0.4958923903506611,13.698365257878224,13.705887257758961,-0.1844895477883745
0.49589259035066113,13.69835491637115,13.70587690889873,-0.1848106673672994
0.49589279035066114,13.698344556705761,13.705866541406708,-0.18513212244229207
0.49589299035066114,13.698334178860136,13.705856155260449,-0.1854539127241678
0.49589319035066115,13.698323782812333,13.70584575043733,-0.18577603810489413
0.49589339035066116,13.698313368540395,13.7058353269146,-0.18609849863899408
0.4958935903506611,13.69830293602237,13.705824884669642,-0.18642129422611445
0.4958937903506611,13.698292485236273,13.705814423679803,-0.18674442477326678
0.4958939903506611,13.698282016160125,13.705803943922417,-0.18706789019429
0.4958941903506611,13.698271528771922,13.705793445374814,-0.1873916904102083
0.49589439035066113,13.698261023049662,13.705782928014296,-0.18771582534914202
0.49589459035066114,13.698250498971323,13.705772391818149,-0.18804029494630756
0.49589479035066114,13.698239956514866,13.705761836763644,-0.18836509914401692
0.49589499035066115,13.698229395658252,13.705751262828032,-0.18869023789167846
0.49589519035066115,13.698218816379425,13.705740669988552,-0.18901571114579627
0.49589539035066116,13.698208218656317,13.705730058222422,-0.18934151886997044
0.4958955903506611,13.698197602466852,13.705719427506843,-0.18966766103480656
0.4958957903506611,13.69818696778893,13.705708777818998,-0.1899941376182777
0.4958959903506611,13.698176314600452,13.705698109136057,-0.1903209486051814
0.4958961903506611,13.698165642879308,13.705687421435266,-0.19064809386194428
0.49589639035066113,13.698154952603366,13.705676714694045,-0.19097557303571364
0.49589659035066114,13.698144243750486,13.705665988889372,-0.19130338630249002
0.49589679035066114,13.698133516298522,13.705655243998446,-0.1916315335587885
0.49589699035066115,13.698122770225309,13.705644479998455,-0.191960014707984
0.49589719035066115,13.698112005508674,13.705633696866563,-0.1922888296603118
0.49589739035066116,13.69810122212643,13.705622894579923,-0.1926179783328669
0.4958975903506611,13.698090420056385,13.70561207311567,-0.19294746064951307
0.4958977903506611,13.698079599276317,13.705601232450915,-0.1932772765412486
0.4958979903506611,13.698068759764011,13.705590372562762,-0.19360742594565739
0.4958981903506611,13.698057901497233,13.705579493428292,-0.1939379088072749
0.49589839035066113,13.698047024453736,13.705568595024573,-0.19426872507749668
0.49589859035066114,13.69803612861126,13.70555767732865,-0.19459987471457815
0.49589879035066114,13.698025213947538,13.705546740317558,-0.19493135768363506
0.49589899035066115,13.698014280440287,13.705535783968312,-0.19526317395664308
0.49589919035066116,13.69800332806721,13.705524808257907,-0.19559532351243794
0.4958993903506611,13.697992356806006,13.705513813163327,-0.19592780633662316
0.4958995903506611,13.697981366634348,13.705502798661747,-0.19626062213842949
0.4958997903506611,13.697970357529911,13.70549176473022,-0.19659377078760373
0.4958999903506611,13.697959329470349,13.705480711345617,-0.19692725236745381
0.49590019035066113,13.697948282433307,13.70546963848495,-0.1972610667740757
0.49590039035066114,13.697937216396413,13.705458546125211,-0.19759521391026566
0.49590059035066114,13.697926131337296,13.705447434243375,-0.1979296936855202
0.49590079035066115,13.697915027233558,13.705436302816398,-0.19826450601603646
0.49590099035066115,13.697903904062796,13.705425151821228,-0.1985996508247117
0.49590119035066116,13.697892761802592,13.705413981234786,-0.1989351280411436
0.4959013903506611,13.697881600430522,13.705402791033983,-0.19927093760153702
0.4959015903506611,13.697870419924136,13.705391581195707,-0.19960707944907688
0.4959017903506611,13.697859220260986,13.705380351696833,-0.1999435535333688
0.4959019903506611,13.6978480014186,13.705369102514222,-0.20028035981081194
0.49590219035066113,13.697836763374506,13.705357833624712,-0.2006174982445058
0.49590239035066114,13.697825506106213,13.705346545005126,-0.20095496880425046
0.49590259035066114,13.697814229591211,13.705335236632278,-0.20129277146654614
0.49590279035066115,13.697802933806988,13.705323908482947,-0.20163090621459334
0.49590299035066115,13.697791618731017,13.70531256053408,-0.2019693728132788
0.49590319035066116,13.697780284340753,13.705301192762596,-0.20230817102876558
0.4959033903506611,13.697768930613647,13.705289805145147,-0.20264730100359604
0.4959035903506611,13.697757557527126,13.705278397658539,-0.20298676263011625
0.4959037903506611,13.697746165058614,13.705266970279569,-0.20332655580691958
0.49590399035066113,13.697734753185522,13.705255522985018,-0.20366668043922256
0.49590419035066113,13.697723321885242,13.705244055751647,-0.2040071364387715
0.49590439035066114,13.69771187113516,13.705232568556205,-0.20434792372384183
0.49590459035066115,13.697700400912646,13.705221061375418,-0.2046890422192385
0.49590479035066115,13.697688911195062,13.705209534186004,-0.20503049185629568
0.49590499035066116,13.69767740195975,13.705197986964652,-0.20537227257287718
0.4959051903506611,13.697665873184043,13.705186419688049,-0.2057143843132811
0.4959053903506611,13.697654324845258,13.705174832332851,-0.20605682702861972
0.4959055903506611,13.697642756920704,13.705163224875708,-0.20639960067625013
0.4959057903506611,13.697631169387677,13.705151597293248,-0.20674270522015348
0.49590599035066113,13.69761956222346,13.705139949562085,-0.20708614063084047
0.49590619035066114,13.697607935405317,13.705128281658814,-0.20742990688535115
0.49590639035066114,13.697596288910512,13.705116593560016,-0.20777400396725496
0.49590659035066115,13.697584622716278,13.70510488524258,-0.20811843137945493
0.49590679035066115,13.697572936799853,13.705093156682954,-0.20846318927554616
0.49590699035066116,13.69756123113845,13.705081407857701,-0.20880827762736218
0.4959071903506611,13.697549505709278,13.705069638743419,-0.2091536963259045
0.4959073903506611,13.69753776048952,13.70505784931667,-0.20949944526879463
0.4959075903506611,13.697525995456365,13.70504603955403,-0.20984552435969994
0.4959077903506611,13.697514210586972,13.705034209432041,-0.21019193350871615
0.49590799035066113,13.697502405858495,13.705022358927232,-0.2105386726322721
0.49590819035066114,13.697490581248076,13.705010488016118,-0.21088574165312948
0.49590839035066114,13.69747873673284,13.70499859667519,-0.2112331405003829
0.49590859035066115,13.697466872289901,13.704986684880938,-0.21158086910945975
0.49590879035066115,13.697454987896363,13.704974752609816,-0.2119289274221205
0.49590899035066116,13.697443083529308,13.704962799838277,-0.2122773153864584
0.4959091903506611,13.697431159165816,13.704950826542756,-0.2126260329568028
0.4959093903506611,13.697419214782945,13.704938832699655,-0.21297508009410643
0.4959095903506611,13.697407250357744,13.704926818285381,-0.2133244567653645
0.49590979035066113,13.697395265867247,13.704914783276315,-0.21367416294400196
0.49590999035066113,13.69738326128848,13.70490272764882,-0.2140241986097766
0.49591019035066114,13.69737123659845,13.704890651379511,-0.21437456331141247
0.49591039035066115,13.697359191774149,13.704878554444708,-0.21472525709915502
0.49591059035066115,13.697347126792566,13.704866436820707,-0.2150762800073045
0.49591079035066116,13.697335041630662,13.704854298483882,-0.21542763192056671
0.4959109903506611,13.697322936265403,13.704842139410598,-0.21577931272980477
0.4959111903506611,13.697310810673725,13.704829959577186,-0.21613132233242957
0.4959113903506611,13.697298664832557,13.704817758959972,-0.21648366063181407
0.4959115903506611,13.697286498718817,13.704805537535274,-0.21683632753768392
0.49591179035066113,13.697274312309409,13.704793295279378,-0.21718932296601956
0.49591199035066114,13.697262105581222,13.704781032168565,-0.21754264683905628
0.49591219035066114,13.697249878511132,13.704768748179095,-0.21789629908528452
0.49591239035066115,13.697237631076002,13.70475644328721,-0.21825027963944948
0.49591259035066115,13.69722536325268,13.704744117469144,-0.21860458844255126
0.49591279035066116,13.697213075018006,13.704731770701104,-0.21895922544184507
0.4959129903506611,13.6972007663488,13.70471940295929,-0.21931419059074225
0.4959131903506611,13.697188437221868,13.704707014219878,-0.21966948384920498
0.4959133903506611,13.697176087614011,13.704694604459036,-0.2200251051831545
0.4959135903506611,13.697163717502008,13.704682173652909,-0.22038105456486567
0.49591379035066113,13.69715132686263,13.704669721777638,-0.2207373319476148
0.49591399035066114,13.697138915672634,13.704657248809701,-0.2210939366728248
0.49591419035066114,13.697126483908754,13.704644754724994,-0.2214508691422098
0.49591439035066115,13.697114031547722,13.704632239499663,-0.2218081292296533
0.49591459035066116,13.697101558566256,13.70461970310985,-0.22216571681519756
0.49591479035066116,13.697089064941052,13.704607145531662,-0.22252363178504359
0.4959149903506611,13.697076550648802,13.70459456674121,-0.22288187403145174
0.4959151903506611,13.697064015666179,13.70458196671457,-0.2232404434531396
0.4959153903506611,13.697051459969837,13.704569345427814,-0.22359933995468517
0.49591559035066113,13.69703888353643,13.704556702856998,-0.22395856344692483
0.49591579035066113,13.697026286342586,13.704544038978156,-0.22431811384685366
0.49591599035066114,13.69701366836493,13.704531353767313,-0.22467799107762548
0.49591619035066115,13.697001029580063,13.704518647200473,-0.22503819506855322
0.49591639035066115,13.696988369964576,13.704505919253625,-0.22539872575510828
0.49591659035066116,13.69697568949505,13.704493169902745,-0.225759583078921
0.4959167903506611,13.696962988148051,13.704480399123796,-0.2261207669876803
0.4959169903506611,13.69695026590012,13.704467606892708,-0.22648227743553465
0.4959171903506611,13.696937522727804,13.704454793185414,-0.2268441143824907
0.4959173903506611,13.696924758607622,13.704441957977822,-0.22720627779481392
0.49591759035066113,13.696911973516084,13.704429101245834,-0.22756876764492887
0.49591779035066114,13.696899167429686,13.704416222965548,-0.22793158342140407
0.49591799035066114,13.696886340324905,13.704403323112828,-0.22829472518466282
0.49591819035066115,13.696873492178213,13.704390401663487,-0.2286581930054936
0.49591839035066115,13.696860622966058,13.704377458593411,-0.22902198675276939
0.49591859035066116,13.696847732664885,13.704364493878478,-0.2293861063015368
0.4959187903506611,13.696834821251123,13.704351507494543,-0.22975055153291457
0.4959189903506611,13.696821888701175,13.704338499417446,-0.23011532233449847
0.4959191903506611,13.696808934991443,13.704325469623008,-0.23048041859975432
0.4959193903506611,13.696795960098312,13.704312418087046,-0.23084584022842256
0.49591959035066113,13.696782963998151,13.704299344785355,-0.23121158712641704
0.49591979035066114,13.696769946667319,13.704286249693713,-0.23157765920582513
0.49591999035066114,13.69675690808215,13.70427313278788,-0.2319440563849077
0.49592019035066115,13.696743848218981,13.70425999404361,-0.2323107785880989
0.49592039035066116,13.696730767054122,13.704246833436633,-0.23267782574600662
0.49592059035066116,13.696717664563872,13.704233650942667,-0.23304519779541208
0.4959207903506611,13.69670454072452,13.704220446537414,-0.23341289467916784
0.4959209903506611,13.696691395512334,13.704207220196555,-0.23378091634660625
0.4959211903506611,13.696678228903572,13.704193971895764,-0.2341492627529269
0.49592139035066113,13.696665040874477,13.704180701610692,-0.23451793385960498
0.49592159035066113,13.69665183140128,13.704167409316982,-0.23488692963428906
0.49592179035066114,13.696638600460197,13.704154094990423,-0.23525624960447974
0.49592199035066115,13.696625348027425,13.70414075860668,-0.23562589369536707
0.49592219035066115,13.696612074079153,13.704127400141283,-0.23599586207974446
0.49592239035066116,13.696598778591554,13.704114019569854,-0.23636615461467772
0.4959225903506611,13.696585461540787,13.704100616868004,-0.23673677116335337
0.4959227903506611,13.69657212290299,13.704087192011329,-0.23710771159549018
0.4959229903506611,13.696558762654298,13.704073744975398,-0.2374789757867223
0.4959231903506611,13.696545380770823,13.704060275735781,-0.23785056361901025
0.49592339035066113,13.696531977228672,13.70404678426803,-0.23822247498053836
0.49592359035066114,13.696518552003928,13.70403327054767,-0.23859470976571445
0.49592379035066114,13.696505105072664,13.704019734550222,-0.2389672678751703
0.49592399035066115,13.696491636410938,13.704006176251191,-0.23934014921576124
0.49592419035066115,13.696478145994794,13.703992595626064,-0.23971335370056635
0.49592439035066116,13.69646463380026,13.703978992650308,-0.2400868812488884
0.4959245903506611,13.696451099803356,13.703965367299388,-0.24046073178615002
0.4959247903506611,13.696437543980078,13.703951719548737,-0.24083490524430898
0.4959249903506611,13.69642396630641,13.703938049373782,-0.24120940156123538
0.4959251903506611,13.696410366758327,13.703924356749942,-0.24158422068112684
0.49592539035066113,13.69639674531179,13.703910641652604,-0.24195936255440464
0.49592559035066114,13.696383101942734,13.703896904057155,-0.24233482713771376
0.49592579035066114,13.696369436627094,13.70388314393896,-0.24271061439392283
0.49592599035066115,13.696355749340785,13.70386936127348,-0.24308672388031116
0.49592619035066116,13.6963420400597,13.703855556036151,-0.2434631553523342
0.49592639035066116,13.696328308759725,13.70384172820221,-0.24383990912710365
0.4959265903506611,13.696314555416736,13.703827877747003,-0.24421698504674524
0.4959267903506611,13.696300780006577,13.703814004645844,-0.24459438296007008
0.4959269903506611,13.696286982505102,13.703800108874056,-0.24497210272194667
0.49592719035066113,13.696273162888128,13.703786190406932,-0.24535014419371945
0.49592739035066113,13.696259321131471,13.703772249219755,-0.24572850724310452
0.49592759035066114,13.696245457210933,13.70375828528779,-0.24610719174418907
0.49592779035066115,13.69623157110229,13.703744298586296,-0.24648619757743198
0.49592799035066115,13.696217662781315,13.703730289090508,-0.24686552462966327
0.49592819035066116,13.696203732223758,13.703716256775644,-0.24724517279408437
0.4959283903506611,13.696189779405364,13.70370220161692,-0.2476251419701628
0.4959285903506611,13.696175804301848,13.703688123589522,-0.24800543206405368
0.4959287903506611,13.696161806888924,13.703674022668633,-0.24838604298796732
0.4959289903506611,13.696147787142282,13.703659898829413,-0.24876697466059078
0.49592919035066113,13.69613374503761,13.703645752047017,-0.24914822700698247
0.49592939035066114,13.696119680550566,13.703631582296573,-0.24952979995857233
0.49592959035066114,13.696105593656803,13.703617389553198,-0.24991169345316144
0.49592979035066115,13.696091484331959,13.703603173792006,-0.25029390743492264
0.49592999035066115,13.69607735255165,13.70358893498808,-0.2506764418543998
0.49593019035066116,13.696063198291489,13.703574673116494,-0.25105929666850846
0.4959303903506611,13.696049021527063,13.703560388152338,-0.2514424717235446
0.4959305903506611,13.696034822233951,13.703546080070836,-0.2518259660436101
0.4959307903506611,13.696020600387708,13.7035317488469,-0.25220978043817394
0.4959309903506611,13.696006355963881,13.70351739445557,-0.2525939147275308
0.49593119035066113,13.695992088938008,13.70350301687187,-0.25297836873868396
0.49593139035066114,13.695977799285597,13.703488616070816,-0.2533631423053448
0.49593159035066114,13.69596348698216,13.703474192027405,-0.2537482352679334
0.49593179035066115,13.69594915200318,13.703459744716618,-0.25413364747357786
0.49593199035066116,13.695934794324128,13.703445274113424,-0.25451937877611497
0.49593219035066116,13.695920413920465,13.70343078019278,-0.25490542903608965
0.4959323903506611,13.695906010767631,13.703416262929624,-0.25529179812064795
0.4959325903506611,13.695891584841053,13.703401722298882,-0.25567848590396636
0.4959327903506611,13.69587713611614,13.703387158275465,-0.2560654922666077
0.49593299035066113,13.695862664568292,13.703372570834269,-0.25645281709595047
0.49593319035066113,13.695848170172894,13.703357959950175,-0.25684046028608154
0.49593339035066114,13.69583365290531,13.703343325598055,-0.25722842173779625
0.49593359035066115,13.695819112740892,13.70332866775276,-0.25761670135859827
0.49593379035066115,13.695804549654977,13.70331398638913,-0.2580052990626996
0.49593399035066116,13.695789963622886,13.703299281481991,-0.25839421477102054
0.4959341903506611,13.695775354619933,13.703284553006155,-0.25878344841108186
0.4959343903506611,13.695760722621399,13.70326980093641,-0.25917299991743675
0.4959345903506611,13.695746067602565,13.703255025247543,-0.25956286923102284
0.4959347903506611,13.695731389538691,13.703240225914323,-0.2599530562995939
0.49593499035066113,13.69571668840503,13.703225402911498,-0.2603435610776123
0.49593519035066114,13.695701964176807,13.703210556213808,-0.26073438352624867
0.49593539035066114,13.695687216829246,13.70319568579612,-0.2611255220377194
0.49593559035066115,13.69567244633754,13.703180791633052,-0.2615169779860141
0.49593579035066115,13.695657652676873,13.703165873699307,-0.2619087511672967
0.49593599035066116,13.695642835822419,13.703150931969578,-0.2623008413789524
0.4959361903506611,13.695627995749335,13.703135966418552,-0.2626932484255342
0.4959363903506611,13.695613132432756,13.703120977020886,-0.2630859721191993
0.4959365903506611,13.69559824584781,13.703105963751234,-0.2634790122790553
0.4959367903506611,13.69558333596961,13.703090926584236,-0.2638723687315956
0.49593699035066113,13.695568402773246,13.703075865494515,-0.26426604131059095
0.49593719035066114,13.695553446233799,13.703060780456685,-0.2646600298570892
0.49593739035066114,13.695538466326331,13.703045671445333,-0.2650543342194152
0.49593759035066115,13.695523463025895,13.703030538435051,-0.2654489542531711
0.49593779035066116,13.695508436307517,13.7030153814004,-0.26584388982123597
0.49593799035066116,13.695493386146222,13.70300020031594,-0.2662391407937663
0.4959381903506611,13.695478312517011,13.70298499515621,-0.2666347070480856
0.4959383903506611,13.695463215394867,13.702969765895732,-0.26703058846912403
0.4959385903506611,13.695448094754761,13.702954512509022,-0.2674267849487596
0.49593879035066113,13.695432950571652,13.702939234970573,-0.2678232963862572
0.49593899035066114,13.69541778282048,13.702923933254882,-0.26822012268815865
0.49593919035066114,13.69540259147617,13.702908607336406,-0.2686172637682831
0.49593939035066115,13.695387376513631,13.70289325718961,-0.2690147195477269
0.49593959035066115,13.695372137907762,13.702877882788929,-0.2694124899548633
0.49593979035066116,13.695356875633438,13.702862484108799,-0.2698105749253428
0.4959399903506611,13.695341589665526,13.702847061123638,-0.2702089744019825
0.4959401903506611,13.69532627997887,13.702831613807836,-0.27060768833520815
0.4959403903506611,13.695310946548307,13.702816142135786,-0.2710067166823912
0.4959405903506611,13.695295589348651,13.702800646081858,-0.2714060594082906
0.49594079035066113,13.69528020835471,13.702785125620453,-0.27180571439527457
0.49594099035066114,13.695264803541267,13.702769580725867,-0.2722056831866137
0.49594119035066114,13.695249374883089,13.702754011372413,-0.27260596597570524
0.49594139035066115,13.695233922354932,13.702738417534414,-0.2730065625137843
0.49594159035066115,13.695218445931534,13.702722799186175,-0.2734074725604376
0.49594179035066116,13.695202945587623,13.702707156301981,-0.27380869588360346
0.4959419903506611,13.695187421297911,13.70269148885612,-0.27421023225946
0.4959421903506611,13.695171873037085,13.702675796822843,-0.27461208147287164
0.4959423903506611,13.695156300779827,13.702660080176408,-0.2750142433167197
0.4959425903506611,13.695140704500794,13.702644338891046,-0.2754167175923486
0.49594279035066113,13.695125084174636,13.702628572940982,-0.2758195041094543
0.49594299035066114,13.695109439775983,13.70261278230043,-0.27622260268608445
0.49594319035066114,13.695093771279451,13.702596966943576,-0.2766260131486379
0.49594339035066115,13.69507807865964,13.702581126844606,-0.2770297353318652
0.49594359035066116,13.695062361891123,13.70256526197769,-0.2774337690788686
0.49594379035066116,13.695046620948483,13.70254937231698,-0.27783811424110166
0.4959439903506611,13.69503085580627,13.702533457836621,-0.27824277067825726
0.4959441903506611,13.695015066439007,13.70251751851073,-0.2786477382587168
0.4959443903506611,13.694999252821223,13.702501554313427,-0.27905301685887623
0.49594459035066113,13.694983414927426,13.702485565218812,-0.27945860636359543
0.49594479035066114,13.694967552732098,13.702469551200968,-0.2798645066660857
0.49594499035066114,13.694951666209716,13.702453512233971,-0.28027071766790995
0.49594519035066115,13.69493575533474,13.702437448291876,-0.2806772392789827
0.49594539035066115,13.694919820081607,13.702421359348731,-0.2810840714175698
0.49594559035066116,13.694903860424748,13.702405245378566,-0.281491214010289
0.4959457903506611,13.694887876338576,13.702389106355403,-0.28189866699199595
0.4959459903506611,13.694871867797476,13.70237294225324,-0.28230643030623764
0.4959461903506611,13.694855834775831,13.702356753046066,-0.2827145039045731
0.4959463903506611,13.694839777248006,13.702340538707864,-0.2831228877470262
0.49594659035066113,13.694823695188353,13.702324299212597,-0.28353158180197185
0.49594679035066114,13.694807588571193,13.702308034534207,-0.28394058604613703
0.49594699035066114,13.694791457370854,13.702291744646555,-0.28434989909813335
0.49594719035066115,13.694775301561632,13.70227542952343,-0.28475951996282095
0.49594739035066115,13.69475912111781,13.702259089138815,-0.28516945051258025
0.49594759035066116,13.69474291601365,13.702242723466597,-0.2855796904603147
0.4959477903506611,13.694726686223417,13.702226332480649,-0.28599023952815633
0.4959479903506611,13.694710431721337,13.702209916154825,-0.2864010974479219
0.4959481903506611,13.694694152481631,13.70219347446297,-0.28681226396042886
0.49594839035066113,13.694677848478507,13.702177007378916,-0.28722373881595153
0.49594859035066113,13.694661519686157,13.702160514876482,-0.28763552177410684
0.49594879035066114,13.694645166078748,13.702143996929472,-0.28804761260385425
0.49594899035066115,13.694628787630442,13.702127453511684,-0.28846001108349606
0.49594919035066115,13.694612384315375,13.702110884596893,-0.2888727170006774
0.49594939035066116,13.694595956107676,13.70209429015886,-0.2892857301523858
0.49594959035066116,13.694579502981453,13.702077670171345,-0.2896990503449517
0.4959497903506611,13.6945630249108,13.702061024608087,-0.2901126773939334
0.4959499903506611,13.694546521869787,13.702044353442801,-0.29052661112457623
0.4959501903506611,13.69452999383248,13.70202765664921,-0.290940851371124
0.49595039035066113,13.694513440772923,13.702010934201011,-0.2913553979772778
0.49595059035066114,13.694496862665146,13.70199418607189,-0.2917702507960816
0.49595079035066114,13.694480259483159,13.701977412235516,-0.2921854096899219
0.49595099035066115,13.694463631200959,13.701960612665555,-0.29260087453052813
0.49595119035066115,13.694446977792532,13.701943787335653,-0.29301664519897214
0.49595139035066116,13.694430299231835,13.701926936219436,-0.29343272158566874
0.4959515903506611,13.694413595492827,13.701910059290535,-0.2938491035902596
0.4959517903506611,13.694396866549429,13.701893156522548,-0.29426579112207607
0.4959519903506611,13.694380112375562,13.701876227889072,-0.29468278409944537
0.4959521903506611,13.69436333294513,13.701859273363686,-0.2951000824501529
0.49595239035066113,13.694346528232016,13.701842292919958,-0.29551768611132695
0.49595259035066114,13.694329698210085,13.701825286531442,-0.2959355950294384
0.49595279035066114,13.694312842853195,13.701808254171677,-0.2963538091603008
0.49595299035066115,13.694295962135179,13.701791195814195,-0.29677232846907053
0.49595319035066115,13.69427905602986,13.701774111432506,-0.29719115293024645
0.49595339035066116,13.694262124511043,13.701757000999551,-0.2976102789550623
0.4959535903506611,13.69424516755252,13.701739864489104,-0.2980297095879176
0.4959537903506611,13.694228185128056,13.70172270187463,-0.2984494447051101
0.4959539903506611,13.69421117721141,13.701705513129568,-0.29886948398807606
0.49595419035066113,13.694194143776318,13.701688298227346,-0.29928982712870683
0.49595439035066113,13.69417708479651,13.70167105714138,-0.2997104738292329
0.49595459035066114,13.694160000245692,13.701653789845068,-0.3001314238022234
0.49595479035066115,13.69414289009755,13.701636496311796,-0.3005526767705865
0.49595499035066115,13.694125754325764,13.701619176514935,-0.30097423246756927
0.49595519035066116,13.694108592903993,13.70160183042786,-0.30139609063675776
0.49595539035066116,13.694091405805878,13.701584458023909,-0.30181825103207655
0.4959555903506611,13.694074193005049,13.701567059276426,-0.30224071341767234
0.4959557903506611,13.694056954475109,13.70154963415873,-0.30266347756838213
0.4959559903506611,13.694039690189655,13.701532182644137,-0.3030865432690304
0.49595619035066113,13.694022400122261,13.701514704705941,-0.30350991031489744
0.49595639035066114,13.694005084246497,13.701497200317435,-0.3039335785116027
0.49595659035066114,13.6939877425359,13.701479669451887,-0.3043575476751044
0.49595679035066115,13.693970374964003,13.701462112082561,-0.3047818176316997
0.49595699035066115,13.693952981504319,13.701444528182705,-0.3052063882180245
0.49595719035066116,13.69393556213034,13.701426917725557,-0.3056312592810539
0.4959573903506611,13.693918116815556,13.701409280684343,-0.30605643067798366
0.4959575903506611,13.69390064553342,13.701391617032264,-0.30648190227670247
0.4959577903506611,13.693883148257381,13.701373926742523,-0.306907673955084
0.4959579903506611,13.693865624960875,13.701356209788306,-0.3073337456014589
0.49595819035066113,13.693848075617316,13.701338466142786,-0.30776011711449647
0.49595839035066114,13.693830500200102,13.701320695779124,-0.308186788403205
0.49595859035066114,13.693812898682618,13.701302898670463,-0.3086137593869319
0.49595879035066115,13.693795271038228,13.701285074789942,-0.3090410299953633
0.49595899035066116,13.693777617240283,13.701267224110682,-0.30946860016852407
0.49595919035066116,13.693759937262117,13.701249346605794,-0.3098964698567783
0.4959593903506611,13.693742231077056,13.701231442248375,-0.3103246390207098
0.4959595903506611,13.693724498658385,13.701213511011064,-0.31075310564407427
0.4959597903506611,13.693706739979405,13.701195552866656,-0.3111818696213366
0.49595999035066113,13.693688955013382,13.701177567788521,-0.31161093254264466
0.49596019035066113,13.693671143733566,13.701159555749662,-0.3120402940448587
0.49596039035066114,13.693653306113198,13.701141516723078,-0.3124699537762316
0.49596059035066115,13.693635442125494,13.701123450681754,-0.31289991139640894
0.49596079035066115,13.69361755174366,13.701105357598664,-0.3133301665764292
0.49596099035066116,13.693599634940881,13.701087237446767,-0.31376071899872326
0.4959611903506611,13.693581691690332,13.70106909019902,-0.3141915683569955
0.4959613903506611,13.693563721965157,13.701050915828345,-0.3146227143567016
0.4959615903506611,13.693545725738504,13.70103271430768,-0.3150541567143313
0.4959617903506611,13.693527702983488,13.701014485609933,-0.31548589515788655
0.49596199035066113,13.693509653673214,13.700996229708007,-0.31591792942676217
0.49596219035066114,13.693491577780776,13.700977946574794,-0.3163502592717456
0.49596239035066114,13.693473475279244,13.70095963618317,-0.316782884455017
0.49596259035066115,13.693455346141674,13.700941298505999,-0.31721580475014943
0.49596279035066115,13.693437190341102,13.700922933516134,-0.31764901994210837
0.49596299035066116,13.693419007850556,13.700904541186421,-0.3180825298272523
0.4959631903506611,13.693400798643047,13.700886121489699,-0.318516334213212
0.4959633903506611,13.693382562691555,13.700867674398767,-0.318950432919372
0.4959635903506611,13.693364299969058,13.70084919988644,-0.3193848257761486
0.4959637903506611,13.693346010448513,13.700830697925516,-0.3198195126254709
0.49596399035066113,13.693327694102868,13.700812168488774,-0.32025449332066125
0.49596419035066114,13.693309350905038,13.700793611548987,-0.32068976772643415
0.49596439035066114,13.693290980827937,13.70077502707891,-0.32112533571889734
0.49596459035066115,13.693272583844461,13.700756415051293,-0.321561197185551
0.49596479035066116,13.69325415992748,13.70073777543887,-0.3219973520252879
0.49596499035066116,13.693235709049855,13.700719108214363,-0.32243380014839396
0.4959651903506611,13.693217231184438,13.700700413350495,-0.32287054147642613
0.4959653903506611,13.693198726304038,13.700681690819945,-0.32330757594269827
0.4959655903506611,13.693180194381476,13.700662940595413,-0.3237449034915528
0.49596579035066113,13.693161635389545,13.700644162649496,-0.3241825238080588
0.49596599035066113,13.693143049301023,13.70062535695361,-0.3246204332659274
0.49596619035066114,13.693124436088679,13.700606523481184,-0.3250586354393861
0.49596639035066115,13.693105795725259,13.70058766220481,-0.32549712991673835
0.49596659035066115,13.693087128183487,13.70056877309706,-0.3259359162987731
0.49596679035066116,13.69306843343608,13.700549856130497,-0.32637499419876576
0.4959669903506611,13.693049711455734,13.700530911277685,-0.3268143632423557
0.4959671903506611,13.693030962215119,13.700511938511148,-0.3272540230680341
0.4959673903506611,13.6930121856869,13.70049293780343,-0.32769397332641276
0.4959675903506611,13.692993381843724,13.70047390912705,-0.32813421368071094
0.49596779035066113,13.692974550658226,13.700454852454518,-0.32857474380663465
0.49596799035066114,13.69295569210301,13.700435767758329,-0.3290155633923752
0.49596819035066114,13.692936806150678,13.700416655010976,-0.32945667213861063
0.49596839035066115,13.692917892773808,13.70039751418493,-0.3298980697585048
0.49596859035066115,13.692898951944965,13.700378345252659,-0.3303397559777074
0.49596879035066116,13.692879983636699,13.700359148186621,-0.3307817305343545
0.4959689903506611,13.692860987821541,13.70033992295926,-0.3312239931789456
0.4959691903506611,13.692841964471997,13.700320669543002,-0.3316665436748339
0.4959693903506611,13.692822913560574,13.70030138791027,-0.33210938179749117
0.4959695903506611,13.69280383505975,13.70028207803348,-0.3325525073349975
0.49596979035066113,13.692784728941993,13.700262739885028,-0.3329959200879194
0.49596999035066114,13.692765595179747,13.700243373437305,-0.33343961986930915
0.49597019035066114,13.69274643374545,13.700223978662683,-0.33388360650470517
0.49597039035066115,13.692727244611513,13.700204555533535,-0.3343278798321321
0.49597059035066116,13.692708027750342,13.700185104022216,-0.3347724397021005
0.49597079035066116,13.692688783134315,13.700165624101068,-0.3352172859776071
0.4959709903506611,13.69266951073581,13.70014611574243,-0.33566241853401096
0.4959711903506611,13.692650210527159,13.700126578918617,-0.33610783725952803
0.4959713903506611,13.692630882480708,13.700107013601945,-0.3365535420544897
0.49597159035066113,13.692611526568774,13.700087419764715,-0.33699953283183687
0.49597179035066113,13.692592142763655,13.700067797379216,-0.33744580951699665
0.49597199035066114,13.692572731037636,13.700048146417727,-0.3378923720478821
0.49597219035066115,13.692553291362987,13.700028466851473,-0.33833921768186465
0.49597239035066115,13.692533823711969,13.700008758652574,-0.3387863474030652
0.49597259035066116,13.692514328056818,13.699989021793709,-0.3392337623997852
0.4959727903506611,13.692494804369765,13.699969256247048,-0.3396814622208599
0.4959729903506611,13.692475252622994,13.699949461984735,-0.34012944642915316
0.4959731903506611,13.692455672788702,13.699929638978928,-0.340577714600812
0.4959733903506611,13.692436064839056,13.69990978720176,-0.34102626632576366
0.49597359035066113,13.692416428746208,13.699889906625355,-0.3414751012075914
0.49597379035066114,13.692396764482295,13.699869997221828,-0.34192421886353436
0.49597399035066114,13.692377072019443,13.699850058963293,-0.3423736189244878
0.49597419035066115,13.692357351329747,13.699830091821838,-0.3428233010350027
0.49597439035066115,13.692337602385305,13.699810095769555,-0.34327326485328646
0.49597459035066116,13.692317825158177,13.699790070778521,-0.3437235100512017
0.4959747903506611,13.692298019620432,13.699770016820803,-0.34417403631414273
0.4959749903506611,13.692278185744094,13.699749933868452,-0.3446248433415344
0.4959751903506611,13.692258323501195,13.699729821893516,-0.34507593084608285
0.4959753903506611,13.692238432863734,13.69970968086804,-0.34552729855427483
0.49597559035066113,13.692218513803708,13.699689510764042,-0.34597894620625325
0.49597579035066114,13.692198566293088,13.699669311553542,-0.34643087355581714
0.49597599035066114,13.692178590303827,13.69964908320855,-0.3468830803704211
0.49597619035066115,13.692158585807874,13.699628825701062,-0.3473355664311761
0.49597639035066116,13.692138552777145,13.699608539003064,-0.3477883315328487
0.49597659035066116,13.692118491183553,13.699588223086533,-0.34824137548386186
0.4959767903506611,13.692098400998997,13.699567877923444,-0.3486946981061681
0.4959769903506611,13.69207828219534,13.699547503485743,-0.349148299235754
0.4959771903506611,13.69205813474444,13.699527099745383,-0.34960217872188426
0.49597739035066113,13.69203795861815,13.699506666674305,-0.35005633642760553
0.49597759035066113,13.692017753788289,13.699486204244431,-0.35051077222962024
0.49597779035066114,13.69199752022667,13.699465712427681,-0.350965486018287
0.49597799035066115,13.691977257905087,13.699445191195968,-0.3514204776976202
0.49597819035066115,13.691956966795319,13.699424640521181,-0.35187574718529047
0.49597839035066116,13.691936646869122,13.699404060374858,-0.35233129357169163
0.4959785903506611,13.691916298098251,13.699383450727176,-0.35278711403852725
0.4959787903506611,13.691895920454439,13.699362811551156,-0.3532432119379957
0.4959789903506611,13.691875513909402,13.699342142818578,-0.35369958676375346
0.4959791903506611,13.69185507843484,13.699321444501203,-0.3541562380244193
0.49597939035066113,13.691834614002428,13.699300716570793,-0.3546131652434475
0.49597959035066114,13.691814120583826,13.699279958999083,-0.35507036795912816
0.49597979035066114,13.691793598150687,13.699259171757815,-0.35552784572458707
0.49597999035066115,13.691773046674637,13.699238354818714,-0.35598559810778574
0.49598019035066115,13.691752466127292,13.699217508153504,-0.3564436246915216
0.49598039035066116,13.69173185648025,13.699196631733887,-0.3569019250734273
0.4959805903506611,13.691711217705096,13.69917572553158,-0.35736049886584453
0.4959807903506611,13.69169054977339,13.69915478951826,-0.35781934569633217
0.4959809903506611,13.691669852656682,13.699133823665617,-0.35827846520690315
0.4959811903506611,13.691649126326508,13.699112827945326,-0.35873785705453326
0.49598139035066113,13.691628370754389,13.699091802329061,-0.35919752091103424
0.49598159035066114,13.691607585911822,13.699070746788475,-0.35965745646305336
0.49598179035066114,13.69158677177029,13.699049661295222,-0.36011766341207363
0.49598199035066115,13.691565928301266,13.69902854582094,-0.36057814147441375
0.49598219035066116,13.691545055476203,13.699007400337262,-0.36103889038122833
0.49598239035066116,13.691524153266538,13.698986224815812,-0.36149990987850755
0.4959825903506611,13.691503221643694,13.698965019228217,-0.3619611997269493
0.4959827903506611,13.691482260579072,13.698943783546065,-0.36242275970247123
0.4959829903506611,13.691461270044057,13.698922517740964,-0.3628845895954428
0.49598319035066113,13.691440250010027,13.698901221784505,-0.363346689211197
0.49598339035066114,13.691419200448335,13.698879895648265,-0.3638090583699028
0.49598359035066114,13.691398121330327,13.69885853930382,-0.36427169690656475
0.49598379035066115,13.691377012627317,13.698837152722733,-0.36473460467102303
0.49598399035066115,13.691355874310624,13.69881573587656,-0.36519778152795374
0.49598419035066116,13.691334706351531,13.698794288736844,-0.3656612273568685
0.4959843903506611,13.691313508721326,13.69877281127513,-0.3661249420519861
0.4959845903506611,13.69129228139125,13.69875130346294,-0.3665889255227471
0.4959847903506611,13.69127102433255,13.69872976526982,-0.36705317423826306
0.4959849903506611,13.691249737516477,13.698708196667669,-0.36751769045175386
0.49598519035066113,13.691228420914245,13.698686597628425,-0.36798247482378044
0.49598539035066114,13.691207074497052,13.698664968123483,-0.36844752680488363
0.49598559035066114,13.691185698236072,13.698643308124218,-0.3689128458616985
0.49598579035066115,13.691164292102473,13.69862161760201,-0.36937843147695426
0.49598599035066115,13.691142856067396,13.698599896528224,-0.36984428314947493
0.49598619035066116,13.691121390101973,13.698578144874215,-0.3703104003941785
0.4959863903506611,13.691099894177325,13.698556362611345,-0.37077678274194825
0.4959865903506611,13.691078368264542,13.69853454971095,-0.37124342974015
0.4959867903506611,13.69105681233471,13.698512706144367,-0.3717103409518555
0.4959869903506611,13.691035226358897,13.698490831882937,-0.37217751595636056
0.49598719035066113,13.691013610308156,13.698468926897974,-0.3726449543490552
0.49598739035066114,13.69099196415352,13.698446991160798,-0.37311265574142394
0.49598759035066114,13.690970287866014,13.698425024642722,-0.3735806197610455
0.49598779035066115,13.690948581416636,13.698403027315042,-0.3740488460515932
0.49598799035066116,13.690926844776385,13.698380999149057,-0.3745173342728347
0.49598819035066116,13.690905077916224,13.698358940116055,-0.3749860841006316
0.4959883903506611,13.690883280807121,13.698336850187323,-0.3754550952268105
0.4959885903506611,13.690861453420002,13.698314729334117,-0.3759243673596821
0.4959887903506611,13.690839595725803,13.698292577527717,-0.3763939002232615
0.49598899035066113,13.69081770769543,13.698270394739376,-0.37686369355778826
0.49598919035066114,13.690795789299779,13.69824818094035,-0.37733374711959605
0.49598939035066114,13.69077384050973,13.698225936101881,-0.3778040606811133
0.49598959035066115,13.69075186129614,13.69820366019521,-0.3782746340308624
0.49598979035066115,13.690729851629857,13.698181353191563,-0.37874546697346045
0.49598999035066116,13.690707811481717,13.698159015062165,-0.3792165593296188
0.4959901903506611,13.690685740822538,13.69813664577824,-0.37968791093601234
0.4959903903506611,13.690663639623105,13.69811424531098,-0.38015952164580274
0.4959905903506611,13.690641507854211,13.6980918136316,-0.38063139132785395
0.4959907903506611,13.69061934548662,13.698069350711286,-0.38110351986725466
0.49599099035066113,13.690597152491092,13.698046856520188,-0.38157590607734726
0.49599119035066114,13.690574928838371,13.69802433102746,-0.38204854836304925
0.49599139035066114,13.690552674499184,13.698001774206162,-0.38252144867201215
0.49599159035066115,13.690530389444243,13.697979186027304,-0.3829946064572074
0.49599179035066115,13.690508073644226,13.697956566461903,-0.3834680211860698
0.49599199035066116,13.690485727069813,13.697933915480963,-0.3839416923404973
0.4959921903506611,13.690463349691665,13.697911233055493,-0.3844156194167195
0.4959923903506611,13.690440941480418,13.69788851915649,-0.38488980192582417
0.4959925903506611,13.690418502406699,13.697865773754947,-0.38536423939296766
0.49599279035066113,13.690396032441122,13.697842996821867,-0.3858389313579011
0.49599299035066113,13.690373531554286,13.697820188328237,-0.3863138773748389
0.49599319035066114,13.69035099971677,13.697797348245045,-0.38678907701245885
0.49599339035066115,13.690328436899144,13.697774476543275,-0.38726452985390203
0.49599359035066115,13.690305843071954,13.69775157319391,-0.3877402354967726
0.49599379035066116,13.690283218205737,13.697728638167918,-0.3882161935531383
0.49599399035066116,13.690260562271014,13.697705671436283,-0.38869240364952995
0.4959941903506611,13.690237875238296,13.697682672969975,-0.3891688654268095
0.4959943903506611,13.690215157078057,13.69765964273995,-0.38964557854069887
0.4959945903506611,13.690192407760785,13.697636580717177,-0.39012254266098656
0.49599479035066113,13.690169627256928,13.697613486872617,-0.39059975747205683
0.49599499035066114,13.69014681553694,13.697590361177223,-0.39107722267275674
0.49599519035066114,13.69012397257124,13.697567203601952,-0.391554937976397
0.49599539035066115,13.690101098330242,13.697544014117746,-0.39203290311075184
0.49599559035066115,13.69007819278435,13.697520792695562,-0.39251111781805803
0.49599579035066116,13.690055255903943,13.69749753930633,-0.39298958185501626
0.4959959903506611,13.690032287659388,13.697474253921003,-0.39346829499265745
0.4959961903506611,13.690009288021033,13.697450936510501,-0.39394725701687444
0.4959963903506611,13.68998625695921,13.697427587045762,-0.3944264677276247
0.4959965903506611,13.689963194444248,13.697404205496444,-0.39490592572220046
0.49599679035066113,13.68994010044646,13.697380791832323,-0.39538563079476907
0.49599699035066114,13.689916974936152,13.697357346025461,-0.39586558408612
0.49599719035066114,13.689893817883592,13.697333868046575,-0.3963457850127035
0.49599739035066115,13.689870629259046,13.697310357866384,-0.3968262330060514
0.49599759035066115,13.689847409032756,13.697286815455595,-0.3973069275127771
0.49599779035066116,13.689824157174952,13.697263240784928,-0.3977878679945752
0.4959979903506611,13.689800873655855,13.697239633825099,-0.3982690539280886
0.4959981903506611,13.689777558445655,13.697215994546806,-0.3987504848054419
0.4959983903506611,13.68975421151454,13.697192322920758,-0.39923216013344126
0.49599859035066113,13.689730832832687,13.69716861891767,-0.3997140794341071
0.49599879035066113,13.689707422370246,13.697144882508242,-0.4001962422445421
0.49599899035066114,13.689683980097362,13.69712111366318,-0.4006786481169297
0.49599919035066115,13.689660505984158,13.697097312353185,-0.40116129661853533
0.49599939035066115,13.68963700000075,13.697073478548957,-0.40164418733170587
0.49599959035066116,13.689613462117233,13.6970496122212,-0.40212731985386957
0.49599979035066116,13.689589892303689,13.697025713340606,-0.4026106937975362
0.4959999903506611,13.689566290530195,13.697001781877882,-0.40309430879016284
0.4960001903506611,13.689542656766784,13.696977817803713,-0.40357816447469075
0.4960003903506611,13.689518990983508,13.696953821088792,-0.40406226050874006
0.49600059035066113,13.689495293150385,13.696929791703813,-0.4045465965651466
0.49600079035066114,13.689471563237428,13.696905729619472,-0.40503117233182756
0.49600099035066114,13.689447801214627,13.696881634806449,-0.4055159875117818
0.49600119035066115,13.689424007051961,13.696857507235439,-0.4060010418230899
0.49600139035066115,13.689400180719398,13.696833346877124,-0.40648633499891335
0.49600159035066116,13.689376322186881,13.69680915370219,-0.40697186678749553
0.4960017903506611,13.689352431424359,13.696784927681328,-0.40745763695202647
0.4960019903506611,13.68932850840173,13.696760668785206,-0.4079436452711822
0.4960021903506611,13.689304553088908,13.696736376982544,-0.4084298899771817
0.4960023903506611,13.689280565455803,13.696712052243514,-0.4089163716500015
0.49600259035066113,13.689256545472304,13.696687694539767,-0.409403090963904
0.49600279035066114,13.689232493108271,13.69666330384175,-0.40989004729535283
0.49600299035066114,13.689208408333545,13.696638880119904,-0.41037724003662723
0.49600319035066115,13.689184291117963,13.696614423344675,-0.41086466859582105
0.49600339035066116,13.68916014143134,13.696589933486514,-0.4113523323968436
0.49600359035066116,13.689135959243488,13.696565410515863,-0.4118402308794188
0.4960037903506611,13.689111744524196,13.696540854403178,-0.4123283634989506
0.4960039903506611,13.68908749724323,13.696516265118895,-0.412816729727064
0.4960041903506611,13.689063217370359,13.696491642633465,-0.413305329050793
0.49600439035066113,13.689038904875327,13.69646698691734,-0.413794160973122
0.49600459035066113,13.689014559727875,13.69644229794097,-0.4142832250128503
0.49600479035066114,13.68899018189772,13.696417575674808,-0.4147725207045925
0.49600499035066115,13.688965771354566,13.696392820089297,-0.41526204759877816
0.49600519035066115,13.68894132806811,13.696368031154895,-0.4157518052616519
0.49600539035066116,13.688916852008024,13.696343208842052,-0.4162417932752732
0.49600559035066116,13.688892343143975,13.69631835312122,-0.4167320112375172
0.4960057903506611,13.688867801445621,13.696293463962858,-0.41722245876193703
0.4960059903506611,13.68884322688258,13.696268541337409,-0.4177131354783099
0.4960061903506611,13.688818619424485,13.69624358521533,-0.4182040410318198
0.49600639035066113,13.688793979040938,13.696218595567078,-0.4186951750836015
0.49600659035066114,13.688769305701534,13.696193572363109,-0.41918653731060507
0.49600679035066114,13.688744599375859,13.696168515573877,-0.41967812740559546
0.49600699035066115,13.688719860033475,13.696143425169836,-0.4201699450771529
0.49600719035066115,13.68869508764393,13.69611830112145,-0.4206619900496725
0.49600739035066116,13.688670282176762,13.696093143399171,-0.42115426206336437
0.4960075903506611,13.688645443601505,13.696067951973466,-0.4216467608741173
0.4960077903506611,13.688620571887663,13.696042726811756,-0.42213948503907583
0.4960079903506611,13.688595667004751,13.696017467885097,-0.4226324351606611
0.4960081903506611,13.688570728922256,13.695992175164724,-0.42312561117383335
0.49600839035066113,13.68854575760964,13.695966848620815,-0.423619012474906
0.49600859035066114,13.688520753036364,13.69594148822356,-0.42411263847325154
0.49600879035066114,13.688495715171866,13.695916093943152,-0.4246064885913006
0.49600899035066115,13.688470643985575,13.695890665749788,-0.4251005622645426
0.49600919035066116,13.688445539446906,13.695865203613668,-0.4255948589415256
0.49600939035066116,13.688420401525264,13.695839707504998,-0.4260893780838563
0.4960095903506611,13.688395230190036,13.695814177393997,-0.4265841191660622
0.4960097903506611,13.68837002541059,13.695788613250865,-0.42707908167614184
0.4960099903506611,13.688344787156295,13.695763015045832,-0.42757426511474017
0.49601019035066113,13.688319515396497,13.695737382749124,-0.42806966899569826
0.49601039035066113,13.688294210100532,13.69571171633097,-0.4285652928459155
0.49601059035066114,13.688268871237723,13.695686015761607,-0.42906113620534997
0.49601079035066115,13.68824349877738,13.695660281011273,-0.42955719862701836
0.49601099035066115,13.688218092688796,13.695634512050214,-0.4300534796769958
0.49601119035066116,13.688192652941256,13.69560870884868,-0.4305499789344164
0.49601139035066116,13.688167179504024,13.695582871376923,-0.43104669599147233
0.4960115903506611,13.688141672346367,13.695556999605214,-0.43154363045327665
0.4960117903506611,13.688116131437512,13.695531093503797,-0.432040781938415
0.4960119903506611,13.688090556746698,13.695505153042953,-0.4325381500781176
0.49601219035066113,13.688064948243136,13.695479178192953,-0.43303573451681093
0.49601239035066114,13.688039305896034,13.695453168924075,-0.43353353491198066
0.49601259035066114,13.688013629674579,13.695427125206606,-0.4340315509341707
0.49601279035066115,13.687987919547941,13.695401047008366,-0.43452978139099
0.49601299035066115,13.687962175485318,13.6953749342999,-0.4350282269904159
0.49601319035066116,13.687936397455857,13.695348787052092,-0.4355268875993507
0.4960133903506611,13.687910585428698,13.695322605234917,-0.43602576258751985
0.4960135903506611,13.687884739372956,13.695296388818344,-0.43652485133823915
0.4960137903506611,13.687858859257753,13.695270137772363,-0.43702415324758476
0.4960139903506611,13.687832945052186,13.695243852066982,-0.43752366772494616
0.49601419035066113,13.687806996725346,13.695217531672196,-0.43802339419288844
0.49601439035066114,13.687781014246303,13.695191176558014,-0.43852333208715194
0.49601459035066114,13.687754997584124,13.695164786694452,-0.439023480856652
0.49601479035066115,13.687728946707855,13.695138362051537,-0.43952383996347977
0.49601499035066116,13.687702861586535,13.695111902599297,-0.4400244088829013
0.49601519035066116,13.687676742189195,13.695085408307769,-0.440525187103358
0.4960153903506611,13.687650588484852,13.695058879147009,-0.44102617412632766
0.4960155903506611,13.687624400442493,13.69503231508705,-0.4415273694668805
0.4960157903506611,13.687598178031111,13.695005716097954,-0.44202877265284474
0.49601599035066113,13.687571921219687,13.694979082149795,-0.44253038322536326
0.49601619035066113,13.687545629977182,13.69495241321264,-0.44303220073875377
0.49601639035066114,13.687519304272548,13.69492570925657,-0.4435342247605099
0.49601659035066115,13.687492944074727,13.69489897025167,-0.4440364548712999
0.49601679035066115,13.68746654935264,13.694872196168031,-0.4445388906649678
0.49601699035066116,13.687440120075202,13.694845386975759,-0.4450415317485328
0.49601719035066116,13.687413656211321,13.69481854264496,-0.4455443777421894
0.4960173903506611,13.687387157729885,13.694791663145752,-0.44604742827916743
0.4960175903506611,13.687360624599766,13.694764748448245,-0.4465506830062916
0.4960177903506611,13.687334056789828,13.694737798519906,-0.4470541407836489
0.49601799035066113,13.687307454268952,13.694710813331056,-0.447557802304583
0.49601819035066114,13.687280817005984,13.694683792852521,-0.4480616674186753
0.49601839035066114,13.687254144969748,13.69465673705408,-0.4485657354668664
0.49601859035066115,13.687227438129066,13.69462964590553,-0.44907000580362155
0.49601879035066115,13.68720069645274,13.694602519376676,-0.4495744777969305
0.49601899035066116,13.687173919909567,13.694575357437328,-0.4500791508283077
0.4960191903506611,13.687147108468336,13.694548160057318,-0.45058402429265165
0.4960193903506611,13.687120262097803,13.694520927206458,-0.4510890975988061
0.4960195903506611,13.687093380766736,13.694493658854599,-0.45159437016871884
0.4960197903506611,13.68706646444389,13.694466354971583,-0.4520998414380026
0.49601999035066113,13.687039513097991,13.694439015527275,-0.4526055108557942
0.49602019035066114,13.687012526697776,13.69441164049154,-0.4531113778847555
0.49602039035066114,13.686985505211954,13.694384229834247,-0.4536174420010724
0.49602059035066115,13.68695844860923,13.694356783525286,-0.45412370269445584
0.49602079035066116,13.686931356858294,13.694329301534548,-0.4546301594681411
0.49602099035066116,13.686904229927826,13.69430178383194,-0.45513681183888804
0.4960211903506611,13.686877067786506,13.694274230387371,-0.45564365933684015
0.4960213903506611,13.686849870402977,13.694246641170755,-0.45615070150608794
0.4960215903506611,13.686822637745891,13.694219016152026,-0.45665793790382414
0.49602179035066113,13.68679536978388,13.694191355301122,-0.4571653681009068
0.49602199035066113,13.686768066485573,13.694163658587987,-0.45767299168171854
0.49602219035066114,13.686740727819581,13.694135925982584,-0.45818080824416657
0.49602239035066115,13.6867133537545,13.69410815745487,-0.4586888173996826
0.49602259035066115,13.686685944258924,13.694080352974824,-0.45919701877322283
0.49602279035066116,13.68665849930143,13.694052512509574,-0.45970541128229925
0.49602299035066116,13.686631018850612,13.694024636029196,-0.46021399561290527
0.4960231903506611,13.68660350287504,13.693996723504496,-0.4607227715972933
0.4960233903506611,13.686575951343238,13.69396877490506,-0.4612317385505571
0.4960235903506611,13.686548364223754,13.693940790200525,-0.4617408958013222
0.49602379035066113,13.68652074148511,13.693912769360518,-0.4622502426923114
0.49602399035066114,13.686493083095822,13.693884712354683,-0.46275977858020334
