t_s,t_ms,deltaE_nJ,Wbase_nJ,Wbias_nJ,Dfilm_nJ,Dwall_nJ,ER_pJ,residual_aJ
0.0,0.0,0.0,0.0,0.0,0.0,0.0,0.0,0.0
5.0e-5,0.05,3.2311742677852644e-18,3.6965480254244773e-22,3.539294818361747e-28,-1.0480509073990235e-23,-3.884660310536389e-41,4.1992230379301e-33,3.2307941321197187e-9
0.0001,0.1,3.2311742677852644e-18,9.405648317367928e-20,4.0955163712710047e-25,4.0508607606348216e-22,7.870206061724058e-40,5.244919593341115e-32,3.1375224611360117e-9
0.00035,0.35,2.0614891828469987e-15,2.0894819300305926e-15,1.2900067254322533e-19,3.126633521692406e-17,6.1036538702506e-35,1.219287295080524e-26,3.1445873607991744e-9
0.0004,0.4,5.955054175528242e-15,6.0604875116233555e-15,4.91507380488959e-19,1.0334845909417574e-16,2.018319878231483e-34,2.6103884600586415e-27,-2.576384381424003e-9
0.00045,0.45,1.5199443755661884e-14,1.5494148493712466e-14,1.5963386308564215e-18,2.9623459811913614e-16,5.7857819624269785e-34,9.357087571796248e-26,-6.647856220809634e-11
0.0005,0.5,3.510993959375468e-14,3.58570222484644e-14,4.5714282786431e-18,7.59041114690649e-16,1.4827289003938164e-33,1.4899263402667803e-26,7.3870317023057945e-9
0.00055,0.55,7.479199077642551e-14,7.655424750698258e-14,1.182401236546924e-17,1.7757709296733969e-15,3.469101541342701e-33,4.712024515057195e-25,1.690186751335557e-9
0.0006,0.6,1.4908961188987988e-13,1.529109347023952e-13,2.811712556661487e-17,3.85387975787305e-15,7.529533084656833e-33,6.167747595177098e-26,4.439819791161171e-9
0.00065,0.65,2.8101845724355223e-13,2.888043018341124e-13,6.230429666052294e-17,7.851902668914708e-15,1.5341599980834673e-32,1.7943896191252387e-24,3.753781695807881e-9
0.0007,0.7,5.050357692291046e-13,5.200643893812352e-13,1.3000105172358384e-16,1.5159209841847044e-14,2.9620946740877805e-32,2.0433114462600992e-25,5.886379930510435e-10
0.00075,0.75,8.710890396779616e-13,8.98766614361109e-13,2.575461524283642e-16,2.793822266905022e-14,5.459352603519665e-32,5.599786952031515e-24,3.1018334801322095e-9
0.0009,0.9,3.665473169944014e-12,3.8036446903992834e-12,1.5592368746505806e-15,1.397378372189178e-13,2.730904892128188e-31,1.4250656434681221e-24,7.079888999454817e-9
0.00095,0.95,5.606507407262246e-12,5.828646264177448e-12,2.6546201702431598e-15,2.2479233763043408e-13,4.393258790850707e-31,3.603231378446926e-23,-1.1394549756910767e-9
0.001,1.0,8.385717943166778e-12,8.733882324333282e-12,4.393718108559296e-15,3.525581743471234e-13,6.890456883712969e-31,3.2004529887505954e-24,7.507206297861244e-11
0.00105,1.05,1.2291768193218744e-11,1.2825078073590994e-11,7.089030156339709e-15,5.40406067428347e-13,1.0562042453531785e-30,7.858886979723169e-23,7.156899836722469e-9
0.0011,1.1,1.7689861629034573e-11,1.848994070020093e-11,1.1175983575992023e-14,8.112638768430157e-13,1.5856218527064695e-30,6.637666222384845e-24,8.822100671732688e-9
0.00115,1.15,2.5036453314727217e-11,2.6214140788151237e-11,1.7250922246554403e-14,1.1949397626271057e-12,2.335566543385551e-30,1.5883322055417276e-22,1.366956689907102e-9
0.0012,1.2,3.4895735358020394e-11,3.659927866685863e-11,2.611781412431038e-14,1.7296630863043022e-12,3.380772436931057e-30,1.2916762643261319e-23,1.9633417718974102e-9
0.00125,1.25,4.795793828130132e-11,5.03829329131327e-11,3.884500513675355e-14,2.463843942361807e-12,4.815873199201268e-30,3.0125809385738425e-22,4.305393972777882e-9
0.0013,1.3,6.505962279602241e-11,6.846087087868865e-11,5.6833400113659605e-14,3.4580806243278924e-12,6.759334264201782e-30,2.3932992715158397e-23,-8.584519786059633e-10
0.00135,1.35,8.720598782984604e-11,9.19114980567644e-11,8.189755196540502e-14,4.787408641554816e-12,9.357841639957062e-30,5.415865736020145e-22,8.626715963222513e-10
0.0014,1.4,1.1559513987656992e-10,1.220226003858707e-10,1.1636115303755057e-13,6.543820724219266e-12,1.2791238141435203e-29,4.2889042257889065e-23,-9.38119001370909e-10
0.00145,1.45,1.5164456277572878e-10,1.603204322420272e-10,1.631685109156603e-13,8.839042292835322e-12,1.7277939617147426e-29,9.303907004569723e-22,4.315622174819302e-9
0.0019,1.9,1.2036484778860137e-9,1.2878492054135063e-9,2.1343668789385314e-12,8.633509640639502e-11,1.6877630065823276e-28,9.318429626122945e-22,1.9999647858982957e-9
0.00195,1.95,1.4656591421401871e-9,1.5699655922644825e-9,2.7225054378484568e-12,1.0702895211682147e-10,2.092321799459728e-28,8.978393577633092e-21,-3.4453134590320743e-9
0.002,2.0,1.7750730974567252e-9,1.903476499129593e-9,3.448797427190458e-12,1.318522054259662e-10,2.5776122355072876e-28,1.9126741391748657e-21,6.325910073113298e-9
0.00205,2.0500000000000003,2.1387639142267366e-9,2.29588703561669e-9,4.340186663661514e-12,1.6146330669930458e-10,3.1565077813567647e-28,1.3643931934215154e-20,-1.3542967961165992e-9
0.0021,2.1,2.564354355831756e-9,2.7555247768463824e-9,5.427792482775878e-12,1.9659821388386414e-10,3.843397493889565e-28,3.981147504781384e-21,3.8646564895487096e-10
0.00215,2.15,3.0602693020470756e-9,3.2915977074611768e-9,6.747380781511877e-12,2.380757829159611e-10,4.654291125303042e-28,2.0916153842429618e-20,-3.279630954075539e-9
0.0022,2.2,3.635789977839482e-9,3.914253281742815e-9,8.339864681137648e-12,2.868031684903047e-10,5.606925044290321e-28,8.268531928269714e-21,-9.415823349860587e-11
0.00255,2.5500000000000003,1.0878716041670439e-8,1.1774829891101202e-8,3.1903303808127736e-11,9.280171500588996e-10,1.81431041219884e-27,1.3992679918637176e-19,-3.17985150884825e-9
0.0026,2.6,1.2546519455793667e-8,1.3588236951363924e-8,3.795669927294815e-11,1.0796741997869236e-9,2.1108147609363937e-27,1.2672263146744062e-19,4.943844641279541e-9
0.00265,2.65,1.4425316258700717e-8,1.563187355938713e-8,4.497886129413959e-11,1.2515361607279184e-9,2.4468229474257193e-27,2.345827783660549e-19,-1.2523989242469815e-9
0.0027,2.7,1.6536074263998283e-8,1.7928630271395963e-8,5.309543387403945e-11,1.4456514396385161e-9,2.8263401005872643e-27,2.3527522152603583e-19,-1.6329665331177881e-9
0.00275,2.75,1.8901243130892835e-8,2.050300030566818e-8,6.244429406487878e-11,1.6642014662238961e-9,3.253631429397188e-27,3.9510295966720823e-19,-2.61593325074884e-9
0.0028,2.8,2.154480885471347e-8,2.338113494849587e-8,7.31762800384587e-11,1.9095023788297122e-9,3.7332255733108425e-27,4.2566997808500517e-19,5.009279074105069e-9
0.00285,2.85,2.449234706190028e-8,2.6590897231932987e-8,8.545592013949042e-11,2.1840060889371965e-9,4.2699166304333595e-27,6.642226847425413e-19,-1.2343385161934903e-9
0.0032,3.2,5.6141640233334666e-8,6.106751362632327e-8,2.317739463774777e-10,5.157647338308345e-9,1.0083855782714772e-26,3.594913625880197e-18,-1.0541515920845315e-9
0.00325,3.25,6.264869621695894e-8,6.815468839575061e-8,2.6423527214749103e-10,5.770227442406485e-9,1.1281558783471876e-26,4.7926302501225736e-18,-8.527888371254418e-9
0.0033,3.3,6.976936715760366e-8,7.590898255087085e-8,3.0045682288878856e-10,6.440072218812611e-9,1.2591227776314563e-26,5.807292144042708e-18,2.662443303347825e-9
0.00335,3.35,7.754764869501844e-8,8.437779011116399e-8,3.4077757803257326e-10,7.170918991796131e-9,1.402017040087543e-26,7.57909500334582e-18,-2.374412776444936e-9
0.0034,3.4,8.602957921086261e-8,9.361063506333533e-8,3.8555719937786216e-10,7.96661305279773e-9,1.5575905467850912e-26,9.201730312954381e-18,9.563551806244809e-10
0.00365,3.65,1.4075127134960723e-7,1.5311998419533242e-7,6.904272513082193e-10,1.3059140094060012e-8,2.5532849183150022e-26,2.729846409977247e-17,-2.9461042803928877e-9
0.0037,3.7,1.545391382077251e-7,1.6809831837665304e-7,7.70722271059459e-10,1.4329902441408273e-8,2.8017468082366925e-26,3.292138565070817e-17,1.4537874481487272e-9
0.00375,3.75,1.6941188832139646e-7,1.8424817725003479e-7,8.586049911621473e-10,1.569489391191314e-8,3.068633122082751e-26,4.0596731158132784e-17,-7.846737794475184e-9
0.0038,3.8,1.8543257010130616e-7,2.0163653072608308e-7,9.546128552964972e-10,1.7158573474798718e-8,3.3548157597222526e-26,4.874678935842596e-17,-5.225932326153034e-9
0.00395,3.95,2.4104516307611764e-7,2.619349476016868e-7,1.297107238672821e-9,2.2186891759357262e-8,4.3379704047177683e-26,8.603534530858883e-17,-4.7986378049715036e-9
0.004,4.0,2.6233133700681266e-7,2.849904887531301e-7,1.4314506264544915e-9,2.4090602368793492e-8,4.7101921082535327e-26,1.0229567849746661e-16,-3.876172828392416e-9
0.00405,4.05,2.851131138659571e-7,3.096519009526055e-7,1.5769513591650673e-9,2.6115738442324837e-8,5.106156210448035e-26,1.227388565897103e-16,-3.3659369785978836e-9
0.0041,4.1000000000000005,3.094664754208539e-7,3.3599906817456264e-7,1.7342842922314136e-9,2.826687704807906e-8,5.526757728524259e-26,1.45184557717052e-16,2.284041980478465e-9
0.00415,4.15,3.354695300619997e-7,3.6411396944409545e-7,1.9041466840070577e-9,3.05485860613364e-8,5.972889882574091e-26,1.7288194531535009e-16,-4.593475421343732e-9
0.0046,4.6,6.57654723773191e-7,7.112317866841784e-7,4.122491255330159e-9,5.769955416260974e-8,1.1281647615389407e-25,6.985240934968636e-16,-3.0093687679500752e-9
0.00465,4.6499999999999995,7.049076889473104e-7,7.61978174074558e-7,4.460706397317275e-9,6.153119151118777e-8,1.203084407939699e-25,8.065541066285179e-16,-1.2570523176600112e-8
0.0047,4.7,7.548054444344484e-7,8.155260729391745e-7,4.820506889313059e-9,6.55411353872047e-8,1.281490610889063e-25,9.261923966814836e-16,-5.908161423701124e-9
0.00475,4.75,8.074503752290134e-7,8.719809120519872e-7,5.202831850637943e-9,6.97333686595552e-8,1.3634612608854143e-25,1.064001440916519e-15,-1.2992354219715403e-8
0.0052,5.2,1.4227167493158243e-6,1.5291840498945131e-6,9.820707062969761e-9,1.1628800763045048e-7,2.2737524070858416e-25,3.3187648843839665e-15,-7.88937326121205e-9
0.00525,5.25,1.5088843402514701e-6,1.6209072086690515e-6,1.048361461906939e-8,1.225064830157511e-7,2.395344530693758e-25,3.730941048867178e-15,-1.7168719437423523e-8
0.0053,5.3,1.5990511856347368e-6,1.7168171779278966e-6,1.118046278148861e-8,1.2894645505981874e-7,2.52126792943963e-25,4.182326031194071e-15,-1.0647304941574573e-8
0.00535,5.35,1.693342632751499e-6,1.8170413802899958e-6,1.1912382140503162e-8,1.3561112966255137e-7,2.6515853133751233e-25,4.684486968782503e-15,-1.1763962204818203e-8
0.0054,5.4,1.7918860109319326e-6,1.921709163612589e-6,1.2680518377482208e-8,1.425036710449736e-7,2.7863585793441066e-25,5.233227975818316e-15,-7.93204570580385e-9
0.00545,5.45,1.8948106583498737e-6,2.0309518333821514e-6,1.3486032346338045e-8,1.496272073585759e-7,2.9256489198419456e-25,5.841139785495377e-15,-1.4198510217846686e-8
0.0055,5.5,2.0022479515622144e-6,2.1449026880834522e-6,1.4330100205491844e-8,1.5698483671494937e-7,3.0695169418638253e-25,6.5040171227717914e-15,-5.276246860764161e-9
0.00555,5.55,2.1143313392585175e-6,2.2636970590526546e-6,1.5213913601192032e-8,1.6457963337463772e-7,3.218022787109298e-25,7.2355360327586e-15,-1.3455945587000833e-8
0.0057,5.7,2.479824428207469e-6,2.650525996740731e-6,1.8115981039873046e-8,1.888175495466662e-7,3.6919644002286844e-25,9.857234685606535e-15,-1.6611364555981593e-8
0.00575,5.75,2.611869471311788e-6,2.790089970655979e-6,1.9171012013312612e-8,1.973915113276078e-7,3.8596181671527223e-25,1.0898905964767455e-14,-1.899729901572583e-8
0.0058,5.8,2.749260326405369e-6,2.9352062233242913e-6,2.0271988962261924e-8,2.0621788585730458e-7,4.0322080316093526e-25,1.2027796467580386e-14,-1.185199415146021e-8
0.00595,5.95,3.194987355432175e-6,3.405366082848151e-6,2.386359846285339e-8,2.3424232584736377e-7,4.580197649739702e-25,1.6049048228881406e-14,-1.5416560759314503e-8
0.006,6.0,3.3552532219005776e-6,3.5742011024132407e-6,2.5161454873218265e-8,2.441093353585671e-7,4.773138172618032e-25,1.7618473340288514e-14,-9.695741474651727e-9
0.00605,6.05,3.5216231505918666e-6,3.7493556674093997e-6,2.651189980686929e-8,2.542444165839203e-7,4.9713212035273515e-25,1.9323902772268725e-14,-2.1158038338932758e-8
0.0061,6.1000000000000005,3.6942564120859914e-6,3.93099091527716e-6,2.7916320723129867e-8,2.6465082388135753e-7,5.174810428681736e-25,2.1161962442507213e-14,-1.1778482175854927e-8
0.00615,6.15,3.873314952287954e-6,4.119270692831629e-6,2.9376126193711586e-8,2.7533186668855124e-7,5.383670613593306e-25,2.3154420214398684e-14,-2.568151468088977e-8
0.0062,6.2,4.058963450178585e-6,4.3143616187725695e-6,3.089274656831468e-8,2.862909151201393e-7,5.597967713503887e-25,2.5298232506206562e-14,-1.6861704633872822e-8
0.0066,6.6,5.802097500239425e-6,6.141246749620983e-6,4.525041230577315e-8,3.843996616257737e-7,7.516453369665393e-25,4.9513277046115274e-14,-1.204457481994729e-8
0.00665,6.6499999999999995,6.054944285410611e-6,6.405622281924175e-6,4.734666083092616e-8,3.9802465726644085e-7,7.782890590251572e-25,5.361912917917252e-14,-2.4430677108048702e-8
0.0067,6.7,6.316189849577588e-6,6.67864009800898e-6,4.951537318824509e-8,4.119656215442519e-7,8.055507802489799e-25,5.800517175713044e-14,-1.737929599531096e-8
0.00675,6.75,6.586032237495532e-6,6.960500809280787e-6,5.1758262604513065e-8,4.2622683430890077e-7,8.334388792049696e-25,6.270513621600041e-14,-1.8161944620903353e-8
0.0071,7.1000000000000005,8.73295676680168e-6,9.19867168994617e-6,6.968555175698423e-8,5.354004747772968e-7,1.046934599029796e-24,1.0573324581519972e-13,-1.844366657168041e-8
0.00715,7.15,9.079092174428818e-6,9.558893346446979e-6,7.258709042871508e-8,5.523882623047632e-7,1.0801559692502456e-24,1.1359674364848132e-13,-2.8516434255221203e-8
0.0072,7.2,9.435752143668423e-6,9.929911210801059e-6,7.557956709976347e-8,5.697386340931979e-7,1.1140866136723693e-24,1.2195013266811362e-13,-1.724992280685471e-8
0.00725,7.25,9.803166617321415e-6,1.0311958270634073e-5,7.866499514695006e-8,5.874566483062803e-7,1.1487364388114217e-24,1.3084146405277658e-13,-2.2486184280485484e-8
0.0073,7.3,1.0181568508755844e-5,1.07052705041244e-5,8.184541764807188e-8,6.05547412848757e-7,1.1841154492308491e-24,1.4027750678707247e-13,-2.759386142656523e-8
0.00735,7.35,1.0571193624387805e-5,1.1110086795256748e-5,8.512290696928305e-8,6.240160776573844e-7,1.2202337324086106e-24,1.503097378660876e-13,-3.05323682985135e-8
0.0074,7.4,1.0972280574504245e-5,1.1526648836928814e-5,8.849956425226183e-8,6.428678264989414e-7,1.2571014428105367e-24,1.6094655134423702e-13,-1.6941774015752756e-8
0.00745,7.45,1.1385070675009426e-5,1.1955201024491393e-5,9.19775188008264e-8,6.621078680840178e-7,1.2947287844550651e-24,1.7224304389147492e-13,-2.6532843509042968e-8
0.0079,7.9,1.5667820782270306e-5,1.6393219386456142e-5,1.282016582377347e-7,8.536002620933747e-7,1.6692412158113703e-24,3.0904701338442276e-13,-2.1149952514654243e-8
0.00795,7.95,1.621141825138235e-5,1.6955610860004516e-5,1.328152443258963e-7,8.770078525866047e-7,1.7150226584795002e-24,3.2892162612804606e-13,-3.2535581959709104e-8
0.008,8.0,1.6769513177125948e-5,1.7532817700030382e-5,1.37555128209404e-7,9.008596507338752e-7,1.7616733379380435e-24,3.498844082566865e-13,-3.0078280239945657e-8
0.00805,8.05,1.7342367865821027e-5,1.8125104476988394e-5,1.4242369109524197e-7,9.251603018626051e-7,1.809202368301072e-24,3.720159354021508e-13,-2.7985629473620614e-8
0.0081,8.1,1.79302451229167e-5,1.873273612036071e-5,1.4742332488497216e-7,9.499143219033556e-7,1.8576186118180238e-24,3.95339723443327e-13,-3.028535622756617e-8
0.00845,8.45,2.248808829569357e-5,2.3438028042664272e-5,1.862929360030935e-7,1.136232682350312e-6,2.2220535465639378e-24,5.973319712564244e-13,-2.61491612862661e-8
0.0085,8.5,2.320558762369393e-5,2.4177916032129686e-5,1.9242782150511308e-7,1.1647562292828065e-6,2.277847568290261e-24,6.324528623688867e-13,-2.5608988781416012e-8
0.00855,8.55,2.3940457001917738e-5,2.4935507318923962e-5,1.987154254820467e-7,1.1937657417838147e-6,2.3345928801966607e-24,6.693619546672048e-13,-3.50958300276039e-8
0.0086,8.6,2.46929505482237e-5,2.5711056135330706e-5,2.051581228204378e-7,1.2232637091842953e-6,2.3922943932358655e-24,7.080961127801717e-13,-3.505066774077999e-8
0.00865,8.65,2.54633200562158e-5,2.6504814133785726e-5,2.117582730031557e-7,1.2532523497910097e-6,2.4509564894994695e-24,7.487650740559869e-13,-3.3304524127073286e-8
0.0087,8.7,2.6251814722926374e-5,2.731703010636541e-5,2.1851821746325623e-7,1.2837336000799953e-6,2.5105830011547015e-24,7.914083442182561e-13,-3.0887454313476104e-8
0.00875,8.75,2.7058680878719028e-5,2.8147949707011523e-5,2.2544027692350174e-7,1.3147091043461767e-6,2.5711771901103315e-24,8.361404169684819e-13,-3.368159963976893e-8
0.00905,9.05,3.229904497071565e-5,3.353953567199229e-5,2.705037280244357e-7,1.5109944281113335e-6,2.9551698630011496e-24,1.1525220915098701e-12,-3.721530206470645e-8
0.0091,9.1,3.324111208431287e-5,3.450793815399873e-5,2.7862327421831306e-7,1.5454493426598432e-6,3.022577577985841e-24,1.2140463072602048e-12,-3.0282595214397896e-8
0.00915,9.15,3.420338642540911e-5,3.549686411792653e-5,2.869224373173034e-7,1.580400128519424e-6,3.090956543309964e-24,1.2783436231553794e-12,-3.6958527840057014e-8
0.0092,9.2,3.5186076811006664e-5,3.650651902821251e-5,2.95403233186781e-7,1.6158454490112936e-6,3.1603042007177186e-24,1.3454647940471274e-12,-3.587108308220985e-8
0.00925,9.25,3.6189386681721394e-5,3.753710266338424e-5,3.0406763122407534e-7,1.6517836114292576e-6,3.230617296501545e-24,1.4155450854810752e-12,-4.2115508792713075e-8
0.0093,9.299999999999999,3.721351388504528e-5,3.85888088998225e-5,3.129175520376825e-7,1.6882125652909494e-6,3.3018918781500332e-24,1.4886368619136033e-12,-3.531414728312381e-8
0.00935,9.350000000000001,3.82586504688227e-5,3.966182550656264e-5,3.219548651981668e-7,1.725129901341088e-6,3.3741232922327676e-24,1.5648786277017483e-12,-3.2147067963887755e-8
0.0094,9.4,3.9324982482529934e-5,4.075633394873463e-5,3.311813870726785e-7,1.7625328515953196e-6,3.447306184538983e-24,1.6443240645436821e-12,-3.7734569755568184e-8
0.0098,9.799999999999999,4.863888120039344e-5,5.030566680210233e-5,4.120039252578182e-7,2.0787895245225266e-6,4.066151638202621e-24,2.4079744328029337e-12,-3.6209898841002276e-8
0.00985,9.85,4.9903269766963725e-5,5.160064481457187e-5,4.2300533203982414e-7,2.1203803770810716e-6,4.147543424583598e-24,2.5209515773044563e-12,-4.5948386715955664e-8
0.0099,9.9,5.1190348200500594e-5,5.2918547482139035e-5,4.34210777127166e-7,2.1624100560927767e-6,4.229795804140828e-24,2.6381343406577776e-12,-3.4698835777051425e-8
0.00995,9.950000000000001,5.250022651233229e-5,5.425947723185109e-5,4.4562137700611135e-7,2.2048720937224756e-6,4.3128961906479295e-24,2.759671130673958e-12,-4.276493853293627e-8
0.01,10.0,5.383300717846571e-5,5.562352873311973e-5,4.5723817703025e-7,2.2477597287599e-6,4.3968314240752805e-24,2.8856160085557687e-12,-3.8755158551697866e-8
0.01005,10.05,5.5188785085803504e-5,5.701078885482468e-5,4.6906215068459417e-7,2.291065916648656e-6,4.48158779006089e-24,3.0161172291070264e-12,-4.099828453569382e-8
0.0102,10.200000000000001,5.939493644512927e-5,6.13125720181701e-5,5.057857582006441e-7,2.4234213277648004e-6,4.7406386661560476e-24,3.435768993881296e-12,-4.090086021389902e-8
0.01025,10.25,6.084349910151381e-5,6.279337839551969e-5,5.184467048595351e-7,2.4683259952364998e-6,4.828532074881307e-24,3.5853974826555774e-12,-4.351948398878017e-8
0.0103,10.3,6.231541844156187e-5,6.429770997702055e-5,5.313185971723294e-7,2.513610128853287e-6,4.917170482819905e-24,3.7400287602898314e-12,-3.769532392553344e-8
0.0104,10.4,6.532951469822864e-5,6.737709998611372e-5,5.576972787914623e-7,2.6052825625716476e-6,5.0966155889519086e-24,4.064779643587217e-12,-4.0116732474109336e-8
0.01045,10.45,6.68717661962496e-5,6.895221454281346e-5,5.712049138422857e-7,2.6516532561338204e-6,5.187387972326515e-24,4.235087817781536e-12,-3.723699573960003e-8
0.0105,10.5,6.843752359362639e-5,7.055096663985485e-5,5.849251864295145e-7,2.6983682282073814e-6,5.278836774891128e-24,4.410775295492173e-12,-3.981380988650447e-8
0.0106,10.6,7.163962150036854e-5,7.381941088648564e-5,6.130045301333024e-7,2.7927939114315525e-6,5.463691315381787e-24,4.778746662231722e-12,-4.0102138547362744e-8
0.01065,10.65,7.32759758919022e-5,7.54890977449276e-5,6.273638630893993e-7,2.8404857111054244e-6,5.5570601793874665e-24,4.971206846720217e-12,-3.815286325056163e-8
0.0107,10.7,7.493586404786345e-5,7.718241168622155e-5,6.419363582834979e-7,2.8884839914324273e-6,5.651031763685122e-24,5.169398590173603e-12,-3.976884481490687e-8
0.01075,10.75,7.66192743186121e-5,7.889933134566062e-5,6.567219679216082e-7,2.936778989557966e-6,5.745587027959324e-24,5.3734543185468744e-12,-3.870112157969023e-8
0.0108,10.8,7.832618772162296e-5,8.063982799505571e-5,6.717205738447562e-7,2.985360841657333e-6,5.84070673325501e-24,5.583406587642005e-12,-3.676801793144614e-8
0.01085,10.85,8.00565780035114e-5,8.240386561573434e-5,6.86931988219956e-7,3.0342195946081847e-6,5.93637146470631e-24,5.799383629069344e-12,-3.534570171933266e-8
0.0109,10.9,8.181041170242084e-5,8.419140097157515e-5,7.023559542645534e-7,3.0833452173564236e-6,6.032561653744926e-24,6.0214137504333086e-12,-4.10239225151135e-8
0.01115,11.15,9.092956364668523e-5,9.347953448898305e-5,7.826503409072374e-7,3.3326211759405733e-6,6.520701416039479e-24,7.225334178654874e-12,-3.914761685204532e-8
0.0112,11.2,9.282295936789727e-5,9.540675323784651e-5,7.993404588259514e-7,3.383134321244078e-6,6.619627377215107e-24,7.485314914250937e-12,-4.580639175301588e-8
0.01125,11.25,9.473936762404311e-5,9.735697096398965e-5,8.162394640259979e-7,3.433842796182024e-6,6.718939187956265e-24,7.751868200316006e-12,-3.8651028912208694e-8
0.0113,11.299999999999999,9.667869943899424e-5,9.933008917078938e-5,8.333465752503445e-7,3.4847362989839165e-6,6.818616737958139e-24,8.025002639967919e-12,-3.6564097387446506e-8
0.01135,11.350000000000001,9.864085911897535e-5,0.00010132600270834558,8.506609488428417e-7,3.5358045298668615e-6,6.918639919026316e-24,8.304819517833521e-12,-4.1395081571019986e-8
0.0114,11.4,0.00010062574428377415,0.0001033445998100694,8.681816793258139e-7,3.5870371969859853e-6,7.018988636724873e-24,8.591321890614428e-12,-4.375969213441997e-8
0.01175,11.75,0.0001151462573347331,0.0001180991507527386,9.96515946103528e-7,3.949409353278754e-6,7.728863761239216e-24,1.0788373858890187e-11,-4.190981331167669e-8
0.0118,11.799999999999999,0.00011730846243722025,0.00012029440418209668,1.0156476506141591e-6,4.001589384323525e-6,7.831097797392048e-24,1.1129986176220092e-11,-3.708040684991366e-8
0.01185,11.85,0.00011949217186346075,0.000122511039266658,1.0349748399106955e-6,4.053842231588175e-6,7.933478400664108e-24,1.1478637836545706e-11,-4.1146984816327976e-8
0.01195,11.950000000000001,0.00012392341920453443,0.00012700773591868482,1.0742095767986632e-6,4.158526278708259e-6,8.138600941936072e-24,1.2197030820517865e-11,-4.377783593524005e-8
0.012,12.0,0.00012617059745084584,0.0001292874210444131,1.0941139235418104e-6,4.210937504496132e-6,8.24130383546248e-24,1.256679347421677e-11,-4.6142052068187423e-8
0.01205,12.05,0.0001284385604982942,0.00013158773475384784,1.11420735218392e-6,4.263381594749584e-6,8.344075199976113e-24,1.294363648037095e-11,-4.434897123062006e-8
0.0121,12.1,0.00013072711064777916,0.00013390847118194057,1.1344881065996446e-6,4.315848627395666e-6,8.446895634193004e-24,1.332751680915452e-11,-3.78590125633668e-8
0.01215,12.149999999999999,0.00013303604284713028,0.00013624941719546282,1.1549543669046035e-6,4.368328701478181e-6,8.549745775619011e-24,1.371847330538128e-11,-4.0479608490511e-8
0.0123,12.3,0.00014008296806679107,0.00014339126948186492,1.2174470060080517e-6,4.525748406106e-6,8.8582812544567e-24,1.493352281363104e-11,-4.238391871571452e-8
0.01235,12.35,0.0001424712260151572,0.00014581077218568775,1.238635778269482e-6,4.578181933400853e-6,8.961057127471624e-24,1.53525684559522e-11,-4.661615747222525e-8
0.0124,12.4,0.00014487872544019918,0.0001482493046790635,1.2599999614716658e-6,4.630579184514522e-6,9.06376622082269e-24,1.5778560492227632e-11,-4.2906933495876053e-8
0.0126,12.6,0.0001546959627057194,0.00015818840572550872,1.34716514704102e-6,4.839608149232569e-6,9.473548618471057e-24,1.75515146833039e-11,-4.625170373401314e-8
0.01265,12.65,0.00015719571160992187,0.00016071801607808313,1.36937148397292e-6,4.891675934084228e-6,9.57563390362884e-24,1.8011772629468103e-11,-3.818244553450741e-8
0.0127,12.7,0.000159713056444128,0.00016326496580739295,1.391738734194381e-6,4.943648078936265e-6,9.677536169258998e-24,1.847870629689984e-11,-4.435133781333572e-8
0.01275,12.75,0.00016224769074674197,0.00016582894116359286,1.414264203750574e-6,4.9955146016016515e-6,9.779235857961272e-24,1.8952287483547774e-11,-4.750914801693544e-8
0.0128,12.8,0.0001647992982579357,0.00016840961864507924,1.4369451139357184e-6,5.047265481600833e-6,9.880713333949387e-24,1.9432409144546538e-11,-4.604028901141391e-8
0.013,13.0,0.00017516877911513958,0.00017889252520995576,1.5291644982261253e-6,5.2529105715786426e-6,1.0284005149607507e-23,2.1416879491699657e-11,-4.67644633224068e-8
0.01305,13.05,0.00017780014938017797,0.00018155150287054163,1.552577811091615e-6,5.3039312794903124e-6,1.038407366561569e-23,2.1928526541212485e-11,-3.642565229858022e-8
0.0131,13.100000000000001,0.00018044637634423276,0.00018422502355345632,1.5761279890032037e-6,5.354775175742684e-6,1.0483800029330313e-23,2.244615688301739e-11,-3.792764346212103e-8
0.01325,13.25,0.00018847022434655925,0.00019232880114272978,1.6475648552667144e-6,5.506141627364734e-6,1.0780721416240945e-23,2.40338686481346e-11,-3.8639195998630377e-8
0.0133,13.299999999999999,0.00019117184575677767,0.00019505639223686192,1.6716271133545314e-6,5.556173568821551e-6,1.0878873692094145e-23,2.4574255477549888e-11,-4.2993708195450365e-8
0.01335,13.350000000000001,0.0001938862476650347,0.00019779641567291157,1.6958080165980953e-6,5.605975999319564e-6,1.0976580379551313e-23,2.5119998163101093e-11,-3.5429320975286086e-8
0.0134,13.4,0.00019661297807636912,0.00020054841267565208,1.7201035956075474e-6,5.655538169177603e-6,1.1073820367824111e-23,2.567091599677998e-11,-4.197449990590482e-8
0.01355,13.549999999999999,0.00020486242847619237,0.00020887146609513817,1.793636982609952e-6,5.8026745741636136e-6,1.1362526919416654e-23,2.7353171689104942e-11,-3.89515849170979e-8
0.0136,13.6,0.00020763369585942074,0.00021166651343435146,1.8183492768454997e-6,5.851166823819648e-6,1.1457686210704167e-23,2.7923151052892596e-11,-3.343981377231869e-8
0.01365,13.65,0.00021041483748441208,0.00021447104689504147,1.843154663695766e-6,5.899364045785787e-6,1.1552271187373837e-23,2.849744354559656e-11,-4.192953483430722e-8
0.01395,13.950000000000001,0.00022727836215587436,0.0002314664153564327,1.993671393448227e-6,6.181724561945647e-6,1.2106486946632931e-23,3.202168843615497e-11,-3.92182199030626e-8
0.014,14.0,0.00023011299187570934,0.00023432154348691146,2.0189905287500778e-6,6.227542107285928e-6,1.2196433180781936e-23,3.2620006655105845e-11,-4.62801027266011e-8
0.01405,14.05,0.00023295286357006493,0.00023718147612249716,2.0443618430559093e-6,6.2729743622238495e-6,1.2285627514748283e-23,3.322079958017878e-11,-4.350489006203358e-8
0.01425,14.25,0.00024435173040472506,0.00024865610030602774,2.1462532360958514e-6,6.4506231017167605e-6,1.2634438031689413e-23,3.564323725014949e-11,-3.8525600028278554e-8
0.0143,14.3,0.00024720791123059857,0.00025153007224441154,2.1717975850254103e-6,6.493958562539852e-6,1.2719537335119337e-23,3.625224875011085e-11,-4.6285624752937646e-8
0.01435,14.35,0.0002500652774382139,0.000254404760212757,2.19735807571615e-6,6.536840813353077e-6,1.280375092113363e-23,3.686203214824657e-11,-4.419829879772285e-8
0.01455,14.55,0.00026149192333443493,0.00026589590869803656,2.29963060937044e-6,6.7036159336304066e-6,1.313131071387195e-23,3.930262059603498e-11,-3.9050192530250523e-8
0.0146,14.6,0.00026434409795466143,0.00026876299205240775,2.3251726032434204e-6,6.744066661042362e-6,1.3210769338126729e-23,3.991152208440507e-11,-3.584426181143233e-8
0.01465,14.65,0.0002671929206251519,0.0002716262292180745,2.350690209835856e-6,6.783998762198178e-6,1.3289213183225834e-23,4.051925876001026e-11,-4.1065732143090215e-8
0.0147,14.7,0.0002700375912580081,0.00027448481683016944,2.376176259843525e-6,6.823401790834902e-6,1.336662162059272e-23,4.1125496731803976e-11,-4.4480711001791975e-8
0.01475,14.75,0.00027287729793568636,0.00027733793997834115,2.4016234713842384e-6,6.862265472270459e-6,1.344297435473909e-23,4.172988415399209e-11,-3.866365068669223e-8
0.0148,14.8,0.0002757112172220851,0.00028018477253122866,2.427024452648212e-6,6.900579719411423e-6,1.351825145477496e-23,4.233208276012495e-11,-4.8316941583881754e-8
0.01485,14.85,0.00027853851449110016,0.0002830244774783461,2.452371704724944e-6,6.938334649001318e-6,1.3592433386493652e-23,4.293173053914439e-11,-3.778485963827602e-8
0.0152,15.2,0.00029807188967210727,0.000302630421053371,2.6276471348852893e-6,7.186178469072841e-6,1.4079499611807566e-23,4.7028142519419766e-11,-4.8025851909855195e-8
0.01525,15.25,0.0003008149445882438,0.0003053817947609254,2.6522828218554015e-6,7.219132946908803e-6,1.414427527856714e-23,4.759459246884641e-11,-3.363229583319262e-8
0.0153,15.299999999999999,0.000303543425481336,0.00030811808354495624,2.6767930269263028e-6,7.251451042346853e-6,1.4207803174865087e-23,4.815530100787471e-11,-4.436238186600882e-8
0.01535,15.350000000000001,0.0003062564077441722,0.0003108383642301092,2.701169374618212e-6,7.2831258118065045e-6,1.4270069513862414e-23,4.870988696851508e-11,-3.881826742411555e-8
0.0154,15.4,0.00030895296028265784,0.00031354170760089766,2.7254034245121427e-6,7.314150693449979e-6,1.4331061257062393e-23,4.925803325365612e-11,-4.3911153428222404e-8
0.01545,15.450000000000001,0.00031163214601689633,0.00031622717891313196,2.749486675871897e-6,7.344519522270678e-6,1.4390766144361077e-23,4.979936218181716e-11,-3.749613654696513e-8
0.0155,15.5,0.00031429302239265484,0.0003188938384153208,2.773410572335258e-6,7.374226544622381e-6,1.4449172722699236e-23,5.033356926178603e-11,-4.529323773416961e-8
0.01565,15.65,0.00032215629860230324,0.00032677148452274935,2.8441398352378902e-6,7.459325703749935e-6,1.4616500770084475e-23,5.189000030359966e-11,-4.4051570669351744e-8
0.0157,15.7,0.00032473442072179006,0.00032935341765071794,2.8673398046710708e-6,7.486336681155706e-6,1.4669616697878214e-23,5.2392370393441554e-11,-5.084839622873598e-8
0.01575,15.75,0.0003272894568755523,0.000331911783693654,2.8903369724561712e-6,7.512663737623094e-6,1.4721390118081313e-23,5.2885973408821274e-11,-4.8805246484213556e-8
0.01595,15.95,0.0003372594310996777,0.0003418903898574181,2.9801215847043697e-6,7.611080287634493e-6,1.4914952672762583e-23,5.476719749553323e-11,-4.3128603410243154e-8
0.016,16.0,0.00033968454452828367,0.00034431652488694055,3.00197258012124e-6,7.633952883517452e-6,1.4959942858328883e-23,5.521285139309757e-11,-4.782074807449773e-8
0.01605,16.049999999999997,0.0003420807699406876,0.0003467133334324151,3.023567830394711e-6,7.656131266425348e-6,1.5003569440478546e-23,5.5648106060470414e-11,-4.87279381155019e-8
0.0161,16.1,0.0003444471403576612,0.0003490798575075133,3.0448984959243895e-6,7.677615589645534e-6,1.5045832581417405e-23,5.607279089357542e-11,-5.819426897815404e-8
0.0163,16.299999999999997,0.00035359479249766394,0.00035822402861396924,3.1273989234882657e-6,7.756634982076122e-6,1.5201292650109603e-23,5.766135396589575e-11,-5.606118909043642e-8
0.01635,16.35,0.00035579745035361154,0.0003604248468982824,3.147274542931262e-6,7.774671029525955e-6,1.5236779876815736e-23,5.8030047679226293e-11,-4.611680851922035e-8
0.0164,16.400000000000002,0.0003579644986306708,0.00036258969165897664,3.1668328891699594e-6,7.792025859033936e-6,1.5270928127506216e-23,5.83871007965785e-11,-5.479270075484104e-8
0.01655,16.549999999999997,0.0003642425446709898,0.00036885907486368234,3.2235177002824274e-6,7.840047833536292e-6,1.5365425918845134e-23,5.938697404596714e-11,-5.169247739732246e-8
0.0166,16.6,0.00036625773931957397,0.0003708707443670499,3.2417205871474613e-6,7.854725574866297e-6,1.5394311059680512e-23,5.969625939156096e-11,-6.082590895797134e-8
0.01665,16.650000000000002,0.00036823264428952014,0.0003728418300861176,3.259563253908636e-6,7.868748990453173e-6,1.542190954186136e-23,5.99933853431906e-11,-5.9506933524441806e-8
0.0167,16.7,0.00037016634161816123,0.00037477142967935745,3.277037267277897e-6,7.882125268130689e-6,1.544823539973754e-23,6.027840226722338e-11,-6.501949353012623e-8
0.01675,16.75,0.0003720579203463715,0.000376658648355663,3.2941342552061587e-6,7.894862203887624e-6,1.547330386841441e-23,6.055121138801105e-11,-5.8837979476814384e-8
0.0168,16.8,0.00037390647692001056,0.00037850259927341736,3.3108459106077817e-6,7.906968203134062e-6,1.5497131386258754e-23,6.081190598693485e-11,-6.860092203982963e-8
0.01725,17.25,0.00038846255053002,0.0003930091933315259,3.442576799766093e-6,7.989219538586833e-6,1.5659046284970262e-23,6.262191838803896e-11,-6.324771193699985e-8
0.0173,17.3,0.00038983308372681315,0.00039437370179379923,3.454994977576106e-6,7.995612981718816e-6,1.5671634114361184e-23,6.276589234099077e-11,-7.750242849434352e-8
0.01735,17.35,0.0003911512481995949,0.00039568581487746304,3.466941689568055e-6,8.001508304467299e-6,1.5683241541748225e-23,6.289909148421152e-11,-6.984416682645794e-8
0.0174,17.4,0.0003924162566742218,0.00039694476832416507,3.478409659958835e-6,8.006921246806802e-6,1.5693899497589277e-23,6.302188368075605e-11,-7.340981811805692e-8
0.01745,17.45,0.00039362733357431906,0.00039814981007878854,3.489391716983376e-6,8.011868158251373e-6,1.5703640117183218e-23,6.313443928709259e-11,-6.706737644007998e-8
0.0175,17.5,0.0003947837152974648,0.00039930020056294353,3.499880795309249e-6,8.016365997461514e-6,1.5712496739655023e-23,6.323717270408206e-11,-8.92785440874828e-8
0.01785,17.85,0.0004012854178014845,0.00040576331630032676,3.558930878832999e-6,8.03682931388319e-6,1.575279450281279e-23,6.370936825839922e-11,-8.266631197992026e-8
0.0179,17.9,0.0004019782731823761,0.0004064514561495723,3.5652353117652e-6,8.038418215119851e-6,1.575592387104034e-23,6.374651902124361e-11,-9.503249553016485e-8
0.01795,17.95,0.0004026101435526725,0.0004070788933847215,3.5709883469799774e-6,8.039738115166073e-6,1.5758523522002217e-23,6.377740191199157e-11,-8.553145478768298e-8
0.018,18.0,0.0004031803995738054,0.00040764502761349205,3.5761841089400026e-6,8.04081208472963e-6,1.5760638869732528e-23,6.380265443671648e-11,-9.432567615908683e-8
0.01805,18.05,0.0004036884267850289,0.00040814927380785,3.5808168534726636e-6,8.041663812387418e-6,1.5762316548095594e-23,6.382267825521337e-11,-8.36886757130867e-8
0.0181,18.1,0.000404133625878641,0.0004085910625790936,3.584880970101763e-6,8.042317606621245e-6,1.5763604414329502e-23,6.38381521177525e-11,-9.49551871614532e-8
0.01835,18.35,0.0004053973204032086,0.00040984434713524164,3.596485432463605e-6,8.043512100531965e-6,1.5765957837179623e-23,6.386660611750687e-11,-9.802858924819425e-8
0.0184,18.4,0.0004054538500804072,0.000409900346216933,3.597027757051609e-6,8.04352382960136e-6,1.5765980989223187e-23,6.38669431188762e-11,-1.0907421964309886e-7
0.01845,18.450000000000003,0.0004054438052095077,0.0004098903645207058,3.596966132373921e-6,8.043525379595137e-6,1.5765984031883127e-23,6.386697205673301e-11,-1.0998298740591347e-7
0.0186,18.599999999999998,0.0004050096398033655,0.0004094602919791379,3.5931138617183315e-6,8.043765973507369e-6,1.5766457393737558e-23,6.387235238617166e-11,-1.1101166202632166e-7
0.01865,18.65,0.0004047288045091515,0.0004091822381269571,3.590593540763677e-6,8.044027094577776e-6,1.5766971323379092e-23,6.387834117794907e-11,-1.1313212013955574e-7
0.0187,18.700000000000003,0.0004043792411320902,0.00040883622402683385,3.5874486341824096e-6,8.044431464924359e-6,1.5767767269537146e-23,6.388757227867616e-11,-1.1414975070729085e-7
0.01875,18.75,0.00040396057585415703,0.0004084219121606738,3.5836755143984972e-6,8.0450117568884e-6,1.5768909565099297e-23,6.390092093055434e-11,-1.2591639996956745e-7
0.0191,19.099999999999998,0.0003990679514920689,0.00040358543151865277,3.5394066582796536e-6,8.056886620558713e-6,1.5792287381426824e-23,6.417318598390596e-11,-1.3164826330690335e-7
0.01915,19.15,0.0003980854926220754,0.0004026151259042769,3.5304990292896426e-6,8.060132247097134e-6,1.579867702270629e-23,6.424730669612291e-11,-1.4668868532584714e-7
0.0192,19.2,0.0003970315160743993,0.0004015744559541779,3.5209388792810728e-6,8.063878694596108e-6,1.5806052569768935e-23,6.433261151855681e-11,-1.3095879887574017e-7
0.01925,19.25,0.00039590586752158863,0.0004004633086461133,3.5107245121704227e-6,8.068165572118781e-6,1.5814491962505172e-23,6.443005436883118e-11,-1.4625323410616516e-7
0.0193,19.3,0.0003947084173298849,0.00039928159614994286,3.499854449823882e-6,8.07303320520077e-6,1.5824074542902126e-23,6.454033702846619e-11,-1.4074067410048072e-7
0.01935,19.349999999999998,0.0003934390611039573,0.00039802925637070575,3.4883274370156824e-6,8.078522638945208e-6,1.5834881060170547e-23,6.466441642138243e-11,-1.5454416222003797e-7
0.0194,19.400000000000002,0.00039209772024436724,0.0003967062535038421,3.476142446537561e-6,8.08467564106638e-6,1.5846993676222173e-23,6.48029938917266e-11,-1.4306465832726181e-7
0.01945,19.45,0.0003906843425123649,0.0003953125785973983,3.46329868436309e-6,8.091534704284047e-6,1.5860495969376718e-23,6.495702439841789e-11,-1.553598443960365e-7
0.0198,19.8,0.0003787750832113001,0.0003835831920803066,3.3549314937860284e-6,8.163040296094516e-6,1.6001242237238622e-23,6.653437185510927e-11,-1.6365550567534066e-7
0.01985,19.849999999999998,0.0003767868866379145,0.000381627233058936,3.336818737187093e-6,8.177165091185148e-6,1.6029041478345243e-23,6.684063762401365e-11,-1.8284375833393656e-7
0.0199,19.900000000000002,0.0003747274666377764,0.0003796018264605617,3.318051453643496e-6,8.192411209090384e-6,1.605904660836736e-23,6.716936938438406e-11,-1.6901187122179133e-7
0.01995,19.95,0.0003725970673494051,0.0003775072643645968,3.298631483577957e-6,8.208828431065917e-6,1.6091355400883738e-23,6.752142702321124e-11,-1.823167992492489e-7
0.02,20.0,0.0003703959659289381,0.000375343872293798,3.2785609622559097e-6,8.226467259036282e-6,1.6126067028164647e-23,6.789739914171102e-11,-1.8214167212828986e-7
0.02005,20.049999999999997,0.00036812447316873363,0.0003731120098231617,3.2578423255411953e-6,8.245378911478418e-6,1.6163282051904194e-23,6.829810763436039e-11,-1.927723616870482e-7
0.0206,20.6,0.00033861662043357943,0.00034418120601486726,2.9881764683759664e-6,8.552761974942234e-6,1.6767986295395987e-23,7.45084890524479e-11,-2.13120239876319e-7
0.02065,20.650000000000002,0.00033553774885573123,0.0003411689563086016,2.9599876440538913e-6,8.591195021446056e-6,1.6843573966347286e-23,7.525018086959555e-11,-2.2804864364672142e-7
0.0207,20.7,0.00033239586199870926,0.00033809627867537436,2.931212296791661e-6,8.631628897208415e-6,1.6923092381545023e-23,7.602299843543272e-11,-2.253333844109507e-7
0.02075,20.75,0.00032919180390507684,0.00033496407038207564,2.901857654290262e-6,8.674124054222102e-6,1.7006659890009345e-23,7.682730114176782e-11,-2.396969637732149e-7
0.0212,21.2,0.00029771807378866527,0.00030426467771034574,2.6129818230634293e-6,9.159585658983527e-6,1.7961024144845772e-23,8.549731935611866e-11,-2.630961559438805e-7
0.02125,21.25,0.00029394822268221423,0.00030059604280217845,2.5783175029821695e-6,9.226137536044373e-6,1.8091818292541335e-23,8.661886841081258e-11,-2.8313006749287333e-7
0.0213,21.3,0.00029012836309772437,0.00029688063401550054,2.543179388851336e-6,9.29545021858856e-6,1.8228028995279996e-23,8.777123763787641e-11,-2.6771730312666523e-7
0.02135,21.35,0.0002862598723186617,0.00029311988288464565,2.5075795268372904e-6,9.367590003580487e-6,1.836978565866158e-23,8.895413655304735e-11,-2.866310321902442e-7
0.0214,21.4,0.00028234417424751905,0.000289315267513733,2.471530384727985e-6,9.442623560493581e-6,1.8517218381542182e-23,9.01670352560594e-11,-2.8130937652362326e-7
0.02145,21.45,0.0002783827396413689,0.0002854683127912137,2.435044854062615e-6,9.520617912204033e-6,1.8670457917943706e-23,9.14095186985751e-11,-2.938680421347418e-7
0.0215,21.5,0.0002743770863354604,0.00028158059059243306,2.398136252123927e-6,9.601640416135289e-6,1.882963564018768e-23,9.268094090359919e-11,-2.8034696621925363e-7
0.02155,21.55,0.0002703287794364631,0.0002776537199519499,2.360818323661661e-6,9.68575874486629e-6,1.8994883500309564e-23,9.398075951396326e-11,-3.014205964413277e-7
0.02195,21.95,0.0002366103290616809,0.0002450393631290876,2.049330626434889e-6,1.0478364588204427e-5,2.0551387166702814e-23,1.0530473538295883e-10,-3.3241809685108217e-7
0.022,22.0,0.00023225644098211657,0.00024084085578431058,2.0090184187007494e-6,1.0593433113736387e-5,2.0777281188183894e-23,1.0682146433784508e-10,-3.3691460401084196e-7
0.02205,22.05,0.00022787817914208692,0.00023662200847339494,1.9684580869859337e-6,1.0712287309588532e-5,2.1010588513986287e-23,1.0835694558298034e-10,-3.484887712122446e-7
0.0221,22.1,0.00022347763583416004,0.000232384964863103,1.9276681376317893e-6,1.0834997056327348e-5,2.1251445016729532e-23,1.0990983779999589e-10,-3.375504259004501e-7
0.02215,22.15,0.0002190569514153096,0.00022813191634072814,1.8866675103468688e-6,1.0961632323924824e-5,2.1499986710088548e-23,1.1147883281117158e-10,-3.617416344199576e-7
0.0226,22.599999999999998,0.00017874129523849964,0.00018951934092824202,1.5115198407119712e-6,1.228956540399302e-5,2.410516573286502e-23,1.2607423513046717e-10,-3.871003570791923e-7
0.02265,22.65,0.00017424743416726116,0.00018523719722899238,1.4695488071979274e-6,1.2459311740804624e-5,2.4438048080789824e-23,1.277183652058689e-10,-4.061545033839006e-7
0.0227,22.700000000000003,0.0001697601213529582,0.00018096627210634049,1.4276037464067252e-6,1.2633754370033594e-5,2.4780112007863307e-23,1.2936046337214243e-10,-3.94958989417004e-7
0.02275,22.75,0.00016528206528379017,0.00017670931976281027,1.3857087079074891e-6,1.2812963055510654e-5,2.5131492813297497e-23,1.3099864292109916e-10,-4.182714068880953e-7
0.0232,23.2,0.00012586570044900892,0.0001395023828910606,1.0150759993771146e-6,1.4651758295733999e-5,2.873536840361642e-23,1.4524640287370202e-10,-4.4839800485848576e-7
0.02325,23.25,0.0001216392251431255,0.00013554656449492233,9.75093997865052e-7,1.4882433202459008e-5,2.918729604060933e-23,1.467383861908729e-10,-4.6447499010688997e-7
0.0233,23.3,0.00011745479530999217,0.00013163797331866537,9.354534177128531e-7,1.5118631277721769e-5,2.9650008282628195e-23,1.482050312842386e-10,-4.59249575470706e-7
0.02335,23.349999999999998,0.00011331565699973449,0.00012777989412399672,8.961831261978468e-7,1.5360420100335133e-5,3.012363614793872e-23,1.4964437068717814e-10,-4.805803743478821e-7
0.0234,23.400000000000002,0.00010922509918686402,0.0001239756539543224,8.573123751102274e-7,1.5607866991049226e-5,3.060831016949696e-23,1.5105461119331825e-10,-4.6478106813811573e-7
0.02345,23.45,0.00010518645343919267,0.00012022862179550402,8.18870797876062e-7,1.5861039001266097e-5,3.110416037634882e-23,1.5243384403096825e-10,-4.874718632158929e-7
0.0239,23.900000000000002,7.174504399649148e-5,8.965589312520953e-5,4.972840959804105e-7,1.840813306100149e-5,3.6090922507711926e-23,1.6317917207544429e-10,-5.177893655253469e-7
0.02395,23.95,6.841788235259341e-5,8.667521326872341e-5,4.648459530658711e-7,1.8722176704497336e-5,3.670556224448639e-23,1.6416126586058297e-10,-5.372805407715477e-7
0.024,24.0,6.518199226712494e-5,8.379146711802483e-5,4.331872890276066e-7,1.9042661974299458e-5,3.733276996975347e-23,1.6509680768137266e-10,-5.312220890194503e-7
0.02405,24.049999999999997,6.204118873009702e-5,8.100849859491813e-5,4.0234208048136386e-7,1.9369651778774446e-5,3.7972668210802023e-23,1.6598482080493105e-10,-5.432096193351887e-7
0.0246,24.6,3.4896010220825704e-5,5.8182599321530005e-5,1.2678376155885946e-7,2.3413372689127536e-5,4.588336180051822e-23,1.7254060419095707e-10,-5.950188481464839e-7
0.02465,24.65,3.3207088430514324e-5,5.692177106105371e-5,1.084704471824636e-7,2.3823152904247558e-5,4.6684804148411047e-23,1.728536878373396e-10,-6.206031850246118e-7
0.0247,24.7,3.166611074605619e-5,5.5814879920420196e-5,9.14418942848064e-8,2.4240210894923542e-5,4.7500452094482265e-23,1.7312452454329804e-10,-6.007428228747676e-7
0.02475,24.75,3.0277376154083205e-5,5.4866241953203816e-5,7.573648917560611e-8,2.466460211432091e-5,4.833041523783576e-23,1.733548168408173e-10,-6.204927444978809e-7
0.02495,24.95,2.633189977140516e-5,5.2741560542701416e-5,2.6923807993220572e-8,2.6436584404721066e-5,5.179557085456285e-23,1.7392110115378307e-10,-6.473108598317743e-7
0.025,25.0,2.57699075060111e-5,5.264993740670638e-5,1.8419596076164368e-8,2.6898449322143717e-5,5.269871255646201e-23,1.7398882975845214e-10,-6.388952916948766e-7
0.02505,25.05,2.5386568075185403e-5,5.2743059013466226e-5,1.14745685909937e-8,2.7367965332201925e-5,5.361680169223627e-23,1.7403406945874117e-10,-6.358187341645147e-7
0.0251,25.1,2.518637929944546e-5,5.302543323505422e-5,6.1289653436715434e-9,2.7845182726233547e-5,5.454993906167401e-23,1.7406088134268343e-10,-6.580046582629504e-7
0.02515,25.15,2.5173864526402863e-5,5.350159239934933e-5,2.423267230115857e-9,2.833015096545488e-5,5.54982240543614e-23,1.7407397936707337e-10,-6.477242229461101e-7
0.0252,25.2,2.5353571841045032e-5,5.4176092482351276e-5,3.981897639552259e-10,2.8822918656324784e-5,5.646175460844019e-23,1.7407796616717574e-10,-6.674457455766354e-7
0.02525,25.25,2.5730073270423677e-5,5.505351229462968e-5,9.467638978424834e-11,2.9323533525853983e-5,5.744062716984426e-23,1.7407835838595074e-10,-6.634446430653544e-7
0.0253,25.3,2.6307963947695066e-5,5.6138452627094134e-5,1.5538916135494232e-9,2.9832042396259868e-5,5.843493664976937e-23,1.7408052405778345e-10,-6.722293981058957e-7
0.02535,25.35,2.7091861272880694e-5,5.7435535393344914e-5,4.817213912099133e-9,3.03484911596076e-5,5.94447763826488e-23,1.7409079587635287e-10,-6.779218183979704e-7
0.0254,25.4,2.808640403221718e-5,5.89494027304583e-5,9.926228454841384e-9,3.087292475189405e-5,6.047023808259418e-23,1.7411535641062778e-10,-6.865488012574674e-7
0.02595,25.95,5.427428154273891e-5,9.125477277118873e-5,2.000177721311284e-7,3.7180508822200085e-5,7.280584308547326e-23,1.7764749668175588e-10,-7.333629628169032e-7
0.026,26.0,5.816489332955882e-5,9.573819185447578e-5,2.3058311046974681e-7,3.780388145611315e-5,7.402527221251869e-23,1.785198017088159e-10,-7.537597503822976e-7
0.02605,26.05,6.232796386332959e-5,0.00010050013827630084,2.635498603818559e-7,3.843572409307736e-5,7.526134805900705e-23,1.7953470855237643e-10,-7.410370017028932e-7
0.0261,26.1,6.676832732004529e-5,0.00010554543139792165,2.989616185044923e-7,3.90760655149134e-5,7.651413501247386e-23,1.8070547884687928e-10,-7.619639037965962e-7
0.02655,26.55,0.00012000923453163448,0.0001644999667166842,7.349136285340198e-7,4.522564561195839e-5,8.855068039907995e-23,2.0082407899220557e-10,-8.012870422000532e-7
0.0266,26.599999999999998,0.00012748903303434484,0.00017264409854825168,7.971838803554035e-7,4.5952249189007634e-5,8.997359811807512e-23,2.0444370051928187e-10,-8.109111452437495e-7
0.02665,26.65,0.00013529939679486868,0.00018112458982075654,8.623810876235509e-7,4.668757390430067e-5,9.141377596449844e-23,2.0841179250334688e-10,-7.989141485971483e-7
0.0267,26.700000000000003,0.00014344514370661501,0.0001899462257636546,9.30548986147231e-7,4.743163082961394e-5,9.287124840636221e-23,2.1274944359108167e-10,-8.234319455314174e-7
0.02675,26.75,0.00015193108164493407,0.00019911378004282317,1.0017312477063349e-6,4.8184429427301056e-5,9.434604719402532e-23,2.174794023247382e-10,-8.149879784019317e-7
0.0268,26.8,0.00016076200706577654,0.0002086320133539008,1.0759714678437565e-6,4.894597753251486e-5,9.583820132932061e-23,2.2262418915626989e-10,-8.289539718679645e-7
0.02725,27.25,0.00025654872227571764,0.00031085394742470817,1.8888811943386383e-6,5.619410605070556e-5,1.1005197120664093e-22,2.917699706386171e-10,-8.536358518705196e-7
0.0273,27.3,0.00026908980553943217,0.00032413694427248924,1.9960731177970686e-6,5.704321154749008e-5,1.1171865141706254e-22,3.024948914412091e-10,-8.69160634485269e-7
0.02735,27.349999999999998,0.0002820274783430855,0.00033782172594800877,2.1067939613620806e-6,5.790104125148044e-5,1.1340281770928805e-22,3.1393784510690365e-10,-8.670527981465185e-7
0.0274,27.400000000000002,0.0002953662890578598,0.0003519127863849637,2.2210854308659846e-6,5.8767582430957645e-5,1.1510446434390719e-22,3.26130411408449e-10,-8.818076525177723e-7
0.02795,27.95,0.0004698361553088938,0.0005349796068614616,3.7256152398439784e-6,6.886906627178269e-5,1.3497161788246442e-22,5.19716791419082e-10,-9.122639943465451e-7
0.028,28.0,0.000488331004018239,0.0005542835994133129,3.885907262992447e-6,6.983850211344222e-5,1.3688148083097157e-22,5.43698548824528e-10,-9.255294793287417e-7
0.02805,28.049999999999997,0.0005072828580863047,0.0005740488941900786,4.05028564945744e-6,7.081632118339364e-5,1.388084738815632e-22,5.689189271786633e-10,-9.188020735290169e-7
0.0281,28.1,0.0005266957138948791,0.0005942794125702358,4.218787597997928e-6,7.180248567699534e-5,1.407525487585262e-22,5.954201448077029e-10,-9.391483739964772e-7
0.0286,28.6,0.0007470209484640144,0.0008229960152819123,6.13847415718282e-6,8.211354003328467e-5,1.6111999993386192e-22,9.408345550911215e-10,-9.61552023704754e-7
0.02865,28.65,0.0007717532580349256,0.00084858709730832,6.354662965320158e-6,8.318850125329402e-5,1.6324791827353247e-22,9.844580840964402e-10,-9.624860350165357e-7
0.0287,28.7,0.0007969902203805678,0.0008746860517257737,6.57538587072937e-6,8.427121618503142e-5,1.6539210198991659e-22,1.0299302088376072e-9,-9.735679530130803e-7
0.02875,28.75,0.0008227350726622388,0.0009012960241788726,6.800673734808969e-6,8.536162417317384e-5,1.675524633691817e-22,1.07730300349189e-9,-9.65931779450541e-7
0.0288,28.8,0.0008489909841098618,0.0009284200912331126,7.030556848581854e-6,8.645966284421897e-5,1.6972891168079276e-22,1.1266276376260505e-9,-9.860130226538472e-7
0.02925,29.25,0.0011087794303073061,0.001196142697762234,9.310991764843316e-6,9.667425755157367e-5,1.900243956683014e-22,1.6672061367450909e-9,-9.913015461624487e-7
0.0293,29.3,0.0011403043433233196,0.0012285607844697965,9.588359558933287e-6,9.784479896539849e-5,1.9235605980054255e-22,1.7390118268413267e-9,-9.998969745857368e-7
0.02935,29.35,0.0011723703128454872,0.0012615218731539582,9.870614826347518e-6,9.902217332044686e-5,1.9470261373299177e-22,1.81337072225546e-9,-1.0009067165444199e-6
0.0294,29.4,0.0012049795892867237,0.0012950281091709678,1.0157780105470133e-5,0.0001002062980983725,1.9706393047225964e-22,1.890338715558338e-9,-1.0030271746576538e-6
0.0299,29.9,0.0015613867604903754,0.0016604823495328922,1.3303910918602206e-5,0.00011239949714397066,2.21458923311921e-22,2.816131171700357e-9,-1.017251914500599e-6
0.02995,29.95,0.0016000956523657542,0.0017001012603158115,1.3646359078223735e-5,0.00011365196410167211,2.239733712037696e-22,2.9255861023247605e-9,-1.0227928734988716e-6
0.03,30.0,0.0016393678404069073,0.001740283979898634,1.3993928060651835e-5,0.00011491006451301717,2.2650081751807986e-22,3.038338528065377e-9,-1.0227928734988716e-6
0.03005,30.05,0.001679204366150038,0.0017810314340704603,1.4346630103797748e-5,0.00011617369486875215,2.2904109483072753e-22,3.1544462690712715e-9,-1.0216821573443204e-6
0.0301,30.099999999999998,0.0017196061690332501,0.00182234444581461,1.470447657003744e-5,0.00011744275007640515,2.3159403252013426e-22,3.2739652814564066e-9,-1.0269328155294714e-6
0.03035,30.349999999999998,0.0019301199125004646,0.002037414316627918,1.657121012832688e-5,0.00012386561033005534,2.445424288344616e-22,3.924702265389178e-9,-1.022590925107135e-6
0.0304,30.4,0.0019739272275346416,0.002082132039971391,1.6960111196906202e-5,0.00012516491956675725,2.471675645115261e-22,4.0658652642051246e-9,-1.0332689463202065e-6
0.03045,30.450000000000003,0.002018303429601695,0.0021274180971556987,1.735421069895595e-5,0.00012646887404110088,2.4980407527149556e-22,4.2108276976168746e-9,-1.0310222704621372e-6
0.0306,30.599999999999998,0.0021548455570177885,0.002266685252857406,1.856773412230654e-5,0.00013040742529185474,2.5777987339236316e-22,4.669038798126256e-9,-1.0308708091683347e-6
0.03065,30.65,0.0022014969339539006,0.002314243051536193,1.8982656707438136e-5,0.0001317287694589744,2.604598830525515e-22,4.829724483226893e-9,-1.0315018978925114e-6
0.0307,30.700000000000003,0.0022487164347567115,0.00236236780796154,1.9402787391767535e-5,0.00013305415560109014,2.631502502569159e-22,4.994468858068595e-9,-1.0368030431755968e-6
0.03075,30.75,0.002296503556653292,0.002411058895268928,1.982812506181417e-5,0.00013438345851309836,2.658507613588554e-22,5.163322497675899e-9,-1.0293309526813432e-6
0.0308,30.8,0.0023448576773796876,0.002460315566646094,2.02586675605063e-5,0.00013571655148953622,2.6856119929402235e-22,5.336333450284582e-9,-1.0432401481622002e-6
0.03125,31.25,0.002805396422473337,0.0029288928556797317,2.436688015980201e-5,0.00014786330627705784,2.9336433109366844e-22,7.08810014850951e-9,-1.038645822250193e-6
0.0313,31.3,0.002859359209882972,0.002983737111615623,2.4849114563956624e-5,0.00014922700899040655,2.9616134138156177e-22,7.305148666442639e-9,-1.0526812354758852e-6
0.03135,31.35,0.00291387394496021,0.003039130506813421,2.5336457942456683e-5,0.00015059301226780423,2.9896566305632206e-22,7.526820890338095e-9,-1.042836251378727e-6
0.0314,31.4,0.0029689384861348294,0.0030950707715033544,2.5828894737176257e-5,0.00015196117235150966,3.017770375174652e-22,7.753150429208581e-9,-1.041473099734505e-6
0.0315,31.5,0.0030807077542755676,0.0032085821634238398,2.6828980401414754e-5,0.0001547033813287246,3.07419893044357e-22,8.219912975202836e-9,-1.0490461644246267e-6
0.03155,31.55,0.003137407529287678,0.0032661480817553386,2.7336592184183486e-5,0.00015607713619040213,3.1025083958178545e-22,8.460406882783648e-9,-1.035212699590671e-6
0.0316,31.6,0.003194647204832452,0.0033242504501858412,2.78492231906044e-5,0.0001574524598372713,3.1308776986679828e-22,8.705679812832166e-9,-1.0425585723400893e-6
0.03185,31.850000000000005,0.0034888407388493116,0.003622701194053809,3.048686772653743e-5,0.00016434731292540108,3.273524026611421e-22,1.00045885228663e-8,-1.0453101191775001e-6
0.0319,31.9,0.003549255871318766,0.003683955619057123,3.102911730792607e-5,0.00016572885476620727,3.302193230638035e-22,1.0279022464493646e-8,-1.0529589145145231e-6
0.03195,31.95,0.0036101882933169396,0.0037457229849300025,3.1576208817989264e-5,0.00016711088987163102,3.330902249603414e-22,1.055837964691826e-8,-1.0415235868324393e-6
0.032,32.0,0.003671634215806011,0.0038079993749708736,3.212811186479785e-5,0.00016849326018594682,3.3596480896736884e-22,1.0842671752138628e-8,-1.041750778773143e-6
0.03205,32.050000000000004,0.0037335897083682155,0.0038707807313730575,3.268479476816083e-5,0.00016987580664004759,3.388427724457014e-22,1.1131909836937602e-8,-1.0457392595099403e-6
0.0321,32.099999999999994,0.0037960506987506346,0.003934062854808601,3.3246224553126514e-5,0.00017125836918394956,3.4172380953403055e-22,1.142610123081587e-8,-1.042129432007649e-6
0.0322,32.2,0.003922472172328854,0.004062111895635922,3.438318635515922e-5,0.00017402289763181395,3.474938651770936e-22,1.202936650567898e-8,-1.0472791159969318e-6
0.03225,32.25,0.003986423798294309,0.004126869703574242,3.495864589250544e-5,0.0001754045388329554,3.5038225621599436e-22,1.2338445116743374e-8,-1.0378885157811808e-6
0.0323,32.300000000000004,0.004050863206990596,0.004192110059091624,3.553870734060468e-5,0.0001767855467881039,3.532724659093586e-22,1.2652486430800011e-8,-1.0424071110462868e-6
0.0324,32.4,0.004181186081385588,0.004324018622631663,3.671247649074133e-5,0.00017954500444033151,3.5905705265287774e-22,1.329544169210083e-8,-1.0432906352601342e-6
0.03245,32.45,0.004247059542014943,0.004390676577508661,3.730610112977554e-5,0.00018092312299809545,3.619507780034495e-22,1.362434094519834e-8,-1.0570483694471887e-6
0.0325,32.5,0.004313400774940326,0.004457796573464747,3.7904161545453055e-5,0.00018229994611066076,3.648450187124592e-22,1.3958173459705059e-8,-1.0401604351882172e-6
0.0326,32.599999999999994,0.004447464963123641,0.004593400605213273,3.911340887280646e-5,0.0001850490363208142,3.706337114053212e-22,1.4640582116504911e-8,-1.0419274836159124e-6
0.03265,32.65,0.004515176760742799,0.004661873240832437,3.9724502008132344e-5,0.00018642096710760417,3.7352748913772226e-22,1.4989122870707235e-8,-1.0437450191415415e-6
0.0327,32.7,0.0045833340154246924,0.004730785117319149,4.033984336192423e-5,0.00018779092991281124,3.764204338441671e-22,1.5342526070896295e-8,-1.0425333287911222e-6
0.03275,32.75,0.004651930788158769,0.004800130176490645,4.095938267582479e-5,0.00018915875530588157,3.793122018291978e-22,1.5700767953682017e-8,-1.0513433273806305e-6
0.0328,32.800000000000004,0.0047209609960504415,0.004869902217199475,4.158306833933746e-5,0.00019052427342351578,3.82202446876586e-22,1.6063820661044635e-8,-1.0344806366706261e-6
0.03285,32.849999999999994,0.004790418412483383,0.004940094895546321,4.2210847389454596e-5,0.0001918873140196893,3.8509082033473515e-22,1.6431654874362505e-8,-1.04841507570045e-6
0.03325,33.25,0.005360662837113316,0.005515971146013074,4.7373639285395503e-5,0.00020268192864220008,4.080878443535858e-22,1.9541914269105633e-8,-1.0396303206599088e-6
0.0333,33.300000000000004,0.00543366135704499,0.005589640695266715,4.803565208080305e-5,0.00020401497035052855,4.1094331791642153e-22,1.995095863667045e-8,-1.0401604351882172e-6
0.03335,33.349999999999994,0.005507016981924888,0.005663659669480223,4.870115420109741e-5,0.00020534382139106338,4.1379331573093763e-22,2.036432656864667e-8,-1.042508085242155e-6
0.0334,33.4,0.0055807219272380445,0.005738020180670125,4.937007782167095e-5,0.000206668310470754,4.166374674587419e-22,2.0781955546203673e-8,-1.0415488303814062e-6
0.0336,33.6,0.005878874389484388,0.006038715057638738,5.2078583983328565e-5,0.00021191922964290333,4.279481580904363e-22,2.2493741474041575e-8,-1.0325621269491285e-6
0.03365,33.65,0.005954204346294685,0.006114660166857664,5.276355096137241e-5,0.00021321934859166555,4.307574770907368e-22,2.293164341445618e-8,-1.0431139304173648e-6
0.0337,33.7,0.006029834033071914,0.006190896635966182,5.345150448438022e-5,0.00021451408400423641,4.335587010593924e-22,2.337337201649773e-8,-1.040008973894415e-6
0.03395,33.95,0.006412167937071548,0.006576135760900291,5.693332537678265e-5,0.00022090112356806766,4.474301297913798e-22,2.5636417872693337e-8,-1.0397817819537113e-6
0.034,34.0,0.006489407875592562,0.006653930405035798,5.7637533040316764e-5,0.00022216003638326,4.501748164806472e-22,2.6099266113803307e-8,-1.0268570848825702e-6
0.03405,34.05,0.006566883616060139,0.006731951881013989,5.834416013203322e-5,0.0002234123985195514,4.529087482622776e-22,2.6565300369315483e-8,-1.0317543333821822e-6
0.0344,34.4,0.007114990045062254,0.0072836210786307734,6.335089900021505e-5,0.00023198190265995655,4.717131473106773e-22,2.9907733898820895e-8,-1.0446790304533232e-6
0.03445,34.45,0.00719399441999847,0.007363096833678115,6.407367505520054e-5,0.0002331760583384726,4.743473428235823e-22,3.0395312383946815e-8,-1.060279543714974e-6
0.0345,34.5,0.007273143325885713,0.007442707536625151,6.479805042725181e-5,0.00023436223028058763,4.769673669118263e-22,3.0885050872840596e-8,-1.052605504828984e-6
0.0346,34.6,0.007431831662496149,0.007602290497666212,6.625120911918588e-5,0.00023671001241770025,4.821633986544927e-22,3.187049818255013e-8,-1.05048504671575e-6
0.03465,34.65,0.0075113492739306295,0.00768224083281808,6.697979449449586e-5,0.00023787132101494676,4.847386584641992e-22,3.236594589167586e-8,-1.0534132983959304e-6
0.0347,34.7,0.007590967780519806,0.007762282272853333,6.77095833183909e-5,0.00023902404278783605,4.872982514303697e-22,3.286303155710653e-8,-1.0507879693033547e-6
0.03475,34.75,0.007670675993632545,0.007842403584126821,6.844047372425305e-5,0.00024016803085585156,4.898418074978684e-22,3.336161908208642e-8,-1.0586134694831471e-6
0.03525,35.25,0.008470154500423193,0.008645464287937103,7.578675584799145e-5,0.0002510965049621763,5.143154026532028e-22,3.839863769864658e-8,-1.0878959862849512e-6
0.0353,35.3,0.008550080953996073,0.008725693512834592,7.652272365811944e-5,0.00025213524359137327,5.166587500287986e-22,3.8904176410994725e-8,-1.0884513443622268e-6
0.03535,35.35,0.008629954790741011,0.008805859976282278,7.725848541893452e-5,0.00025316363154967507,5.189818031292202e-22,3.9409432080827435e-8,-1.0942068735267193e-6
0.0354,35.4,0.00870976352807576,0.008885951190431004,7.799392546092274e-5,0.00025418154790082863,5.21284227179756e-22,3.991424602041401e-8,-1.0904203411816585e-6
0.03565,35.65,0.00910738780034156,0.009284835650739006,8.166218494755521e-5,0.0002591099929178362,5.324754732612238e-22,4.242606177290258e-8,-1.102789680175524e-6
0.0357,35.7,0.009186539028086997,0.009364208535685169,8.239321281429518e-5,0.0002600626774865411,5.346473200336912e-22,4.292483686380077e-8,-1.089864983104383e-6
0.03575,35.75,0.00926553542881183,0.009443416502855215,8.312308321806102e-5,0.0002610041138383227,5.367963116373619e-22,4.342203368075263e-8,-1.089915470202317e-6
0.0359,35.9,0.009501464003622125,0.009679919477243296,8.53045164111216e-5,0.00026375994512868524,5.431031906061862e-22,4.490250737629346e-8,-1.1003158123767508e-6
0.03595,35.95,0.009579709079029334,0.009758336019334575,8.602851966472615e-5,0.0002646554145771002,5.451578237874712e-22,4.539174286505577e-8,-1.1246001064830745e-6
0.036,36.0,0.009657732974264503,0.009836521440749762,8.67507428156004e-5,0.0002655391634211871,5.471881606718811e-22,4.587857572477863e-8,-1.0962263574440852e-6
0.03605,36.05,0.009735522219524128,0.00991446231304306,8.747105901087201e-5,0.0002664111061658689,5.491939303537756e-22,4.6362841005465714e-8,-1.0939544380370485e-6
0.0361,36.1,0.009813063283757388,0.009992145150378199,8.818934066849952e-5,0.0002672711604438395,5.511748681425941e-22,4.6844374729522425e-8,-1.0963273316399534e-6
0.0365,36.5,0.010422815173696146,0.010602683211829726,9.384681752531055e-5,0.0002737148050789476,5.660988703756977e-22,5.0578817396168014e-8,-1.1253069258541525e-6
0.03655,36.55,0.010497504758367577,0.010677428573700173,9.454093777463864e-5,0.00027446470207760014,5.678455354062013e-22,5.102850082484332e-8,-1.134192655090562e-6
0.0366,36.6,0.010571808000853184,0.0107517784118468,9.523171246617844e-5,0.00027520207198481676,5.69565107881561e-22,5.147386022321319e-8,-1.1166231450094796e-6
0.03665,36.65,0.010645710854539206,0.010825718769698197,9.591900749677546e-5,0.0002759268707398966,5.712574048579405e-22,5.1914743886245894e-8,-1.1270234871839134e-6
0.0367,36.7,0.0107191992413387,0.010899235663489649,9.660268831704786e-5,0.00027663905811586164,5.729222520535534e-22,5.2351003247321836e-8,-1.1326780421525377e-6
0.03675,36.75,0.010792259054407902,0.010972315085013777,9.72826199597258e-5,0.0002773385977819813,5.745594840746115e-22,5.278249079519608e-8,-1.1282351775343328e-6
0.0368,36.8,0.010864876160936317,0.011044943004440403,9.795866706588234e-5,0.00027802545735975906,5.761689446153997e-22,5.320906253841855e-8,-1.1462085843988883e-6
0.03725,37.25,0.011496167239411728,0.01167595477953004,0.00010384579558380098,0.00028363327889640547,5.893833553653899e-22,5.680447414710661e-8,-1.2341571090001685e-6
0.0373,37.3,0.011563576321924838,0.011743293360076741,0.00010447548699470053,0.0002841924679708101,5.907086556425521e-22,5.7174553743807696e-8,-1.2389028962059781e-6
0.03735,37.35,0.011630386354516426,0.011810025522892084,0.00010509978738770349,0.0002847388982237778,5.920051254726735e-22,5.7538323424389635e-8,-1.2593501708693068e-6
0.0374,37.400000000000006,0.011696583123004718,0.011876137211072505,0.0001057185590137053,0.0002852725891845542,5.932727340493839e-22,5.789567918138408e-8,-1.259804554750714e-6
0.03795,37.949999999999996,0.012380227118931112,0.012558419124356898,0.00011212082864330835,0.00029031277268989713,6.0531497383937e-22,6.137781122763063e-8,-1.3841542769625127e-6
0.038,38.0,0.01243796429395235,0.012615998678512003,0.00011266254814275159,0.00029069687104930285,6.062383322727683e-22,6.165171159989998e-8,-1.3923331868278441e-6
0.03805,38.05,0.012494905880143903,0.012672777908883139,0.00011319696158114074,0.00029106892840069835,6.071335721232673e-22,6.19182734073509e-8,-1.4049044742134462e-6
0.0386,38.6,0.013064881278275027,0.01324072236524704,0.00011855528974377496,0.00029439631235295285,6.151790785383171e-22,6.436132516842233e-8,-1.5101195863082038e-6
0.03865,38.65,0.013111226471906491,0.013286867222453796,0.0001189917230108665,0.0002946324090175268,6.157528886433616e-22,6.453910675553646e-8,-1.5375340804864443e-6
0.0387,38.699999999999996,0.013156603690409103,0.013332042654031413,0.0001194191546511774,0.00029485805356231463,6.163017008148461e-22,6.470963145371203e-8,-1.5406642805583613e-6
0.03875,38.75,0.013201000315853539,0.013376236327840412,0.00011983746009827254,0.000295073407210625,6.168258620036543e-22,6.487295180262896e-8,-1.5679778005407338e-6
0.0392,39.199999999999996,0.013554419002021473,0.013727825469172967,0.000123171524750471,0.0002965779258691299,6.204990926913412e-22,6.603115565431332e-8,-1.6781911353309718e-6
0.03925,39.25,0.013588341895087624,0.013761550489349095,0.0001234919664588747,0.00029670049459164027,6.207993111291288e-22,6.612700095615896e-8,-1.7053027069216075e-6
0.0393,39.300000000000004,0.013621153522224292,0.013794166522478,0.00012380198949076923,0.00029681492352605864,6.2107974292470215e-22,6.621671656123445e-8,-1.7014152003806782e-6
0.03935,39.35,0.013652842840345571,0.013825662864879518,0.0001241014844850316,0.0002969214427168143,6.213409261439326e-22,6.630044228300037e-8,-1.7214080911625996e-6
0.0394,39.4,0.013683398961944673,0.013856028972663892,0.00012439034361434135,0.0002970202879534981,6.215834148011871e-22,6.637832854693599e-8,-1.7340298656461359e-6
0.03995,39.95,0.013941778306672602,0.014112615986662826,0.00012683664499363277,0.00029767425808261967,6.231912057692704e-22,6.689929453809804e-8,-1.941683299449273e-6
0.04,40.0,0.013957948497972172,0.014128659970510084,0.00012699007654337586,0.0002977014821580651,6.2325830085332505e-22,6.692127772898295e-8,-1.9450659350108607e-6
0.04005,40.050000000000004,0.013972859782273327,0.014143452835007926,0.0001271316283271866,0.00029772461411980874,6.233153259024324e-22,6.693998942056956e-8,-1.988737274723896e-6
0.04055,40.550000000000004,0.01405100753570689,0.014220933548732143,0.00012787676399707157,0.0002978027100164812,6.235079926068002e-22,6.700364443985242e-8,-2.20073259894937e-6
0.0406,40.599999999999994,0.014051569160351973,0.01422148928454187,0.00012788270117940388,0.0002978027583634044,6.235081124114522e-22,6.700369038388987e-8,-2.204569618392365e-6
0.04065,40.65,0.014050786560121346,0.014220713543388209,0.00012787592090327587,0.00029780283716416954,6.235083062283762e-22,6.700374603952237e-8,-2.2228459478445254e-6
0.0407,40.7,0.014048654150265648,0.014218601171440796,0.00012785636889191875,0.00029780332306067616,6.235095035936665e-22,6.700411483882017e-8,-2.2773215265154676e-6
0.04075,40.75,0.01404516659605387,0.01421514726717891,0.00012782399341935906,0.0002978045975370182,6.235126458639707e-22,6.700510670738084e-8,-2.2730806102889992e-6
0.0408,40.800000000000004,0.014040318815986778,0.014210347184511207,0.0001277787453435197,0.000297807046858589,6.235186859410597e-22,6.700702979762317e-8,-2.3292727502897025e-6
0.04125,41.25,0.01393476959174549,0.014105932177463008,0.0001267854574752194,0.0002979479760711617,6.238660169248761e-22,6.711906205504799e-8,-2.5124399415947796e-6
0.0413,41.300000000000004,0.013916098027309224,0.014087473146062894,0.0001266093718482327,0.0002979844234513097,6.23955773904641e-22,6.714801396998061e-8,-2.57822463020297e-6
0.04135,41.349999999999994,0.013896027946869104,0.014067634552457882,0.0001264200526375121,0.00029802659104224386,6.240595868251881e-22,6.71814806805075e-8,-2.5667640589719195e-6
0.0414,41.4,0.013874557548841626,0.014046415049036155,0.00012621748413297552,0.0002980749171050899,6.241785230835773e-22,6.72197919860655e-8,-2.6222493796015443e-6
0.04195,41.95,0.013545745384183771,0.013721774104361156,0.00012311331211562094,0.00029914196423452166,6.267968189886792e-22,6.805560844295434e-8,-2.8765024047978976e-6
0.042,42.0,0.013507439910451375,0.01368398802605299,0.0001227516345152702,0.00029929968193625296,6.271827800423269e-22,6.817771118571903e-8,-2.921789331644825e-6
0.04205,42.05,0.013467738317111785,0.013644831173735798,0.0001223767830721335,0.00029946957138435483,6.275982680931561e-22,6.830887144401095e-8,-2.9211329993716813e-6
0.0421,42.1,0.013426643142995721,0.013604306541650266,0.0001219887859095734,0.0002996521161117502,6.280444177843935e-22,6.844938977912412e-8,-2.978789265212475e-6
0.0426,42.6,0.012939840973852673,0.013124728305277668,0.0001173943615240187,0.0003022816225132582,6.344426313051898e-22,7.043247994338801e-8,-3.2760572978487192e-6
0.04265,42.65,0.012883679591114435,0.013069451014159657,0.0001168645705977711,0.0003026359229452545,6.353011419412393e-22,7.06944595117157e-8,-3.278177755961953e-6
0.0427,42.7,0.012826181360935971,0.013012868043119427,0.00011632223270148155,0.00030300884391260046,6.36203944606826e-22,7.096899267113867e-8,-3.3438109832763413e-6
0.04275,42.75,0.012767353260945887,0.012954986804933715,0.00011576741992110442,0.000303400892649286,6.3715216341450035e-22,7.125630149361955e-8,-3.3442148800598144e-6
0.04325,43.25,0.01210771991952659,0.01230665404062517,0.00010955151794013583,0.0003084855641614584,6.493762909028385e-22,7.487359066326842e-8,-3.6678371778176823e-6
0.0433,43.3,0.01203482621948677,0.012235082757766552,0.00010886523436490672,0.00030912169732776686,6.508968949480628e-22,7.531318624775106e-8,-3.7359442729308436e-6
0.04335,43.35,0.011960714440005682,0.012162329991806985,0.00010816761276335184,0.00030978308879349713,6.524759899570706e-22,7.576742763556052e-8,-3.7311984857250342e-6
0.0434,43.4,0.01188539627183013,0.012088407826764411,0.00010745877061639219,0.0003104702493104824,6.541146187613382e-22,7.62363967288972e-8,-3.7941558968489126e-6
0.04395,43.95,0.010980989483394476,0.011201906514620002,9.895804033523398e-5,0.00031987498917773375,6.7635732556482665e-22,8.237887276112803e-8,-4.154078418021431e-6
0.044,44.0,0.010892241600366689,0.011115027571632635,9.812498227400249e-5,0.00032091087050913785,6.787880850189937e-22,8.302659919871924e-8,-4.210775429001475e-6
0.04405,44.05,0.010802473108865902,0.011027169705552278,9.728254679246372e-5,0.0003219790597856441,6.812909938529661e-22,8.368899083063695e-8,-4.203505286898958e-6
0.0441,44.1,0.010711700904986443,0.010938350137592097,9.643089963601451e-5,0.0003230800478714358,6.838669391052441e-22,8.436594614417266e-8,-4.287667279155177e-6
0.0446,44.6,0.009752756342920312,0.010001309832923654,8.744662694120518e-5,0.000336000025035217,7.138287518520501e-22,9.190470489760834e-8,-4.6256279127263425e-6
0.04465,44.650000000000006,0.009652164084331685,0.009903152082067353,8.650553742948817e-5,0.00033749344242919947,7.172626849289102e-22,9.273131537028979e-8,-4.639865274343771e-6
0.0447,44.699999999999996,0.009550799592409162,0.00980426753715444,8.555748155567193e-5,0.0003390253327260553,7.207792021609636e-22,9.357020792137976e-8,-4.686616327030789e-6
0.04475,44.75,0.00944868451829,0.009704678092902454,8.460266712930253e-5,0.00034059614731596474,7.2437900252517e-22,9.442110430529416e-8,-4.687323146401867e-6
0.04525,45.25,0.008391267497145213,0.008675078513645126,7.473067580724004e-5,0.00035854158878275555,7.651002090297899e-22,1.0351932703527132e-7,-5.070469732624092e-6
0.0453,45.3,0.008282425573154409,0.008569278793442594,7.37160887091941e-5,0.00036056920451215947,7.696577898248423e-22,1.0448008932617308e-7,-5.130650353361592e-6
0.04535,45.35,0.008173120113071164,0.008463063588010628,7.269746737185508e-5,0.0003626408368576575,7.743058205338804e-22,1.0544850755194934e-7,-5.154278315194772e-6
0.0454,45.400000000000006,0.008063377236362117,0.008356459166117663,7.167505705409567e-5,0.00036475688038028206,7.790447963050118e-22,1.0642414305917792e-7,-5.216831829535177e-6
0.04595,45.949999999999996,0.00683512600682222,0.007165947156136402,6.0251182409111405e-5,0.0003910722142199414,8.373021653139107e-22,1.1749776924805042e-7,-5.5827118282639245e-6
0.046,46.0,0.006722286805547027,0.007056833651295445,5.920335739026701e-5,0.000393750084610527,8.431655553713211e-22,1.1852251069707928e-7,-5.647638236207234e-6
0.04605,46.05,0.006609378187632558,0.006947700166477133,5.8155157924127966e-5,0.00039647701721506087,8.491249560277551e-22,1.1954798470631547e-7,-5.657584194500261e-6
0.0466,46.6,0.00537167851147874,0.005754795614759264,4.668135815653783e-5,0.00042979833071258515,9.210887065735667e-22,1.3071836875877278e-7,-6.108787388737713e-6
0.04665,46.65,0.0052603811536926556,0.005647867505735672,4.5650957372551934e-5,0.00043313717770012886,9.282192050183255e-22,1.317093134619373e-7,-6.126508360112598e-6
0.0467,46.699999999999996,0.005149429327521876,0.005541334272440087,4.462395262602925e-5,0.0004365287648443257,9.354485175375926e-22,1.3269373748315417e-7,-6.177954712907492e-6
0.04675,46.75,0.005038856613773845,0.005435229433799579,4.360064586583779e-5,0.0004399733322142936,9.427767823397677e-22,1.3367108470485685e-7,-6.1934037648753395e-6
0.04725,47.25,0.003961512864743012,0.004405255875019882,3.363838192197311e-5,0.00047738124925576254,1.021525907414571e-21,1.4293651132527466e-7,-6.568876312211574e-6
0.0473,47.300000000000004,0.0038573833588718127,0.004306130084025574,3.2676066184959535e-5,0.0004814226475312639,1.0299493199398286e-21,1.4380083065829905e-7,-6.626229655464763e-6
0.04735,47.35,0.0037540508598177137,0.0042078492483038936,3.172117226584798e-5,0.0004855194160935144,1.038472708855078e-21,1.4465186894292599e-7,-6.644606959112791e-6
0.0474,47.4,0.003651551258400753,0.004110449099527992,3.077401737032063e-5,0.0004896717130016887,1.0470961180643672e-21,1.4548916982436816e-7,-6.701556405582507e-6
0.04795,47.95,0.0025894141753302707,0.003107507523285694,2.095754054783408e-5,0.000539050734820749,1.1485637811228075e-21,1.536754475726912e-7,-7.06082259448188e-6
0.048,48.0,0.0024997515692585983,0.0030235028806604473,2.0128248081185326e-5,0.0005438794051585829,1.1583896128134217e-21,1.5431733660295748e-7,-7.114944763467284e-6
0.04805,48.050000000000004,0.0024113983637072964,0.0029408527290734343,1.9310875676953526e-5,0.0005487650860950652,1.1683157710378197e-21,1.5494090508131464e-7,-7.121306137806986e-6
0.0486,48.599999999999994,0.0015365855833646212,0.0021316725315104223,1.1199281776670767e-5,0.00060628606937082,1.2841315128528974e-21,1.6054415810194042e-7,-7.493698972169238e-6
0.04865,48.65,0.0014668511936031254,0.002068160742461562,1.055024746732058e-5,0.0006118596353809082,1.2952636077167956e-21,1.6093733953673025e-7,-7.509652895116427e-6
0.0487,48.7,0.0013989104970058073,0.0020064839694153916,9.917345253600496e-6,0.00061749065634439,1.3064964699994629e-21,1.6131122199138072e-7,-7.572559819142372e-6
0.04875,48.75,0.0013328006032876111,0.0019466789925707045,9.300897312932146e-6,0.0006231791249225286,1.317830164626397e-21,1.6166591671580676e-7,-7.580233858028362e-6
0.04925,49.25,0.0007805073213404116,0.0014596133402511862,4.111859077372768e-6,0.0006832177137749968,1.4367321871518634e-21,1.6420528976645383e-7,-7.860841148346338e-6
0.0493,49.3,0.0007369628361657421,0.0014228014948277745,3.6974930951520634e-6,0.0006895359873837106,1.4491813991324167e-21,1.64365574941222e-7,-7.899009394384552e-6
0.04935,49.35,0.0006956875556255051,0.0013882955033203807,3.3033944109385102e-6,0.0006959111775873253,1.4617328206394154e-21,1.6451056574603384e-7,-7.923142227197073e-6
0.0494,49.4,0.0006567171911659106,0.0013561306850620044,2.9298749067568416e-6,0.0007023432041540803,1.4743866266162394e-21,1.6464081608077613e-7,-7.954343253720375e-6
0.04995,49.95,0.00039019960270704577,0.0011667508086759806,2.673678895541122e-7,0.000776818408555195,1.62039721246554e-21,1.6529506794506817e-7,-8.225963840606074e-6
0.05,50.0,0.000381605450939988,0.0011653652247257127,1.6467037669004552e-7,0.0007839242788491899,1.6342974642726521e-21,1.653049588727045e-7,-8.265949622169915e-6
0.05005,50.05,0.000375762450021708,0.0011667615898138318,8.6487553494463e-8,0.0007910854620266278,1.6483034510259791e-21,1.6531071147611463e-7,-8.279076267632793e-6
0.0501,50.1,0.0003727032488005454,0.0011709721075939608,3.311140519206976e-8,0.0007983018048769014,1.6624155218705409e-21,1.6531341778173809e-7,-8.28816394526094e-6
0.05015,50.15,0.00037246021499010197,0.0011780286973173538,4.832156998517285e-9,0.0008055731491617102,1.6766340400671905e-21,1.6531421496958168e-7,-8.325221475144603e-6
0.0502,50.2,0.00037506542682102855,0.0011879629855521896,1.9382297204533924e-9,0.000812899331638271,1.690959383178528e-21,1.6531427224937656e-7,-8.338348120607479e-6
0.05025,50.25,0.00038055066484275686,0.0012008062980478095,2.471619556055939e-8,0.0008202801840774331,1.7053919432310025e-21,1.6531480958610478e-7,-8.370659863285331e-6
0.0506,50.6,0.0005021912999497066,0.001374726566718509,9.266385198780727e-7,0.0008734617398375502,1.809457974115992e-21,1.654426264771272e-7,-8.503844827635607e-6
0.05065,50.65,0.0005318224034942555,0.0014119310000818904,1.164871914015689e-6,0.0008812733029974671,1.8247641658956612e-21,1.6549566041278364e-7,-8.523130899046449e-6
0.0507,50.7,0.0005646048046050775,0.001452311504603776,1.4312659353045786e-6,0.000889137800363512,1.840181776492676e-21,1.655619560385446e-7,-8.535045854158907e-6
0.05075,50.75,0.0006005668560195831,0.0014958959500761732,1.7260862674645011e-6,0.0008970550146723384,1.855711349593279e-21,1.6564314529143282e-7,-8.571093642083887e-6
0.0512,51.2,0.00107178984666073,0.002036732667231472,5.701305680576227e-6,0.0009706439589102115,2.000613290055688e-21,1.6733239966844664e-7,-8.707004909722605e-6
0.05125,51.25,0.0011410187103488038,0.0021137997364216623,6.294468805262959e-6,0.0009790753272085186,2.017295842217415e-21,1.67660862578831e-7,-8.74032639435914e-6
0.0513,51.3,0.0012137118205443184,0.0021943498734126247,6.9188178469750055e-6,0.0009875567026817833,2.034097372835972e-21,1.680247615642905e-7,-8.736489374916146e-6
0.05135,51.35,0.0012898923687114656,0.002278405759192111,7.574587765516729e-6,0.000996087809811204,2.0510186133972765e-21,1.6842620569951737e-7,-8.752039401079862e-6
0.0514,51.4,0.0013695830668125923,0.002365989593184371,8.262010685471122e-6,0.001004668368181154,2.0680603107631314e-21,1.6886732958157788e-7,-8.766579685284895e-6
0.0519,51.9,0.0023641876388376475,0.0034403902401398162,1.6926110593201352e-5,0.0010931285359283315,2.2452774442487093e-21,1.7595813226342526e-7,-8.905924075583135e-6
0.05195,51.95,0.0024838446470025707,0.0035681017693351457,1.797618357860683e-5,0.0011022331289148807,2.2636977180978845e-21,1.7698736744813835e-7,-8.933591005251046e-6
0.052,52.0,0.0026072443502635784,0.0036995674880583667,1.9060458526909323e-5,0.0011113834182280536,2.2822485568908322e-21,1.780847326399799e-7,-8.911174733768285e-6
0.05205,52.05,0.0027344025856138638,0.0038348026956524337,2.017912685389871e-5,0.0011205790576307069,2.30093089253938e-21,1.7925281773324674e-7,-8.943890373229612e-6
0.0521,52.1,0.002865334614375915,0.003973822113948469,2.1332376546853382e-5,0.0011298196956162382,2.319745669635698e-21,1.8049422876815508e-7,-8.940053353786616e-6
0.05215,52.15,0.0030000551160065804,0.0041166398810429106,2.2520392119812492e-5,0.0011391049753356009,2.338693845030758e-21,1.8181161390024661e-7,-8.928138398674158e-6
0.0522,52.2,0.0031385781818299516,0.004263269545057986,2.3743354571458524e-5,0.0011484345345829036,2.357776387615697e-21,1.832076356968812e-7,-8.952978050857758e-6
0.05255,52.55,0.004215768837483172,0.00539742168469312,3.329704984426075e-5,0.0012149497016338058,2.495200208504712e-21,1.9541140803475355e-7,-8.995185264730702e-6
0.0526,52.6,0.004385147163767629,0.005574961492116139,3.480566702627239e-5,0.0012246197978300632,2.5153938889661637e-21,1.9753570639123477e-7,-9.013562568378732e-6
0.05265,52.650000000000006,0.004558427436457577,0.005756407605752657,3.635069466832836e-5,0.001234330664190633,2.5357311353826135e-21,1.9976378140850214e-7,-8.99417552277202e-6
0.0527,52.699999999999996,0.004735617546052856,0.0059417673540528935,3.7932276201459906e-5,0.0012440818820939465,2.5562130153253572e-21,2.0209852409971646e-7,-9.027497007408555e-6
0.05275,52.75,0.004916724733152598,0.006131047413636415,3.955055105595533e-5,0.0012538730269878921,2.5768406038015257e-21,2.045428569362389e-7,-9.022852194398613e-6
0.0528,52.8,0.0051017555834375556,0.00632425380423053,4.1205654613693475e-5,0.00126370366829794,2.5976149826168398e-21,2.070997042937044e-7,-9.023458039573824e-6
0.0532,53.199999999999996,0.006723824644049133,0.008011754654023219,5.578719025807295e-5,0.0013437169682617724,2.769226100027012e-21,2.3196132059174618e-7,-9.065867201838506e-6
0.05325,53.25,0.006944354421690069,0.008240458182070268,5.7779153730434636e-5,0.0013538826784367062,2.7913711216984777e-21,2.3566482475775915e-7,-9.102015963959354e-6
0.0533,53.3,0.007168836677029644,0.008473111084114048,5.980906694948776e-5,0.0013640832345140487,2.813674000258202e-21,2.39510779694291e-7,-9.064049666312877e-6
0.05335,53.35,0.007397270493345525,0.008709711854586404,6.187701770273625e-5,0.0013743181354323381,2.8361358529002054e-21,2.435022199593863e-7,-9.055769782251677e-6
0.0534,53.400000000000006,0.007629654247780535,0.008950258279579628,6.398308916690475e-5,0.0013845868733147685,2.858757795960613e-21,2.4764216591900066e-7,-9.06263602757072e-6
0.0539,53.900000000000006,0.010169869912952927,0.011571733382536946,8.715534393959612e-5,0.0014890185156413707,3.0940255014143238e-21,2.97873150893161e-7,-9.093736079898154e-6
0.05395,53.949999999999996,0.010445390706026682,0.011855330056959008,8.96848637069417e-5,0.001499623910784922,3.118481028252673e-21,3.0384517501073824e-7,-9.171486210716735e-6
0.054,54.0,0.01072478574947617,0.01214278942327445,9.225312429415327e-5,0.0015102564880818184,3.143109664072825e-21,3.100015215397034e-7,-9.093130234722943e-6
0.05405,54.050000000000004,0.011008043971862802,0.012434099787903686,9.486014432842357e-5,0.0015209156440151288,3.167912434484978e-21,3.1634509020865865e-7,-9.086062041012163e-6
0.0543,54.300000000000004,0.012481843186897235,0.013947955049789846,0.00010847691212767699,0.0015745884240404339,3.294573171227917e-21,3.5097076382114327e-7,-9.089495163671685e-6
0.05435,54.35,0.01278800628296126,0.014262083995006114,0.00011131657784274117,0.0015853939313814796,3.320441434762073e-21,3.5849700376351144e-7,-9.111709486762709e-6
0.0544,54.4,0.013097934180726202,0.01457996113381444,0.00011419498117600475,0.0015962215680251862,3.3464905623223847e-21,3.662299772247512e-7,-9.077782156950964e-6
0.05445,54.449999999999996,0.013411609829996562,0.01490156877300634,0.00011711209661465372,0.001607070665443065,3.3727214371633833e-21,3.74172353892141e-7,-9.012754774811784e-6
0.0545,54.5,0.013729015429176135,0.015226888465281953,0.0001200678928761197,0.001617940546646146,3.399134919207291e-21,3.823267510503273e-7,-9.040421704479696e-6
0.0546,54.6,0.014374941511284092,0.01588858644701854,0.0001260953735973845,0.0016397399100408724,3.4525130213476844e-21,3.9928192262881555e-7,-9.037998323778857e-6
0.05465,54.65,0.014703422630861052,0.01622492406836597,0.00012916696617055565,0.0016506679955786325,3.4794792337441174e-21,4.0808774214370487e-7,-9.10161206717588e-6
0.0547,54.699999999999996,0.01503555497355203,0.016564892406490662,0.00013227705568422606,0.0016616140714981406,3.506631235346709e-21,4.17115668363446e-7,-9.04849964014916e-6
0.05475,54.75,0.015371316977376117,0.01690846924033709,0.00013542558119437951,0.001672577417778074,3.533969750446344e-21,4.2636811696517156e-7,-9.159773203996014e-6
0.0548,54.800000000000004,0.015710686328714057,0.017255631594525794,0.00013861247565175283,0.0016835573056069916,3.561495472023913e-21,4.358474392559432e-7,-9.055971730643414e-6
0.0549,54.9,0.016400154064205908,0.017960617193880472,0.00014510107236163921,0.0017055637465312886,3.6171111419111415e-21,4.554958953874574e-7,-9.018207381388674e-6
0.05495,54.949999999999996,0.016750204068012406,0.018318390721894236,0.00014840260948650828,0.0017165887976898903,3.645202307016034e-21,4.656694809479472e-7,-8.965700799537162e-6
0.055,55.0,0.017103764660397574,0.01867965033772544,0.00015174218518627572,0.0017276273864262808,3.6734831091726486e-21,4.7607883948571954e-7,-9.022650246006878e-6
0.05525,55.25,0.018923288206234554,0.020537277775424065,0.00016900697042089913,0.0017829960078685491,3.81774825727696e-21,5.317328894452142e-7,-8.97054756093884e-6
0.0553,55.300000000000004,0.019297338967889238,0.02091886629186162,0.00017257248281821823,0.00179409926318324,3.847176232421513e-21,5.435983491503323e-7,-9.011139187677892e-6
0.05535,55.35,0.01967470226823698,0.021303738068010232,0.0001761752073065034,0.0018052104513580345,3.876796549284013e-21,5.557127737305797e-7,-8.948333237847816e-6
0.0554,55.4,0.020055346856073696,0.02169186116017327,0.00017981499907485316,0.0018163287350876614,3.9066094076492214e-21,5.680777568734648e-7,-9.007706065018371e-6
0.05545,55.45,0.02043924074686212,0.02208320288900575,0.0001834917064550008,0.0018274532678947296,3.936614955832477e-21,5.806948295526314e-7,-9.072329550374076e-6
0.0555,55.5,0.02082635122530046,0.022477729842086208,0.00018720517085750807,0.0018385831940688337,3.96681328871139e-21,5.93565429061171e-7,-8.995185264730702e-6
0.0557,55.7,0.022406279283248214,0.02408699614514755,0.000202423181351196,0.0018831393956323839,4.089534399454382e-21,6.476091289314753e-7,-9.018207381388674e-6
0.05575,55.75,0.022808956585424253,0.024496922571985002,0.00020631780565050643,0.0018942831304361975,4.120696088669547e-21,6.61766121988383e-7,-8.936620231127095e-6
0.0558,55.800000000000004,0.02321463899496294,0.02490981851527224,0.00021024808678462306,0.0019054269309014124,4.152049912492134e-21,6.761835210443074e-7,-8.987511225844713e-6
0.05595,55.95,0.024449335858720802,0.026165935312272695,0.00022225074727336348,0.001938849479810332,4.247260565895793e-21,7.210059801266507e-7,-8.943486476446138e-6
0.056,56.0,0.024866654176883992,0.026590317669717974,0.00022632149461841548,0.0019499842509710945,4.279378955675637e-21,7.364723235514837e-7,-8.979837186958723e-6
0.05605,56.050000000000004,0.025286781844105776,0.027017470211971796,0.00023042678082684873,0.0019611143964815645,4.311687140528709e-21,7.522022338781467e-7,-9.070713963240184e-6
0.0561,56.099999999999994,0.02570967762437255,0.027447350983936237,0.000234566359654665,0.001972238951013338,4.3441844338096074e-21,7.68196028352646e-7,-8.987915122628185e-6
0.0563,56.300000000000004,0.027428093283063837,0.0291932933546096,0.00025146240609357683,0.0020166616428176475,4.476048210289541e-21,8.348127730046739e-7,-8.921272153355114e-6
0.05635,56.349999999999994,0.02786418728177973,0.029636162103999157,0.00025576948336472556,0.0020277434534482913,4.509477970363952e-21,8.521270452452976e-7,-8.817470680002513e-6
0.0564,56.4,0.0283027877606134,0.03008149311457374,0.00026010921239186816,0.0020388136966384457,4.543091025980455e-21,8.697048239811511e-7,-8.935408540776675e-6
0.0566,56.599999999999994,0.03008132617845243,0.031886496969771534,0.00027778849963152425,0.0020829583483019075,4.679349438377418e-21,9.426398456032076e-7,-8.881286371791273e-6
0.05665,56.65,0.030531757205340584,0.0323434265580122,0.0002822868063170286,0.002093955197454047,4.7138580794147756e-21,9.615257001678073e-7,-8.894614965645886e-6
0.0567,56.7,0.03098440950052634,0.03280252884589754,0.0002868158349735352,0.002104934199665432,4.748540993665388e-21,9.806703984518681e-7,-8.900673417397984e-6
0.05675,56.75,0.0314392333205619,0.03326375336609809,0.00029137523503458345,0.0021158942804891372,4.7833963352020135e-21,1.0000727244720867e-6,-8.915617598386491e-6
0.0569,56.9,0.032816227309792806,0.03465964647573657,0.0003052320317666642,0.002148650137890291,4.88897691262879e-21,1.0598112434499306e-6,-8.89501886242936e-6
0.05695,56.95,0.03327922759219519,0.0351288430691277,0.0003099092430592415,0.00215952363975376,4.9245014198895086e-21,1.0802291939641494e-6,-8.798487531179276e-6
0.057,57.0,0.033744141586716805,0.035599900479261024,0.0003146149458992588,0.0021703727375379225,4.9601875440811515e-21,1.1008966514350625e-6,-8.897038346346726e-6
0.05715,57.15,0.03514982961501843,0.0370236942350352,0.0003288989427140964,0.0022027623983469605,5.068190125411863e-21,1.1643750354085619e-6,-8.86674608758624e-6
0.0572,57.2,0.035621859381705846,0.037501648700423496,0.00033371450706400166,0.0022135026397539486,5.104496646163386e-21,1.186018771868383e-6,-8.932985160075837e-6
0.05725,57.25,0.036095530498930085,0.03798118806582572,0.0003385564667708634,0.002224212825757233,5.14095116352305e-21,1.2079004286307613e-6,-8.83241486099102e-6
0.0573,57.3,0.03657078682558128,0.03846225548753168,0.00034342437612759613,0.002234891808051825,5.177550596348315e-21,1.2300172509017873e-6,-8.926926708323738e-6
0.05735,57.35,0.03704757168136104,0.03894479358607688,0.00034831778050114343,0.002245538432841769,5.214291740452135e-21,1.252366347704702e-6,-8.87078505542097e-6
0.0574,57.4,0.03752582785439909,0.03942874445415855,0.00035323621630518166,0.0022561515411109916,5.2511712671371425e-21,1.2749446710128747e-6,-8.982260567659561e-6
0.0577,57.7,0.040422993659516425,0.04235881052524294,0.0003832453905359166,0.0023190608412142627,5.475151943495997e-21,1.4150392612812207e-6,-8.914405908036071e-6
0.05775,57.75,0.04090990409984206,0.042850986729164355,0.00038832530468105824,0.002329406494870032,5.512896145080769e-21,1.4391244566830405e-6,-8.861899326184561e-6
0.0578,57.8,0.04139780996460695,0.04334409441652793,0.0003934262143147266,0.002339709202817564,5.5507474295521456e-21,1.4634091495437925e-6,-8.993973574380284e-6
0.0579,57.9,0.04237636095705102,0.044332854646254846,0.0004036888272098198,0.0023601810038453314,5.6267530443078226e-21,1.5125593000821168e-6,-9.014976207120888e-6
0.05795,57.95,0.042866881461425255,0.044828381290646625,0.0004088494107955381,0.0023703477025923095,5.6648979270383864e-21,1.537415510621004e-6,-9.08686983457911e-6
0.058,58.0,0.04335814816087872,0.045324587640540856,0.0004140287504712263,0.002380466667671559,5.70313099577496e-21,1.5624527250665838e-6,-9.07556072464186e-6
0.05805,58.05,0.04385009766456226,0.045821409687257425,0.0004192262630426692,0.002390536698063021,5.7414471767820794e-21,1.587665945251619e-6,-8.87199674577139e-6
0.0581,58.1,0.04434266616581693,0.04631878301480662,0.00042444135594085503,0.0024005565918714267,5.779841255038648e-21,1.6130500152886859e-6,-9.110295848020553e-6
0.0585,58.5,0.048297711173658324,0.05030975883930758,0.00046672077819122473,0.002478766622225465,6.089125394303352e-21,1.8216058087723168e-6,-9.205615488920217e-6
0.05855,58.55,0.04879291520120044,0.050809132429143374,0.0004720658755066583,0.0024882812551691074,6.127962360298625e-21,1.8482712138605438e-6,-9.277509116378441e-6
0.0586,58.6,0.04928807928190124,0.051308392821412106,0.0004774221095376258,0.0024977337739914614,6.166817231456151e-21,1.875047849157954e-6,-9.185016752963087e-6
0.05865,58.65,0.049783135637848606,0.051807471750457766,0.00048278878408724283,0.0025071229947582416,6.2056832260867066e-21,1.9019289735581868e-6,-9.183401165829195e-6
0.0587,58.7,0.050278016186675,0.0523063006599943,0.00048816519357519205,0.002516447737977578,6.244553422607101e-21,1.9289077069647253e-6,-9.209250559971477e-6
0.05875,58.75,0.050772652551196916,0.0528048107131689,0.0004935506230209823,0.0025257068290067105,6.283420759854497e-21,1.955977040164442e-6,-9.215712908507048e-6
0.0589,58.9,0.05225440854968541,0.05429773537375337,0.0005097537412081932,0.002553078527610326,6.3999329471776774e-21,2.0376565828340567e-6,-9.243177889783222e-6
0.05895,58.95,0.052747378850638564,0.054794276382028,0.000515167913991623,0.0025620633803563565,6.438715501275417e-21,2.0650156347449167e-6,-9.065867201838506e-6
0.059,59.0,0.05323975900156896,0.055290150501951255,0.0005205873920184237,0.002570976799963187,6.4774578524349004e-21,2.092428328968291e-6,-9.205615488920217e-6
0.0591,59.1,0.05422246886781663,0.05627961665589397,0.0005314391717564082,0.002588584812441022,6.5547903593828695e-21,2.1473835287109007e-6,-9.197941450034228e-6
0.05915,59.15,0.054712658036168295,0.05677306747059911,0.0005368699045869311,0.0025972771640982977,6.59336440720113e-21,2.174910197804314e-6,-9.254486999720471e-6
0.0592,59.2,0.05520197598074212,0.05726556897954478,0.0005423028049732657,0.0026058936013078696,6.6318660409352536e-21,2.2024588440942967e-6,-9.211673940672316e-6
0.05925,59.25,0.05569035191924031,0.05775705011194772,0.0005477370658165872,0.00261443302849355,6.670286903450364e-21,2.230021289047678e-6,-9.161994636305118e-6
0.0593,59.3,0.05617771488417571,0.05824743963188754,0.0005531718710373997,0.00262289436115076,6.708618521557204e-21,2.257589256276608e-6,-9.217732392424412e-6
0.05935,59.35,0.05666399373291354,0.05873666614894795,0.0005586063956662078,0.00263127652653701,6.746852309927071e-21,2.285154377009072e-6,-9.236311644464178e-6
0.0594,59.4,0.057149117158078425,0.059224658129119964,0.0005640398058787087,0.002639578464202746,6.784979573937061e-21,2.312708193999094e-6,-9.304974097654615e-6
0.05995,59.95,0.06238868892244863,0.06449052062222038,0.0006234866754477077,0.0027253157626481585,7.194765857763673e-21,2.6125617344704024e-6,-9.569930387613007e-6
0.06,60.0,0.06285433938077892,0.06495808108977194,0.0006288385649057028,0.0027325776345941168,7.23090293276311e-21,2.639294952747569e-6,-9.659595473544048e-6
0.06005,60.05,0.06331789712668184,0.06542346897394842,0.0006341777335700799,0.0027397469149257943,7.266812606188838e-21,2.6659012395187786e-6,-9.622033072681043e-6
0.0601,60.1,0.06377928963486673,0.06588661187986912,0.0006395032332506596,0.002746822785871771,7.302485169789252e-21,2.6923714727860242e-6,-9.793689205657137e-6
0.06055,60.55,0.06782242416350505,0.06994194843148857,0.000686657680695462,0.0028061790256874537,7.611260000682687e-21,2.9229815966172002e-6,-9.935456976656215e-6
0.0606,60.6,0.06825817884802456,0.07037867014108916,0.0006917928101190788,0.0028122811555803527,7.64402584505569e-21,2.9475932265907718e-6,-1.0104689728931469e-5
0.06065,60.650000000000006,0.06869097231185367,0.07081235442299268,0.000696903393321259,0.0028182825324800658,7.676447902922931e-21,2.9719701308120987e-6,-1.00651078441511e-5
0.0607,60.699999999999996,0.06912073263367059,0.07124292988266705,0.0007019884053249677,0.0028241826582075095,7.70851671934841e-21,2.996103708897821e-6,-1.0193547021295562e-5
0.06075,60.75,0.06954738801200418,0.0716703252820838,0.0007070468159783938,0.002829981066062481,7.74022292262562e-21,3.0199854485405333e-6,-1.0088533857592541e-5
0.0608,60.8,0.06997086677612654,0.07209446955112489,0.0007120775901635193,0.0028356773215446225,7.771557234739026e-21,3.0436069544955473e-6,-1.0279173139391873e-5
0.06125,61.25,0.07362748092972125,0.07575383817649564,0.0007559379635598366,0.002882291967155229,8.035360874960695e-21,3.24316851635389e-6,-1.0479909840778031e-5
0.0613,61.3,0.07401528813977717,0.0761416073011472,0.000760634517243603,0.0028869504148473107,8.062494669587668e-21,3.2637557436844823e-6,-1.0572402204193385e-5
0.06135,61.35,0.07439914207748008,0.07652535783919813,0.0007652917888643001,0.0028915042665717526,8.089163962158413e-21,3.2840000320730845e-6,-1.0574017791327277e-5
0.0614,61.400000000000006,0.07477897348599608,0.07690502161816963,0.0007699087029374607,0.002895953531205292,8.115361504183058e-21,3.303894999948653e-6,-1.0720228426944561e-5
0.06195,61.949999999999996,0.07867211923573313,0.08079243820374783,0.0008177226338794876,0.0029380381037772754,8.370601114805604e-21,3.4981057733562376e-6,-1.1146339533508742e-5
0.062,62.0,0.07899838844255803,0.08111786961477756,0.0008217711179355202,0.002941248776740066,8.390675869658804e-21,3.5134035429004414e-6,-1.143754911439289e-5
0.06205,62.050000000000004,0.07931976359781648,0.08143836087621431,0.0008257652381456474,0.0029443589882387055,8.410212002709935e-21,3.5282932377904428e-6,-1.1549024626631481e-5
0.0621,62.1,0.07963618027113527,0.08175384927159256,0.0008297039271997949,0.002947369384872795,8.429206920212828e-21,3.542772537425896e-6,-1.1757839263687104e-5
0.06255,62.55,0.08225038960148483,0.08435801262044654,0.0008624835556023736,0.002970102920136915,8.575598339818909e-21,3.654415181718832e-6,-1.198119418494776e-5
0.0626,62.6,0.08251377811714462,0.08462013350908423,0.000865810148882258,0.00297216187606559,8.589137700230591e-21,3.6647440021040093e-6,-1.227159597226496e-5
0.06265,62.65,0.08277153036014141,0.08487659566037556,0.0008690698751375442,0.002974131500697737,8.602137842758502e-21,3.6746617793911625e-6,-1.2169410086046252e-5
0.0627,62.7,0.08302358783536694,0.0851273428490101,0.0008722617332043775,0.0029760130626641907,8.614601984167576e-21,3.6841709069204817e-6,-1.2435981963138536e-5
0.06275,62.75,0.08326989262062222,0.0853723194680611,0.0008753847301874524,0.002977807884339814,8.626533884057778e-21,3.693274180465057e-6,-1.2346720773990968e-5
0.0628,62.8,0.08351038737909315,0.08561147054118767,0.0008784378819051673,0.0029795173420123144,8.637937851635211e-21,3.701974854984158e-6,-1.2513530145565382e-5
0.06325,63.25,0.08540423439094097,0.08749293742747903,0.000902615711179162,0.002991314984788114,8.717806601516495e-21,3.7629161702703217e-6,-1.292873603897579e-5
0.0633,63.3,0.08558361317438287,0.08767095684393285,0.0009049185188626723,0.0029922584205333727,8.724292791379474e-21,3.7678660611820947e-6,-1.3211867684190473e-5
0.06335,63.35,0.08575659349413277,0.08784259111504238,0.0009071413594617984,0.0029931352078801216,8.730336039539797e-21,3.7724781789029288e-6,-1.3104431139786612e-5
0.0634,63.4,0.08592312603755858,0.08800779379766883,0.0009092833887338971,0.002993947372069712,8.735947545863012e-21,3.7767610994407384e-6,-1.3341114654901883e-5
0.06395,63.95000000000001,0.08731611093243018,0.08938807628184102,0.0009272862972815587,0.0029992478416539015,8.77295034022272e-21,3.8050243261933526e-6,-1.4182027758092998e-5
0.064,64.0,0.08740171256224098,0.08947277933368294,0.0009283985324751861,0.0029994614977232113,8.774459374822502e-21,3.8061795562567417e-6,-1.4389630704798201e-5
0.06405,64.05,0.0874802991673766,0.0895505240492342,0.0009294204809916541,0.0029996415556799855,8.775732653601373e-21,3.8071549436446957e-6,-1.4336720226163217e-5
0.0641,64.10000000000001,0.0875518332957108,0.08962127630336168,0.0009303515450450159,0.0029997907447166057,8.77678882505626e-21,3.807964682881883e-6,-1.4612177832491912e-5
0.0645,64.5,0.08786604592753403,0.0899318012379932,0.0009344635693783116,0.0030002150695364253,8.77980065316858e-21,3.810285640952289e-6,-1.5428453231891164e-5
0.06455,64.55,0.08787258546363151,0.08993825237046993,0.0009345533559440236,0.0030002164524731982,8.77981053255767e-21,3.8102938693353063e-6,-1.536302195296851e-5
0.0646,64.60000000000001,0.08787175320526877,0.0899374261233602,0.0009345474961927779,0.003000216603974108,8.779811604814046e-21,3.810294616281946e-6,-1.5480959813742676e-5
0.06465,64.65,0.0878635230856266,0.08992929995128436,0.0009344456439829528,0.0030002186993199503,8.779826453104413e-21,3.8103050206195277e-6,-1.57438966197837e-5
0.0647,64.69999999999999,0.08784787016794032,0.089913852447588,0.0009342474782447976,0.0030002259475343882,8.779877891797105e-21,3.8103423931486984e-6,-1.5698660180034708e-5
0.06475,64.75,0.08782477066161466,0.0898910633588231,0.0009339527033055179,0.0030002415900738646,8.779988942405279e-21,3.8104242235438048e-6,-1.5871124106577745e-5
0.0652,65.19999999999999,0.08727844143428573,0.08935283797468266,0.000926916488386211,0.003001309212666569,8.787539489068079e-21,3.816099801829441e-6,-1.6770198346588994e-5
0.06525,65.25,0.0871798313428616,0.08925578320395251,0.000925645158378917,0.0030015932018438198,8.789540194070183e-21,3.817609081434774e-6,-1.692650640179311e-5
0.0653,65.3,0.08707359326842878,0.08915124433254756,0.0009242757251946143,0.003001922969936315,8.791860049579751e-21,3.819360150962074e-6,-1.692569860822616e-5
0.06535,65.35000000000001,0.08695971844524135,0.08903921607943459,0.0009228082192240342,0.0030023020320292444,8.794522519989074e-21,3.8213709038404705e-6,-1.7130070380663578e-5
0.0654,65.4,0.08683819946560548,0.08891969450521976,0.0009212426994192007,0.0030027339153571877,8.79755092753277e-21,3.8236591095872066e-6,-1.7188231517483714e-5
0.06595,65.94999999999999,0.08499626521282497,0.08711065652265387,0.0008975988851965186,0.0030119863229439354,8.861459583636673e-21,3.8720627930573185e-6,-1.8704056145858476e-5
0.066,66.0,0.08478295464818923,0.08690141528803699,0.0008948723494729233,0.003013329110300055,8.87060882774149e-21,3.879001886833793e-6,-1.8751312069524834e-5
0.06605,66.05,0.0845620344221072,0.08668475793591768,0.0008920512115551456,0.0030147708389158365,8.880401763968888e-21,3.886430813638963e-6,-1.8973859197218546e-5
0.0666,66.60000000000001,0.08163461600979913,0.08381783770764471,0.0008549292538911151,0.0030381469475044953,9.03549197330636e-21,4.004212070207139e-6,-2.0139505314322078e-5
0.06665,66.65,0.08132387675683207,0.08351390612645745,0.0008510175741723213,0.0030410429252835484,9.054285936301058e-21,4.0184938132380536e-6,-2.0337010841440456e-5
0.0667,66.69999999999999,0.08100582760078212,0.08320289354332677,0.0008470195987041412,0.0030440815078157843,9.073917166465878e-21,4.033412605012435e-6,-2.0409308365682148e-5
0.06675,66.75,0.080680503403152,0.08288483711981282,0.000842936161074818,0.0030472658287391185,9.094395855103583e-21,4.048976002065842e-6,-2.0517552703652956e-5
0.06725,67.25,0.0770360575993096,0.07932624053420574,0.0007976033342780106,0.0030877820278736212,9.347501297401647e-21,4.241278186958279e-6,-2.2352859687754987e-5
0.0673,67.3,0.07663351183478619,0.0789336370502816,0.0007926421903614831,0.0030927631415837158,9.377760214981422e-21,4.264250696980663e-6,-2.247887548419861e-5
0.06735,67.35,0.07622424717097202,0.07853456775722756,0.000787607561267692,0.003097923859591805,9.408930081188195e-21,4.287908770168189e-6,-2.264528095898955e-5
0.0674,67.4,0.0758083216158003,0.07812909197421891,0.0007825005977734896,0.0031032666439178938,9.441011232129536e-21,4.312251506187885e-6,-2.2705865476510527e-5
0.06795,67.95,0.07081192593171493,0.07326472429997404,0.0007218995146530691,0.003174693258602603,9.85341012425473e-21,4.624285195315457e-6,-2.4387287786109283e-5
0.068,68.0,0.07032125366986455,0.07278762584988158,0.0007160215994564717,0.0031823891229169773,9.896188493463617e-21,4.656532001498711e-6,-2.4514111376119854e-5
0.06805,68.05,0.06982483926799818,0.07230504889070578,0.0007100880753533168,0.003190293008644336,9.939817669117706e-21,4.6893918321169875e-6,-2.4760892310821955e-5
0.0686,68.6,0.06401035592509488,0.06666014214399635,0.0006415597010428811,0.00329134083184443,1.0472875556410748e-20,5.0880736632880635e-6,-2.625046364827096e-5
0.06865,68.65,0.06345202628556913,0.06611879613558232,0.0006350718934776533,0.003301836616105061,1.0525846937733134e-20,5.127359309401944e-6,-2.6463317253161317e-5
0.0687,68.7,0.06288917130924317,0.0655731829311879,0.0006285476362724346,0.003312554091103005,1.0579510540571555e-20,5.167087610676372e-6,-2.6545308300206366e-5
0.06875,68.75,0.062321896293409035,0.0650234068198802,0.0006219884670991906,0.0033234937863013863,1.0633851305822987e-20,5.207242222653521e-6,-2.674806448550989e-5
0.0692,69.2,0.057035667016212994,0.05990603399628734,0.0005616412106996824,0.0034320026057970254,1.1150775099501496e-20,5.584949042914723e-6,-2.796177431984673e-5
0.06925,69.25,0.05643032388660939,0.059320688811484557,0.0005548185624463091,0.0034451778588988073,1.1211004347706982e-20,5.628394364076234e-6,-2.8303470998665024e-5
0.0693,69.3,0.055821819780250775,0.058732423739485284,0.00054797819662777,0.003458576483768588,1.1271730219607313e-20,5.67206561680842e-6,-2.8074865419219217e-5
0.06935,69.35,0.05521027775680422,0.05814135996870618,0.000541121687296651,0.0034721981832268353,1.1332935517089872e-20,5.715943241200922e-6,-2.8541366204130713e-5
0.0694,69.4,0.054595822206187014,0.057547619956003666,0.0005342506080114328,0.003486042597791945,1.1394603002239754e-20,5.760007537455281e-6,-2.859993123773432e-5
0.0699,69.9,0.04831928653092147,0.05149082456925241,0.0004650833140595718,0.0036366151458330363,1.203291628398405e-20,6.2065272946340684e-6,-3.017916766111437e-5
0.06995,69.95,0.04768134560997376,0.050876065922905,0.0004581551923879857,0.003652869253962567,1.209853796878978e-20,6.251326240691782e-6,-3.0419890144064373e-5
0.07,70.0,0.04704207775541517,0.050260190293816544,0.0004512311709303741,0.0036693374132292594,1.2164418742453274e-20,6.296072177667363e-6,-3.0314069186794404e-5
0.07005,70.05,0.04640162214310441,0.049643334295164265,0.0004443127745593239,0.00368601858584292,1.2230542510156478e-20,6.340745441825346e-6,-3.082459472110448e-5
0.0706,70.6,0.03931889275124322,0.04283312524684526,0.0003690105244487346,0.003883236198121128,1.2969561207451617e-20,6.821897539987486e-6,-3.21017163504466e-5
0.07065,70.65,0.038675347572342055,0.04221545807626833,0.00036227584667345835,0.003902379486337404,1.3037429566486845e-20,6.864229743307572e-6,-3.2585584697047446e-5
0.0707,70.7,0.03803249728789178,0.041598657516878225,0.00035556590383952434,0.003921719226541764,1.3105353905494661e-20,6.906251571774362e-6,-3.26388990724659e-5
0.07075,70.75,0.037390491252592875,0.04098287007041348,0.0003488821016993877,0.003941253971540473,1.3173321886698712e-20,6.947946624023039e-6,-3.289577742675483e-5
0.07125,71.25,0.03105003106372361,0.034913254144906564,0.0002837835672385662,0.004146999304819026,1.3852930042433387e-20,7.343568301372817e-6,-3.4194709482404506e-5
0.0713,71.3,0.030427286227221326,0.034318396877446616,0.0002774770611143588,0.00416858033061644,1.3920661526223302e-20,7.380688988397809e-6,-3.42189432894129e-5
0.07135,71.35,0.0298072069545266,0.03372633990445582,0.0002712127279055669,0.004190338260485456,1.3988315578380554e-20,7.417314875516618e-6,-3.444997224955954e-5
0.0714,71.4,0.02918994649443578,0.03313723369203726,0.00026499183105635927,0.004212271575188655,1.4055884447530298e-20,7.453434615014147e-6,-3.457033349103454e-5
0.0719,71.9,0.02320611213725324,0.027441600765802793,0.0002054416795784521,0.0044409225234764566,1.4725444671339746e-20,7.784615708370795e-6,-3.58409927718411e-5
0.07195,71.95,0.022629975435757024,0.026894891954133717,0.00019977871757518922,0.004464687421368733,1.4791669570644663e-20,7.814547156797128e-6,-3.59944735495609e-5
0.072,72.0,0.0220584945092192,0.026352939192666087,0.00019417346882142522,0.004488610308360754,1.485774472743848e-20,7.843871648739468e-6,-3.590965522503154e-5
0.07205,72.05,0.02149182138474776,0.025815892049764408,0.00018862705062226354,0.004512689843018858,1.4923667096654877e-20,7.872583825795551e-6,-3.622873368397533e-5
0.0721,72.1,0.020930107794577577,0.025283899831659493,0.00018314056947336366,0.004536924705840183,1.498943398324767e-20,7.900678822597577e-6,-3.627558571085822e-5
0.0726,72.6,0.015618861028399,0.020274604626768358,0.00013180821556489194,0.004787543666941306,1.563820340944229e-20,8.146955488122401e-6,-3.7454964318599837e-5
0.07265,72.65,0.015121604629359759,0.019807968958177904,0.000127051091147442,0.004813407251850645,1.570217955355096e-20,8.168077438853892e-6,-3.7503431932616616e-5
0.0727,72.7,0.014631095522308868,0.019348149698522867,0.00012236638053802815,0.0048394123681532305,1.5765994187274057e-20,8.18856126707616e-6,-3.752847353319195e-5
0.07275,72.75,0.014147479112211429,0.018895290318783876,0.00011775506069687073,0.004865558058823189,1.582964891237771e-20,8.208408341996083e-6,-3.778696747461477e-5
0.0732,73.2,0.01012873938638478,0.015156088782133759,7.971264760769945e-5,0.005107053684476788,1.6395760952264857e-20,8.35884124305245e-6,-3.86472676234126e-5
0.07325,73.25,0.009721885540298047,0.014780566702747584,7.588707225683021e-5,0.005134559862166422,1.6457971457734392e-20,8.372501136474119e-6,-3.880801854323492e-5
0.0733,73.3,0.009323473439942744,0.014413535076761264,7.214507696263193e-5,0.005162198328171669,1.652005951440504e-20,8.38557071498894e-6,-3.8767628864887603e-5
0.07335,73.35,0.00893363863336881,0.014055128031657153,6.84875415914064e-5,0.005189968541783768,1.658203026506853e-20,8.398057000367154e-6,-3.898169416012838e-5
0.0734,73.4,0.00855251567385118,0.013705478743699097,6.491533897793677e-5,0.005217869998819342,1.664388913268824e-20,8.409967497868715e-6,-3.901319810923928e-5
0.07395,73.95,0.00497255051941796,0.01047440359481419,3.1496159472931305e-5,0.005533340729245145,1.7318778803543712e-20,8.505584003318248e-6,-4.001243875155188e-5
0.074,74.0,0.004706065940252951,0.010239851946084498,2.901369539417214e-5,0.005562791189849129,1.7379817899479956e-20,8.511336504860032e-6,-4.008675575971094e-5
0.07405,74.05000000000001,0.0044499395768078645,0.0100156904435907,2.6627345119694454e-5,0.005592369695210135,1.7440840451359783e-20,8.516652249531281e-6,-4.014491689653107e-5
0.0741,74.1,0.004204289209976991,0.009802036088995887,2.4337899939677308e-5,0.005622076257373355,1.750185567627063e-20,8.521545110787194e-6,-4.010856618601849e-5
0.07415,74.14999999999999,0.003969231217352468,0.009599004521815514,2.2146146471659547e-5,0.005651910924865045,1.7562873059667563e-20,8.526029387145096e-6,-4.0273356073675535e-5
0.0746,74.6,0.0023488384330966517,0.008268116359976334,6.944154803868777e-6,0.005926213531058163,1.811382566310853e-20,8.550584557751367e-6,-4.0829925841301545e-5
0.07465,74.64999999999999,0.0022257765821111367,0.00817735330555814,5.771655890297523e-6,0.005957339827427854,1.8175446035894455e-20,8.55186852708264e-6,-4.091959092723259e-5
0.0747,74.7,0.002114486788792948,0.008098387228625041,4.705233340126534e-6,0.005988597120200448,1.8237190923883284e-20,8.552930851556167e-6,-4.092120651436648e-5
0.07475,74.75,0.0020150664532828763,0.008031315259275156,3.745628527080988e-6,0.006019985880687106,1.8299073134015435e-20,8.553791193909609e-6,-4.10593392143143e-5
0.07495,74.95,0.0017379656195829617,0.007883850256025409,9.90114563307148e-7,0.006146866195342457,1.854824160317636e-20,8.555622028418255e-6,-4.126855774815339e-5
0.075,75.0,0.0016992911334624923,0.007877644597057866,5.756212016559966e-7,0.0061789205289724345,1.8611012845219436e-20,8.555783338548233e-6,-4.125724863821615e-5
0.07505,75.05000000000001,0.0016730326735635744,0.007883878745261023,2.7233681961578693e-7,0.006211109852605611,1.867400449197847e-20,8.555870156910418e-6,-4.129683052299652e-5
0.0751,75.1,0.0016592747861719364,0.007902637223126743,8.098491517346969e-8,0.006243434865923257,1.8737231466460968e-20,8.555905306895521e-6,-4.141719176447152e-5
0.07515,75.14999999999999,0.0016581000786019967,0.007934002647493912,2.2869063962245397e-9,0.006275896299844819,1.8800709010754115e-20,8.555912086148641e-6,-4.140588265453427e-5
0.0752,75.2,0.0016695891941491136,0.007978055703995188,3.696224739351361e-8,0.0063084949161377486,1.8864452690911244e-20,8.555914209067454e-6,-4.151089581823729e-5
0.07525,75.25,0.0016938207876683186,0.00803487512214471,1.8572854074174618e-7,0.006341231507039746,1.8928478402177538e-20,8.55593588927778e-6,-4.149635553403226e-5
0.0753,75.30000000000001,0.0017308715010829175,0.008104537650322647,4.493016519580082e-7,0.006374106894848327,1.8992802374393645e-20,8.556001754796714e-6,-4.160459987200307e-5
0.07535,75.35,0.001780815939624147,0.008187118031502504,8.283958198995476e-7,0.006407121931519714,1.905744117773818e-20,8.556136936244788e-6,-4.160540766557001e-5
0.0754,75.39999999999999,0.0018437266480328686,0.008282688978910742,1.323723769404779e-6,0.006440277498238619,1.912241172867172e-20,8.556366981116901e-6,-4.1677301293028234e-5
0.0759,75.89999999999999,0.00320041993371486,0.00996737889200037,1.2825795920960997e-5,0.00677977618432057,1.979434596672239e-20,8.569843854363887e-6,-4.20464629531227e-5
0.07595,75.95,0.0034101358489323167,0.010210041657572444,1.4646410887457037e-5,0.006814543646546714,1.9864188109488735e-20,8.572938726005478e-6,-4.214339818115626e-5
0.076,76.0,0.0036335198171739505,0.0104664009851298,1.6591733568090093e-5,0.006849464325009917,1.993459457809819e-20,8.576471931508943e-6,-4.2091699392871695e-5
0.07605,76.05000000000001,0.003870615638229466,0.010736501189489498,1.8662466768793984e-5,0.006884539437511459,2.0005587468152884e-20,8.580475241218556e-6,-4.2125626722683435e-5
0.0761,76.1,0.004121464766270929,0.011020384262030005,2.0859313263626056e-5,0.006919770223999668,2.0077189336966015e-20,8.584980871396436e-6,-4.2161977433196025e-5
0.07615,76.14999999999999,0.004386106293369593,0.011318089853515048,2.318297589574449e-5,0.006955157945977538,2.014942321438432e-20,8.590021582729557e-6,-4.20779669022336e-5
0.0762,76.2,0.004664576933357766,0.011629655257163179,2.563415767807646e-5,0.00699070388581069,2.0222312613679063e-20,8.595630587755622e-6,-4.2211252840779746e-5
0.0764,76.39999999999999,0.0059174008091514504,0.013015177453130246,3.672814812568172e-5,0.007134496167630062,2.0520913281525385e-20,8.624432114155886e-6,-4.230091792671079e-5
0.07645,76.45,0.00626548343016217,0.013396517699154722,3.982748379899067e-5,0.007170853119350199,2.0597450748181988e-20,8.633398952682297e-6,-4.2389775219074884e-5
0.0765,76.5,0.00662756467615007,0.013791891139374722,4.305856585049111e-5,0.007207376385888581,2.0674795648144727e-20,8.643144202171368e-6,-4.236069465066482e-5
0.0766,76.6,0.007393799213912088,0.014624816600542417,4.9918797956978514e-5,0.00728092751942707,2.083201731645935e-20,8.66511786820228e-6,-4.2367156999200386e-5
0.07665,76.64999999999999,0.0077979843648349895,0.015062401929568429,5.354936492665855e-5,0.0073179582521962815,2.0911950353821332e-20,8.67742155794745e-6,-4.225729707409569e-5
0.0767,76.7,0.008216231837947176,0.015514087046091389,5.731451229241306e-5,0.007355161029740015,2.0992803393005233e-20,8.690654213438956e-6,-4.239785315474435e-5
0.07675,76.75,0.008648551290147882,0.01597988236278397,6.121495141228911e-5,0.007392537319151051,2.1074606122911715e-20,8.70485484800115e-6,-4.247863251143898e-5
0.077,77.0,0.011021388947823093,0.01852069982149007,8.277151869441702e-5,0.00758207360053819,2.149895079501408e-20,8.791780750472758e-6,-4.24527831172967e-5
0.07705,77.05,0.01153820105071844,0.019071233530707256,8.749872734342747e-5,0.007620522394650715,2.158711282618076e-20,8.812639015360383e-6,-4.25174066026524e-5
0.0771,77.10000000000001,0.012069081568203646,0.019635879417713022,9.236624932441699e-5,0.0076591552640375,2.1676451598403096e-20,8.834753800124143e-6,-4.249317279564401e-5
0.0772,77.2,0.013173002245515994,0.020807465389842773,0.00010252513290546326,0.007736979394262104,2.185880180412259e-20,8.882927665633003e-6,-4.247217016290341e-5
0.07725,77.25,0.013746013157088755,0.021414377865941588,0.00010781794940295588,0.007776173749138043,2.195188648889281e-20,8.909075572449397e-6,-4.2173286543133274e-5
0.0773,77.3,0.014333033979541126,0.022035347292506138,0.00011325398918118613,0.007815558365446047,2.2046294462362094e-20,8.936657662524365e-6,-4.248994162137623e-5
0.07735,77.35000000000001,0.014934043626276731,0.022670353403734623,0.00011883398511317919,0.007855134796808475,2.2142064483962207e-20,8.965719887066621e-6,-4.270643029731784e-5
0.0774,77.39999999999999,0.015549018421257924,0.023319373342845354,0.00012455867236648227,0.007894904597602679,2.2239236209351238e-20,8.996308758048103e-6,-4.2475401337171195e-5
0.0776,77.60000000000001,0.018148004861785076,0.026055043420855403,0.00014891912217301017,0.008055948546317368,2.2642766038830313e-20,9.13488354845601e-6,-4.2422086961752735e-5
0.07765,77.64999999999999,0.018832359550179506,0.02677369880257145,0.0001553783786156717,0.008096708457139584,2.2747574262302804e-20,9.17382580468776e-6,-4.222660091855173e-5
0.0777,77.7,0.019530482904495314,0.027506176345450592,0.00016198678926625622,0.008137671015591883,2.2854042385541688e-20,9.214587221923287e-6,-4.24301648974222e-5
0.07795,77.95,0.0232260756907082,0.03137436916947579,0.00019729260806532645,0.008345576639299255,2.3412954605397763e-20,9.447491430207767e-6,-4.222821650568562e-5
0.078,78.0,0.024005842517389273,0.03218882696408928,0.0002048118550085138,0.008387786801403029,2.3530402354773807e-20,9.500263072836707e-6,-4.2420471374618846e-5
0.07805,78.05,0.02479903110931475,0.03301676514882811,0.00021248558653710447,0.008430210070782625,2.364986126979969e-20,9.555225357563334e-6,-4.2481863685706764e-5
0.0781,78.10000000000001,0.025605581624545324,0.03385812454631257,0.00022031457577670406,0.008472847885067507,2.377138653468549e-20,9.612434102096463e-6,-4.233969201792421e-5
0.0783,78.3,0.028964116783415754,0.03735650063848654,0.00025319867734184103,0.008645572667494265,2.4279303169216205e-20,9.86487603195253e-6,-4.2329998495120855e-5
0.07835,78.35000000000001,0.02983649008949547,0.03826398844040764,0.0002618156572172357,0.008689304073906964,2.4412036902718914e-20,9.934180205833806e-6,-4.223467885422119e-5
0.0784,78.39999999999999,0.030721812853804032,0.039184488475123395,0.000270592596845725,0.008733258212041569,2.4547198038534106e-20,1.0006081222880852e-5,-4.229445557817522e-5
0.07845,78.45,0.03162000750439709,0.040117923653487784,0.0002795302905121624,0.008777436358920187,2.4684852135200273e-20,1.0080640127306185e-5,-4.2540024822526897e-5
0.0785,78.5,0.03253099397164851,0.04106421435657584,0.0002886295355356695,0.008821839762502068,2.4825066409826943e-20,1.0157918668957967e-5,-4.226052824836347e-5
0.0786,78.60000000000001,0.03439100965345417,0.04299503126607195,0.0003073158839710853,0.0089113271756609,2.5113452939414876e-20,1.0320885720625801e-5,-4.2242756789890656e-5
0.07865,78.64999999999999,0.03533986633840147,0.04397938566850992,0.0003169045970105185,0.008956413520374795,2.526176835735559e-20,1.0406701686256454e-5,-4.248024809857287e-5
0.0787,78.7,0.03630116980472652,0.04497625200839789,0.0003266580806160033,0.009001729788752928,2.5412930383074554e-20,1.0495492213428975e-5,-4.223144767995341e-5
0.07875,78.75,0.03727482766436636,0.04598553816268495,0.0003365771469510688,0.00904727705790465,2.5567015273325236e-20,1.0587323049465458e-5,-4.196487580286112e-5
0.0791,79.10000000000001,0.044428089405128574,0.05339004274446646,0.0004107157436517189,0.009372657761989214,2.6734283710024266e-20,1.1320958356612906e-5,-4.20359616367524e-5
0.07915,79.14999999999999,0.04549696849143939,0.05449507762100006,0.0004219890458950318,0.009420086735837484,2.691474561187029e-20,1.1439575535718994e-5,-4.2687043251711125e-5
0.0792,79.2,0.046577263154840384,0.0556115937789657,0.00043343536417080297,0.009467754426392607,2.7098912595055305e-20,1.1561861522327917e-5,-4.198910960986951e-5
0.07925,79.25,0.04766885746405494,0.0567394750532786,0.0004450555370834774,0.009515661438374989,2.7286883424176016e-20,1.168789041681072e-5,-4.173223125558058e-5
0.0793,79.3,0.04877163323347338,0.05787860296454668,0.00045685040548044156,0.009563808318774665,2.7478759492440204e-20,1.1817737119468088e-5,-4.194871993152219e-5
0.07935,79.35000000000001,0.049885470043106304,0.059028856738057744,0.00046882081239618125,0.00961219555582807,2.767464490536312e-20,1.1951477468287585e-5,-4.208281366363528e-5
0.0794,79.39999999999999,0.05101024526085211,0.06019011332374458,0.00048096760296364115,0.009660823576626051,2.787464655769915e-20,1.2089188111011106e-5,-4.1942257582986624e-5
0.07945,79.45,0.05214583406460177,0.061362247416637865,0.0004932916242831531,0.009709692745330014,2.807887421699756e-20,1.2230946642278791e-5,-4.259172361081146e-5
0.0795,79.5,0.05329210946531414,0.0625451314783349,0.0005057937253633635,0.009758803361510733,2.828744061070291e-20,1.2376831474820312e-5,-4.192125495024602e-5
0.0798,79.8,0.060386802166275025,0.0698607673502717,0.000584593761783234,0.010058545602439555,2.963666078917172e-20,1.3343298654728976e-5,-4.1698303925768836e-5
0.07985,79.85000000000001,0.061604151239000884,0.07111514733930621,0.000598366328932919,0.010109348908857682,2.987902250260049e-20,1.3520339343136596e-5,-4.121685895986883e-5
0.0799,79.9,0.06283109601401274,0.07237917939921502,0.0006123238224407687,0.010160393505435135,3.012674249781584e-20,1.3702166189956974e-5,-4.173223125558058e-5
0.07995,79.94999999999999,0.06406749116722583,0.07365271697863654,0.0006264671030937136,0.010211679025596524,3.037996446139831e-20,1.388886579103739e-5,-4.2115125406313134e-5
0.08,80.0,0.06531318948142598,0.07493561154942974,0.000640797032340037,0.010263205019776483,3.063883606062316e-20,1.4080525585053036e-5,-4.1730615668446687e-5
0.08005,80.05,0.06656804187809809,0.0762277126366271,0.0006553144721423771,0.010314970953395902,3.0903509062218065e-20,1.427723399578418e-5,-4.1493124359764474e-5
0.0802,80.19999999999999,0.07038600554841895,0.0801577217027716,0.0007000004789157565,0.010471701734678556,3.173391830006367e-20,1.4898548394022649e-5,-4.146242820422051e-5
0.08025,80.25,0.07167594742115407,0.08148510627309934,0.0007152765854000973,0.010524420320950176,3.2023401034200833e-20,1.5116353386216793e-5,-4.1806548263739644e-5
0.0803,80.3,0.07297427123268932,0.08282091689715135,0.0007307445145390941,0.010577374839297006,3.231951001673463e-20,1.533966262831269e-5,-4.148989318549669e-5
0.08035,80.35000000000001,0.07428081744898997,0.08416499209885302,0.0007464051280812571,0.010630564209333261,3.2622424378615045e-20,1.556857003351355e-5,-4.101329498099836e-5
0.0804,80.4,0.07559542491941725,0.08551716868962156,0.0007622592871964892,0.010683987254189084,3.293232831569399e-20,1.5803170354706244e-5,-4.136710856332085e-5
0.0806,80.60000000000001,0.0809311899131145,0.09100356730742905,0.0008276285712662164,0.010899989165111097,3.4245709733332006e-20,1.680042859247523e-5,-4.1076302879220176e-5
0.08065,80.65,0.08228363253204704,0.09239374568713762,0.0008444633418738952,0.010954559431975893,3.459351282602115e-20,1.7064947193867148e-5,-4.139457354459702e-5
0.0807,80.69999999999999,0.08364313774430757,0.09379101247080047,0.0008614968022311026,0.011009354192936579,3.4949526055632136e-20,1.7335746455092622e-5,-4.0985829999722185e-5
0.08075,80.75,0.08500953419378245,0.09519519355353233,0.0008787298041653565,0.01106437155094665,3.531397370887764e-20,1.7612927506636107e-5,-4.1084380814889634e-5
0.0808,80.8,0.0863826492333344,0.09660611343344487,0.0008961631974239389,0.011119609500901054,3.5687086537583494e-20,1.7896592287493135e-5,-4.105853142074735e-5
0.08085,80.85000000000001,0.0877623089690364,0.09802359525417433,0.0009137978294540816,0.011175065927706902,3.6069101953172226e-20,1.8186843690489415e-5,-4.1412345003069844e-5
0.0809,80.9,0.08914833830457024,0.0994474608485848,0.0009316345451806926,0.011230738605368825,3.646026423835237e-20,1.8483785403186995e-5,-4.1029450852337285e-5
0.08125,81.25,0.0990139529347925,0.1095780450158596,0.001062220249922228,0.011626291572349009,3.947657802607665e-20,2.0758599328023035e-5,-4.098744558685608e-5
0.0813,81.3,0.10044450644896089,0.11104642432231489,0.0010817036818918805,0.01168360044230525,3.995060835923057e-20,2.111289989981954e-5,-4.07418763425044e-5
0.08135,81.35000000000001,0.10187980721055348,0.1125195323906477,0.0011013966535362706,0.011741100358727682,4.043633125518776e-20,2.1474862261363288e-5,-4.053346560223225e-5
0.0814,81.4,0.10331967066882734,0.11399718047060156,0.0011212999725805392,0.011798787929715808,4.0934072792173286e-20,2.1844598340989324e-5,-4.061424495892688e-5
0.0817,81.69999999999999,0.11204425412042247,0.12294774545550133,0.0012451817470691179,0.01214864884947967,4.4192432041297796e-20,2.4232627793788317e-5,-4.051407855662554e-5
0.08175,81.75,0.11351083843716507,0.12445182824528352,0.001266579657704975,0.012207544805804995,4.478428669819707e-20,2.4659977314768107e-5,-4.111830814470138e-5
0.0818,81.8,0.11498048888347072,0.12595891669369635,0.0012881941736843717,0.012266596887846941,4.5391143952583185e-20,2.509602244737648e-5,-4.061586054606077e-5
0.0819,81.9,0.11792823264045027,0.1289813339354743,0.0013320760242487692,0.012385151324558988,4.665157947684463e-20,2.5994673223297333e-5,-4.060616702325742e-5
0.08195,81.94999999999999,0.11940594769333754,0.13049627362844385,0.0013543448408344047,0.01244464431838313,4.730604687092351e-20,2.6457517150348387e-5,-4.0441377135600365e-5
0.082,82.0,0.12088597246364198,0.1320134408832873,0.0013768332260750513,0.012504274716146497,4.7977295944764717e-20,2.6929533208033593e-5,-4.064332552733695e-5
0.08205,82.05,0.12236811755900188,0.13353264059891837,0.0013995419001855411,0.012564037529219033,4.8665805681202864e-20,2.7410841959644216e-5,-4.102460409093561e-5
0.0822,82.19999999999999,0.1268253809910824,0.13810048191550856,0.0014689967216657135,0.012744068734314482,5.083991012440674e-20,2.8911736850108054e-5,-4.0544774712169494e-5
0.08225,82.25,0.12831411398060386,0.13962585871530353,0.0014925935692889144,0.012804308872517253,5.1602550942105094e-20,2.9431431212838474e-5,-4.0105335011750705e-5
0.0823,82.3,0.12980402116937162,0.14115229161458237,0.0015164141655825368,0.012864654649724661,5.238507556460839e-20,2.996102786158753e-5,-4.078711278225339e-5
0.0825,82.5,0.1357716226002532,0.14726468569711867,0.0016139470881344014,0.013106978004054363,5.572575576839625e-20,3.218090464811889e-5,-4.0872738900349704e-5
0.08255,82.55,0.13726457688730276,0.14879347737001208,0.0016388961130821304,0.013167763833884294,5.661666753972753e-20,3.2761865598004515e-5,-4.154643873518293e-5
0.0826,82.60000000000001,0.1387575785642092,0.15032215846585473,0.001664072676203368,0.01322861922433634,5.753118201785706e-20,3.335347166644714e-5,-4.0888894771688626e-5
0.08265,82.65,0.1402504414346475,0.15185053578254776,0.0016894773646502809,0.013289537756662376,5.846998771701937e-20,3.3955847383965096e-5,-4.0803268653592315e-5
0.0827,82.69999999999999,0.14174297989154333,0.153378416608426,0.0017151107516186958,0.013350512899343317,5.943379449022217e-20,3.4569117276835765e-5,-4.0770956910914464e-5
0.08275,82.75,0.14323500896449332,0.15490560877183926,0.0017409733958593187,0.013411538009758061,6.04233342247997e-20,3.5193405994773574e-5,-4.1207165437065475e-5
0.0828,82.8,0.14472634436796689,0.1564319206910199,0.0017670658411316348,0.013472606335305766,6.143936154356409e-20,3.5828838087713774e-5,-4.0801653066458426e-5
0.08285,82.85,0.14621680254756683,0.15795716142296354,0.0017933886157168622,0.013533711015533979,6.248265455261477e-20,3.647553813193947e-5,-4.145273468141716e-5
0.0829,82.9,0.1477062007276198,0.15948114071256134,0.00181994223179771,0.013594845083067806,6.355401557713052e-20,3.713363049980728e-5,-4.092766886290205e-5
0.0831,83.1,0.1536495677338535,0.16556066511363837,0.0019284747603632436,0.013839532257702743,6.813707889461668e-20,3.988240465813158e-5,-4.07192581226299e-5
0.08315,83.15,0.15513095470767066,0.16707551079966765,0.0019561896637744327,0.013900705156414499,6.936171901757036e-20,4.059931705060848e-5,-3.987592163873795e-5
0.0832,83.2,0.15661020391018463,0.1685879706359475,0.0019841381113634114,0.01396186350872273,7.061979539698507e-20,4.132836262999873e-5,-4.090181946875977e-5
0.08325,83.25,0.15808713927165968,0.1700978605125282,0.002012320485897515,0.014022999657061438,7.191230322750711e-20,4.206966338941542e-5,-4.120878102419937e-5
0.0833,83.3,0.15956158585376348,0.1716049973820675,0.002040737149004456,0.014084105853926939,7.324026888038991e-20,4.282334061330317e-5,-4.092928445003594e-5
0.08335,83.35,0.16103336988998304,0.17310919930413715,0.0020693884404503742,0.014145174265048188,7.460475091681719e-20,4.3589514980194196e-5,-4.130086949083125e-5
0.0834,83.4,0.16250231882749197,0.1746102854896087,0.0020982746773340567,0.014206196971103726,7.600684107664138e-20,4.4368306303768e-5,-4.0748338691039966e-5
0.08355,83.55,0.16689044854423465,0.17909305991087382,0.0021863458761322563,0.014388910461163258,8.045019812684368e-20,4.678156746200305e-5,-4.0716026948362115e-5
0.0836,83.6,0.1683463571995616,0.1805798997912761,0.0022161745859254453,0.014449669565592604,8.201433971461876e-20,4.7612006918149e-5,-4.043329919993091e-5
0.08365,83.65,0.16979858756055624,0.1820627387585612,0.002246239459413717,0.014510342201729958,8.362208402027568e-20,4.8455648113845276e-5,-4.057223969344567e-5
0.08395,83.95,0.17842562118684574,0.19086616918579896,0.0024315952793737285,0.014872089477309667,9.42607525732485e-20,5.38009767241749e-5,-4.055769940924064e-5
0.084,84.0,0.1798475837747991,0.1923162415837445,0.0024633162274387806,0.01493191929622477,9.621290898904103e-20,5.4740118378734564e-5,-4.10262196780695e-5
0.08405,84.05,0.18126459566822303,0.19376097170895798,0.0024952737966165484,0.014991594143986845,9.822040828487974e-20,5.569332322247041e-5,-4.141719176447152e-5
0.0846,84.6,0.1964828666884312,0.20925582602365997,0.002862369159786021,0.015635261361825314,1.244758366152998e-19,6.713314674195662e-5,-4.271935499438898e-5
0.08465,84.65,0.19782915180049307,0.21062445825948448,0.0028971473426137725,0.01569238553952331,1.2729470157760097e-19,6.82620381563034e-5,-4.3727481365937985e-5
0.0847,84.7,0.1991686565919493,0.21198580760409882,0.002932157650489006,0.015749239256546123,1.3019531147671186e-19,6.940604920447165e-5,-4.320726230882456e-5
0.08475,84.75,0.20050125380264214,0.21333973860355085,0.0029673993976871644,0.015805813633316887,1.3318015686745849e-19,7.056523539775687e-5,-4.3598234395226574e-5
0.08505,85.05,0.20834490765681601,0.22130022125181834,0.0031836642913943215,0.01613890004483301,1.5300727820946772e-19,7.784152093220052e-5,-4.2690274425978916e-5
0.0851,85.1,0.20962575994721305,0.2225986101499296,0.003220501885931182,0.016193272980539464,1.566580071565986e-19,7.910806598280094e-5,-4.230253351384468e-5
0.08515,85.15,0.21089876039475958,0.2238885743511075,0.0032575632172176625,0.016247296783479675,1.604157369816884e-19,8.039004265676248e-5,-4.326219227137691e-5
0.0852,85.2,0.21216380034868312,0.22516999797971332,0.0032948470130176833,0.016300962956549342,1.6428369594320062e-19,8.168745580663234e-5,-4.273227969146012e-5
0.08525,85.25,0.21342077326546377,0.2264427674105041,0.0033323519244094608,0.016354263069102547,1.6826520323894e-19,8.300030341570548e-5,-4.382441659397154e-5
0.0853,85.3,0.21466957471242656,0.22770677127942127,0.003370076523199984,0.01640718876157526,1.723636706516942e-19,8.432857613077534e-5,-4.3291272839786974e-5
0.08535,85.35,0.2159101023692078,0.2289619004924956,0.003408019299150732,0.016459731750137447,1.7658260413720985e-19,8.567225711395956e-5,-4.396658826175409e-5
0.0854,85.4,0.217142256028468,0.2302080482339808,0.0034461786572037934,0.016511883831351607,1.8092560533397992e-19,8.7031321557547e-5,-4.343344450756952e-5
0.08545,85.45,0.21836593759443787,0.23144510997254802,0.0034845529145145584,0.0165636368868444,1.8539637299128362e-19,8.840573651310421e-5,-4.377918015422255e-5
0.0856,85.6,0.2219852003885964,0.23510076822405002,0.0036009468729753086,0.01671642208776121,1.9961374567441266e-19,9.262062379887924e-5,-4.391488947346953e-5
0.08565,85.65,0.2231740547398791,0.23630048647828958,0.003640162035253936,0.016766499717685332,2.0463455221485644e-19,9.405593413678345e-5,-4.4926247019286316e-5
0.0857,85.7,0.22435397805504223,0.23749063047013041,0.0036795822558394428,0.016816139164589735,2.0980311692122677e-19,9.55062942335464e-5,-4.364670200924335e-5
0.08595,85.95,0.2301167073816722,0.24329463964561884,0.0038796755333111383,0.017057504816910207,2.380165584312158e-19,0.0001029803027689431,-4.482284944271719e-5
0.086,86.0,0.23124131999493727,0.24442551186050587,0.0039202742292796505,0.017104361576127488,2.4416565694781433e-19,0.00010451867602024454,-4.472591421468363e-5
0.08605,86.05,0.23235644562804647,0.24554622227664977,0.003961059553105423,0.017150730130438167,2.5049479497936604e-19,0.00010607122515680609,-4.541092315945411e-5
0.0861,86.1,0.23346201284180954,0.2466566959830975,0.004002028357052163,0.01719660386052032,2.5700898669293867e-19,0.00010763777442417782,-4.5375380242508465e-5
0.08615,86.15,0.2345579521285844,0.24775686028567123,0.004043177350411882,0.01724197628931842,2.637133419749065e-19,0.00010921813392157534,-4.634150134857626e-5
0.0862,86.2,0.23564419588623237,0.24884664468990625,0.004084503094393197,0.01728684108592256,2.7061306372502593e-19,0.0001108120989358911,-4.558217539564672e-5
0.08655,86.55,0.24297113513485596,0.25617902897939904,0.00437840974884101,0.01758618126308076,3.248360661175632e-19,0.00012233025738215452,-4.594083573937089e-5
0.0866,86.6,0.24397759950290485,0.25718349311416594,0.0044210060333990655,0.017626775620875428,3.3349573957488907e-19,0.0001240237394765674,-4.522351505192256e-5
0.08665,86.65,0.24497384039221326,0.2581770380684453,0.0044637404832113745,0.01766681243117208,3.4240099006765437e-19,0.00012572822523325026,-4.60700827100823e-5
0.0867,86.7,0.24595980737773765,0.25915961396037634,0.004506607840808169,0.017706286980071703,3.5155763653979297e-19,0.00012744332953645038,-4.562741183539572e-5
0.08675,86.75,0.2469354515151524,0.26013117278436054,0.0045496026271962964,0.01774519472771274,3.6097150687667196e-19,0.00012916864562957374,-4.6102394452760155e-5
0.0868,86.8,0.24790072528781057,0.26109166836852865,0.004592719133476898,0.017783531310405106,3.7064842348196836e-19,0.00013090374429423364,-4.5553094827236655e-5
0.08725,87.25,0.2561143125912279,0.2692315090418354,0.004985177373877372,0.018102226947478324,4.705117626388526e-19,0.000146876964596449,-4.192771729878159e-5
0.0873,87.3,0.2569735397554678,0.27007920018984455,0.0050291397440425595,0.018134651497570296,4.831241782651321e-19,0.0001486808087460958,-4.0273356073675535e-5
0.08735,87.35,0.2578219500097512,0.27091542625363796,0.005073143073798066,0.01816646882962826,4.96057305362151e-19,0.00015048801567832658,-4.085496744187688e-5
0.0874,87.4,0.25865950773601265,0.27174015870729906,0.005117178095887968,0.018197676769308287,5.093150524420618e-19,0.00015229782669236097,-3.939447667283794e-5
0.08795,87.95,0.26714641827126706,0.2800463013625996,0.005600595896098702,0.01850030686089923,6.771921691710932e-19,0.00017212649998758962,-3.205647991069761e-5
0.088,88.0,0.26785101809885725,0.2807311563468322,0.005644135151653344,0.018524099503808383,6.944509317227596e-19,0.0001738957901254061,-2.980435144605128e-5
0.08805,88.05,0.2685443007104497,0.2814042022553561,0.005687545317424622,0.018547271207695965,7.120276561010405e-19,0.00017565460457221176,-3.0460279822411688e-5
0.0881,88.1,0.2692262254909945,0.28206541498454674,0.005730810271336479,0.01856982236318895,7.299148262629561e-19,0.0001774016722324363,-2.7542529458601593e-5
0.08855,88.55,0.2748448411609798,0.2874793867134513,0.006110661787280793,0.01874501497143993,9.028282295822421e-19,0.00019236829388834988,-1.8495241508802853e-5
0.0886,88.6,0.27541052153046025,0.28802070524025236,0.0061514337890304,0.018761423578970763,9.230353574239911e-19,0.00019391983626946505,-1.55031741368337e-5
0.08865,88.65,0.27596425162487254,0.28854984056850214,0.006191835103060021,0.01877722860337749,9.433514794733482e-19,0.00019544329610901928,-1.5987850277001488e-5
0.0887,88.7,0.27650595816976686,0.2890667478110974,0.006231840148493787,0.018792432852792453,9.63744899291428e-19,0.00019693701924507114,-1.265650960691488e-5
0.08875,88.75,0.27703556347180475,0.289571378877251,0.006271422374388176,0.018807039380484718,9.841813524060062e-19,0.00019839933647066365,-1.319611570963502e-5
0.0888,88.8,0.277552985108126,0.29006368220289036,0.006310554230647335,0.01882105149683315,1.0046239725505033e-18,0.00019982856863435413,-9.919705002100762e-6
0.08925,89.25,0.28164514006790653,0.29392905924109963,0.00663739970028135,0.01892110794434178,1.1815539310432538e-18,0.00021092913473661097,2.0808762284537102e-6
0.0893,89.30000000000001,0.28203490657184166,0.294294272163395,0.006670274199962315,0.01892942785365237,1.1994924979296286e-18,0.00021193786921045233,5.92920478138596e-6
0.08935,89.35,0.28241117057087844,0.2946462738164365,0.006702322220794797,0.01893721256982956,1.2168817983231927e-18,0.00021289652888740665,5.602856180339648e-6
0.0894,89.39999999999999,0.28277376466366766,0.29498494634365346,0.0067335024674452975,0.01894447034345609,1.2336638326278752e-18,0.000213803984301982,9.27993249707928e-6
0.08995,89.95,0.28580160530864845,0.2977882770925141,0.007006240194293997,0.018992691721044383,1.3639321988872941e-18,0.00022025714084993823,2.560059372366265e-5
0.09,90.0,0.2859831305945807,0.2979545600942243,0.007023375097516426,0.01899458406584831,1.3700105576807305e-18,0.00022053134128723753,2.958463159584188e-5
0.09005,90.05000000000001,0.2861477690933015,0.2981051264023182,0.007039008661842155,0.018996145211250384,1.3751187366851557e-18,0.00022075963728920237,2.88123809458412e-5
0.0901,90.1,0.2862951794205026,0.2982397135886574,0.007053087227662109,0.018997400451025402,1.3792959066609395e-18,0.00022094482427179862,3.2754413552539224e-5
0.0904,90.39999999999999,0.2867968200632026,0.2986953357861386,0.007101913286549768,0.019000207641325532,1.3889434062845318e-18,0.00022136820083555608,4.061586054606077e-5
0.09045,90.45,0.2868127952212388,0.2987096189675948,0.007103623041608465,0.01900022541678012,1.3890078733642456e-18,0.00022137122359092113,3.926522970212653e-5
0.0905,90.5,0.286808261005763,0.29870534754507355,0.00710336323411103,0.019000228401868057,1.3890180340404497e-18,0.00022137159563465934,4.215389949752656e-5
0.0906,90.6,0.28673573433885025,0.2986395977181788,0.007096751541122758,0.01900039352585691,1.3895919455286354e-18,0.00022139463660289063,4.222498533141784e-5
0.09065,90.64999999999999,0.2866667405660197,0.2985773149656428,0.007090313584512637,0.019000666550509276,1.3905391604532805e-18,0.00022143367104756102,4.45352749328843e-5
0.0907,90.7,0.28657523562762166,0.2984948694713604,0.0070817345290025,0.019001146870057634,1.3921942923747942e-18,0.00022150272728619505,4.3685476100456774e-5
0.09075,90.75,0.28646068465262453,0.298391827675951,0.007070978328191493,0.019001899740479274,1.3947631282430933e-18,0.0002216110845868437,4.590206164815747e-5
0.0909,90.89999999999999,0.2859732215546472,0.2979546150169784,0.007025338260841629,0.019006509453439742,1.4099947034334359e-18,0.0002222697788259539,4.572111588916149e-5
0.09095,90.95,0.28576089604256283,0.29776462461080944,0.007005584182379128,0.01900909011627617,1.4182326856692619e-18,0.00022263439694529124,4.73851706370709e-5
0.091,91.0,0.2855226758773122,0.29755170459833125,0.0069835285459853265,0.019012334178217866,1.4283510498266267e-18,0.00022308883234905226,4.588913695108632e-5
0.09125,91.25,0.28392197560449617,0.2961255858884515,0.006838485836399774,0.01904186905232595,1.5119181026580677e-18,0.0002270680749213669,4.5737271760500414e-5
0.0913,91.30000000000001,0.28351560424797656,0.29576445870062495,0.006802547618833989,0.019051173797591806,1.5358553133805394e-18,0.00022827393383596496,4.326542344564469e-5
0.09135,91.35,0.2830790371797687,0.2953768108304949,0.006764331930887103,0.01906187594424802,1.5622869723583366e-18,0.00022963740953980684,4.424446924878363e-5
0.0914,91.39999999999999,0.2826116504750288,0.2949621151688482,0.006723863383688761,0.0190740969112276,1.5911943093615266e-18,0.00023116632243709093,4.190186790463931e-5
0.09195,91.95,0.2752622550404893,0.2884668309610862,0.006142067577195594,0.019346383213874937,2.0428188081645447e-18,0.00026028394137678527,2.383314139918411e-5
0.092,92.0,0.2743783467219577,0.2876876058624286,0.00607824739248152,0.019387242447361022,2.09173686915567e-18,0.0002640856118168679,2.0446870766545153e-5
0.09205,92.05000000000001,0.2734561611426457,0.28687490761422035,0.006012907477632382,0.01943138587875975,2.1411165183668552e-18,0.00026807046659511457,1.9306266250016955e-5
0.0926,92.60000000000001,0.26066656266715127,0.2756191544867587,0.005216887408437884,0.020169157289730198,2.6655808785332373e-18,0.00032193830308690927,-1.2045817670303466e-5
0.09265,92.64999999999999,0.2592549028630583,0.27437752920769826,0.005139603551793056,0.02026190238348686,2.7081569673594153e-18,0.0003275129320226943,-1.4113769201686035e-5
0.0927,92.7,0.2578007943501856,0.2730985684137234,0.005061841278597784,0.020359282185331062,2.749511041750095e-18,0.0003331567868696588,-1.761636210796526e-5
0.09275,92.75,0.2563041364779629,0.27178215068388445,0.004983674814249411,0.020461350160690287,2.789600407676919e-18,0.00033885946047267307,-2.0181914476586763e-5
0.09325,93.25,0.23900418551634944,0.25655441295336456,0.004194734544744236,0.02174456502859932,3.1180480717841795e-18,0.0003969531117427514,-4.831574882619306e-5
0.0933,93.3,0.23704469090814886,0.25482748957009127,0.004116459574522735,0.021898855564788634,3.1438502198069547e-18,0.00040267162523114253,-5.124965506134208e-5
0.09335,93.35000000000001,0.23504478325563605,0.25306435180913067,0.004038514064210493,0.022057674275547248,3.1684708641442993e-18,0.00040834210401685813,-5.3860443869712574e-5
0.0934,93.39999999999999,0.23300495470606192,0.25126536044606823,0.003960945273701441,0.02222093705574615,3.1919444572652556e-18,0.0004139579059004689,-5.570221320235017e-5
0.0939,93.89999999999999,0.21055760411282112,0.23141521058430034,0.003214932104011706,0.024072072644770463,3.371801644538082e-18,0.00046593064648604095,-7.394219194399799e-5
0.09395,93.95,0.20812649900643607,0.22925867797229607,0.0031440576511214454,0.024275765997902213,3.385125982307989e-18,0.00047061900269565536,-7.652390018395842e-5
0.094,94.0,0.20566557891608203,0.22707421266285097,0.0030739756907466422,0.02448213423433697,3.3977467727891322e-18,0.00047520310214245595,-7.647866374420942e-5
0.09405,94.05,0.2031760315830719,0.22486278073766477,0.003004709537549192,0.024690979010960956,3.409697244771644e-18,0.0004796811019595999,-7.912499546952555e-5
0.0941,94.10000000000001,0.20065909434270185,0.22262539414225085,0.0029362809589740025,0.024902096706981288,3.4210095637961402e-18,0.0004840514635859939,-7.812333144651212e-5
0.09415,94.14999999999999,0.19811605268993807,0.2203631098623876,0.002868710215838305,0.02511527907526771,3.4317147973124406e-18,0.0004883129404019982,-7.972276270906583e-5
0.0942,94.2,0.19554823864153187,0.218077028935128,0.002802016099430263,0.025330313928382354,3.441842893105691e-18,0.0004924645662416379,-7.782606341387587e-5
0.09455,94.55,0.17700064928478185,0.20150927904784785,0.0023609895377533353,0.026869100878549133,3.498858416245309e-18,0.0005184221923573544,-7.784545045948259e-5
0.0946,94.60000000000001,0.1742875081901587,0.19907728634998656,0.002301820442817047,0.02709107691272216,3.5053128285863685e-18,0.0005216898504106,-7.232660481010536e-5
0.09465,94.64999999999999,0.17156331727011612,0.1966331406658051,0.002243636789882435,0.02731293533592214,3.5114097033113836e-18,0.0005248495747094495,-7.456580857768055e-5
0.0947,94.7,0.16882974465590203,0.1941782915722629,0.002186444560517065,0.027534463574265155,3.517168243811618e-18,0.0005279025392861797,-7.34801340237047e-5
0.09475,94.75,0.16608847562972007,0.1917142106687588,0.002130248624994935,0.027755452813893158,3.522606719556543e-18,0.0005308500677442309,-7.275958216198858e-5
0.09525,95.25,0.13862820599827555,0.16689894820976864,0.0016234181021117047,0.029893605410254622,3.562807198007658e-18,0.0005549032864391055,-6.370583186365427e-5
0.0953,95.3,0.1359147305154092,0.1644335940375629,0.001578212850757955,0.03009651956220644,3.5656974249312836e-18,0.0005568106418179937,-6.338271443687575e-5
0.09535,95.35000000000001,0.1332137691335381,0.161977218033283,0.0015339857588553348,0.030296876022189605,3.568426173218527e-18,0.0005586363489748365,-6.163141798373613e-5
0.0954,95.4,0.1305268891068606,0.1595312787169544,0.001490729770668941,0.030494558997937654,3.5710025687514065e-18,0.0005603827635947574,-6.148924631595358e-5
0.09555,95.55,0.12256585767124319,0.15227026260738344,0.0013667072005888019,0.031070546966624518,3.577901620404009e-18,0.0005651700459414112,-5.858765182348241e-5
0.0956,95.60000000000001,0.11995021599436882,0.14988009384090165,0.0013272510424930204,0.03125656226585325,3.579950331253786e-18,0.0005666231158777371,-5.672003309670253e-5
0.09565,95.65,0.1173558934238823,0.14750720450813887,0.0012887204401119067,0.031439463515495515,3.581885377638369e-18,0.00056800881520803,-5.7747546513858245e-5
0.09595,95.94999999999999,0.10230686564525601,0.13369983361404528,0.0010763229091344604,0.03246871583855997,3.5914491110418174e-18,0.0005750393052893633,-5.844548015569986e-5
0.096,96.0,0.09989515206922665,0.13148041399982036,0.0010439356263689929,0.032628621538535234,3.59275191056026e-18,0.0005760183660755699,-6.139231108792003e-5
0.09605,96.05,0.09751356856484628,0.12928694611028033,0.00101237250804358,0.032785173105187866,3.5939840493919676e-18,0.0005769482330406657,-5.671357074816696e-5
0.0965,96.5,0.07754758554706702,0.11083175653303164,0.0007629080933292642,0.034046495646147645,3.60250159966644e-18,0.0005834330894999448,-5.67264954452381e-5
0.09655,96.55,0.07550104472092159,0.10893382394308967,0.0007387468948006152,0.03417094213894519,3.6032191199813096e-18,0.0005839779693581571,-5.414801837954546e-5
0.0966,96.60000000000001,0.07348990355263159,0.10706769718402118,0.0007152380292237806,0.03429244716673036,3.6039003952193495e-18,0.0005844938239606656,-5.904001622097235e-5
0.09665,96.65,0.07151424834565706,0.10523354608450702,0.0006923651913365852,0.03441107794798642,3.60454759182889e-18,0.0005849821435378038,-5.659078612599112e-5
0.0967,96.69999999999999,0.06957410569826843,0.10343148421544919,0.0006701120844666257,0.03452690515722655,3.60516275265585e-18,0.0005854443600273767,-6.08042373711831e-5
0.09675,96.75,0.06766944464005038,0.10166157066899814,0.0006484624475493811,0.03464000259459225,3.605747803881002e-18,0.000585881847239492,-5.7644148937289116e-5
0.0972,97.19999999999999,0.05209388136463056,0.08716469642799589,0.00047813982690451533,0.03554836598481269,3.609926257260229e-18,0.0005889053985211236,-5.861996356616027e-5
0.09725,97.25,0.05053156655069349,0.0857091939355741,0.0004616567533196188,0.03563869497915203,3.610294743862754e-18,0.0005891589925864683,-5.560204680004883e-5
0.0973,97.3,0.04900138271829846,0.08428359192233507,0.00044560787558298165,0.03572722768015908,3.61064825105882e-18,0.0005893994021690989,-5.83485449276663e-5
0.09735,97.35000000000001,0.04750283569157353,0.08288749945780788,0.0004299792853520196,0.03581405342414728,3.610987726561135e-18,0.0005896273847628374,-5.431603944147029e-5
0.0974,97.4,0.04603541503322846,0.08152050886027555,0.00041475741272672457,0.03589926139606181,3.6113140635523735e-18,0.0005898436555997038,-5.6403378018459575e-5
0.09745,97.44999999999999,0.044598597712277505,0.08018219918590082,0.00039992904494805405,0.03598294046962784,3.6116281038268004e-18,0.000590048889030265,-5.448406050339513e-5
0.09795,97.94999999999999,0.03179670417211479,0.06828133689819427,0.00027067017807062393,0.03675471128764068,3.614246102856307e-18,0.0005916164577524713,-5.16600141933508e-5
0.098,98.0,0.03066194950697967,0.06723034881677689,0.00025941677753737514,0.036827224352623464,3.614468399595771e-18,0.0005917346599481866,-5.118180040171859e-5
0.09805,98.05,0.029551806944643336,0.06620317501227059,0.00024843187539576225,0.036899208095683166,3.6146854215440234e-18,0.0005918472889303182,-5.09168441117602e-5
0.09855,98.55,0.019736530324271605,0.05719080510402242,0.00015201720645325375,0.03760569926698859,3.616641447809769e-18,0.0005927191653072924,-5.016074933309844e-5
0.0986,98.6,0.01887941755738166,0.05641285819000469,0.0001436238784087003,0.037676471726063206,3.616821927629412e-18,0.0005927849204039094,-4.8105722498787016e-5
0.09865,98.65,0.01804466122052909,0.055657315693698445,0.00013544700709018385,0.037747508632881496,3.617000603359264e-18,0.0005928473278327336,-5.0205985772847436e-5
0.0987,98.7,0.01723232380455414,0.05492429541362644,0.00012748563914403844,0.037818864341679664,3.617177669407315e-18,0.0005929064892608258,-4.74077888569454e-5
0.09875,98.75,0.016442507006141503,0.05421395184722624,0.00011973930995948585,0.037890591188495776,3.6173533093792295e-18,0.0005929624980903744,-5.034169509209442e-5
0.09905,99.05,0.012186963754694495,0.05044115829404901,7.780942161892941e-5,0.03833141072414024,3.618386284389704e-18,0.0005932367822426022,-5.095561820297362e-5
0.0991,99.1,0.011560741707919202,0.04989676286523097,7.159356572893544e-5,0.03840702145014612,3.6185563084630336e-18,0.0005932728472839688,-4.728500423476956e-5
0.09915,99.15,0.010959143874297922,0.04937747593629575,6.560491678528142e-5,0.0384833436724075,3.6187260609189255e-18,0.0005933063243368497,-5.127227328121658e-5
0.0992,99.2,0.010382571679719284,0.04888372776340038,5.984671627127426e-5,0.03856040946262953,3.6188956551774665e-18,0.0005933372749506451,-4.7879540300042046e-5
0.09925,99.25,0.00983145077017958,0.048415970047545775,5.432251877960373e-5,0.038638248430332416,3.6190651995016245e-18,0.00059336576157914,-5.180218586113336e-5
0.0993,99.3,0.009306228668989537,0.04797467358306739,4.903616861592576e-5,0.038716887690797494,3.619234797467818e-18,0.0005933918485252223,-4.7750293329330635e-5
0.09935,99.35,0.008807372324744137,0.047560325802115194,4.399177560817246e-5,0.03879635183732431,3.619404548422799e-18,0.0005934156026602712,-5.22545502586233e-5
0.0994,99.4,0.00833536556419205,0.04717342822953543,3.919369025227105e-5,0.03887666291845245,3.6195745479275144e-18,0.000593437094320368,-4.8868279625984335e-5
0.09945,99.45,0.007890706462771433,0.04681449386108094,3.4646478265811184e-5,0.038957840420124575,3.6197448881859875e-18,0.0005934563979618889,-5.277800049000451e-5
0.0999,99.9,0.0052051154265795735,0.04492924086954974,5.836937544631261e-6,0.03972936883358399,3.621307344245369e-18,0.0005935468785339442,-5.2273937304230005e-5
0.09995,99.95,0.005062488571121285,0.044878722076772376,4.078097404533468e-6,0.039819718053226455,3.621485701323204e-18,0.0005935497730538715,-5.610610998582333e-5
0.1,100.0,0.004952837282713392,0.044861783876089516,2.627020190081678e-6,0.03991098006176718,3.62166529903833e-18,0.000593551745802987,-5.3217440190423306e-5
0.10005,100.05,0.004876615195284804,0.0448788644681291,1.4888052295080343e-6,0.04000314452505583,3.621846216914107e-18,0.0005935529626996322,-5.527246702473473e-5
0.1001,100.1,0.0048342550741692775,0.04493037910490604,6.684329765817529e-7,0.04009619891005836,3.6220285351406006e-18,0.0005935535988218293,-5.615780877410789e-5
0.10015,100.15,0.004826166542545083,0.04501671791427445,1.707429859331122e-7,0.04019012856082096,3.622212334740474e-18,0.0005935538382224421,-5.61125723343589e-5
0.1002,100.2,0.004852733935348018,0.04513824385733943,4.129658910746859e-10,0.04028491678102664,3.622397697713757e-18,0.0005935538737523126,-5.6894516507162935e-5
0.10025,100.25,0.004914314291958284,0.04529529082970584,1.6193895448850547e-7,0.040380544922738404,3.622584707161234e-18,0.0005935539067827085,-5.6855742415949515e-5
0.1006,100.6,0.0063492170928413786,0.04741042433133431,1.0916184345721482e-5,0.04107152985020068,3.623947125348349e-18,0.0005935725782551667,-5.9712100468671685e-5
0.10065,100.65,0.006699943467213794,0.04785967560171629,1.3867150949673459e-5,0.04117300570467643,3.6241504560836664e-18,0.0005935807160212932,-5.9718562817207254e-5
0.1007,100.7,0.007087417618662125,0.048345914810276405,1.717968018293446e-5,0.0412750832807695,3.624356242096e-18,0.0005935909675722367,-6.014507782055491e-5
0.10075,100.75,0.007511650280207876,0.04886911871947894,2.0855676791324514e-5,0.04137773051241198,3.6245645805337486e-18,0.0005936035899837785,-6.041649645904887e-5
0.10125,101.25,0.013751678376429951,0.0561026823790398,7.781351756299423e-5,0.04242822360319675,3.626810805698204e-18,0.0005939169138081817,-6.228411518582876e-5
0.1013,101.3,0.0145705770783543,0.05702059044358518,8.552970332309333e-5,0.04253494909599662,3.6270540766832495e-18,0.0005939724943829592,-6.29561994335281e-5
0.10135,101.35,0.01542362256182285,0.05797246057483363,9.36100592168975e-5,0.04264185403872048,3.6273011937111495e-18,0.0005940334439990446,-6.31953063293442e-5
0.1014,101.4,0.016310407552422822,0.05895785877078001,0.00010205310258881419,0.042748910220896684,3.6275522787230916e-18,0.000594099986834476,-6.248444799043145e-5
0.10195,101.95,0.028159993387148953,0.07187240078837968,0.0002183300236099076,0.04393014216490917,3.6306152633628935e-18,0.0005952598689612107,-6.250383503603815e-5
0.102,102.0,0.029414999811498272,0.07322208748028801,0.00023097697888745474,0.04403746923845543,3.63092520064239e-18,0.0005954091603490334,-6.141169813352674e-5
0.10205,102.05,0.030697526830226307,0.07459892021144449,0.00024396230969856502,0.04414476012430777,3.6312411995930984e-18,0.0005955665467812834,-6.218071760925963e-5
0.1021,102.1,0.03200711649365217,0.07600244598287159,0.0002572847633516789,0.04425201852029843,3.6315634879920996e-18,0.000595732210844986,-6.181882609126768e-5
0.10235,102.35,0.0389461786019969,0.08340601666268191,0.0003289286445785864,0.04478817001376856,3.633278370521453e-18,0.0005966914333097773,-6.172189086323412e-5
0.1024,102.4,0.04040953928562933,0.08496135929658914,0.0003442631755334158,0.04489548627552007,3.633644118733667e-18,0.0005969109134172049,-5.972502516574282e-5
0.10245,102.45,0.041897302619462215,0.08654084963034944,0.00035993450314923616,0.04500288437383521,3.634018254194083e-18,0.0005971401400835929,-6.115966654063948e-5
0.1026,102.6,0.04650433682856532,0.09142182759543957,0.00040898665656595803,0.045325879534425614,3.635195050302712e-18,0.0005978889537278582,-6.0862398508003236e-5
0.10265,102.65,0.04808718390361285,0.09309568822310173,0.0004260249847943764,0.0454339311443092,3.6356069548973405e-18,0.0005981599140992589,-5.9944745015952224e-5
0.1027,102.7,0.049693316846644124,0.09479274668111276,0.0004434125162069315,0.04554224390852116,3.636029519118029e-18,0.0005984420948538571,-5.953761705821128e-5
0.10275,102.75,0.051322601456654154,0.09651291021284059,0.00046115330365694183,0.045650863323926705,3.636463303646203e-18,0.0005987358578516903,-5.880737167369181e-5
0.1028,102.8,0.05297493337324501,0.09825611845033601,0.00047925196729787427,0.04575983800273661,3.636908910886263e-18,0.000599041592136287,-6.011922842641263e-5
0.10285,102.85,0.0546502376537017,0.10002234291856504,0.0004977137097420224,0.0458692196148307,3.637366988017522e-18,0.0005993597160864685,-5.8568264777875703e-5
0.1032,103.2,0.06702006150325521,0.1130342202381422,0.000637676831303096,0.046651233590301766,3.640988056116298e-18,0.000601975831228252,-5.710131166030119e-5
0.10325,103.25,0.06887965018096845,0.1149870210980132,0.0006593039933261056,0.046766072497916956,3.641575742695353e-18,0.0006024123976189078,-5.628059339628373e-5
0.1033,103.3,0.07076267478361219,0.11696381633776347,0.0006813688853342744,0.0468819075726142,3.642184353503623e-18,0.0006028668150689363,-5.628059339628373e-5
0.10335,103.35,0.07266928054344432,0.11896481706787074,0.0007038829723108439,0.04699881615675841,3.6428152036231835e-18,0.0006033399230190071,-5.583469134732937e-5
0.1034,103.4,0.07459962273437189,0.12099024570645163,0.0007268583491215922,0.04711687748852777,3.643469703722498e-18,0.0006038326167643823,-5.6797581279129375e-5
0.10345,103.45,0.07655386380464074,0.12304033296110015,0.000750307734336673,0.04723617254488937,3.6441493668931724e-18,0.0006043458501499682,-5.655847438331327e-5
0.1035,103.5,0.07853217038665836,0.12511531467774212,0.0007742444623520949,0.047356783872739366,3.644855815981089e-18,0.0006048806382981212,-5.818698621427704e-5
0.10355,103.55,0.08053471019852529,0.12721542857388837,0.0007986824739471345,0.047478795411193514,3.645590791487494e-18,0.0006054380603892839,-5.6312905138961584e-5
0.10395,103.95,0.09744534034582,0.14494752175319456,0.0010140960520118065,0.04851566659415727,3.6527526098975574e-18,0.0006108651742890017,-5.480717793017365e-5
0.104,104.0,0.09967209443301482,0.147283123386832,0.0010437666676766165,0.048654183934574984,3.65384683617109e-18,0.0006116868640494928,-5.476194149042466e-5
0.10405,104.05,0.10192410088314759,0.149645575004234,0.0010741083473237197,0.048794969922212585,3.65499570618797e-18,0.0006125461431234036,-5.4425899366574996e-5
0.1041,104.1,0.10420132466137834,0.15203490605945563,0.0011051407344644711,0.048938108687497914,3.6562029912471745e-18,0.0006134449897554588,-5.4102781939796466e-5
0.1046,104.6,0.12832345292516845,0.177381815764132,0.0014580405356650616,0.050515778254023015,3.672548436030149e-18,0.0006251205543629788,-5.122703684146758e-5
0.10465,104.65,0.1308636304457867,0.18005581682635,0.001498069467430529,0.05068962923182597,3.674744868547596e-18,0.0006266161175818111,-5.027707160673871e-5
0.1047,104.7,0.13342514765741173,0.18275333924340673,0.001539051033403125,0.050866614435636316,3.6770744280142765e-18,0.0006281837127461514,-4.904276303644474e-5
0.10475,104.75,0.13600735556511087,0.18547374623794124,0.001581008730429077,0.05104676957633769,3.679546876970581e-18,0.0006298268737791748,-4.7970013179540036e-5
0.10525,105.25,0.16279021395087356,0.21375723153878395,0.0020595944121802497,0.05302596069769534,3.7149365495186095e-18,0.0006513023600729608,-3.523918656446609e-5
0.1053,105.30000000000001,0.16554381810598376,0.2166720560816972,0.002113903825718584,0.05324148774603661,3.719907977699802e-18,0.0006540553624914026,-3.291920344019628e-5
0.10535,105.35,0.16830689057862427,0.2195981555047036,0.0021694903903890918,0.053460098377067944,3.725226567435468e-18,0.0006569393671832793,-3.3287557306723795e-5
0.1054,105.39999999999999,0.17107829346027847,0.22253431337256474,0.0022263816783878246,0.053681741630298624,3.73092059006893e-18,0.000659960346514161,-2.8938396742284828e-5
0.10595,105.95,0.20178343985442823,0.2551374792469942,0.002947100649119376,0.05630043577158264,3.829853136778046e-18,0.0007042700873129582,-1.541916360587128e-5
0.106,106.0,0.20456561935838588,0.25809700714594463,0.0030221762682956163,0.05655285452492409,3.843644529006813e-18,0.0007095309182888025,-1.1994118882018901e-5
0.10605,106.05000000000001,0.2073417492952199,0.2610507414757683,0.0030990299458234865,0.056807307082465244,3.858594237583397e-18,0.0007150438932666195,-1.3370599120095424e-5
0.1061,106.1,0.21011091122661382,0.26399763346843447,0.0031777145951532907,0.057063716014279196,3.874821904108213e-18,0.000720822684401181,-1.0346220005448416e-5
0.10615,106.14999999999999,0.2128722331571452,0.266936681035349,0.0032582871294310678,0.05732200812551407,3.892462688825058e-18,0.0007268821081747283,-1.259511729582696e-5
0.1066,106.6,0.23725368920274326,0.29289657149138204,0.004080477915433486,0.05972256291458825,4.1490740617715746e-18,0.000797289471504999,-1.2524031461935685e-5
0.10665,106.64999999999999,0.23990056101900564,0.2957142427343215,0.004184358426558915,0.059997232779991375,4.1943457812789794e-18,0.0008073618685185175,-1.4863401631812216e-5
0.1067,106.7,0.2425336761016248,0.29851680636805367,0.004291199863423172,0.06027351211316339,4.2448047681724536e-18,0.0008180166735630694,-1.5083121482021614e-5
0.10675,106.75,0.24515285680322202,0.3013039662387453,0.00440116527391095,0.060551445405709343,4.301237536158651e-18,0.0008293037074900946,-1.737079286361358e-5
0.1072,107.2,0.26809916187673627,0.3256738501858554,0.005569053348516452,0.06314276976610551,5.326584981013347e-18,0.0009718915110133597,-1.9025154088719637e-5
0.10725,107.25,0.270582706923157,0.3283026837909312,0.005724515772645855,0.06344349818825012,5.551485462575712e-18,0.0009944521455400204,-2.4401828070314316e-5
0.1073,107.30000000000001,0.27305453181785894,0.33091637394749307,0.005886802426025151,0.06374762551837221,5.819583844565925e-18,0.001019037271976002,-1.5121895573235037e-5
0.10735,107.35,0.2755153092694148,0.33351525656293857,0.006056580414641831,0.06405548176314317,6.142335221140173e-18,0.001045945001632183,-2.076998819332368e-5
0.1074,107.39999999999999,0.2779658368404059,0.3360997341567578,0.006234623767134041,0.0643674455464677,6.535182896669118e-18,0.0010755370176522149,-6.462348535570529e-7
0.10795,107.95,0.3047585686174173,0.36383467302717937,0.009211648637529442,0.06828587717627851,4.9351547231780576e-17,0.00187587397596999,0.002963038502347372
0.108,108.0,0.30729370163222824,0.3663478599154988,0.009678646811134242,0.06873072531356725,8.153214304353856e-17,0.0020797842503221253,0.0034128179604230808
0.10805,108.05,0.3098976886867174,0.36888310188807866,0.010226715667481227,0.06920976801755074,1.5927156950772438e-16,0.002360854976502286,0.0036849345325588845
0.1082,108.2,0.31872020820589303,0.37683655062187205,0.01296362704596798,0.07107510451334254,4.988302795326368e-9,0.004859964850217222,0.0045485369414583875
0.10825,108.25,0.32123765088229006,0.3790813823508895,0.01332754286621382,0.07116363587998197,2.556820330412457e-6,0.005081641416961191,0.006916057101555864
0.1083,108.3,0.32040718424419434,0.3783073598502501,0.013286257588987034,0.07117806064803617,3.2820400047730035e-6,0.005090513863805178,0.006861941394918997
0.10855,108.55,0.31749559616615125,0.37646041570030747,0.012868839465445472,0.07182246583786771,4.8386758613243115e-6,0.006354492900802061,0.007028101300465587
0.1086,108.60000000000001,0.31956900755063583,0.3782481973692412,0.013244394299001873,0.0719112346817454,5.79143076742842e-6,0.0065580140726443845,0.008978244218044705
0.10865,108.64999999999999,0.31978580689079594,0.378433849861814,0.013280877737224106,0.07191631605714652,6.041748707552836e-6,0.006562911364232047,0.008976137492422109
0.1087,108.7,0.3179569404650272,0.3767928432363046,0.013122946450173948,0.07194534153848718,6.9196977985385646e-6,0.006587994105082888,0.008939483051528353
0.10875,108.75,0.3163754257644634,0.37571570856852354,0.012700646549405503,0.07202715255153472,7.004266257382846e-6,0.006772544854673919,0.009181097338576263
0.1088,108.8,0.3166187547746016,0.3759548937072649,0.012717272134341963,0.07203960783352004,7.0042662703025625e-6,0.0067989765038552015,0.009288928086240794
0.10885,108.85000000000001,0.3181785632239092,0.3771822461473373,0.01312977283437537,0.07211929128036615,7.189228289068928e-6,0.006975259518944204,0.010370660607609944
0.1089,108.89999999999999,0.3194843505109472,0.378373580725975,0.013260828498661139,0.07213533576242236,7.730294075614338e-6,0.006992667568746295,0.010377782115696142
0.10895,108.95,0.31894758602289836,0.3778722968744471,0.013230240696842623,0.07214004027121565,7.915443782706058e-6,0.0069958437482063335,0.01035518974521579
0.10925,109.25,0.31757379501933886,0.37673076616416623,0.013107381300930141,0.07224772564195318,9.458498014516046e-6,0.007168316861680947,0.011071877122507632
0.1093,109.3,0.31710327755470163,0.37638330770512773,0.012991970028028637,0.0722553265239205,9.49001537772967e-6,0.007183650288014546,0.01113155044888509
0.10935,109.35000000000001,0.3181654360560574,0.3773050940497602,0.013148513282100965,0.07227131870976201,9.644626301802462e-6,0.007207951068749534,0.01132875547679656
0.1094,109.39999999999999,0.3191798521550274,0.37823105175099525,0.013246373228380222,0.07228040068133912,9.954520043535563e-6,0.007217634314917211,0.011349499615595742
0.10945,109.45,0.31871428494993753,0.37779603954525204,0.013218974604101591,0.07228344257057957,1.006690601460335e-5,0.0072197341508413,0.011328897648464342
0.1095,109.5,0.3174938214042422,0.3767049888689877,0.013102304680580622,0.07229586628767028,1.0373334245247159e-5,0.0072325347365399355,0.011325963742229193
0.10955,109.55,0.317332031069806,0.37658537278769283,0.013063279052882891,0.0722989886853609,1.0394460271554688e-5,0.0072376364477132644,0.011310428256349682
0.1096,109.60000000000001,0.3184268938128957,0.3775767077201371,0.013178247499609289,0.07231020402154974,1.0607310115706481e-5,0.007250086495384117,0.011310118063619975
0.10965,109.64999999999999,0.3191423215415336,0.3782278387154543,0.013247703696747467,0.07231517074443862,1.0794675883803108e-5,0.007255461674494903,0.01132875547679656
0.1097,109.7,0.3184398144642776,0.3775790384845692,0.013198588099585485,0.0723196046769173,1.0948759109676881e-5,0.007258695159951533,0.011309833720284409
0.10995,109.95,0.31817142201523374,0.37736215668014816,0.013177225241708248,0.07234896786351981,1.1702709504124881e-5,0.007289344892901029,0.011294143138040044
0.11,110.0,0.3173829475683003,0.376665485674008,0.013091418797363318,0.07235483394024206,1.1826451318445049e-5,0.007296522779699227,0.011269263096178097
0.11005,110.05,0.31784292435866757,0.37708997451070675,0.013129964369386127,0.07235784395286189,1.1871052899795532e-5,0.007299526944084713,0.011280417109750493
0.1102,110.2,0.3179384598969,0.3771735915752048,0.0131573702253348,0.07237285315223618,1.2334794540898168e-5,0.007313968139847262,0.01127732810715049
0.11025,110.25,0.31744864221122454,0.3767451835218662,0.013098967384844198,0.0723757967258526,1.2394085659450775e-5,0.007317895239990358,0.011266187018275167
0.1103,110.3,0.31812037166672374,0.37736122130914856,0.01315895438778299,0.0723800053215162,1.247678376722383e-5,0.0073219362065335405,0.011282149019158026
0.11055,110.55,0.31837708731799974,0.37761167047538474,0.01318400011590307,0.07239824387066165,1.2999302159927584e-5,0.007340111757803395,0.011291312629381463
0.1106,110.60000000000001,0.31893177518213167,0.3781179628119355,0.013235144724702616,0.0724008920651603,1.309734639709468e-5,0.007342954244192294,0.011295151264411593
0.11065,110.64999999999999,0.31843695691064533,0.37765822975731933,0.013202219835120889,0.0724029792956148,1.3168920342934182e-5,0.007344477125311525,0.011288171927993177
0.1107,110.7,0.31766650689460935,0.37696294058804725,0.013131642048730185,0.07240743645329797,1.3290129880885074e-5,0.007349170268907847,0.011279732100805722
0.11075,110.75,0.31778470231686146,0.3770796589304208,0.013134058193731717,0.07240835794869736,1.3306733778821734e-5,0.007350136093271519,0.011278439631098607
0.1108,110.8,0.31858754762365854,0.3778174645146864,0.013203915497291434,0.07241303975465771,1.3437927302784739e-5,0.0073547176443148725,0.011285548214487734
0.11085,110.85000000000001,0.3188636367672026,0.3780661851511409,0.013232441873593308,0.07241415213220828,1.3482177884311536e-5,0.007355958728838431,0.011289852138612425
0.1109,110.9,0.3182181912886741,0.3774711935058013,0.013185033328472687,0.07241709766366164,1.3579564161943287e-5,0.007358329055856241,0.011279551155046726
0.11095,110.94999999999999,0.31764981034339523,0.3769614056197821,0.013129208629142701,0.07241979264515047,1.3649835381859612e-5,0.00736143626740124,0.01127020659906429
0.111,111.0,0.3180096107945986,0.37729627761656787,0.013155628790331537,0.07242125229187427,1.368061825138379e-5,0.007362713451890288,0.011276759420479359
0.11125,111.25,0.3182356314027969,0.37751282787523593,0.013176368614353656,0.0724321843209758,1.4007466106718933e-5,0.007373310990169832,0.011280016444141287
0.1113,111.3,0.318802509222284,0.3780328952888677,0.013225593167699855,0.0724345148817981,1.40886514679422e-5,0.007375712301658761,0.011284191121295264
0.11135,111.35000000000001,0.31856551896215946,0.3778093741155524,0.013212887105038968,0.07243525170327339,1.4114327775472155e-5,0.007376238662908545,0.011279861347776433
0.1114,111.4,0.3179070073791328,0.37720864096394496,0.013158121344184223,0.07243817274589816,1.420314237904007e-5,0.007379051993072354,0.011273864288335423
0.11145,111.44999999999999,0.31783241788864525,0.37714789157828366,0.013144822500282745,0.07243870075956017,1.4215738570243311e-5,0.007379703062273846,0.011271499068771404
0.1115,111.5,0.31843625962721767,0.3777048477339253,0.01319433377277094,0.07244125319700333,1.4286627678604962e-5,0.007382066072829178,0.011276151959717016
0.11155,111.55,0.3187977411527065,0.3780345383108963,0.013227313412442715,0.07244239763144801,1.4329640444550372e-5,0.007383310020751194,0.011280766076571414
0.1116,111.60000000000001,0.31838542729180097,0.3776513109996354,0.013199542578971105,0.07244366952760288,1.4372502729981341e-5,0.0073842677460407725,0.011273398999240862
0.11185,111.85000000000001,0.3182192550544262,0.3775055828908254,0.013186426853560746,0.0724507719777706,1.4591651482482546e-5,0.007391071978141561,0.011271266424224125
0.1119,111.9,0.3178510630370279,0.3771736871841251,0.013151293970183477,0.07245190154880629,1.4624208589660206e-5,0.007392371154436424,0.011269715460575588
0.11195,111.94999999999999,0.31817457530607746,0.3774748237459904,0.013174605120125674,0.07245281318554465,1.4647255999366723e-5,0.00739312976755737,0.011272985408934587
0.112,112.0,0.3186843638078482,0.37794387031227017,0.01321714352504659,0.07245454970956347,1.4705474982287355e-5,0.007394856196144736,0.011273360225149649
0.11205,112.05,0.3186134011203676,0.37787397007712914,0.013216393757242751,0.07245485124793306,1.4716372659833001e-5,0.007395104681391071,0.011270064427396509
0.1121,112.10000000000001,0.31808809922800924,0.37739151556176986,0.013175365490366601,0.0724566123191771,1.4772816535380687e-5,0.007396699683842486,0.011269120924510314
0.11215,112.15,0.3179156019322075,0.3772388440687999,0.013156022058910229,0.07245708083571853,1.478608957759824e-5,0.007397281472587537,0.011266161168881024
0.1122,112.19999999999999,0.31834467268407574,0.37763607050819936,0.013189190643364416,0.07245836807424075,1.4821995142618584e-5,0.007398409375615426,0.011270943306797346
0.11225,112.25,0.31871456295875156,0.377975096230652,0.013221090443150112,0.07245936638456676,1.4857886439058262e-5,0.007399455320099648,0.011275363553195675
0.1123,112.3,0.31847405727623235,0.37774970036148525,0.013206523383576203,0.07245989107764154,1.4875568245663713e-5,0.007399834212524858,0.01127065896346178
0.11255,112.55,0.31833348333474765,0.377624240284063,0.013195882540410072,0.07246422260702812,1.5012978247137678e-5,0.0074039157170127465,0.011266859102522866
0.1126,112.60000000000001,0.31797715213649214,0.37730028817910566,0.013164439898286922,0.07246513019815426,1.5040865148044435e-5,0.007404888863268727,0.011265088419024119
0.11265,112.65,0.3181538998509324,0.37746653575814565,0.013175314536726053,0.07246549493783722,1.5050335176297636e-5,0.0074051821922538116,0.01126645843691366
0.1127,112.69999999999999,0.3185811576866289,0.37786037408813067,0.013209943862731088,0.07246666545247084,1.5088513980849339e-5,0.007406309047595098,0.011266471361610731
0.11275,112.75,0.3186108686889054,0.37788429568057097,0.0132159207752701,0.07246684596351342,1.5095320569343555e-5,0.007406494118013773,0.011265165967206546
0.1128,112.8,0.3182115485058191,0.37751587704883927,0.013186054486917557,0.07246784759365142,1.5128088097687736e-5,0.007407359454080101,0.011265489084633325
0.11285,112.85000000000001,0.31799902277006925,0.377324505550679,0.013165344559878528,0.0724682782450476,1.5141241119979886e-5,0.0074078655833737465,0.011262684425368886
0.1129,112.9,0.31828664778167,0.37759181260721436,0.01318628815967781,0.07246888637024533,1.5158254971517821e-5,0.0074083712693915945,0.011264093217349641
0.11295,112.94999999999999,0.3186262316480436,0.37790383804028715,0.01321464825945421,0.07246966041878043,1.5185087649528556e-5,0.007409156533281695,0.011265463235239182
0.113,113.0,0.31850660329632946,0.37779028241646667,0.013208797562562994,0.07246987505716229,1.5192322192679154e-5,0.007409314610560396,0.011265333988268471
0.11325,113.25,0.31839184180934166,0.37768669317451514,0.013200351233144702,0.07247251380396415,1.5277027256324066e-5,0.007411778361393624,0.011263705476437506
0.1133,113.3,0.31807376534973786,0.3773960745040911,0.013173586955283293,0.07247318536031518,1.529829902850439e-5,0.007412461552914958,0.011260099485954658
0.11335,113.35000000000001,0.3181478173840882,0.3774673955996514,0.013176471579741082,0.07247333488917235,1.530232796233303e-5,0.0074125894314317235,0.011261805545968048
0.1134,113.4,0.3184881693409595,0.3777814815650688,0.013203495476687005,0.07247406876381911,1.5325673098106657e-5,0.007413275142094967,0.011263072166281021
0.11345,113.44999999999999,0.31857423226973547,0.3778582553791837,0.013212941079185376,0.07247421941006596,1.5331344661261018e-5,0.007413445170766295,0.011264325861896922
0.1135,113.5,0.31828382011713197,0.377589453141886,0.013191889728928263,0.07247475986121296,1.534900992311621e-5,0.0074138938065998325,0.011260332130501939
0.11355,113.55,0.3180652809813661,0.37739113627441373,0.013172050338716618,0.07247513064714399,1.5360690118797658e-5,0.00741430575967721,0.011258264178970556
0.1136,113.60000000000001,0.3182430787601786,0.37755716671600537,0.013184093002063201,0.07247539830574175,1.5368144743947235e-5,0.007414518665215515,0.01126090081717307
0.11395,113.94999999999999,0.3184051302055661,0.37770448479167895,0.01320115567923123,0.07247765223449085,1.5441401930567256e-5,0.007416640186572998,0.011263847648105289
0.114,114.0,0.31813598412738453,0.3774578602594106,0.013179117141488735,0.07247811986428773,1.5456323644183253e-5,0.007417096848016854,0.011265127193115333
0.11405,114.05,0.31814046216286185,0.3774645949856468,0.0131769382344732,0.07247819538436232,1.5458509511149736e-5,0.007417174650567386,0.0112659026749396
0.1141,114.1,0.31839906801377243,0.3777033824718872,0.013197200686955766,0.07247862577521215,1.5471815821451838e-5,0.007417565300183975,0.011263266036737088
0.11415,114.15,0.31851211840030547,0.3778056740270436,0.013208103140026819,0.0724787642109347,1.54768449661663e-5,0.007417722129853226,0.011265760503271818
0.1142,114.2,0.31831167138083466,0.377619673961127,0.013193939632934805,0.07247903862476997,1.548565802502114e-5,0.007417941698022201,0.011265889750242529
0.1143,114.3,0.31820113191370897,0.3775218813558021,0.013181613732750515,0.07247944670605368,1.549813569061122e-5,0.007418344367796527,0.011268422990868473
0.11435,114.35,0.31843931719279095,0.37774104583751666,0.013201014029151385,0.07247981401156676,1.5509975799474636e-5,0.007418697781091191,0.011270219523761362
0.1144,114.4,0.3184551028430438,0.3777535256785111,0.013204380422463644,0.0724798724662258,1.551204422663464e-5,0.007418758747994653,0.011269444041937093
0.11445,114.45,0.31822849845522194,0.37754452241212966,0.01318712054958817,0.07248020288974766,1.5522580680029863e-5,0.00741904733664445,0.011268461764959686
0.1145,114.5,0.31810419631733733,0.3774323563298422,0.013175133527692744,0.07248034718994605,1.5527146927661155e-5,0.00741921459127184,0.011267376090405712
0.11455,114.55,0.31826059462887546,0.37757764203306887,0.013186435344139623,0.07248053098100746,1.5532413615903195e-5,0.0074193649779404755,0.011268242045109476
0.1146,114.6,0.3184487819001024,0.3777500340135899,0.013202483751887,0.07248077566887826,1.5540592037480455e-5,0.007419615725676229,0.011266872027219937
0.11465,114.65,0.3183810871657763,0.3776858595925279,0.013199036608725984,0.07248084654173532,1.5542835883121733e-5,0.007419669124916146,0.011265812202060103
0.1147,114.7,0.3181633014341277,0.377486012365377,0.013181416595355454,0.07248115501014128,1.5552567326479685e-5,0.007419960403898318,0.011266884951917007
0.11475,114.75,0.3181226421520894,0.3774507290892261,0.013176099598006134,0.07248121218507134,1.55543328742867e-5,0.007420028464557586,0.011267376090405712
0.1148,114.8,0.31830841200009147,0.37762230294552496,0.013190535897582694,0.07248144533842592,1.5561282101446263e-5,0.00742023375701869,0.011268190346321193
0.11485,114.85,0.3184291063048689,0.3777320193247253,0.01320164204812639,0.07248156915272133,1.5565555932740704e-5,0.007420370596371184,0.011267737981923702
0.1149,114.9,0.3183009271147841,0.37761276281955136,0.013192851855483755,0.07248169755374442,1.5569547954025737e-5,0.007420469821020935,0.011268435915565544
0.11495,114.95,0.3181194238044293,0.3774470964071081,0.013177249659447037,0.07248192492035668,1.557665140005982e-5,0.007420701634699792,0.011265644180998178
0.115,115.0,0.31815284554200346,0.3774795781972307,0.013178235046141934,0.07248196909469398,1.5577877554328372e-5,0.0074207403875121035,0.011266652307369727
0.11515,115.15,0.31822402969782987,0.37754290146044506,0.013186565459206235,0.07248242395220333,1.5592119370474916e-5,0.007421161514423983,0.011266833253128723
0.1152,115.2,0.3180961478205258,0.3774270013202971,0.01317471850745271,0.07248255453328108,1.5596178987695936e-5,0.007421306221044881,0.011265812202060103
0.11525,115.25,0.3181855159436128,0.3775103701941236,0.013180795813041418,0.07248263043780027,1.5598270715825935e-5,0.007421366304381283,0.011268267894503619
0.1153,115.3,0.31834382473864414,0.37765531990389867,0.013194334224163731,0.07248280409089178,1.5603769869277892e-5,0.0074215399260272145,0.01126883658117475
0.11535,115.35,0.3183252642559027,0.37763674665953606,0.013194379279931142,0.07248283536476527,1.560476248503942e-5,0.007421567584406838,0.01127020659906429
0.1154,115.4,0.3181572006474273,0.37748247790491446,0.013180781807338851,0.07248302670640587,1.561062672187943e-5,0.0074217429680351965,0.01126974130996973
0.1155,115.5,0.3182124352760446,0.37753557947619965,0.013183090050748636,0.07248319675341568,1.5615600857923524e-5,0.007421907899953631,0.011269844707546299
0.11555,115.55,0.31832786580554145,0.37764062413654376,0.01319358304793185,0.07248330040744205,1.5618963605966865e-5,0.007422019155568901,0.011269444041937093
0.1156,115.6,0.3182563728467078,0.3775737816779018,0.013188987911204906,0.07248335413276905,1.5620561111698327e-5,0.007422059786687426,0.011268513463747971
0.11585,115.85,0.31818607352549216,0.37750976775349127,0.013183165828871652,0.07248380352167154,1.5634055473937326e-5,0.007422490993736605,0.011268435915565544
0.1159,115.9,0.31806545430850824,0.3774003193592229,0.013172109735398587,0.07248391480031925,1.5637387667767214e-5,0.007422609393483231,0.011267220994040856
0.11595,115.95,0.3181023991682836,0.37743533911817717,0.013174062849075052,0.07248394206736455,1.5638110939593065e-5,0.0074226319326088615,0.011268125722835837
0.116,116.0,0.3182271277639011,0.3775493701287498,0.013184876287182892,0.07248405447762699,1.5641444042975293e-5,0.007422741630888123,0.011269276020875168
0.11605,116.05,0.3182418561679775,0.3775616534948077,0.013187341705898805,0.07248407420149111,1.5642078824750702e-5,0.007422763683262804,0.011270129050881863
0.1161,116.1,0.31811999392464607,0.3774498505892531,0.013177394581417977,0.07248418313412272,1.5645262532617648e-5,0.007422860638308298,0.011268655635415754
0.11615,116.15,0.31803934106384185,0.3773773005346434,0.01316935386528346,0.07248424336440638,1.5647052680966124e-5,0.007422930264886191,0.01126725976813207
0.1162,116.2,0.31810915975587445,0.3774419625097867,0.013174557181349255,0.07248428872126518,1.564825793019852e-5,0.007422967333153111,0.01126702712358479
0.11625,116.25,0.3182104221648364,0.37753401922791296,0.013183844644598404,0.07248436802389503,1.5650644959419507e-5,0.007423050088354518,0.01126781553010613
0.1166,116.6,0.31801241503407734,0.3773529862458553,0.013167264456109457,0.07248475070350399,1.5661551766287423e-5,0.007423423885035284,0.011267893078288557
0.11665,116.65,0.3180099822800048,0.377351835161001,0.01316599557605535,0.07248476314001392,1.5661890515750758e-5,0.007423437791133867,0.011269314794966382
0.1167,116.7,0.3180996617564163,0.37743364475605695,0.013173930547075005,0.07248482644209271,1.5663618058564826e-5,0.0074234978352119355,0.011270826984523705
0.11675,116.75,0.3181343664218787,0.3774643741159168,0.013177925591240218,0.07248484557235621,1.566420323766407e-5,0.007423520954500988,0.011270025653305295
0.1168,116.8,0.318054241370985,0.3773909196417776,0.01317131063367632,0.07248489966995535,1.566567826920293e-5,0.007423567514122778,0.011269702535878516
0.11685,116.85,0.3179718043747886,0.3773167050632922,0.013163148787454147,0.07248495853901676,1.5667315678697918e-5,0.0074236325319965765,0.011269754234666801
0.11705,117.05,0.3179937584930833,0.3773363523917145,0.013165599561067595,0.07248509861416705,1.567108940794801e-5,0.0074237673948169235,0.011271020854979772
0.1171,117.1,0.3179380203665868,0.37728665323673055,0.01315959409105409,0.07248513118498003,1.5671981174128388e-5,0.007423806315155104,0.011271473219377262
0.11715,117.15,0.31798351224324717,0.37732850996270323,0.013163251705271998,0.07248515309379383,1.5672517420987656e-5,0.007423824786232559,0.011273024183025799
0.1172,117.2,0.3180472961340221,0.37738594142678555,0.01316964142061518,0.07248518934745167,1.5673512986489188e-5,0.007423864213644045,0.011273179279390652
0.11725,117.25,0.3180229023847875,0.3773630499231289,0.013168151762616187,0.07248520161173115,1.567382638107886e-5,0.007423874117646968,0.011272209927110317
0.1173,117.3,0.31793815413125925,0.3772864225263171,0.013160093789731216,0.07248526283392827,1.567542700611402e-5,0.0074239351278377035,0.01127314050529944
0.11735,117.35,0.3179085434806175,0.37726049917597954,0.013156421834128162,0.07248527775878692,1.5675827628965278e-5,0.007423954346553201,0.011272209927110317
0.1174,117.4,0.3179632739220105,0.3773103476139533,0.013161332316444023,0.07248530553251588,1.567650755011979e-5,0.007423979594562097,0.011273683342576427
0.11745,117.45,0.31800614304520053,0.3773485559209331,0.013166013612549432,0.07248532544338773,1.5677053164983215e-5,0.00742400300267416,0.011273411923937934
0.1175,117.5,0.31796243201074614,0.37730844196832275,0.01316243832663865,0.072485346695813,1.5677579104830932e-5,0.007424020570807595,0.01127337314984672
0.1177,117.7,0.3179575185065681,0.3773045481479262,0.013161515764339035,0.07248544132754059,1.567996767549096e-5,0.007424121753646785,0.011272623517416595
0.11775,117.75,0.3179022606757174,0.37725437104113524,0.013156465982501912,0.0724854715130066,1.5680697343980895e-5,0.007424148843279813,0.01127416155636806
0.1178,117.8,0.31784187275587944,0.3772005540613687,0.01314993220769438,0.07248550774359801,1.5681590894287335e-5,0.007424189963882348,0.01127257181862831
0.11785,117.85,0.31785208482837046,0.37721038721078015,0.013150316886339969,0.07248551336742325,1.5681717200779774e-5,0.007424195397936172,0.011272313324686886
0.1179,117.9,0.3179018598649348,0.3772550363873906,0.013155467134795793,0.07248553715903969,1.5682289171111308e-5,0.007424220313091251,0.011272313324686886
0.11795,117.95,0.3179036970274442,0.37725605371015486,0.013156291824866335,0.07248554188641947,1.568240686172552e-5,0.007424225567433144,0.011271615391045046
0.118,118.0,0.31784390483657593,0.37720220457605363,0.013150384865531045,0.0724855771243869,1.5683232298950894e-5,0.0074242595946275415,0.011271705863924543
0.11805,118.05,0.31779926532752467,0.377162793595056,0.01314517964519528,0.07248559986157675,1.568377518092536e-5,0.007424287240838393,0.011271873884986468
0.1181,118.1,0.31782087454760305,0.37718264340612506,0.013146946664038126,0.07248560730687394,1.568393321423191e-5,0.007424293743495708,0.01127155076755969
0.11815,118.15,0.3178608827607724,0.3772182254875801,0.013151390000085767,0.07248562409594574,1.5684329624016193e-5,0.0074243125956985475,0.011271977282563036
0.1182,118.2,0.31784680908089763,0.377205054966553,0.013150492823293091,0.07248562994404163,1.568445859310312e-5,0.007424317585444277,0.011271744638015757
0.11825,118.25,0.31778804164265484,0.3771525385179796,0.013144278090493252,0.0724856653668521,1.5685256179037964e-5,0.007424354057372013,0.011270555565885212
0.1183,118.3,0.3177584131141503,0.37712671450666063,0.013140486493303072,0.07248567797968931,1.5685546844588268e-5,0.007424370548747524,0.011269263096178097
0.11835,118.35,0.3177859079150048,0.37715157252766696,0.013143132785015856,0.07248568729050252,1.5685739348741887e-5,0.0074243790965483345,0.011269715460575588
0.1185,118.5,0.3177346691500465,0.37710535503570103,0.013138164158552523,0.07248573876593042,1.5686855343245507e-5,0.007424434204515894,0.011271175951344626
0.11855,118.55,0.3177178570106139,0.3770910127586316,0.013135700820553648,0.0724857451408056,1.568699592869619e-5,0.007424443106932937,0.011269844707546299
0.1186,118.6,0.3177466818627659,0.3771167874250537,0.013138760978912107,0.0724857549078507,1.5687191879105592e-5,0.007424452740728619,0.011270594339976426
0.11865,118.65,0.317763346562741,0.3771311689453491,0.013141049280661836,0.07248575991175554,1.568730352397865e-5,0.007424459261616427,0.011271227650132911
0.1187,118.7,0.31773030940775626,0.3771015225032547,0.013137672914701434,0.07248577396450122,1.5687584713853095e-5,0.007424472254842256,0.011270051502699437
0.11875,118.75,0.31768332063588134,0.37706022674089584,0.013132006604599946,0.07248580010206644,1.5688116354338897e-5,0.007424502464237635,0.01127054264118814
0.1188,118.8,0.31767638728118536,0.3770546328826237,0.01313067041774486,0.07248580334033786,1.5688183041544967e-5,0.007424507072509314,0.01126874610829525
0.11895,118.95,0.3176726776600478,0.3770508110717468,0.013130811612397819,0.07248583176977115,1.568872897271809e-5,0.00742453662258446,0.011269599138301946
0.119,119.0,0.3176332811441871,0.37701651961341276,0.013125727175691009,0.07248585198003708,1.5689114835467106e-5,0.007424561312587048,0.011268448840262615
0.11905,119.05,0.3176331394980975,0.3770168515686669,0.013125255597080445,0.07248585396351757,1.5689151489103588e-5,0.007424563911623507,0.011268513463747971
0.1192,119.2,0.3176160024042896,0.3770013151991376,0.013123682934544325,0.07248588150381483,1.5689643328545355e-5,0.007424593518147642,0.011269250171481027
0.11925,119.25,0.317583768931434,0.3769735612279974,0.01311921880145901,0.0724858965856308,1.5689910683827274e-5,0.007424612976870449,0.011269043376327888
0.1193,119.3,0.3175876021764885,0.37697728141015474,0.013119333453582209,0.07248589814752905,1.5689936208453838e-5,0.007424614779489207,0.011268591011930397
0.11935,119.35,0.31760550290010825,0.37699276681815014,0.013121753439137246,0.07248590273313842,1.5690014972002164e-5,0.007424620337311658,0.011268603936627469
0.1194,119.4,0.31759672289431906,0.37698474996756737,0.013120992985027575,0.0724859053895037,1.5690057288331448e-5,0.007424622752642556,0.011268771957689393
0.11945,119.45,0.3175602526422625,0.3769530347869184,0.0131162572970486,0.07248592444206031,1.5690366827773304e-5,0.0074246440838052555,0.011267427789193995
0.11975,119.75,0.3174835554272548,0.3768876488541874,0.013104992874556647,0.0724859705493735,1.5691061411201834e-5,0.007424701970662139,0.01126612239478981
0.1198,119.8,0.3174889848702129,0.376892546325142,0.013105525912603229,0.07248597160060892,1.5691075065952392e-5,0.0074247031232863685,0.011265747578574747
0.11985,119.85,0.3174974672100608,0.37689962537892735,0.01310693073986194,0.0724859731180538,1.5691096703865696e-5,0.007424705237470661,0.011266613533278513
0.11995,119.95,0.3174504164615837,0.376859339006164,0.013100188874155913,0.07248599531578555,1.569138256261956e-5,0.007424731655677517,0.011267660433741276
0.12,120.0,0.3174317736336182,0.3768439266152957,0.013096965694707075,0.07248600247206224,1.5691473214847105e-5,0.007424742375004179,0.011267531186770565
0.12005,120.05,0.3174359202421123,0.3768476440477409,0.013097395575959462,0.0724860031685599,1.569148110638185e-5,0.007424743189669596,0.011267906002985627
0.1201,120.1,0.317440809094944,0.37685159734778745,0.013098331905754981,0.07248600393500305,1.569149056170221e-5,0.007424744311232438,0.011277521977606557
0.12015,120.15,0.31742468101104576,0.37683776275126984,0.01309604407744678,0.07248600952585771,1.56915527366451e-5,0.007424750344936232,0.011268410066171401
0.1206,120.6,0.3173219630075624,0.3767534082861517,0.013077734518807322,0.07248606291948508,1.5692064453951597e-5,0.007424824726446268,0.011268784882386465
0.12065,120.64999999999999,0.317307779161457,0.37674173574750697,0.013075228675539211,0.07248606834029021,1.5692101094776246e-5,0.0074248314735722515,0.011269444041937093
0.1207,120.7,0.31728281934772656,0.37672178592930117,0.013070234757819333,0.07248608429559597,1.569220019931822e-5,0.00742485486750211,0.011268862430568892
0.12075,120.75,0.3172638135575088,0.3767070523540164,0.013065972889520612,0.07248609456887241,1.5692256136202e-5,0.007424872288625534,0.011269030451630817
0.1208,120.80000000000001,0.3172584765416517,0.37670311271704876,0.01306457666463233,0.07248609571466602,1.5692261967897158e-5,0.007424874664591782,0.011269120924510314
0.12085,120.85,0.31725681057399374,0.37670175836870173,0.013064265181208899,0.07248609584986093,1.5692262514125948e-5,0.007424874811727229,0.011269909331031655
0.1209,120.89999999999999,0.3172449364242906,0.376692349506843,0.013061804582427278,0.07248610051391548,1.5692281071487355e-5,0.007424881262263275,0.011269560364210734
0.12125,121.25,0.3170412338234027,0.37656537885551483,0.012985717213184362,0.07248674351815398,1.5692416728370912e-5,0.007426321682152458,0.01126803524995634
0.1213,121.30000000000001,0.31691394936039846,0.3764961124750158,0.012929025401376283,0.07248806672858887,1.5692416968974236e-5,0.007429381703117211,0.011267376090405712
0.12135,121.35,0.31671531225893584,0.376389042632133,0.012840689254704373,0.07249129045979254,1.569241703209049e-5,0.007436762340949238,0.011264054443258427
0.1214,121.39999999999999,0.31642531139244895,0.3762332000355736,0.012713403697920128,0.07249814791180287,1.5692417052419155e-5,0.00745202345087164,0.011261430729752987
0.1217,121.7,0.31160630400903744,0.37353786490730895,0.01096871559618904,0.07287662378784233,1.569241706607683e-5,0.007960300697543422,0.011145379874751211
0.12175,121.75,0.31012994779499836,0.3726767234856738,0.010546803948363768,0.07306976075703366,1.569241706619632e-5,0.008126476070841824,0.011131472900702663
0.1218,121.80000000000001,0.30843038442772863,0.3716719131794768,0.01010875912164746,0.0733262898895134,1.569241706626703e-5,0.008305577949364713,0.011133437454657476
0.12195,121.95,0.301938482049284,0.367751420118637,0.00877433005080958,0.07456271612325532,1.569241706635506e-5,0.008859590999306142,0.011158369195307707
0.122,122.0,0.2992998085431894,0.3661357223328625,0.008341080956138702,0.07515226754950423,1.5692417066366738e-5,0.009034790399116777,0.011157852207424861
0.12205,122.05000000000001,0.2964217088966192,0.3643649423237172,0.007919327991477236,0.07583766819283058,1.5692417066374663e-5,0.009200819849789226,0.011171526536926128
0.1221,122.1,0.2933044891410627,0.3624397846073457,0.007510864061174685,0.07662111056671073,1.5692417066380172e-5,0.009356554864659793,0.01118411519187342
0.12225,122.25,0.2825347257428122,0.35575153839241086,0.006372995320864238,0.07956435573636358,1.5692417066388896e-5,0.009759828228563402,0.011195631096963806
0.1223,122.30000000000001,0.2784819933566098,0.35322399018134965,0.006023348895113973,0.08073977936670379,1.5692417066390418e-5,0.009873947309232679,0.011225538845986427
0.12235,122.35,0.2742049784452947,0.35055116616415216,0.005688141469985164,0.08200865794683336,1.569241706639157e-5,0.009978836168235312,0.011225383749621573
0.1225,122.5,0.2600889864868451,0.34169006914841,0.0047647073137282985,0.08633985306798775,1.569241706639366e-5,0.010244501440912853,0.011201873725649169
0.12255,122.55000000000001,0.25498025992447826,0.338467028483866,0.004482660681579473,0.08794341807489563,1.5692417066394073e-5,0.010318760170312342,0.011165102962481771
0.1226,122.6,0.24968466802115016,0.3351161462677,0.004212682428226591,0.08961808146880412,1.569241706639441e-5,0.0103868001010557,0.011195191657263388
0.12265,122.64999999999999,0.2442125304336603,0.33164223621040056,0.003954310038604899,0.09135787429344445,1.5692417066394673e-5,0.010449116050365942,0.011216077967730352
0.1227,122.7,0.2385750896374954,0.32805063586449335,0.0037071060932498943,0.093156453753103,1.569241706639489e-5,0.010506161194741915,0.011116299306341143
0.12275,122.75,0.23278447682164893,0.32434723312747016,0.0034706600679534337,0.09500716561843778,1.5692417066395066e-5,0.010558349478649984,0.011208155128425743
0.123,123.0,0.20201369989687964,0.3043997207204925,0.00243725637725758,0.10479682621501737,1.569241706639558e-5,0.010758580041349898,0.011254671113184778
0.12305,123.05000000000001,0.19560117193427867,0.3001815871862545,0.002258158435157203,0.1068120927575652,1.569241706639564e-5,0.010788523573724581,0.011072290712813907
0.1231,123.1,0.18913989601926143,0.29590902963219173,0.0020876192438198933,0.10883024477695735,1.5692417066395693e-5,0.010815673817198395,0.011090734255534427
0.12325,123.25,0.1696306669965457,0.282870775957568,0.0016250133316767902,0.11483854750024014,1.5692417066395805e-5,0.010882386749163819,0.011356634048379012
0.1233,123.30000000000001,0.1631417086740634,0.2784885307562942,0.0014864253412424726,0.11680665470087795,1.569241706639583e-5,0.010900317391861872,0.011862959056140961
0.12335,123.35,0.1566875177267272,0.27410771034167364,0.0013553061445861134,0.11874888998647637,1.569241706639585e-5,0.010916367712405652,0.011722622695342513
0.1234,123.39999999999999,0.1502843608836361,0.269740373557896,0.0012314642600086418,0.12066085384346042,1.569241706639587e-5,0.010930686084872741,0.012343163251122136
0.12395,123.95,0.08735411898139983,0.22601406495991225,0.00029943578553711904,0.13893268104165288,1.569241706639598e-5,0.011008319098537004,0.013768292048974434
0.124,124.0,0.08262775905588578,0.22271810024620844,0.00024952229286424735,0.14031316043354242,1.5692417066395984e-5,0.011010646457061998,0.013878953305297544
0.12405,124.05,0.07810661325985727,0.21957550734671927,0.00020471442946253668,0.14164690359071636,1.569241706639599e-5,0.011012522315717798,0.013773927216897451
0.1241,124.10000000000001,0.07379658498188844,0.21659304881863636,0.00016485034803478995,0.14293460777417039,1.5692417066395998e-5,0.011014007356866145,0.0138109435493092
0.12415,124.14999999999999,0.06970262108777799,0.21377659342440516,0.00012976628750684683,0.1441770310629223,1.5692417066395998e-5,0.011015157904715927,0.013759374007995347
0.12455,124.55,0.04500791877308396,0.19760286563868465,4.058676455800505e-7,0.15256864261158462,1.569241706639601e-5,0.011017718178361391,0.013583106989339126
0.1246,124.60000000000001,0.04292432448666835,0.19638148126208532,3.550848007257135e-7,0.15343080173768503,1.569241706639601e-5,0.011017718887693222,0.013421419028979151
0.12465,124.64999999999999,0.04105444012804992,0.19532979785678514,3.210015826091655e-6,0.15425185761393165,1.5692417066396015e-5,0.011017727102959089,0.013539705856574234
0.1247,124.7,0.03939307436458202,0.1944426586152463,8.749030509705013e-6,0.15503162312118848,1.569241706639602e-5,0.011017756252618253,0.01333350523950125
0.12475,124.75,0.037934193914069846,0.19371400121035098,1.6743613751851817e-5,0.15576984069013441,1.5692417066396025e-5,0.011017816330605761,0.013498398524734867
0.1248,124.8,0.036670942755154944,0.19313690830288754,2.695874293277408e-5,0.15646621397279384,1.569241706639603e-5,0.011017914066431926,0.013261282032267712
0.12495,124.95,0.033974539235421944,0.1922342808394148,6.849431965016319e-5,0.15830152506375755,1.569241706639605e-5,0.011018456251049358,0.013431965581789202
0.125,125.0,0.03340961851457109,0.19217933941979554,8.51382959209747e-5,0.15882814808228465,1.5692417066396052e-5,0.011018714899988858,0.013105591131348748
0.12505,125.05,0.032994594451887245,0.19223080814938062,0.00010276084440134529,0.15931226313324334,1.5692417066396055e-5,0.01101900480713156,0.01322217189893044
0.12515,125.15,0.03256891507354385,0.19261022355875784,0.00013993735097332183,0.16015453378244232,1.5692417066396066e-5,0.011019649928453739,0.013249856600056825
0.1252,125.2,0.032534256004643124,0.19291607976869898,0.00015899972816422667,0.160514111099472,1.5692417066396072e-5,0.011019989078836206,0.013397146447879548
0.12525,125.25,0.03260163401101323,0.1932843549583204,0.00017806229319305254,0.16083407050844173,1.569241706639608e-5,0.011020328235864565,0.013243781992433389
0.1253,125.3,0.03275805639571056,0.1937037192274907,0.0001969007287125564,0.16111585049736718,1.5692417066396086e-5,0.011020659472057118,0.013412940427700483
0.12535,125.35,0.032990306298645945,0.19416290319518148,0.0002153037993842758,0.16136118731652194,1.5692417066396093e-5,0.011020975589268787,0.013257792364058505
0.1254,125.4,0.03328505497182835,0.19465079412471503,0.00023307575436804108,0.16157210123322321,1.569241706639609e-5,0.011021270416265645,0.013451145832242774
0.12545,125.45,0.033628983208532706,0.19515653018287235,0.0002500385607865381,0.16175087159233528,1.569241706639609e-5,0.011021539032521671,0.013308017736876959
0.12595,125.95,0.037112771090402945,0.19915494824352414,0.0003515051455951824,0.1623669672504961,1.569241706639609e-5,0.011022644906853547,0.013752989207642204
0.126,126.0,0.0372516804962218,0.1992941189916121,0.00035409730196767265,0.1623698207428343,1.569241706639609e-5,0.011022651304971076,0.013847701387779524
0.12605,126.05,0.037326887351757675,0.19936875295531498,0.0003554528873392439,0.1623706034345109,1.5692417066396093e-5,0.011022653131099423,0.013811874127498323
0.1261,126.1,0.03733595966619342,0.19937767211396631,0.0003556596905979206,0.1623706570819085,1.569241706639609e-5,0.011022653265396304,0.013869466577647326
0.12615,126.15,0.037277780368068156,0.19932071711841357,0.00035481599176056264,0.1623710376848847,1.569241706639609e-5,0.011022654007322602,0.013852431826907563
0.1266,126.6,0.03416671653513778,0.19631895463574336,0.00031858716381507387,0.16244411005995718,1.569241706639609e-5,0.011022801332336227,0.013935253285739434
0.12665,126.65,0.03364508786773799,0.1958151200753064,0.00031346820644300973,0.16245678518513776,1.569241706639609e-5,0.011022825790277014,0.013982971267326087
0.1267,126.7,0.033121352577605456,0.19530836004545102,0.0003085160437669649,0.16246880825981672,1.569241706639609e-5,0.011022848682810484,0.013953373711033175
0.12675,126.75,0.032606899748177355,0.19480954667675573,0.00030382162360570084,0.16247975327986466,1.5692417066396093e-5,0.011022869258310395,0.014005279294470877
0.1268,126.8,0.03211369821219205,0.1943302120074659,0.00029947071283275585,0.16248926921807216,1.569241706639609e-5,0.011022886938227177,0.013970201666619799
0.127,127.0,0.03060833627727129,0.19285784218049642,0.0002870556821208906,0.16250984625772658,1.569241706639609e-5,0.0110229245389831,0.013985918098258308
0.12705,127.05,0.03041528194206955,0.19266745610235098,0.000285554679037602,0.16251101350960803,1.569241706639609e-5,0.0110229266846228,0.014040020880198104
0.1271,127.1,0.03032270824007932,0.1925758912326741,0.00028482784533127875,0.16251129550761254,1.569241706639609e-5,0.011022927228253127,0.013981110110947843
0.12715,127.15000000000002,0.03034425594986655,0.19259737397188842,0.00028493941084346624,0.1625113421025344,1.5692417066396093e-5,0.01102292729882717,0.014034256465304375
0.12725,127.25,0.030783674806156295,0.19303666676073672,0.0002879360878798902,0.1625142127073395,1.569241706639609e-5,0.01102293207289264,0.014018488334877583
0.1273,127.3,0.03122796979423235,0.1934829520043418,0.00029095385124545194,0.1625192207175681,1.569241706639609e-5,0.011022940661671757,0.013941276194574586
0.12735,127.35,0.031839066294525396,0.19409906115267794,0.00029507714712442764,0.16252835664556967,1.569241706639609e-5,0.011022956631217896,0.013990286645868353
0.1274,127.40000000000002,0.03262924485002575,0.1948987214323678,0.0003003798602963697,0.1625431410564852,1.569241706639609e-5,0.011022982990720645,0.013903897970644846
0.12795,127.95,0.055974578305025606,0.21919555250862205,0.00046371417765145865,0.16365797038124158,1.5692417066396096e-5,0.011025596509989667,0.013570053045297273
0.128,128.0,0.059604224773846706,0.22304882827723324,0.0004912944277216314,0.16390917922044348,1.5692417066396103e-5,0.011026307036421145,0.013438117737595064
0.12805,128.05,0.06349731535325388,0.22719961480090176,0.0005216680589632363,0.1641972479342639,1.569241706639611e-5,0.011027168738333482,0.013457530632595919
0.1281,128.1,0.06765206863406258,0.23164888730197158,0.0005550258140170484,0.16452512387016865,1.5692417066396113e-5,0.011028208034724516,0.013343689900793309
0.12835,128.35,0.09218254923558598,0.2583009907936935,0.0007740157369532356,0.16686572759480736,1.5692417066396127e-5,0.011037296407930636,0.01322093112801161
0.1284,128.39999999999998,0.09778438323700415,0.26447586442161086,0.0008298957402450556,0.16749464430859393,1.569241706639613e-5,0.011040212379116619,0.013187688807144635
0.12845,128.45000000000002,0.10359215077338044,0.27091219150922013,0.0008904014024438471,0.16818370610342218,1.5692417066396137e-5,0.011043631016360632,0.013221396417106172
0.1286,128.6,0.12210043023209077,0.29166080938431244,0.0011025002106895287,0.1706361292727411,1.569241706639616e-5,0.011057686546782618,0.013443080821270383
0.12865,128.64999999999998,0.1285739250506542,0.2990051114895941,0.0011843845189325002,0.1715888146069941,1.5692417066396167e-5,0.011063947338540304,0.013526677761926523
0.1287,128.70000000000002,0.1351672568850398,0.3065332317195703,0.0012723778828805314,0.17261158913706115,1.5692417066396174e-5,0.011071177037822219,0.013754359225531743
0.12875,128.75,0.14185930517407436,0.3142244887935645,0.0013668006876129204,0.1737052124022777,1.5692417066396188e-5,0.011079501705492233,0.013946471922797184
0.1292,129.20000000000002,0.20272024704781993,0.3866496156525386,0.0025587004013517896,0.18646114599336938,1.5692417066396452e-5,0.011230614218978629,0.01858431852101716
0.12925,129.25,0.20912830082038913,0.3945329695422497,0.0027344070674762693,0.1881121239556208,1.5692417066396516e-5,0.011259435678197205,0.019028540359352277
0.1293,129.3,0.2153882377577851,0.4022737248176977,0.002919527033997693,0.18977803026843662,1.5692417066396598e-5,0.01129142741033375,0.019003052856727987
0.12935,129.35,0.22148319746512488,0.40984268441034,0.0031141237862963448,0.1914465915557199,1.569241706639669e-5,0.011326777779667858,0.01905451900046527
0.1294,129.39999999999998,0.22739829652677285,0.4172119158126327,0.0033181881305649735,0.19310474936686786,1.56924170663968e-5,0.011365650813919121,0.018323317188362536
0.1297,129.70000000000002,0.25854695278092227,0.4559469355806731,0.004729817972563861,0.20210243153276375,1.569241706639818e-5,0.011676833737327174,0.011252732408624108
0.12975,129.75,0.26296515298232614,0.4613406292759685,0.004992467523155767,0.20334051018714766,1.5692417066398603e-5,0.011741222944430422,0.010360385473438387
0.1298,129.8,0.2671604189681027,0.46641170687684086,0.005261416298773069,0.2044852030650157,1.5692417066399115e-5,0.01180873694344576,0.011514328277344003
0.12995,129.95000000000002,0.2784548644595644,0.47973809940054446,0.006100302610546751,0.2073558174263504,1.5692417066401368e-5,0.012027726406614184,0.018296614764213556
0.13,130.0,0.2818147794718809,0.48358898097192865,0.006389333258112727,0.20813573666794719,1.5692417066402462e-5,0.012105697474174424,0.024327304267002116
0.13005,130.05,0.2849903243776608,0.48717267235391315,0.006683030292622532,0.20883749967348395,1.5692417066403814e-5,0.01218620672436478,0.028399876314118663
0.1306,130.6,0.31331085272075304,0.516257406749783,0.011134787651464955,0.2140516453010898,1.569241706699375e-5,0.014004032281391706,0.06994318727261038
0.13065,130.64999999999998,0.31608773433606036,0.518714489033553,0.01200762428883098,0.2146039661169881,1.5692417070783432e-5,0.014720522239511995,0.06997477523225225
0.1307,130.70000000000002,0.31922715904644255,0.5213103752387237,0.013136665452975479,0.2151875386388021,1.637787486761933e-5,0.015965203769363594,0.07218239104018556
0.13075,130.75,0.32111322895874767,0.5230397600517303,0.013334029337751649,0.2152265252978926,1.8026816180427534e-5,0.016008388899961448,0.07223874271941574
0.1308,130.8,0.3197101408116257,0.521753022411515,0.013241010374053029,0.21524884562646254,1.9023852591096367e-5,0.016022567055029663,0.07216631271702907
0.13085,130.85,0.3166839405705258,0.5194593901861932,0.01271112079829605,0.21545019569186682,1.9996023277096887e-5,0.01637877083817057,0.07201860927890007
0.1309,130.89999999999998,0.31503172507542476,0.5184995764706611,0.012154231359134595,0.2155853718832565,1.999602330989939e-5,0.016714921004898457,0.07320031433211449
0.13095,130.95000000000002,0.31516510677691195,0.5186465478530424,0.012148360622589711,0.21559307742015052,1.9996023310128336e-5,0.016728328507152782,0.0732475153258183
0.131,131.0,0.3164714491544035,0.5196558330700561,0.012532089152707768,0.2156795995447767,1.9996023321594418e-5,0.016877573488304064,0.07322621542504507
0.13125,131.25,0.3164345650392566,0.5197587523947182,0.012692337452895403,0.21597689897094413,2.213606644175232e-5,0.017489845382565386,0.0744113584476804
0.1313,131.3,0.3176402245554898,0.5206787758549374,0.013046633683794046,0.21604537311726274,2.217988321815927e-5,0.017632057549623072,0.07478886299973429
0.13135,131.35,0.31930300480599216,0.5221755846030444,0.013237927270858029,0.21607002926679073,2.2805970409053294e-5,0.017671905659012693,0.07494856055674531
0.1314,131.39999999999998,0.3194654438987273,0.5223133602238729,0.013265974533150213,0.21607325866024377,2.295722160935776e-5,0.017675051388225234,0.07494548447884239
0.13145,131.45000000000002,0.3179374544040021,0.520929718585106,0.013140416122942524,0.21609146294890866,2.3526709142439436e-5,0.01769072091130309,0.07491601616952018
0.1315,131.5,0.3168967078049288,0.5201256077425642,0.012926340670294717,0.21611387023447745,2.363457943097353e-5,0.017735869157784138,0.075135994513671
0.13155,131.55,0.31773746587930757,0.5208232119651182,0.013093187996119037,0.21613746236002104,2.368774942163912e-5,0.0177840480216789,0.0755347214183157
0.1316,131.6,0.31921473087225993,0.5221753927943872,0.013236792261308937,0.21615546076823514,2.4189763273840773e-5,0.017803727487122986,0.07555989872821028
0.13165,131.64999999999998,0.3193345934778179,0.5222751714270814,0.013259439049890902,0.21615790912518099,2.4301855432245753e-5,0.017806094096608566,0.07555555602999439
0.1318,131.8,0.3180857846695896,0.5211817216308653,0.013138513804397251,0.21619162501564598,2.4980491434770785e-5,0.017845334118688584,0.07552644961219017
0.13185,131.85,0.31935129016738123,0.5223461565121484,0.01325220460139701,0.2162038217989126,2.5391301429310143e-5,0.01785792135631475,0.07553402348467386
0.1319,131.89999999999998,0.31909712246507405,0.5221018152156734,0.01324470006136344,0.21620604904803917,2.548429013506574e-5,0.01785954930842719,0.07551975461910733
0.13195,131.95000000000002,0.3177408551172566,0.5208715544997402,0.01313204006317896,0.2162189981286581,2.5869777453956996e-5,0.01787161505756853,0.0755070884159776
0.132,132.0,0.31734209217399617,0.5205365520576234,0.013072177356027137,0.21622283941799664,2.5920498916308995e-5,0.01787739821891119,0.07547743916089641
0.13205,132.05,0.3184730135006929,0.5215719208424997,0.013178641631939972,0.21623352676173743,2.613382974424225e-5,0.017888457757603723,0.07549248350828722
0.1321,132.1,0.31942806241032906,0.5224509621423312,0.013261938996027128,0.21624053663243836,2.6406486606226285e-5,0.017895684504645407,0.07551993556486632
0.13215,132.14999999999998,0.3188022915961924,0.5218658684402983,0.01322498924949437,0.2162441235834234,2.6544460672456865e-5,0.017898125012859808,0.07550853598204957
0.1323,132.3,0.3188359138589167,0.5219359369598348,0.013212111928357393,0.21626707520007565,2.7138143809572042e-5,0.017921760890078024,0.07549987643501191
0.13235,132.35,0.3193987608215721,0.5224509589059941,0.013263242606847525,0.21627024021592478,2.727542798770547e-5,0.01792512287458683,0.07551750572181695
0.1324,132.39999999999998,0.31848997101520904,0.5216081426922559,0.013202954883660191,0.2162757197445321,2.7477677919907518e-5,0.017929213757025175,0.07550199608533158
0.1326,132.6,0.3192625728447649,0.5223471905967705,0.013256477752950545,0.21629510405787405,2.8042529116585216e-5,0.0179489934839593,0.07551848799879435
0.13265,132.64999999999998,0.3182044581084108,0.5213706696437211,0.013181773943297897,0.21630175363960477,2.8277427046232744e-5,0.017954487462791546,0.07550553745232907
0.1327,132.70000000000002,0.31759916763284113,0.5208295779383488,0.013121035867106915,0.21630512454036854,2.836307423012013e-5,0.01795863350850062,0.07549256105646965
0.13275,132.75,0.31835929872034935,0.5215366735770521,0.013178519220690297,0.21630946535693413,2.8466309881145658e-5,0.017962486081354024,0.07550346950079768
0.1328,132.8,0.3193182668344416,0.5224259615451503,0.013254098792855615,0.21631514439210778,2.8681128301189424e-5,0.017968058676881622,0.07552146067912072
0.13285,132.85,0.31904192477434357,0.522161806731938,0.013243267106567067,0.21631644602092792,2.8734152296610347e-5,0.01796896645280371,0.07551585136059184
0.133,133.0,0.3187357568859157,0.5219029156545929,0.013209528566052241,0.21632956795713582,2.9138127632406103e-5,0.01798132546660454,0.07550538235596421
0.13305,133.05,0.31938385020052384,0.5225022068327659,0.013261340071240942,0.21633245232467796,2.9260188092313745e-5,0.017984266233091153,0.07552040085396088
0.1331,133.1,0.318776330621114,0.5219323592555977,0.013226179352747506,0.21633486816640127,2.9353945367808926e-5,0.017985950970360504,0.07550825163871401
0.13325,133.25,0.31905466239542396,0.5222137857493103,0.013234474472906491,0.21634589180764738,2.970966446719054e-5,0.017996430193576995,0.07551528267392071
0.1333,133.3,0.31932802500117696,0.5224627620421901,0.013260004218743397,0.21634698403148528,2.9759725034046768e-5,0.017997578754986716,0.07551779006515251
0.13335,133.35,0.31851434340839296,0.521704327943242,0.013208415946146461,0.21635050664670988,2.9893602177954704e-5,0.018000307620702614,0.0755131371742069
0.1334,133.39999999999998,0.3178954072043898,0.5211400930664717,0.013156354753885394,0.2163530627204759,2.9974849355723847e-5,0.01800312163685631,0.0755012723022956
0.13345,133.45000000000002,0.3184210238630349,0.5216343190251962,0.013189790499297353,0.2163550514979927,3.0029513394615008e-5,0.018004725575103,0.0755037796935274
0.1337,133.70000000000002,0.31876740879492765,0.5219676383727611,0.013215595789560441,0.2163673364295837,3.0473212954801272e-5,0.01801580037486082,0.07551952197456005
0.13375,133.75,0.3193836016060444,0.522540824775491,0.013260854328475492,0.2163694944542779,3.056519428783871e-5,0.018017924883874364,0.07552753528674415
0.1338,133.8,0.31895972739779554,0.5221400656471976,0.013238988265480903,0.21637069467313258,3.061318291909862e-5,0.01801873435348234,0.0755221844621567
0.13395,133.95000000000002,0.3190699842557307,0.5222589574548788,0.013237368859769954,0.2163774638229837,3.085344064100007e-5,0.018024870823283325,0.07552991343100524
0.134,134.0,0.3193710434846618,0.5225362407273563,0.013262028177910402,0.2163783073821583,3.0892363426735044e-5,0.018025750551163018,0.07553128344889479
0.13405,134.05,0.3187350890890985,0.5219395883630531,0.013224781911823318,0.2163802833017209,3.0970736226022045e-5,0.018027223354267548,0.07552329598610481
0.1341,134.1,0.31817404726130716,0.5214226736129751,0.01318247230008074,0.2163820359696539,3.1033725788480395e-5,0.018029031825079093,0.07551874649273578
0.13415,134.14999999999998,0.3185573928330324,0.52178576459553,0.013203790329167589,0.21638306688730985,3.10654663819963e-5,0.018029813496165455,0.07552277899822198
0.1344,134.4,0.31886174855381844,0.5220771993587124,0.01322461848142632,0.21639067549089638,3.135739500972952e-5,0.018036475943817545,0.07552957738888139
0.13445,134.45,0.3194029019159178,0.5225826062928964,0.01326189933022848,0.21639214459126951,3.142130553134517e-5,0.018037885938468532,0.07553223987647804
0.1345,134.5,0.31908761476672326,0.522282908353088,0.013247006067061669,0.21639281278238953,3.144861631631128e-5,0.018038330250622393,0.0755300685273701
0.1346,134.6,0.31846848683218776,0.5217120127710078,0.013201116587145045,0.21639506785346915,3.153437239807965e-5,0.018040375627900316,0.07553014607555253
0.13465,134.65,0.3191311349153002,0.5223350701556334,0.013242729538670018,0.21639701449923118,3.160833867275855e-5,0.018042016630302204,0.07553099910555922
0.1347,134.7,0.31940812484546605,0.5225915656788285,0.013263837908925118,0.21639760046379475,3.163573458741454e-5,0.018042619440150977,0.07553477311710399
0.13475,134.75,0.31889862403213814,0.522111457426996,0.013235672344036536,0.21639877846923103,3.16838668237179e-5,0.018043478372381405,0.07553267931617846
0.1348,134.8,0.3184189424365908,0.521666559883817,0.013202072681968557,0.2163999174244867,3.172817113836205e-5,0.018044609098226,0.07552849171432742
0.13485,134.85,0.3187168162215283,0.5219499677630391,0.013217153403966293,0.21640051183830356,3.174814102104199e-5,0.018045041684730995,0.07553216232829563
0.1351,135.1,0.3189772495521856,0.5221987074132072,0.013233809111756954,0.2164052780845572,3.1939838557809955e-5,0.018049125197728,0.075534230279827
0.13515,135.15,0.31943148976420654,0.5226241052158642,0.013263644240045041,0.21640622760904743,3.198213629172264e-5,0.018050021900116477,0.07553653087590567
0.1352,135.2,0.31918020835109245,0.5223845026521053,0.01325239094057778,0.21640663592256668,3.199910300986027e-5,0.018050291548410084,0.07553428197861528
0.13525,135.25,0.31864051206197797,0.5218797553052592,0.013218701305485888,0.21640784482441322,3.204844147584368e-5,0.018051358410685246,0.0755325759186019
0.1353,135.3,0.3186617682868481,0.5219039552145107,0.01321597449198434,0.21640805390629378,3.2056038931250076e-5,0.01805154995728922,0.07553534180377512
0.13535,135.35,0.31920726731312055,0.5224182184698373,0.013248477824175814,0.21640927198419452,3.210451913009682e-5,0.018052553104716762,0.07553684106863537
0.1354,135.4,0.31943901966404203,0.522633423502705,0.013265420650927482,0.21640964919926514,3.212242818373869e-5,0.018052937681983353,0.07554043413442114
0.13545,135.45,0.31902127305702943,0.5222386503331076,0.013243219517725389,0.21641039001568865,3.215338128944995e-5,0.018053472364546998,0.0755391158153199
0.1355,135.5,0.31862573234744185,0.5218702091493895,0.013216867085919322,0.21641110694507942,3.218284952230944e-5,0.01805416880185002,0.07553655672529981
0.13555,135.55,0.31887070023419617,0.5221038266061104,0.013228602986048313,0.21641147880912287,3.219619257629696e-5,0.018054431799833855,0.0755364274783291
0.13575,135.75,0.31869417566932057,0.5219381783616036,0.013220185954981855,0.21641383577891105,3.229646728552991e-5,0.01805647660186297,0.07553358404497344
0.1358,135.8,0.31908846467134927,0.5223114979837905,0.013241837262563193,0.21641449187751224,3.232180036270565e-5,0.018056972661996632,0.07553255006920775
0.13585,135.85,0.31945763367373975,0.5226578249516509,0.013265300019893098,0.21641508503609888,3.2348808736819154e-5,0.018057528501644268,0.0755330670570906
0.1359,135.9,0.31924558432004974,0.5224553624501572,0.013255992414917104,0.21641535284717994,3.236006873469589e-5,0.018057704643377144,0.0755333772498203
0.13595,135.95,0.31880453172868606,0.5220416854096595,0.013229411031978026,0.2164161141779951,3.239224104645066e-5,0.01805836944416041,0.07553425612922114
0.136,136.0,0.31882933849351086,0.5220683296188585,0.013227711262825164,0.21641624664954762,3.239732822316592e-5,0.01805848593674016,0.07553474726770985
0.13605,136.05,0.31927779482584256,0.5224918416895717,0.013253462137373105,0.21641702066822602,3.242929343349873e-5,0.018059114979962626,0.07553715126136508
0.1361,136.1,0.31945896271370994,0.5226602367837153,0.013266476047068407,0.2164172504888788,3.2440355280924303e-5,0.018059348450879763,0.07553678936984709
0.13615,136.15,0.31911077061232923,0.5223306214367756,0.013248405695989708,0.21641773591520644,3.24609824211373e-5,0.01805969834529641,0.07553686691802952
0.1362,136.2,0.3187931774604953,0.5220339871039396,0.013227907960916392,0.21641817768408275,3.247987257425026e-5,0.018060123238516242,0.07553487651468056
0.13625,136.25,0.3190024921333167,0.5222337775241639,0.013237688001582624,0.21641842402225347,3.248915152214772e-5,0.01806029418996969,0.07553578124347554
0.1365,136.5,0.3191797241900615,0.5224026157350021,0.013248083017351099,0.2164203415563749,3.257118754837366e-5,0.018061893902056696,0.07553363574376173
0.13655,136.55,0.3194716721225771,0.5226767342790009,0.013266290246957442,0.2164207023398739,3.258790714594472e-5,0.018062231896436645,0.0755350833098337
0.1366,136.6,0.3192861935597274,0.5224996203297118,0.013258118512255567,0.21642088726224548,3.259574204511635e-5,0.018062353483123954,0.07553381668952072
0.13665,136.65,0.31892952588231754,0.5221644964010993,0.013237075270380969,0.21642136659069816,3.261650297550516e-5,0.018062771018509307,0.07552949984069897
0.1367,136.7,0.3189626125810623,0.5221982671459839,0.013236480564641008,0.2164214524585828,3.2619903894347236e-5,0.018062842615435778,0.07552991343100524
0.13675,136.75,0.319329422187929,0.522545010645041,0.013257063817539605,0.21642194816255356,3.264094418116791e-5,0.01806324344749691,0.0755305596658588
0.1368,136.8,0.3194627882375086,0.5226688824673841,0.013266699145465223,0.2164220825957984,3.264747504073138e-5,0.01806338003238083,0.07553079231040608
0.13685,136.85,0.31917017066088876,0.5223916325506337,0.013251672953147288,0.21642240976001673,3.266154126374126e-5,0.018063617140350416,0.07552862096129813
0.1369,136.9,0.31892058151769226,0.5221581706444257,0.013235825995958694,0.2164226779888017,3.267333462837456e-5,0.018063874791227435,0.07552913794918098
0.13695,136.95,0.3191024429835611,0.52233175257382,0.013244281211968259,0.21642284696323003,3.267992361117283e-5,0.018063990915656383,0.07552960323827554
0.1372,137.2,0.31924156387108393,0.5224641647111361,0.01325226995661026,0.21642407261492477,3.27332502186755e-5,0.018065007051545373,0.07553249837041948
0.13725,137.25,0.3194666173319166,0.5226754836599312,0.013266229079858744,0.21642428697055272,3.274330373765912e-5,0.018065209116756523,0.0755337391413383
0.1373,137.3,0.3193019688347036,0.5225183574410205,0.013258844666079782,0.2164244191267958,3.274892465141293e-5,0.018065296482525955,0.07553304120769645
0.13735,137.35,0.319016378594185,0.5222497800453668,0.01324214711648102,0.21642472087707973,3.276220579715606e-5,0.018065560316175452,0.07553030117191738
0.1374,137.4,0.31905667412711824,0.5222898321052979,0.013242450140629733,0.2164247780845797,3.276450436582738e-5,0.018065605393225933,0.07552929304554583
0.13745,137.45,0.3193539739473496,0.5225709537423201,0.0132589597272937,0.21642509551155295,3.27782237743119e-5,0.018065862464095854,0.0755271992446203
0.1375,137.5,0.31944624148106093,0.5226564170151781,0.013265844270642618,0.21642517199195996,3.2781948124642535e-5,0.018065940203442404,0.07552823322038599
0.13755,137.55,0.31920010879539534,0.522423164926619,0.013253197811266446,0.21642539626202958,3.2791651525065586e-5,0.018066104463442492,0.07552800057583871
0.1376,137.6,0.3190072891462396,0.5222427213558392,0.013240990637211703,0.21642555778022515,3.279888170768576e-5,0.018066260405907336,0.07552748358795587
0.13765,137.65,0.3191650131893424,0.5223931788140092,0.013248379566561315,0.21642567535393142,3.280357172796644e-5,0.018066341096701025,0.07552807812402114
0.13775,137.75,0.3193811836156801,0.5225952230699525,0.013262807370649943,0.21642596376561904,3.281654779362277e-5,0.01806658703676304,0.07552699244946716
0.1378,137.8,0.3191160193084798,0.5223449175738518,0.013248209165491942,0.2164262132351003,3.282748321485501e-5,0.018066788072985902,0.07552422656429394
0.13785,137.85,0.3190426047227064,0.522277361474526,0.013242410956371489,0.2164262708520081,3.283008357501874e-5,0.018066848133297207,0.0755253639376362
0.13795,137.95,0.3194378853879445,0.5226505167708769,0.013264864858872544,0.21642658530712786,3.284390056351232e-5,0.018067109639902875,0.07552629451582532
0.138,138.0,0.3192918784316494,0.5225113310750725,0.013258144051820991,0.21642668160218545,3.2847994540741996e-5,0.018067174046611758,0.07552875020826884
0.13805,138.05,0.3190651481927451,0.522298082069902,0.013244861727378114,0.21642687190094403,3.2856437288594744e-5,0.018067341832281987,0.0755298875816111
0.13815,138.15,0.31934690482139033,0.5225659647864372,0.013258987016780445,0.21642711271112877,3.286681059441439e-5,0.01806753563537917,0.07553118005131822
0.1382,138.2,0.3194062712797087,0.5226206400285134,0.013263723323520044,0.21642715568034895,3.286888837482895e-5,0.018067579132431583,0.07553149024404793
0.13825,138.25,0.31920015733850776,0.5224253888536478,0.013253022474333279,0.216427310770296,3.287560035395303e-5,0.018067694354436302,0.07553105080434751
0.1383,138.3,0.3190528646773516,0.522287607149365,0.013243613315271166,0.2164274080794023,3.2879994205024495e-5,0.01806778920908409,0.0755319038343542
0.13835,138.35,0.3191875397832285,0.522415956162842,0.013250024207577602,0.21642748953519936,3.288328211488222e-5,0.01806784540903127,0.0755322140270839
0.1385,138.5,0.31912433695905007,0.5223546345123811,0.01324850330097487,0.21642783421957232,3.289857750129163e-5,0.018068132767017315,0.07553474726770985
0.13855,138.55,0.3190747171645516,0.5223091968745442,0.013244356704890116,0.21642786820779955,3.290011462454497e-5,0.018068167994974526,0.07553634993014667
0.1386,138.6,0.3192586536532405,0.5224835162202088,0.013254104095361097,0.21642799310662328,3.290536854742828e-5,0.018068262694816793,0.0755360655868111
0.13865,138.65,0.3193828361572406,0.522599847654125,0.013262029812755892,0.2164280643323462,3.290872112961858e-5,0.018068331699996314,0.07553549690013997
0.1387,138.7,0.3192547545179865,0.522477925565784,0.013255943971532125,0.21642813500633376,3.291170875280019e-5,0.018068379775680345,0.07553265346678432
0.13875,138.75,0.3190757677445631,0.5223096779565235,0.013245331075334866,0.2164282558085352,3.291706675693372e-5,0.018068487535751684,0.07553265346678432
0.13885,138.85,0.31930628042459536,0.5225286154712502,0.013257066380117869,0.21642840922772277,3.2923663230615836e-5,0.01806861135068247,0.0755314126958655
0.1389,138.9,0.3193409881181241,0.5225602264603684,0.013260188562511517,0.2164284335285477,3.2924816139992914e-5,0.01806863559955735,0.0755314126958655
0.13895,138.95,0.3191696793199879,0.5223980982215478,0.013251120403381896,0.21642854121753502,3.2929445973549624e-5,0.01806871696242666,0.07552918964796926
0.139,139.0,0.31905742549425264,0.5222932151133819,0.013243811810530796,0.21642860060408112,3.293212554125636e-5,0.018068775568217454,0.07553061136464709
0.13905,139.05,0.31916949624845,0.5223998877495616,0.013249267466200029,0.21642865586999868,3.2934358775372116e-5,0.018068814070269095,0.0755327051655726
0.1391,139.1,0.319320854345755,0.5225423009122615,0.013258304405849929,0.21642874383300387,3.293832205680791e-5,0.01806889282935813,0.07553363574376173
0.13915,139.15,0.31927190192135846,0.522495021650722,0.013256656381138593,0.21642876794545812,3.2939331344204506e-5,0.01806890923228862,0.07553247252102532
0.1392,139.2,0.3190982775801822,0.522331347548744,0.013246820735561458,0.21642887767768634,3.294410194241937e-5,0.01806900002750819,0.07553311875587888
0.13925,139.25,0.3190645642242132,0.5223006731004134,0.013243803358077892,0.21642889826299427,3.2945025521216715e-5,0.01806902129393471,0.0755313609970772
0.1393,139.3,0.3192112609276492,0.5224395359597728,0.013251721237984591,0.21642897886197743,3.294840053120973e-5,0.018069083131789884,0.0755322140270839
0.13935,139.35,0.3193003536873149,0.5225227889526007,0.013257603058936102,0.21642901900606382,3.295027093770379e-5,0.01806912275252077,0.07553205893071906
0.1394,139.4,0.31918977937443455,0.5224177208700213,0.013252150832306483,0.21642907081063614,3.295243406964728e-5,0.018069158719941327,0.07553252421981362
0.13975,139.75,0.31911202349590145,0.5223463093631905,0.013246157746132053,0.21642940736667252,3.29668807773805e-5,0.018069441507046497,0.07553578124347554
0.1398,139.8,0.3192253565537477,0.5224527299322641,0.01325312442514021,0.21642945920807963,3.2969182372361986e-5,0.018069488743259362,0.07553862467683119
0.13985,139.85,0.31917791701771187,0.5224071597700323,0.013251273849246167,0.21642947725907327,3.2969917193868966e-5,0.018069500837502587,0.07553813353834249
0.1399,139.9,0.31903820758078577,0.5222756669572196,0.013243134350564742,0.21642955116300036,3.297307657394444e-5,0.018069562961767458,0.07553753900227722
0.13995,139.95,0.3190137271638941,0.5222535152713937,0.013240819151794944,0.21642956411002143,3.2973648403251526e-5,0.01806957640802117,0.07553818523713077
0.14,140.0,0.31912784138584305,0.5223613519916707,0.013247149306165325,0.2164296146399405,3.297573189443631e-5,0.01806961569543839,0.07553746145409479
0.14005,140.05,0.31919053261703295,0.5224197308304264,0.013251485214205725,0.21642963710666946,3.2976758156623444e-5,0.01806963831150434,0.0755384437310722
0.1401,140.1,0.31909679659809737,0.5223308580934566,0.013246661242477743,0.2164296748461656,3.2978302104028556e-5,0.018069665107188312,0.07553983959835588
0.1406,140.6,0.3189453464857364,0.5221889991051091,0.013237396066485317,0.21642998741843078,3.2991411828220516e-5,0.018069931138964587,0.07553996884532659
0.14065,140.65,0.3189249163223945,0.5221705292560973,0.013235444714760384,0.21642999600100463,3.2991782767129845e-5,0.0180699402336809,0.07554226944140525
0.1407,140.7,0.3190109582631743,0.5222516563392848,0.013240391247675124,0.21643002643158046,3.299300353759838e-5,0.018069964210989522,0.07554353606171822
0.14075,140.75,0.3190544699393978,0.522291991336288,0.013243581066999154,0.21643003900209404,3.2993560225490504e-5,0.018069977113419605,0.07554358776050651
0.1408,140.8,0.3189765090299913,0.5222182738215979,0.013239366032175329,0.21643006626027045,3.299464213298323e-5,0.01806999692126904,0.07554276057989395
0.14085,140.85,0.31888639157761733,0.5221340342133717,0.0132335251183749,0.21643010167640747,3.299612340706376e-5,0.018070029858793656,0.07554415644717764
0.1411,141.1,0.31883965993733276,0.5220905920611235,0.013230333975672574,0.21643019610516945,3.299995865894972e-5,0.018070111181437944,0.07554656044083287
0.14115,141.15,0.3188897048807897,0.5221379823142941,0.013233002005269234,0.21643020895029466,3.3000443584376414e-5,0.01807012044187484,0.075547310073263
0.1412,141.2,0.31895030168651006,0.5221945281280176,0.013237071004120467,0.21643022622041588,3.300116395043232e-5,0.01807013680795724,0.07554632779628559
0.14125,141.25,0.31891281112373454,0.5221588202383481,0.013235298556953178,0.2164302360671442,3.300153646867628e-5,0.01807014349938431,0.07554544891688475
0.1413,141.3,0.3188219187027016,0.5220737190156287,0.013229544536623134,0.21643027178433907,3.300296623583051e-5,0.01807017452051388,0.07554519042294333
0.14135,141.35,0.3188018753545632,0.5220555302154131,0.013227696455432031,0.21643027798408376,3.300322643232611e-5,0.01807018131070058,0.07554495777839605
0.1414,141.4,0.3188641049954374,0.5221140433016421,0.013231430977386098,0.21643029527220484,3.300389184620607e-5,0.01807019508766798,0.07554785291053999
0.14145,141.45,0.31889413339857203,0.5221417234448322,0.013233786605756491,0.21643030233401808,3.300419107726533e-5,0.018070202468365215,0.07554697403113915
0.1415,141.5,0.31883057841544243,0.5220818261155921,0.013230149191575485,0.21643032181781785,3.300493249418069e-5,0.018070216959907417,0.07554679308538015
0.14155,141.55,0.31875665031796707,0.5220129410487913,0.013225132884711261,0.21643034748981582,3.300596013621816e-5,0.0180702411298593,0.07554640534446802
0.1416,141.6,0.3187680128168745,0.5220240933073631,0.0132253471240521,0.21643035134224717,3.3006103566265646e-5,0.018070244272176707,0.07554488023021362
0.14165,141.65,0.3188267404707017,0.5220790147583816,0.01322916964101239,0.21643036702982107,3.300671641125667e-5,0.018070258006417678,0.07554650874204459
0.14185,141.85,0.31873271908772327,0.5219912549092784,0.013222959820796312,0.21643041678845554,3.300862834301589e-5,0.018070301101319096,0.07554836989842283
0.1419,141.9,0.31877589706489406,0.5220313700032432,0.013226032775751477,0.21643042646755312,3.3009011647599784e-5,0.018070310449753744,0.07554984331388893
0.14195,141.95,0.31874502714141834,0.5220020906574873,0.013224449443197945,0.2164304334570132,3.3009262512921586e-5,0.018070315288338305,0.07554759441659856
0.142,142.0,0.3186711629472404,0.5219331984654509,0.013219504405115186,0.21643045941280378,3.3010247875906064e-5,0.01807033819312254,0.07554705157932158
0.14205,142.05,0.3186492347810532,0.5219132160584526,0.013217564022579413,0.2164304645765339,3.301045497966418e-5,0.01807034401348312,0.07554824065145212
0.1421,142.1,0.31869149628836513,0.5219528282730571,0.013220222593737101,0.21643047352306252,3.3010779731174366e-5,0.01807035118580238,0.07555041200056008
0.14215,142.15,0.318712267978353,0.5219718500627204,0.013221976624019156,0.2164304774904596,3.301093808872005e-5,0.018070355401270357,0.0755630265049015
0.1422,142.2,0.3186616258497659,0.521924317577086,0.013218881211870469,0.21643049121728342,3.301143161133459e-5,0.01807036584876169,0.07555284184360944
0.14245,142.45,0.3185780922462756,0.521846660666885,0.013213057626811577,0.21643054240009893,3.301331127747219e-5,0.018070411601334446,0.07555669340333665
0.1425,142.5,0.3185339309155318,0.5218059408957516,0.013209628116446227,0.21643055400255715,3.301374608264235e-5,0.01807042358307687,0.07555682265030736
0.14255,142.55,0.3185516135613214,0.5218226996737799,0.013210554861774708,0.21643055678464293,3.301383947750195e-5,0.018070425670328964,0.0755575205839492
0.1426,142.6,0.3185815138073459,0.5218503312319184,0.013212828929488649,0.21643056196809723,3.3014030769951006e-5,0.01807043075628149,0.0755623544206538
0.14265,142.65,0.31855744791435164,0.5218276094618416,0.01321148971081432,0.21643056671009644,3.301418965802988e-5,0.01807043411074771,0.07556095855337013
0.1427,142.7,0.31849722145943543,0.5217717157816932,0.01320717708580875,0.21643058615452107,3.3014877559480696e-5,0.01807045154428588,0.07555824436698519
0.14275,142.75,0.31847233350892856,0.5217490083423834,0.013205001931613688,0.21643059131323988,3.301506999262706e-5,0.018070457387960755,0.07555204051239103
0.1428,142.8,0.31849791176762593,0.5217729150698522,0.013206677503700083,0.21643059522022995,3.301520075733029e-5,0.01807046050577594,0.07556667126947557
0.14285,142.85,0.3185123030723439,0.521785997691205,0.01320798844701011,0.21643059739755643,3.301528104523218e-5,0.018070462853285587,0.07558373186960947
0.1429,142.9,0.3184731294940937,0.5217494181889839,0.01320540412938461,0.21643060683392207,3.301559570794077e-5,0.018070470202348546,0.07555754643334334
0.143,143.0,0.3184124552827843,0.521693753029559,0.013200413664531927,0.2164306247756114,3.3016223383423125e-5,0.018070487867047774,0.07555524583726468
0.14305,143.05,0.3184380297249047,0.5217174551335461,0.01320228992951245,0.21643062857180073,3.3016350745487935e-5,0.018070491232488668,0.07562485825568985
0.1431,143.1,0.3184355967470298,0.5217148972607586,0.013202416182297727,0.216430629885326,3.301639397432379e-5,0.018070492345570472,0.07561940403352582
0.14315,143.15,0.318388288986452,0.5216710186735027,0.013199000860104438,0.2164306432838926,3.301683513374494e-5,0.01807050372585051,0.07559699260880447
0.1432,143.2,0.3183472244697277,0.5216333497548864,0.013195616493323863,0.21643065413278148,3.3017206374970274e-5,0.018070514922715337,0.07559655316910405
0.14325,143.25,0.3183518561528171,0.5216379133735436,0.013195685635836505,0.21643065517619378,3.3017240069005723e-5,0.018070515898641934,0.07559844017487644
0.1433,143.3,0.3183713195672702,0.5216557877429061,0.013197277246759556,0.21643065765641964,3.3017323240589784e-5,0.018070518350948344,0.07561581096774005
0.14335,143.35,0.31835376581779573,0.5216393016971421,0.013196212643257675,0.21643066066244224,3.3017415236590256e-5,0.018070520527685603,0.07560242098157434
0.1434,143.4,0.31830492320367265,0.521594267474498,0.013192419585160462,0.21643067550383227,3.301789365475141e-5,0.018070534063311463,0.0755645516191559
0.1436,143.6,0.3182692145511281,0.5215614915872151,0.013189501776613738,0.21643068998608742,3.301835436667415e-5,0.018070547843376396,0.07559675996425719
0.14365,143.65,0.31822401542295736,0.5215200670133925,0.013185741276615452,0.21643070360007924,3.301878140419501e-5,0.018070561080779885,0.07551360246330147
0.1437,143.7,0.3182081906385922,0.5215058453372478,0.013184140957911759,0.2164307062974143,3.301887036788343e-5,0.018070564363833717,0.07557871708714586
0.1439,143.9,0.31814567170952834,0.5214485054112371,0.01317898461990409,0.21643072828387255,3.3019528121990025e-5,0.018070585225832422,0.07560748746282624
0.14395,143.95,0.31813925201058235,0.5214428988826473,0.013178172518499958,0.21643072931835025,3.301956123648103e-5,0.018070586578097014,0.0755998877409484
0.144,144.0,0.3181499082382559,0.5214526238577086,0.013179104653816906,0.21643073017518594,3.3019586351453844e-5,0.018070587411865256,0.0756796072724832
0.14405,144.05,0.31813813741350216,0.5214416426900285,0.01317831676142507,0.21643073189203196,3.3019632882575635e-5,0.01807058868623272,0.07564944102951915
0.1441,144.1,0.31809945234489884,0.5214062855803934,0.013175000352894813,0.2164307431124539,3.301995243876673e-5,0.018070599132606568,0.0756358959469886
0.14415,144.15,0.3180693894470349,0.5213791168199445,0.013172113849269342,0.21643075052108834,3.3020169395472474e-5,0.01807060729243197,0.07559719940395761
0.1442,144.2,0.31806900377461506,0.5213789675564402,0.013171877863638463,0.21643075093167838,3.302018161843659e-5,0.018070607812271332,0.07564546022282125
0.14445,144.45,0.31799671375203453,0.5213134335604821,0.013165142892135207,0.21643077140704609,3.302074090753899e-5,0.018070628343584152,0.07571440055699871
0.1445,144.5,0.3179957352647953,0.5213124097983266,0.013165188465622351,0.2164307716983045,3.3020748084688473e-5,0.01807062857797366,0.07581355883292851
0.14455,144.55,0.3179698869776181,0.5212888690734518,0.013162887108593934,0.2164307777448686,3.3020901319923115e-5,0.018070633982138186,0.07574296413752593
0.1446,144.6,0.31793516325824683,0.521257597538372,0.01315944579867071,0.21643078833381854,3.3021175637733356e-5,0.018070645063912528,0.07572432672434934
0.14465,144.65,0.31791975825826424,0.5212439367001667,0.013157704370343993,0.21643079099273738,3.302124683267218e-5,0.018070648400583804,0.07572422332677278
0.1447,144.7,0.3179221389467608,0.5212461448893944,0.013157876957758758,0.21643079107877206,3.302124896669868e-5,0.01807064849227349,0.0758386844440348
0.14475,144.75,0.31791481344680883,0.5212393882192202,0.013157308993905914,0.21643079192468878,3.302126833958631e-5,0.018070649137687727,0.07584873985835615
0.14485,144.85,0.31785544436511126,0.5211860875850016,0.013151257919508445,0.21643080887004307,3.302167845509152e-5,0.018070666686090257,0.07578546054149585
0.1449,144.9,0.31784489042362846,0.5211768347377616,0.013149958355489988,0.21643081036057846,3.3021716149374694e-5,0.01807066868033193,0.0757850728005837
0.14495,144.95,0.3178454450311344,0.521177335651246,0.013150012066990048,0.21643081037776304,3.3021716514462184e-5,0.018070668695997206,0.0758718233673252
0.14515,145.15,0.31776932466612146,0.5211095413841204,0.013141705722873489,0.21643082967621485,3.3022151051215444e-5,0.018070689419868998,0.07581350713414022
0.1452,145.2,0.3177670675101703,0.5211074951435659,0.013141494911149517,0.2164308297779607,3.302215300731486e-5,0.018070689493235495,0.07591605168070265
0.14525,145.25,0.31775020331345627,0.5210923787399274,0.013139750618559388,0.21643083320525366,3.3022222966889136e-5,0.018070692697651124,0.07588766904593443
0.1453,145.3,0.31772090693647953,0.5210664304611735,0.013136412431389405,0.21643084290538758,3.3022423415745726e-5,0.0180707031405081,0.07586039793511432
0.14535,145.35,0.31769910358439496,0.5210473436301057,0.013133701841187362,0.21643084870860133,3.30225439183287e-5,0.018070710236836686,0.07585835583297708
0.1454,145.4,0.3176928739432966,0.5210419801545985,0.013132836292911022,0.2164308493121048,3.302255685436702e-5,0.01807071111416896,0.07586044963390261
0.1455,145.5,0.31766801365975256,0.5210199142291916,0.013130047368449471,0.2164308546412678,3.30226561194842e-5,0.018070716417037568,0.07591579318676123
0.14555,145.55,0.3176402477121985,0.5209955979241615,0.013126607646412264,0.2164308643690394,3.302283772300291e-5,0.018070727470920405,0.07585809733903566
0.1456,145.6,0.31762162386535764,0.5209794859043552,0.013124100690689589,0.216430869145167,3.302292679109106e-5,0.018070733590438513,0.07586135436269759
0.1459,145.9,0.3175373729281869,0.5209066176075834,0.013112740720496185,0.21643089142105887,3.3023294642204615e-5,0.018070760133716425,0.07594208202060393
0.14595,145.95,0.3175270568427088,0.5208976537578975,0.013111390262442362,0.2164308931716052,3.302332000355047e-5,0.018070761979572553,0.07595720391617716
0.146,146.0,0.31750565046816964,0.520879218141388,0.013108426925767656,0.2164309004800008,3.302342457371486e-5,0.01807077035665724,0.07594513224911272
0.14605,146.05,0.3174814886732317,0.520858664089643,0.0131048288746797,0.21643091002671683,3.302355783501756e-5,0.0180707824567065,0.07591752509616877
0.1461,146.1,0.31746616981392306,0.5208457958501216,0.013102382468319447,0.2164309141777494,3.30236144352906e-5,0.018070788252061765,0.07591874001769344
0.14615,146.15,0.31745835662579364,0.520839223273565,0.013101142943207671,0.216430915248788,3.302362841477441e-5,0.01807078970991997,0.07593357756993112
0.1462,146.2,0.31744649346500964,0.5208291038641648,0.013099401827895927,0.2164309178505306,3.3023659758815836e-5,0.018070792688671924,0.07592698597442483
0.1466,146.6,0.3173060393592267,0.52071334334597,0.013074764375647523,0.2164309733817997,3.302418722631722e-5,0.018070869294486612,0.07592967431141563
0.14665,146.65,0.31729493306838225,0.5207045041314716,0.013072500437430312,0.2164309764947318,3.302420762265893e-5,0.01807087409518182,0.07592998450414534
0.1467,146.7,0.3172812987477131,0.5206935963159517,0.013069778904285326,0.216430981431031,3.3024236289093124e-5,0.018070881133722967,0.07592990695596291
0.14675,146.75,0.31726094715529074,0.5206775277390142,0.01306550751042046,0.2164309929768515,3.30242948641707e-5,0.018070898358189844,0.07592990695596291
0.1468,146.8,0.31723773791246374,0.5206596386259202,0.013060203623033286,0.21643100912608465,3.3024361708758886e-5,0.01807092462692808,0.07593052734142233
0.14685,146.85,0.31721771030403245,0.520644649185896,0.013055178851383372,0.2164310224573449,3.302440359478884e-5,0.018070948237364274,0.07593016544990434
0.14725,147.25,0.3162074957381268,0.5200909317137941,0.012619100992964337,0.21645139666740867,3.30244761562866e-5,0.018115900977483602,0.07591085595248005
0.1473,147.29999999999998,0.3156870044863872,0.5198120381100556,0.012400069839194672,0.21647391812965078,3.302447616144833e-5,0.01816093294991013,0.07589899108056875
0.14735,147.35000000000002,0.31499721780556017,0.5194394926315776,0.012123240613625554,0.21651425832295687,3.3024476163603326e-5,0.01823271639482429,0.07587228865641976
0.1474,147.4,0.3141162052061712,0.51895826016067,0.011790799947912323,0.21658149441752111,3.302447616458705e-5,0.01833608457989823,0.07585442672506745
0.1475,147.5,0.3117088912452887,0.5176152393241765,0.010987801833058497,0.21684248753182028,3.302447616532022e-5,0.01863797977443154,0.07581376562808165
0.14755,147.54999999999998,0.31015505047348113,0.5167313390994065,0.010537675354408024,0.21706211245209553,3.3024476165457345e-5,0.018827127875692056,0.07580332247284816
0.1476,147.60000000000002,0.3083543988434548,0.5156953429956023,0.010069756330121336,0.21735864458989856,3.3024476165535605e-5,0.01903149201010641,0.07580539042437955
0.14795,147.95,0.28847344562444505,0.50401033776503,0.0068995211543389405,0.22238301405869643,3.3024476165657116e-5,0.02037483594889761,0.075887048660475
0.148,148.0,0.2845866366829673,0.5017211335662306,0.0065020061047911535,0.22358295624676078,3.302447616565978e-5,0.020522341038479663,0.07591049406096206
0.14805,148.04999999999998,0.2804461998335202,0.4992857548526157,0.006121011188029101,0.2249068839648863,3.302447616566171e-5,0.02065784197108737,0.0758984740926859
0.1481,148.10000000000002,0.2760580400950723,0.4967083536459159,0.005756247230602961,0.22635275433668214,3.3024476165663134e-5,0.02078204452146135,0.07592266912560308
0.14815,148.15,0.27142941806677795,0.49399354514581784,0.005407273402630881,0.22791748035423703,3.30244761656642e-5,0.020895727185046332,0.07591698225889178
0.14845,148.45,0.23919343997403283,0.47514693078780085,0.003614637235262005,0.2395137049206055,3.302447616566706e-5,0.021398728036576276,0.07577770572325315
0.1485,148.5,0.23320438645423736,0.47164764528499326,0.0033611295130224522,0.24174990522255602,3.302447616566725e-5,0.02145872079151502,0.07573484742776525
0.14855,148.54999999999998,0.22708392127251084,0.4680697806392679,0.0031193067106224256,0.24405062836619765,3.3024476165667416e-5,0.02151331076155303,0.07574544567936359
0.1486,148.60000000000002,0.22085156828256167,0.46442395715489143,0.0028887735752106403,0.24640657512440203,3.302447616566756e-5,0.021562922839654636,0.07586688613304403
0.14865,148.65,0.21452785156153387,0.46072155977907564,0.0026691650124833666,0.24880824088504264,3.302447616566766e-5,0.021607944555750564,0.07573898333082801
0.1487,148.7,0.20813414539072111,0.4569747178005394,0.0024601435328635655,0.25124604281178964,3.3024476165667755e-5,0.021648730324799602,0.07559831092790573
0.14875,148.75,0.20169250909469166,0.4531962716170968,0.0022613965536959347,0.253710449070283,3.3024476165667816e-5,0.021685605303656347,0.07565119878832083
0.14905,149.04999999999998,0.16331211442031354,0.4306563654825843,0.0012696697820910859,0.268559056413943,3.302447616566804e-5,0.02184003024867154,0.07599556441708431
0.1491,149.10000000000002,0.1571719131503287,0.42706322198785734,0.0011356639419805431,0.27097209158242247,3.302447616566806e-5,0.021856796239008762,0.07531794839903853
0.14915,149.15,0.15116301997936485,0.42355878741960407,0.0010100455781870677,0.27335091708873055,3.3024476165668074e-5,0.02187152956427318,0.07603418341193288
0.14925,149.25,0.13961850554925628,0.41687907518895745,0.0007832377964568427,0.2779888874605217,3.30244761656681e-5,0.02189557579241699,0.0763218354699482
0.1493,149.29999999999998,0.13411987294280908,0.41373464836743307,0.0006816997882432511,0.2802415456099648,3.302447616566812e-5,0.02190520312437829,0.07638764802743445
0.14935,149.35000000000002,0.12882630214732416,0.41074037655947476,0.0005878509118411362,0.2824469874964916,3.3024476165668135e-5,0.021913428064859224,0.07673041099376111
0.1494,149.4,0.123753124379147,0.4079104462130332,0.000501532551488569,0.28460390959947457,3.302447616566815e-5,0.021920386520568724,0.0767860388899553
0.1496,149.60000000000002,0.10592019277915984,0.398490057164073,0.00022857501460997676,0.29274347697918585,3.3024476165668175e-5,0.0219380212652133,0.07709359498146016
0.14965,149.65,0.10212749039986893,0.39666519163824987,0.00017770699762837777,0.29466044339722464,3.3024476165668175e-5,0.021940439854565067,0.0772355081553013
0.1497,149.7,0.09861571920539573,0.39507054665889635,0.00013351751315562,0.29653337830182513,3.3024476165668175e-5,0.02194226578582128,0.07712037495379158
0.14975,149.75,0.09538945044833652,0.39371290261157754,9.587627645192707e-5,0.2983643604492567,3.302447616566819e-5,0.021943591460666427,0.07719011661918745
0.1498,149.79999999999998,0.09245167293223794,0.39259760321929094,6.465438552782342e-5,0.3001556157690598,3.30244761656682e-5,0.021944504421293923,0.07706598782851622
0.14985,149.85000000000002,0.08980381671762783,0.39172848804454785,3.972328065341259e-5,0.3019094251209646,3.30244761656682e-5,0.021945087559263814,0.07711608395436395
0.14995,149.95,0.08537601228095192,0.3907363192341206,8.213387017399625e-6,0.30531355036752944,3.30244761656682e-5,0.02194557352220444,0.07703124624278898
0.15,150.0,0.08359149237547152,0.3906129715118355,1.3672619973136914e-6,0.30696787637920814,3.30244761656682e-5,0.021945619905684118,0.07691823269159893
0.15005,150.04999999999998,0.08208786865814781,0.39073516556748444,2.738361871302141e-7,0.308592600722721,3.3024476165668216e-5,0.021945623530544085,0.07689352067079891
0.1501,150.10000000000002,0.0808594923584024,0.3910986058856547,4.784083875181327e-6,0.3101889275669725,3.302447616566823e-5,0.021945644892372138,0.07690308494663155
0.15025,150.25,0.07875169337348219,0.39356862846509966,5.028317692083082e-5,0.31481224752386877,3.302447616566826e-5,0.02194634530532398,0.07680154852644067
0.1503,150.29999999999998,0.07854485735954168,0.39482120261605114,7.548247121155057e-5,0.31629685638854577,3.3024476165668263e-5,0.02194693975028799,0.07674075075141802
0.15035,150.35000000000002,0.07856855052450232,0.3962691884229442,0.00010534136239781862,0.3177510070879381,3.3024476165668263e-5,0.02194777347011428,0.07673418500530588
0.15055,150.54999999999998,0.08072530162419368,0.4037218353889545,0.00026603439863067644,0.32320758989193127,3.3024476165668263e-5,0.021953871805072803,0.07651053604718686
0.1506,150.60000000000002,0.08171345872984448,0.4059163746175402,0.00031493997207965855,0.32446287535503776,3.302447616566827e-5,0.021956104789304272,0.0762173522188251
0.15065,150.65,0.08285255060023722,0.4082064968324562,0.00036659700568241615,0.3256655602422446,3.3024476165668284e-5,0.02195859584516597,0.07635404381504948
0.1507,150.7,0.08412728939275665,0.41057241908349346,0.00042057830513524965,0.3268107222797385,3.30244761656683e-5,0.021961315904062195,0.07593616250934535
0.15075,150.75,0.0855218423499043,0.41299389099578493,0.0004764253512567124,0.3278934853700612,3.3024476165668304e-5,0.021964227076538428,0.07616601532205852
0.15095,150.95,0.0919620564998632,0.4228246978484872,0.0007083726555810551,0.3315160128227844,3.3024476165668345e-5,0.021976781227335183,0.07597235166114454
0.151,151.0,0.09369875756570062,0.42521742179142086,0.0007658147411330179,0.3322294747049246,3.302447616566836e-5,0.021979860932463617,0.07516952117787354
0.15105,151.04999999999998,0.09544883772699832,0.4275453950490417,0.0008219420146278473,0.33286349213530325,3.302447616566836e-5,0.021982801381194697,0.07617888832034138
0.1512,151.2,0.10058609309698494,0.43396700214453593,0.0009772284582256303,0.3343031227877573,3.302447616566837e-5,0.02199031768051457,0.07582681957212349
0.15125,151.25,0.10219665209905307,0.43586840146224975,0.001023058774809138,0.3346397914601705,3.3024476165668385e-5,0.021992278998954718,0.07732934145603779
0.1513,151.29999999999998,0.10372518142713959,0.43762802878396667,0.0010652610106180883,0.33491309002552294,3.30244761656684e-5,0.021993942411484516,0.07665493076286564
0.15135,151.35000000000002,0.1051542441603046,0.43923500840786445,0.0011035298327241865,0.3351292743717992,3.3024476165668406e-5,0.021995310565621297,0.07824642626141767
0.1514,151.4,0.10646766619699834,0.44068022681250835,0.0011376309817376158,0.3352951708014915,3.302447616566842e-5,0.02199639734022648,0.07774980770115615
0.15145,151.45,0.10765085328628866,0.44195639558974265,0.0011674053447059702,0.3354179260248899,3.302447616566841e-5,0.021997226245843646,0.07914138398541176
0.15175,151.75,0.11146238783090645,0.44589118729742677,0.0012556534793472932,0.3356294298209298,3.302447616566842e-5,0.021998729629374113,0.08085726676857645
0.1518,151.79999999999998,0.11150892575141504,0.44593685679991574,0.001256751790366481,0.33562965971189235,3.302447616566841e-5,0.021998731618839463,0.08080975558214293
0.15185,151.85000000000002,0.11139110748581171,0.4458218323085768,0.0012546845438504756,0.3356303862349623,3.302447616566841e-5,0.021998736305697236,0.08081807908705675
0.15195,151.95,0.11069323410467483,0.4451467736454534,0.0012424550898310863,0.335640971425407,3.302447616566841e-5,0.02199880986126683,0.0808242829416509
0.152,152.0,0.1101342065819906,0.44460906155603386,0.0012330249273471842,0.3356528566129738,3.302447616566841e-5,0.02199889314198987,0.08089102607732626
0.15205,152.04999999999998,0.10945253313269958,0.4439551492988269,0.0012218784284218664,0.33566947118996254,3.302447616566841e-5,0.021999009286266573,0.08086533177954884
0.1521,152.10000000000002,0.1086635416911174,0.44319964124526073,0.0012093811597357535,0.33569045716348345,3.302447616566841e-5,0.02199915516262635,0.08093269530068363
0.15255,152.54999999999998,0.09989815706003914,0.4347799425531116,0.0010895630503507865,0.33591632349073414,3.302447616566841e-5,0.02200065758140803,0.0810580648622737
0.1526,152.60000000000002,0.0991362930928834,0.4340394974945012,0.0010804243886371626,0.33592860365949345,3.302447616566841e-5,0.022000735717495223,0.08112165437186371
0.15265,152.65,0.09850068913124237,0.4334196512400799,0.0010729376954353891,0.33593687462089933,3.302447616566841e-5,0.022000788268397065,0.08106044300653478
0.1527,152.7,0.098014262653923,0.43294358990691145,0.001067287140018405,0.3359415891795857,3.302447616566841e-5,0.022000818357061816,0.08110164694079758
0.15275,152.75,0.09769958229544538,0.4326345008778136,0.0010636492388111877,0.33594354259497705,3.302447616566841e-5,0.022000831051777723,0.08101505147042094
0.1528,152.79999999999998,0.09757873086441829,0.4325154435548928,0.0010621951968619431,0.3359438826587206,3.302447616566841e-5,0.022000833425282817,0.08097514000586525
0.15285,152.85000000000002,0.09767316824561025,0.43260921634115324,0.0010630933021732352,0.33594411616789616,3.302447616566841e-5,0.0220008346396632,0.08098522126958074
0.15325,153.25,0.10843842410608755,0.44356016020295497,0.0011761190193578044,0.33624282797193117,3.302447616566841e-5,0.022002748121817746,0.07999343171512967
0.1533,153.29999999999998,0.11126415214778557,0.446482474855817,0.0012064883667491548,0.33636978306786425,3.302447616566841e-5,0.02200361035279521,0.07960217528539208
0.15335,153.35,0.11445453255434603,0.4497998993070558,0.0012412728992343745,0.3365316105139845,3.3024476165668426e-5,0.022004741270162838,0.07947628873591916
0.1534,153.4,0.11801477784393577,0.45352281161270147,0.0012807731286203566,0.3367337763008747,3.302447616566843e-5,0.02200619936855691,0.07902289036266354
0.1538,153.79999999999998,0.15959123714002343,0.49840486658869915,0.001813693820739723,0.340572257688953,3.302447616566851e-5,0.02204118103677481,0.07674007866717032
0.15385,153.85,0.16627851056838103,0.5058569250091653,0.001915135895150545,0.3414384751437092,3.3024476165668514e-5,0.02205079262322021,0.07656321711244883
0.1539,153.9,0.17323552334692718,0.5136808090503974,0.0020265601636383274,0.3424167590788903,3.3024476165668534e-5,0.022062388722259244,0.07666971661631503
0.15395,153.95000000000002,0.1804347730422015,0.5218561336781465,0.002148848769058087,0.3435151086492372,3.3024476165668555e-5,0.022076356255504047,0.07665529265438363
0.154,154.0,0.18784547885732908,0.5303588792393062,0.00228298540901644,0.3447412682309273,3.302447616566858e-5,0.02209316129704274,0.07739639478444287
0.15405,154.04999999999998,0.1954337040961528,0.5391612894378374,0.002430070385204933,0.346102517961302,3.3024476165668616e-5,0.02211336728167268,0.0778598227226257
0.15455,154.54999999999998,0.2720716995922185,0.6348601813451181,0.0049948099357503975,0.36772749250894243,3.3024476165671516e-5,0.02277481123774797,0.1076959172246837
0.1546,154.6,0.2788869904821369,0.6440772967126056,0.005424572286094406,0.3705589067729048,3.3024476165672885e-5,0.022947375678862257,0.10818617683398622
0.15465,154.65,0.2854107692954926,0.6529988553752767,0.005907161309499385,0.37343905801965205,3.302447616567513e-5,0.02316500075550487,0.10728971984513187
0.1547,154.70000000000002,0.2916275318713024,0.6615679912048268,0.006453638648630183,0.37633762949527244,3.302447616567901e-5,0.023444118071206076,0.10735480861958215
0.15475,154.75,0.29753183130789096,0.6697323300255505,0.007079826726071819,0.37922349035718556,3.302447616568635e-5,0.023810716511157216,0.10613104660209823
0.1549,154.9,0.3135501868322336,0.6913969470923605,0.009777965759054904,0.387565553887554,3.3024476165904044e-5,0.02614775818858974,0.10272662969477138
0.15495,154.95000000000002,0.3185633416627038,0.697616281493861,0.011265183022049667,0.3902568628786955,3.302447616765594e-5,0.028235599363280194,0.10101953570561507
0.155,155.0,0.3240468246307062,0.7033610645122599,0.013239945993908176,0.3924837872021894,3.8167199438391273e-5,0.03223158158819101,0.10775413006029212
0.15505,155.04999999999998,0.326953310220662,0.7061062647473071,0.013497013197868437,0.39257349458535445,4.4159636006555745e-5,0.03231361106841765,0.10791599896641109
0.1551,155.1,0.3228678055589578,0.7024002729428723,0.013248981145460303,0.39269795068521535,5.1109482871740194e-5,0.032388468893575016,0.10760585793549199
0.15525,155.25,0.3103045758452624,0.6942625252748327,0.010679375621585245,0.39454894262642437,5.292828862960961e-5,0.0354542478377916,0.11173628092669896
0.1553,155.29999999999998,0.3106034675029414,0.694541889531657,0.010708138665247585,0.39455817165306484,5.292828862961453e-5,0.035460864061745014,0.11179299449744713
0.15535,155.35,0.3120910463670904,0.695839497099684,0.01099933256548307,0.3946593098189665,5.2928288629697934e-5,0.03554530224072896,0.11176032086325129
0.1554,155.4,0.3145405555637093,0.698006313148378,0.011579045621923193,0.3949560076264087,5.292828863045221e-5,0.035867403220799746,0.11166803852616333
0.15545,155.45000000000002,0.31788623188737236,0.700940684793259,0.012587288740960123,0.39555197227603534,5.2928288692689524e-5,0.03684119406747694,0.11194871124776024
0.1555,155.5,0.3215874727576441,0.7042489638656511,0.013306569547737887,0.3958747321372409,5.5750053901960315e-5,0.03757857928341361,0.11468140579890573
0.15555,155.54999999999998,0.32208436411951097,0.7046980867082189,0.013368495965872917,0.3958880307998867,5.659764032070843e-5,0.03759022905642123,0.11468300846134255
0.1556,155.6,0.3187774019058975,0.7016982494967694,0.01313499922401535,0.3959588988547524,5.930232927025848e-5,0.03764574541843633,0.11455386488820771
0.15595,155.95000000000002,0.3165449054503077,0.7005687607634524,0.012778601186053604,0.3966999887234761,6.333487745908913e-5,0.039133016732991556,0.11846994470318688
0.156,156.0,0.31708076621506415,0.701080781852324,0.012834658095409414,0.3967321388867353,6.333487758559103e-5,0.039200087155807715,0.11880743439310852
0.15605,156.04999999999998,0.3195348030294827,0.7032365712203602,0.01322108956554167,0.3968193398005623,6.41434990723385e-5,0.03937457672396692,0.11993943106138734
0.1561,156.1,0.32088822769049197,0.7044960957416284,0.013329777554508128,0.39683340855836974,6.484878372761701e-5,0.03938838351779755,0.11997060543072292
0.15615,156.15,0.3192724790688818,0.7029905472071053,0.013236518090902146,0.39684961713076083,6.557002977993019e-5,0.03939918851205438,0.11992717844856389
0.1562,156.20000000000002,0.31715841354980645,0.701114064933358,0.013032865820059152,0.3968828505295441,6.622864044358317e-5,0.03943815342903542,0.11980594479003659
0.15625,156.25,0.31749741688322114,0.7014870976520664,0.01303070052933509,0.3969146407195466,6.623587227789802e-5,0.03950482685244819,0.12049664060151836
0.1563,156.29999999999998,0.31973566789863667,0.7035445250980414,0.013245947473704436,0.39694817767144047,6.707474482837991e-5,0.03955237760462107,0.12076428522846756
0.15635,156.35,0.32066359842331515,0.7044047696273817,0.013322038396937947,0.3969561551776758,6.749427124422015e-5,0.03956027287740562,0.12079287465838892
0.1564,156.4,0.31893136640276126,0.7027924029138762,0.013219333013651063,0.3969725984252438,6.81993272394108e-5,0.039571893028457025,0.12074567366468511
0.1566,156.6,0.3203533974140089,0.704185380819533,0.013308552658357852,0.3970310882134164,6.981231912053649e-5,0.039635652112351843,0.12076743885455292
0.15665,156.65,0.31838765883616293,0.702363697802327,0.013184462476016644,0.39705027537970244,7.057537959669377e-5,0.03965080366419325,0.12078263829830858
0.1567,156.70000000000002,0.31732263952153905,0.7014169207135738,0.013076337968376204,0.3970601708257821,7.078476583511014e-5,0.039663689493641255,0.12069997193584156
0.15675,156.75,0.31874791886489606,0.7027473680988632,0.013185160406963744,0.39707385656702854,7.107643256017338e-5,0.03967676207070794,0.12072861306455121
0.1568,156.79999999999998,0.3204642408354334,0.704358727107361,0.013306190836110428,0.397089238671102,7.174734573479504e-5,0.03969121194834552,0.12074712123075708
0.15685,156.85,0.31988597498280236,0.703806142673182,0.01328460604268554,0.3970931440543749,7.193612025403099e-5,0.03969367916494591,0.12072876816091606
0.157,157.0,0.31940709356911084,0.7034156906364604,0.013235751911780946,0.3971314662082365,7.315304228729848e-5,0.03972984932964767,0.12072302959541648
0.15705,157.04999999999998,0.3205283575341283,0.7044652859745653,0.013315206271173132,0.3971388734344006,7.352441658374144e-5,0.03973698135808224,0.12073223197973112
0.1571,157.1,0.31932798425931463,0.7033341972215207,0.013253669323406112,0.3971462802274631,7.386032746083455e-5,0.03974185139128781,0.12070312556192692
0.15715,157.15,0.31770671743341405,0.7018439650280206,0.013136212386898442,0.39715940728415805,7.429791336466446e-5,0.03975490466323068,0.12068099848054113
0.1572,157.20000000000002,0.31816661530528834,0.7022879947815928,0.0131558006789054,0.3971630492470876,7.437271820912492e-5,0.03975831060443623,0.12069133823819804
0.15725,157.25,0.319963459743356,0.7039809435624117,0.013275126893447614,0.39717790589727675,7.493327269549376e-5,0.03977166322965596,0.12069857606855788
0.1573,157.29999999999998,0.32035485469825487,0.7043405831395473,0.013309702095024948,0.39718057687154723,7.507954824016472e-5,0.03977423723507043,0.12070514181467001
0.15735,157.35,0.3187790382179757,0.7028643372519063,0.013221228566733856,0.39719120622114146,7.553936657564409e-5,0.039782133632550044,0.12068518608239218
0.1574,157.4,0.3177180912690108,0.7018945255130816,0.013137047003625129,0.3971979400847614,7.575162415327775e-5,0.03978965944568946,0.1206643514707135
0.15745,157.45000000000002,0.3187951266242918,0.7029129349786045,0.013202493491655243,0.3972045707438533,7.59361013825978e-5,0.03979512141910759,0.1206870989375587
0.1577,157.70000000000002,0.31943097763575307,0.7035425799273229,0.013245314434602166,0.3972397474990887,7.73435931014915e-5,0.03982575466734415,0.12068554797391016
0.15775,157.75,0.32045551456483734,0.7045059350617122,0.013311896218069809,0.3972448826957641,7.760354953732932e-5,0.039830590346311784,0.12070302216435035
0.1578,157.79999999999998,0.31950571330500294,0.7036050692332505,0.013267394996137478,0.3972491174580542,7.780027184494047e-5,0.03983331517213842,0.12068622005815786
0.15795,157.95000000000002,0.3199672797065347,0.704074630199619,0.013279526539435243,0.39726847767218904,7.854900683804144e-5,0.03985047417892654,0.1206864785520993
0.158,158.0,0.3203387588083389,0.7044184045417975,0.013309121938088355,0.39727026803182186,7.864755881216307e-5,0.03985220160755549,0.12069464696064826
0.15805,158.04999999999998,0.3190234072748653,0.7031782772730559,0.013240718885829818,0.3972767896898968,7.894237630481338e-5,0.03985693850585314,0.12068704723877043
0.1581,158.1,0.318111714816218,0.7023348160485107,0.01317681355019177,0.39728095471840663,7.909888843123619e-5,0.039861296313573526,0.120666988108916
0.15815,158.15,0.3190141307918017,0.7031933285171208,0.0132248031041599,0.39728490656025667,7.923008850844634e-5,0.03986430139068475,0.1206767591799018
0.1584,158.4,0.31959041585113657,0.7037576667265358,0.01325969728206925,0.3973068866199362,8.017890991035884e-5,0.03988274830361393,0.12068161886600054
0.15845,158.45000000000002,0.3204378698682193,0.7045566410889796,0.0133115107484711,0.39731005260115926,8.034379198236506e-5,0.03988569677395598,0.12068415210662649
0.1585,158.5,0.3196149706904888,0.7037733105310003,0.013274870333269358,0.3973128468505997,8.047595277280103e-5,0.039887491081563926,0.12067314026472187
0.15855,158.54999999999998,0.31845316217601566,0.7026856434272684,0.013205943693064067,0.3973178452626602,8.06877866931791e-5,0.0398920156288467,0.12066543714526748
0.1586,158.6,0.31877660550159903,0.7030000312104101,0.013216328185271608,0.3973191302638847,8.073074475173762e-5,0.039893006113298594,0.12066719490406914
0.15865,158.65,0.3200659670873492,0.7042240658196851,0.013287682538919293,0.39732489815071736,8.098545990348846e-5,0.03989778130762371,0.12067329536108673
0.1587,158.70000000000002,0.3203321433875317,0.7044701430198078,0.01330890870126931,0.3973259648671587,8.104479329577868e-5,0.03989879376178321,0.12067086551803735
0.15875,158.75,0.3192039593839532,0.7034021356597082,0.013253215123831836,0.3973302450553581,8.124457287013929e-5,0.03990189202491665,0.12066626432588003
0.1588,158.79999999999998,0.31848369098225443,0.702731304383502,0.013206276626120316,0.39733264089018655,8.134493175316353e-5,0.03990432608627855,0.12065814761611934
0.15885,158.85,0.31929220403700814,0.7035029240262891,0.013245946146298418,0.39733531429487384,8.144569165272043e-5,0.03990626972102008,0.12066822887983485
0.1591,159.1,0.319796282904121,0.7039934384898335,0.013274074684761333,0.39734923019495694,8.208254781046258e-5,0.03991764837458304,0.12066812548225828
0.15915,159.15,0.32044568253879546,0.7046064596536423,0.0133123496997036,0.39735102828043983,8.217933136023198e-5,0.03991932342828828,0.12067794825203233
0.1592,159.20000000000002,0.3196947769912639,0.7038902798995277,0.013279739328458627,0.3973530453364751,8.227638866470626e-5,0.03992063225528779,0.12067267497562731
0.15925,159.25,0.3187618685747597,0.7030130067758894,0.013227206605007074,0.39735601123461917,8.241039799575418e-5,0.039923294187501714,0.12066559224163233
0.1593,159.3,0.31911653038141174,0.7033559628110115,0.013239889473931465,0.39735695231448936,8.244575099250814e-5,0.03992395871991713,0.12067055532530764
0.15935,159.35,0.3201941420312975,0.7043811356888048,0.013296143555895874,0.39736059324910095,8.261715723907019e-5,0.03992692773455047,0.12067143420470848
0.1594,159.39999999999998,0.32032937836931413,0.704504265587304,0.013308885034727241,0.3973611942515606,8.2650647909593e-5,0.03992747391838526,0.12067148590349677
0.15945,159.45000000000002,0.319352111399239,0.7035766553397876,0.013262280796540385,0.39736410505070174,8.279020865098013e-5,0.03992959840174836,0.12066538544647919
0.1595,159.5,0.3188271516424402,0.7030860614614773,0.01322926261940997,0.39736539317519043,8.284848861223776e-5,0.03993089530594718,0.12066150803735784
0.15955,159.55,0.31957328924688255,0.7037993662066878,0.013264121917210107,0.3973673376778789,8.292903915537624e-5,0.039932280648644056,0.12066755679558715
0.1598,159.8,0.319999118012637,0.7042121008759145,0.013286520050044137,0.397376209823774,8.335380655767011e-5,0.039939403654623305,0.12066471336223149
0.15985,159.85,0.32045557903978233,0.7046428599567668,0.013313222268325256,0.3973771566331394,8.340637896002565e-5,0.03994029387606043,0.12066579903678547
0.1599,159.89999999999998,0.3197590454087037,0.7039778685409959,0.013283280361811216,0.39737868128534576,8.348102618038023e-5,0.039941303241561185,0.12066424807313693
0.15995,159.95000000000002,0.31903884810046923,0.7032987487480962,0.013243977281198796,0.39738037377499824,8.356144410665664e-5,0.03994283038172053,0.12066078425432186
0.16,160.0,0.319430537077198,0.703676188983978,0.013259014995550183,0.3973811312733118,8.359241289934027e-5,0.03994333678203496,0.1206630073022181
0.16005,160.05,0.3203131313830631,0.7045168864606546,0.013303293947098465,0.39738339909072196,8.370487244234047e-5,0.039945182192608966,0.12066693641012773
0.16015,160.14999999999998,0.31948049783293425,0.7037206492855308,0.013269364598060412,0.3973857471684654,8.382205076783786e-5,0.03994695208573885,0.12066207672402898
0.1602,160.20000000000002,0.31913617760272195,0.7033987982719577,0.013247575694059788,0.3973863957766776,8.385310221523176e-5,0.03994760506348323,0.12066068085674529
0.16025,160.25,0.3198249755657442,0.7040578817593421,0.013278812251577211,0.39738785200687154,8.39179192425703e-5,0.03994863972639336,0.12066538544647919
0.1603,160.3,0.3204667348981054,0.704667466664373,0.013312360278386514,0.39738915484700305,8.398753775783901e-5,0.039949780561932616,0.1206686941689294
0.16035,160.35,0.3200809492292501,0.7042963192748037,0.013298374695008275,0.397389776480264,8.401822023613661e-5,0.03995016072861006,0.12066693641012773
0.1605,160.5,0.32016991739115996,0.7043913204578032,0.013296270023182245,0.39739352134214445,8.419873267093435e-5,0.039953135674971336,0.1206649718561729
0.16055,160.55,0.32045274191993856,0.70465746021761,0.013313446707059574,0.39739398637168544,8.42251766424305e-5,0.03995357707350692,0.1206703485301545
0.1606,160.6,0.31981206917685917,0.7040455125625238,0.01328594495720638,0.3973951509488094,8.428314585469514e-5,0.03995436887574981,0.12066884926529425
0.16065,160.64999999999998,0.3192836225651866,0.7035465432112125,0.013257430780682119,0.3973960677909925,8.432854676571575e-5,0.03995520961500808,0.12066523035011434
0.1607,160.70000000000002,0.31969915746687766,0.7039461591970756,0.013274017495709788,0.39739670724924214,8.435646691408214e-5,0.03995563042152121,0.12066998663863651
0.16075,160.75,0.3204006134495607,0.704614656497324,0.013308417369816068,0.3973980765566993,8.44272269384236e-5,0.039956754613776915,0.12067210628895618
0.16085,160.85,0.31959240547482765,0.7038415058582528,0.013275034590128127,0.39739966959823775,8.450754733495946e-5,0.039957948650325294,0.1206697281446951
0.1609,160.89999999999998,0.31940350324256966,0.7036658768518408,0.013262089893757663,0.39739998230974405,8.452305398928741e-5,0.0399582599646679,0.12066915945802396
0.16095,160.95000000000002,0.3200276257791537,0.7042632947144016,0.013289932635671242,0.3974010685344608,8.4574118398675e-5,0.0399590387313578,0.1206716926986499
0.161,161.0,0.3204851484263156,0.704697639896821,0.013313832723902911,0.39740175281668055,8.461184770435095e-5,0.0399596506975657,0.12067417424048757
0.16105,161.05,0.32008022986353984,0.704308794872231,0.013298325701895498,0.3974022921465284,8.463869744726937e-5,0.03995998728364456,0.12067262327683903
0.16115,161.14999999999998,0.3196320560686109,0.7038879649426469,0.01327229088548109,0.39740353882828106,8.470005460147089e-5,0.039960997307434604,0.12067293346956874
0.1612,161.20000000000002,0.3202922697839588,0.7045185973899999,0.01330308005692185,0.39740468811434543,8.475778200721254e-5,0.039961887286570824,0.12067624219201895
0.16125,161.25,0.3204291598978807,0.7046461193612079,0.013312682589030303,0.39740490962953284,8.477044954432473e-5,0.03996209395311405,0.1206727266744156
0.1613,161.3,0.3198533937493867,0.7040961211783895,0.013287835109963073,0.39740578528399484,8.481466793310927e-5,0.039962707708631404,0.12067076212046078
0.16135,161.35,0.3194913971775809,0.7037543850583002,0.013268065762071169,0.39740625204193386,8.483857527960069e-5,0.03996314624634982,0.12066926285560053
0.1614,161.39999999999998,0.31990953179745296,0.704155990877357,0.013285159144716868,0.3974067914750675,8.486336520074527e-5,0.03996350502502597,0.1206723647828976
0.16165,161.64999999999998,0.32017004271105415,0.7044070631831214,0.013297569400389567,0.3974096169392851,8.500735112768821e-5,0.03996570271698299,0.12067298516835702
0.1617,161.70000000000002,0.320469550317383,0.7046908426073011,0.013313651040894596,0.3974099512117157,8.502622944310233e-5,0.03996601032761313,0.120673708951393
0.16175,161.75,0.3200674116469985,0.7043051899680648,0.013297649376061095,0.39741041210145794,8.504940799100492e-5,0.03996630835154014,0.1206730368671453
0.1619,161.89999999999998,0.32035835779337307,0.704588417311746,0.013306957188180884,0.39741192317096724,8.512614613617789e-5,0.03996751012547103,0.12067500142110012
0.16195,161.95000000000002,0.32038128938573823,0.7046076467406232,0.01331078216949887,0.3974120394526217,8.513258411882408e-5,0.039967608319095224,0.12067593199928923
0.162,162.0,0.3198796874786982,0.7041286207859316,0.013288876523200285,0.39741267675758124,8.516512376140073e-5,0.039968069765508214,0.1206743810356407
0.16205,162.05,0.31965533914898925,0.7039173396241719,0.013276044815809298,0.3974129002689033,8.517685746874136e-5,0.039968285290143415,0.12067029683136622
0.1621,162.1,0.32005397337353275,0.7042998161986641,0.013292663490283596,0.39741333999979894,8.519785157286456e-5,0.03996858471466154,0.12067158930107334
0.16215,162.14999999999998,0.3204423204730862,0.7046694765937306,0.013311801757608797,0.39741376782695287,8.522121930869598e-5,0.03996895266496915,0.12067329536108673
0.1622,162.20000000000002,0.3202205539249472,0.7044554785405253,0.0133042380132808,0.39741396273800744,8.523094030702737e-5,0.03996907121830438,0.12067391574654614
0.16245,162.45000000000002,0.32003913443641274,0.704283916980158,0.013296201287304627,0.39741569375226155,8.531979921849615e-5,0.0399704002397305,0.12066983154227166
0.1625,162.5,0.31971887360048323,0.7039802496553889,0.01327992979479452,0.39741599945509926,8.533584250192873e-5,0.039970672766027684,0.1206670398077043
0.16255,162.55,0.31995584576182556,0.7042086023621559,0.013288753771264865,0.39741619476215095,8.534493304780425e-5,0.03997079706506259,0.12066859077135283
0.1626,162.6,0.32036640333494054,0.7046003391960406,0.013308033513368192,0.3974166303654881,8.536797997862658e-5,0.03997114966891267,0.120667350000434
0.16265,162.64999999999998,0.32030799250953623,0.704542362555348,0.013307684151977264,0.39741671094776115,8.537216438828167e-5,0.03997120630659219,0.1206670398077043
0.1627,162.70000000000002,0.3198858363068167,0.7041394640895656,0.013288894653448895,0.39741715597435884,8.53950428745385e-5,0.03997153963186639,0.12066740169922228
0.16275,162.75,0.3197685900915526,0.7040298467206118,0.013281375298130423,0.397417259864288,8.540054289859032e-5,0.03997164066841594,0.12066543714526748
0.1628,162.8,0.32012937084235044,0.7043756185287154,0.013296741312369763,0.39741760002612897,8.541721416946146e-5,0.03997187910424418,0.12066781528952857
0.16285,162.85,0.32039270518321983,0.7046257814351605,0.013310141186058657,0.39741781627129835,8.542921549591161e-5,0.039972071874415004,0.12066941795196538
0.1629,162.89999999999998,0.32015100006742925,0.7043933525555577,0.013301055835982237,0.3974179979814587,8.543827786231362e-5,0.039972185457590216,0.1206680220846817
0.1631,163.1,0.3203318949038836,0.7045679142681748,0.013308274305854888,0.39741883920954785,8.54817262224128e-5,0.03997285504444716,0.12066859077135283
0.16315,163.14999999999998,0.31999126658287197,0.7042420743986277,0.013293796836166076,0.3974191349503346,8.549675981312502e-5,0.0399730624443809,0.12067024513257794
0.1632,163.20000000000002,0.31977759985591114,0.7040398967854011,0.013282471349184448,0.3974192901896702,8.550500352800597e-5,0.03997320614406419,0.12066781528952857
0.16325,163.25,0.32001610510779593,0.7042691194514411,0.0132919315637835,0.39741945965072906,8.55130604444149e-5,0.03997331692145689,0.12066626432588003
0.1633,163.3,0.3203186914264343,0.7045574019614645,0.013306494836663088,0.39741970572604873,8.552624362071169e-5,0.03997352269189522,0.12066807378346998
0.16335,163.35,0.3202090556340914,0.7044509914411972,0.013303345659311561,0.39741977818103535,8.55298382722423e-5,0.03997356777791633,0.12066822887983485
0.1634,163.39999999999998,0.3198659665629543,0.7041239012893957,0.013287659832615387,0.3974200757173223,8.554516380127447e-5,0.039973798600768655,0.12066750509679885
0.1635,163.5,0.32013660294866714,0.7043849079736505,0.013297603925838022,0.39742037489039334,8.556015564262632e-5,0.039974025450377065,0.12066492015738463
0.16355,163.55,0.32029926165173284,0.7045388696661903,0.013306408445604614,0.3974204766180644,8.556584286109087e-5,0.039974119801595945,0.1206650235549612
0.1636,163.6,0.3200597036815763,0.7043090881017061,0.013296801093492882,0.39742063754491913,8.5573864394363e-5,0.03997422497409564,0.12066492015738463
0.16365,163.64999999999998,0.3197969587377048,0.7040595086964677,0.013283837838810514,0.3974208296246781,8.558390367102708e-5,0.03997438988868487,0.12066440316950178
0.1637,163.70000000000002,0.3199138780480469,0.7041726846275752,0.013287651705398262,0.39742089694399985,8.558702902375396e-5,0.03997443256667632,0.12066373108525408
0.16375,163.75,0.32021012289518946,0.7044553837673402,0.013301435176326964,0.39742112283597747,8.559872208193305e-5,0.03997461108450129,0.12066621262709175
0.16385,163.85,0.31991933770287684,0.7041760846647299,0.013290219949551835,0.3974213803519326,8.561187762626522e-5,0.0399748025106873,0.12066460996465492
0.1639,163.89999999999998,0.3197875335204966,0.7040518577576197,0.013282722616160864,0.3974214561815516,8.561591709761917e-5,0.0399748752994252,0.12066471336223149
0.16395,163.95000000000002,0.3200088356734212,0.704264076157407,0.013291949990211644,0.397421593124687,8.562250207907728e-5,0.039974968097769,0.12066641942224487
0.164,164.0,0.3202199394245394,0.7044647333572446,0.013302533942063578,0.3974217234021425,8.562951191661873e-5,0.03997508137554434,0.12066585073557375
0.16405,164.05,0.3200843757722115,0.7043340726372066,0.013297704763563711,0.39742179369140074,8.563293318129977e-5,0.03997512464307761,0.12066626432588003
0.1641,164.1,0.319814510609294,0.7040771919047176,0.013284921535322368,0.3974219849271873,8.56427457234794e-5,0.03997527850054774,0.12066538544647919
0.16415,164.14999999999998,0.31982439889209585,0.7040881299736421,0.013283904116686548,0.3974220157525074,8.564426276996365e-5,0.039975303622330025,0.12066688471133945
0.1642,164.20000000000002,0.3200797445115472,0.7043320958737566,0.01329546190645335,0.3974221852258877,8.565273304531177e-5,0.03997543039607315,0.1206663677234566
0.16455,164.55,0.3198192313231054,0.7040825038292912,0.013285237990340253,0.39742284833544284,8.568633615010013e-5,0.03997594559479888,0.12066171483251098
0.1646,164.6,0.31974575918731124,0.7040137611435633,0.013280547530985806,0.3974228853395375,8.568828641303939e-5,0.03997598194749363,0.12066016386886244
0.16465,164.64999999999998,0.31993808983425615,0.7041977795460876,0.01328896735954076,0.3974229879171841,8.569322072481384e-5,0.039976054126137056,0.12066274880827668
0.1647,164.70000000000002,0.320076024222286,0.704328430989048,0.013296318495091339,0.39742305258396626,8.569668565721731e-5,0.039976112893511426,0.12066373108525408
0.16475,164.75,0.3199337535243725,0.7041918819292895,0.013290665877140296,0.3974231183998513,8.569984789617739e-5,0.03997615497449404,0.12066460996465492
0.16485,164.85,0.3197645307987351,0.7040324398260462,0.013281034405425086,0.39742326032197833,8.570696064067964e-5,0.039976270780830304,0.1206636793864658
0.1649,164.89999999999998,0.3199651248096484,0.7042236688166289,0.013290513935779612,0.3974233693309133,8.57123772572716e-5,0.03997635525538187,0.12066590243436204
0.16495,164.95000000000002,0.31999782871790494,0.7042537442070618,0.01329316496859015,0.3974233906844494,8.571351888994952e-5,0.039976375072766045,0.12066512695253777
0.16525,165.25,0.3196879484577519,0.7039588513025703,0.013278618888538212,0.3974238109033379,8.573424948632497e-5,0.03997670119631202,0.12066398957919551
0.1653,165.3,0.31965223852896935,0.7039259341093698,0.013275846237713147,0.3974238299927327,8.573522615302997e-5,0.03997671989006247,0.12066218012160554
0.16535,165.35,0.31981021661958026,0.7040766957723034,0.013283137464687577,0.3974239013452233,8.573862083743541e-5,0.03997677201400774,0.12066409297677208
0.1654,165.39999999999998,0.31989312373862033,0.7041548019568464,0.013287970472988176,0.3974239317836152,8.574022734543988e-5,0.0399768009175804,0.12066383448283065
0.16545,165.45000000000002,0.31975712219967833,0.704024731273155,0.013282100306385314,0.3974239897010168,8.57429597178054e-5,0.03997683979008279,0.12066264541070011
0.1657,165.7,0.31963241165228773,0.7039065246432903,0.013275858731199157,0.39742423971029833,8.575509386844253e-5,0.0399770386956237,0.12066068085674529
0.16575,165.75,0.31954478439348566,0.7038240928989293,0.013270697193644484,0.3974242720230112,8.575672678407336e-5,0.039977069952402695,0.12065959518219131
0.1658,165.8,0.31964816741881136,0.7039229601218864,0.013275250273414385,0.39742430766272185,8.575834020554962e-5,0.039977094222818046,0.12066088765189843
0.16585,165.85,0.31975582264170516,0.7040247965675859,0.013281109842395137,0.39742434647209657,8.57602880528557e-5,0.03997712878759229,0.12066114614583985
0.1659,165.9,0.3196806661576211,0.7039526116329928,0.013278164206335277,0.39742437124721003,8.576141069015348e-5,0.039977144471012256,0.12066414467556036
0.16595,165.95,0.3195242403111544,0.7038042819357221,0.013270145414246171,0.3974244450007301,8.57649539248516e-5,0.03997720482014761,0.12066124954341642
0.166,166.0,0.31950977311904094,0.7037914161342714,0.013268555384699895,0.3974244558228937,8.576548253210693e-5,0.03997721516605838,0.12066150803735784
0.16605,166.05,0.31963305196352504,0.7039087034035273,0.013274595373801226,0.39742450205249497,8.57676317639579e-5,0.039977250207191894,0.12066269710948839
0.1661,166.1,0.3196772750413,0.7039499813962208,0.013277555253622318,0.3974245161149027,8.576835035162135e-5,0.0399772639521536,0.12066336919373609
0.16615,166.15,0.3195549900810683,0.7038334476817399,0.013271854456985541,0.3974245643186521,8.577056178344202e-5,0.039977297886096365,0.12066450656707835
0.1665,166.5,0.3194568189614561,0.7037418083229179,0.013265541487987592,0.39742477319258424,8.578030905802514e-5,0.03997746847259665,0.12066554054284405
0.16655,166.55,0.3195267101716393,0.7038075847227109,0.013269676780135875,0.3974247927074471,8.578125775965222e-5,0.03997748666847907,0.12066786698831684
0.1666,166.6,0.31945231101405425,0.7037365087738097,0.013266377058763426,0.39742481519709816,8.578224058422649e-5,0.03997750150355983,0.12066709150649257
0.16665,166.65,0.31932897153574846,0.7036199767687086,0.01325962265744338,0.3974248658818885,8.578458470998222e-5,0.03997754447113323,0.12066610922951518
0.1667,166.7,0.31932360576982044,0.7036156036399025,0.013258636969685813,0.39742487251730957,8.578489237869273e-5,0.039977550745411455,0.1206656956392089
0.16675,166.75,0.31941519264567364,0.7037024157457749,0.013263440937437861,0.3974249004414969,8.578614402321788e-5,0.039977572687691684,0.12066879756650598
0.1668,166.8,0.3194342727018973,0.7037198663630724,0.013265077554829103,0.39742490728421964,8.578647316670288e-5,0.03997757928718391,0.12066926285560053
0.16685,166.85,0.31932888272991566,0.7036198353053954,0.013259758903099628,0.39742494581999677,8.578817159782411e-5,0.03997760765237498,0.12066760849437543
0.16695,166.95,0.3192779610407126,0.7035727296755951,0.013255983514975068,0.39742498469626275,8.578993262445131e-5,0.03997764163817456,0.12066776359074027
0.167,167.0,0.31935361919598176,0.7036440697867017,0.013260323180304625,0.39742500535722286,8.579087484113477e-5,0.03997765963010695,0.12066962474711852
0.16705,167.05,0.3193234222438068,0.7036149289255975,0.013259275542848729,0.3974250134654965,8.579121484733754e-5,0.039977664964198516,0.12066864247014111
0.1671,167.1,0.3192113756151659,0.7035090629741257,0.01325314076707604,0.39742505739522,8.579315110368681e-5,0.039977700378911796,0.12066672961497459
0.16715,167.15,0.3191659927859351,0.7034668109160294,0.013250022717039855,0.3974250695370727,8.579371779549926e-5,0.03997771293341524,0.12066750509679885
0.1672,167.2,0.3192276032260308,0.7035253004457095,0.013253158843153314,0.3974250841305726,8.579432935877221e-5,0.039977723569102355,0.1206683839761997
0.16725,167.25,0.31927081275708086,0.7035656858791506,0.013255992888212107,0.3974250936282224,8.579476990245883e-5,0.03997773282421115,0.120667350000434
0.1673,167.3,0.31920305258895665,0.7035012860273585,0.013252652658645715,0.3974251128986813,8.579557287763796e-5,0.03997774615679487,0.12066822887983485
0.16735,167.35,0.31910516738343797,0.7034092145894385,0.013246876463523904,0.3974251488607419,8.579715178390691e-5,0.03997777766486065,0.12066621262709175
0.1674,167.4,0.31910082523513766,0.7034056938470852,0.013246059505214037,0.39742515311618454,8.57973397945279e-5,0.03997778184859008,0.12066610922951518
0.16745,167.45,0.31916545418436904,0.7034666765030118,0.013249722111187915,0.3974251687511192,8.57980048175057e-5,0.03997779456038509,0.12066641942224487
0.1675,167.5,0.3191697743393918,0.7034702428825069,0.013250479863102389,0.39742517255743187,8.579817147968614e-5,0.03997779797427126,0.1206683839761997
0.16755,167.55,0.3190816298590417,0.703386977019816,0.013245632593420851,0.3974252026276869,8.579942612663879e-5,0.039977821048042546,0.12066647112103317
0.1676,167.6,0.3190113935115168,0.70332127790184,0.01324111772755855,0.39742522403379177,8.580036320257899e-5,0.03997784155320092,0.12066585073557375
0.16765,167.65,0.3190375041493802,0.7033462944427589,0.013242216957027987,0.39742522896926274,8.580055678106385e-5,0.0399778450298288,0.12066693641012773
0.1678,167.8,0.31896544419696543,0.7032779222966771,0.013238581874427413,0.39742527955450657,8.580265350903754e-5,0.039977886792292486,0.12066874586771768
0.16785,167.85,0.3189277172293155,0.7032429698142277,0.013235816765739762,0.3974252885287182,8.580304628657798e-5,0.03997789631496448,0.12066776359074027
0.1679,167.9,0.31896956361170214,0.7032825304506112,0.013238110585606748,0.3974252962922184,8.580335084804999e-5,0.03997790211896461,0.1206696764459068
0.16795,167.95,0.31899499968935396,0.7033060810707568,0.013240000776147093,0.3974253008241255,8.580354740647554e-5,0.03997790669882424,0.12068089508296456
0.168,168.0,0.3189368089326436,0.7032510918376838,0.01323681556470409,0.3974253165119075,8.580416043737643e-5,0.03997791807150777,0.12067220968653275
0.16805,168.05,0.3188577784655536,0.70317716342596,0.013231741549125863,0.3974253434252633,8.580526256696091e-5,0.03997794237195974,0.12066988324105994
0.16815,168.15,0.3188925310314294,0.7032102520190407,0.013233416901054078,0.39742535435418247,8.580570290002534e-5,0.03997795225493148,0.1206720545901679
0.1682,168.2,0.3188894647467942,0.7032069680125445,0.013233637160521254,0.39742535679459984,8.5805798106592e-5,0.03997795423980427,0.1206747429271587
0.16825,168.25,0.3188174175122629,0.7031393049971495,0.013229277037181247,0.3974253799730173,8.580669698146535e-5,0.039977972739586476,0.12067055532530764
0.1683,168.3,0.3187589727223355,0.7030849557924591,0.013225198988094216,0.39742539681123723,8.580737839921645e-5,0.039977989249328195,0.12066791868710514
0.16835,168.35,0.3187724703118916,0.703097947090333,0.01322570770916835,0.39742539915257347,8.580746464092751e-5,0.039977991064217275,0.12066879756650598
0.1685,168.5,0.31870221884968714,0.7030318102377342,0.013221630629627905,0.3974254352771492,8.580883959330811e-5,0.03997802160177001,0.12066926285560053
0.16855,168.55,0.3186671454310368,0.7029994771284023,0.013218898562570736,0.3974254431937001,8.580915677314911e-5,0.039978030132997826,0.12066998663863651
0.1686,168.6,0.3186917326819638,0.7030226347039932,0.013220331722649767,0.39742544655551965,8.580927714371773e-5,0.039978032689138715,0.1206733987586633
0.16865,168.65,0.3187059519730112,0.703035632110582,0.01322155580382754,0.3974254486667416,8.580936045910093e-5,0.039978034869935425,0.12067241648168589
0.1687,168.7,0.31865840584289523,0.7029910096760436,0.013218644734410038,0.3974254608469625,8.580979716318815e-5,0.03997804410475762,0.12067215798774447
0.16875,168.75,0.31859323974879483,0.702930473598068,0.013214037041263962,0.3974254823472114,8.581059992719968e-5,0.03997806406703859,0.12066853907256454
0.16905,169.05,0.31849200882484635,0.7028369880750186,0.013206334668301796,0.39742552384498914,8.581209196796156e-5,0.039978102186409376,0.12066941795196538
0.1691,169.1,0.3185107673617282,0.7028542997169062,0.013207783772036004,0.3974255259756921,8.58121679579448e-5,0.03997810424547497,0.12068146376963569
0.16915,169.15,0.31848722199328916,0.7028321589200488,0.013206383731030127,0.3974255303602459,8.581231084479138e-5,0.03997810737203108,0.1206730368671453
0.1692,169.2,0.3184279820118937,0.7027772774330838,0.013202045734212527,0.39742555016278264,8.581298822716783e-5,0.03997812505988851,0.12066709150649257
0.16925,169.25,0.31839293604008173,0.7027451826284912,0.013199103217724077,0.39742555850811084,8.58132845966615e-5,0.03997813409471892,0.12066864247014111
0.1693,169.3,0.31840287903326897,0.7027545823851861,0.013199647496436357,0.39742555951722813,8.58133168809522e-5,0.0399781349151422,0.12067076212046078
0.16935,169.35,0.3184101807451476,0.702761141168756,0.013200391351376175,0.3974255604120238,8.581334779895867e-5,0.03997813583744088,0.12067557010777125
0.1694,169.4,0.31837335827340973,0.7027268845742799,0.013197834705035424,0.39742556935047574,8.581363318256791e-5,0.03997814292421167,0.12067691427626664
0.16945,169.45,0.3183188934538164,0.7026767515479752,0.013193521760604636,0.39742558758005103,8.581423499862667e-5,0.03997816033528778,0.12062159657280216
0.1695,169.5,0.3182984067577173,0.7026582014905012,0.013191589090915282,0.39742559141202166,8.581436746013505e-5,0.03997816487184375,0.12065442530336286
0.16975,169.75,0.3182050398227017,0.7025726113938808,0.013183844270281258,0.3974256224287287,8.581533906550987e-5,0.039978194374652345,0.12070845053712023
0.1698,169.8,0.31821380185827436,0.7025806239112667,0.013184594381087588,0.39742562300350803,8.581535655550297e-5,0.03997819492823124,0.1209118335702317
0.16985,169.85,0.3181963949833399,0.7025644294553338,0.013183384990298955,0.39742562594622666,8.581543978482607e-5,0.03997819713150219,0.12085015691580822
0.16995,169.95,0.31811382930963705,0.7024891352242558,0.0131761399299314,0.3974256515410732,8.581620172559378e-5,0.03997822246412862,0.12071274153654785
0.17,170.0,0.3181113296505865,0.7024870697546169,0.013175706267889277,0.39742565205168207,8.581621791947541e-5,0.03997822316435207,0.1208461761091103
0.17005,170.05,0.3181139050875755,0.7024893152156484,0.01317603650458765,0.3974256523052579,8.581622503425167e-5,0.03997822340171506,0.12103327402391215
0.1701,170.1,0.3180873688201028,0.702464921283811,0.013173900348238624,0.3974256583159784,8.581638851430849e-5,0.03997822840700967,0.12095298580570622
0.17035,170.35,0.31797929693103416,0.7023669348801836,0.013163847878287933,0.3974256904215824,8.581726639854101e-5,0.03997826037862838,0.12092212162910033
0.1704,170.4,0.3179385359877,0.7023302189261612,0.013159817778620702,0.39742570491790796,8.581764441532047e-5,0.039978275583555906,0.12082492790712536
0.17045,170.45,0.3179199582376006,0.7023137198558892,0.013157742929364233,0.3974257086442321,8.58177441166093e-5,0.039978280217108364,0.12091302264236226
0.1705,170.5,0.31792010480567895,0.7023139127500628,0.013157696637765018,0.3974257086779111,8.581774510567133e-5,0.03997828027895248,0.12114680456298504
0.17055,170.55,0.31790842418457066,0.7023032223140866,0.013156708192705093,0.3974257103772854,8.581778438522715e-5,0.03997828163715402,0.12108683396857496
0.1706,170.6,0.31787332084355857,0.7022715829641286,0.013153256252394645,0.3974257221355776,8.581806534104938e-5,0.0399782930633036,0.12101729909833221
0.17065,170.65,0.3178379886109616,0.7022400750345681,0.01314944458775209,0.39742573446375534,8.581836184372039e-5,0.03997830676865304,0.12100913068978325
0.1707,170.7,0.3178247409713593,0.7022284484207858,0.013147825845465604,0.39742573668936765,8.581841682849826e-5,0.039978309711991206,0.12101595492983681
0.17075,170.75,0.31782267912716194,0.7022266037823274,0.013147608705986075,0.3974257367542541,8.581841822697653e-5,0.03997830977176084,0.12110125793050636
0.1708,170.8,0.317805390911336,0.7022110003293074,0.013145927530598941,0.3974257402631025,8.581849366734065e-5,0.03997831289876917,0.12109820770199756
0.17125,171.25,0.317626845012585,0.7020536576731864,0.013124781000371712,0.39742579577814463,8.581962891828484e-5,0.039978375002295057,0.12109210724497999
0.1713,171.3,0.31760347394638166,0.702033145809131,0.013121929545392416,0.3974258033875914,8.58197586649114e-5,0.03997838297789994,0.12109257253407454
0.17135,171.35,0.3175715705143407,0.7020054796897008,0.013117706679150258,0.3974258175790429,8.581999692050883e-5,0.03997839963579216,0.12108874682374149
0.1714,171.4,0.3175493479598782,0.7019864551723084,0.013114516253089485,0.3974258250570123,8.582012014293401e-5,0.03997840945248688,0.1210880230407055
0.1716,171.6,0.3174755867055809,0.7019232278834089,0.013104009824764794,0.39742585217796844,8.582050359699049e-5,0.039978442113803095,0.12108647207705696
0.17165,171.65,0.31745524241763373,0.7019061523208454,0.013100748571516592,0.3974258595419086,8.582060156942274e-5,0.03997845233534126,0.12108512790856156
0.1717,171.7,0.31744531834582385,0.7018978535879995,0.013099125050512674,0.39742586133447444,8.582062442839075e-5,0.03997845487074107,0.1210853347037147
0.17195,171.95,0.31734898619697943,0.7018178045550627,0.01308288363811637,0.39742590255328214,8.582105382344749e-5,0.03997851018003512,0.12108605848675069
0.172,172.0,0.3173349725241165,0.7018062787042645,0.013080400394428036,0.3974259070892401,8.58210903253483e-5,0.03997851609647454,0.12108585169159755
0.17205,172.05,0.3173115634557817,0.7017872274534643,0.013076055811048279,0.39742592020928463,8.582118652184039e-5,0.03997853401041613,0.1210860067879624
0.1721,172.1,0.31728413880558287,0.701765351430007,0.013070526395966517,0.3974259392707007,8.582130822052175e-5,0.03997856255698704,0.12108760945039923
0.1723,172.3,0.317206741732989,0.7017060313763724,0.013052498718849488,0.39742598834737913,8.582149268993866e-5,0.03997864325320102,0.1210893672092009
0.17235,172.35,0.3171740228480309,0.7016830539043053,0.013042805064918223,0.39742603595689163,8.582155269169538e-5,0.03997873269895155,0.12108978079950718
0.1724,172.4,0.317129229904515,0.7016563956888352,0.013024812279809556,0.3974261775618342,8.58215768673072e-5,0.03997904651630201,0.12108807473949379
0.1726,172.6,0.31637751614727927,0.7012519409309707,0.01269243500983674,0.39744102616176274,8.582157957852321e-5,0.040012173263750075,0.12107685610243603
0.17265,172.65,0.31590097182907195,0.7009983464280181,0.01248845368210911,0.39745995552707036,8.582157958656837e-5,0.040051295462239,0.12106398310415317
0.1727,172.7,0.3152523645878922,0.7006515288528907,0.012222451922680991,0.3974956770884122,8.58215795896958e-5,0.040117640727004925,0.12104940404585693
0.17275,172.75,0.3144069158380743,0.7001955441283135,0.01189523749917955,0.39755782648757054,8.582157959104268e-5,0.040217843282252586,0.12102510561536318
0.17285,172.85,0.3120454248003777,0.6988982527954654,0.011085044922971877,0.39781152600746805,8.582157959198601e-5,0.04052545199068872,0.1209912429090368
0.1729,172.9,0.31049864583240494,0.6980335229824978,0.010623885057874994,0.3980322167492505,8.582157959215204e-5,0.040724000102321606,0.1209771291398351
0.17295,172.95,0.3086929819711213,0.6970138256201649,0.010141580452131168,0.398335661514238,8.582157959224414e-5,0.04094112833500133,0.12099046742721253
0.17325,173.25,0.2921284388874367,0.6875313949990949,0.0072842628446765385,0.40255918464083185,8.582157959237585e-5,0.042212857000525524,0.1210900392934486
0.1733,173.3,0.28840065073046206,0.6854058077652715,0.006855499474111878,0.40373245058751345,8.582157959237974e-5,0.04238446290974875,0.12109433029287622
0.17335,173.35,0.2844026642195662,0.683134733583641,0.00644430169931119,0.40504800730655705,8.582157959238253e-5,0.04254229837279086,0.121136258010175
0.1734,173.4,0.2801403259985074,0.6807234950613219,0.006050614585442131,0.4065052752110137,8.582157959238452e-5,0.042686978789176704,0.12113868785322437
0.17345,173.45,0.2756211551461104,0.6781779953373345,0.005674112006834516,0.40810231143448555,8.5821579592386e-5,0.04281930508137185,0.1211007409426235
0.1739,173.9,0.22551616451634393,0.6505458789680023,0.0029678515018063045,0.4278681543463688,8.582157959239017e-5,0.04359014853909522,0.12103565216817323
0.17395,173.95,0.2192347767073737,0.647142451376401,0.002733148664152864,0.43051136030207393,8.582157959239028e-5,0.043641572352377526,0.12083862808602076
0.174,174.0,0.21289487546664693,0.6437204767669531,0.0025100230801992675,0.4332061148734932,8.582157959239033e-5,0.04368804848644892,0.12106656804356741
0.17405,174.05,0.20652313195145522,0.6402957175500515,0.002298131643286474,0.4359411658202985,8.58215795923904e-5,0.043729962802180736,0.1208103488488291
0.1741,174.1,0.200146907183649,0.6368847164060379,0.002097157943027975,0.43870537803705745,8.582157959239052e-5,0.043767669552647576,0.1207855851292408
0.17435,174.35,0.16917254516196747,0.6206586228492513,0.0012464972977973773,0.4526028498099923,8.582157959239077e-5,0.0439037161283715,0.1206318846316708
0.1744,174.4,0.1633506237909398,0.617709581677487,0.0011055395646252532,0.4553347537244898,8.582157959239075e-5,0.04392226737845047,0.12028808768957844
0.17445,174.45,0.15771374520087467,0.6149035802031722,0.0009738172753529779,0.45803389235082054,8.582157959239077e-5,0.04393846792130187,0.1206837902151085
0.17455,174.55,0.1470891212826891,0.6097956028689461,0.0007373458246952301,0.4633140413394162,8.582157959239082e-5,0.04396461233865023,0.12039510418132748
0.1746,174.6,0.14214460519048386,0.6075299800454401,0.0006322556201518285,0.46588783409099543,8.582157959239082e-5,0.04397492581802544,0.1212976616271994
0.17465,174.65,0.13747127387314834,0.6054797705055801,0.0005357179972330975,0.46841440954116376,8.582157959239088e-5,0.043983629619256594,0.1207105701874399
0.1747,174.7,0.133086291303246,0.6036613034356633,0.0004475864690739514,0.47089278625912606,8.58215795923909e-5,0.043990884379512735,0.12160682038114111
0.17475,174.75,0.12900482658608134,0.6020898747543872,0.00036772387099375827,0.47332295373838856,8.582157959239094e-5,0.0439968424452811,0.12112664203555407
0.1748,174.8,0.12523996431485074,0.6007795899832507,0.00029600226247988783,0.4757058048245324,8.582157959239099e-5,0.04400164858012781,0.1218251960628551
0.17485,174.85,0.12180263497347885,0.5997432134881955,0.00023230285030638996,0.4780430544661494,8.582157959239104e-5,0.04400544062226151,0.12134098521178187
0.1749,174.9,0.11870156258408704,0.5989920254750529,0.00017651584747969233,0.48033714893057844,8.58215795923911e-5,0.0440083501386681,0.12186386675649195
0.17495,174.95,0.11594323143017687,0.5985356880031797,0.00012854026946740348,0.4825911648812222,8.582157959239113e-5,0.04401050303857505,0.12138296462786893
0.175,175.0,0.11353186980322175,0.5983821211263216,8.828359686559537e-5,0.48480870144173954,8.582157959239113e-5,0.04401202018047973,0.12154705658188415
0.17505,175.05,0.11146945244472199,0.5985373901701156,5.5661291444273704e-5,0.48699376454072846,8.582157959239113e-5,0.04401301793355287,0.12141646544267734
0.1752,175.2,0.1073623655265239,0.6008870210044117,2.8587538207810942e-6,0.49339767877142066,8.582157959239113e-5,0.044014002009842575,0.12131430863702704
0.17525,175.25,0.10667150600324439,0.6022979425115169,5.877316001497224e-8,0.4954966598095456,8.582157959239113e-5,0.04401401350395301,0.12120946349438594
0.1753,175.3,0.10630703618648232,0.604017145546562,4.556843890531793e-6,0.4975848307091633,8.582157959239113e-5,0.04401403649613257,0.12128163500283119
0.17535,175.35,0.10625850916122279,0.606037926762445,1.6291949398308776e-5,0.49966587392315437,8.582157959239113e-5,0.044014169066496564,0.12119281648455832
0.1754,175.4,0.10651377756002457,0.6083513177633693,3.519962106259094e-5,0.5017429038593765,8.582157959239113e-5,0.04401450669661802,0.12125816375295
0.17555,175.55,0.10895886083349623,0.616923706631866,0.0001341868719757536,0.5079691935548267,8.582157959239113e-5,0.044017657142402654,0.12121608093928636
0.1756,175.6,0.11027979722426946,0.6202730879560848,0.00018094096578167977,0.5100443905384077,8.582157959239117e-5,0.04401970088840312,0.12129145777260526
0.17565,175.65,0.1118244724653798,0.6238370662042696,0.0002343547225827917,0.5121171046360727,8.58215795923912e-5,0.04402236708111456,0.1212735699918588
0.17595,175.95,0.12474447536886277,0.6483893253706321,0.0006815187922747564,0.5241964933307983,8.582157959239146e-5,0.04405400452010349,0.12086680392563585
0.176,176.0,0.12733166860597947,0.6527560386247983,0.0007737963627282803,0.5260682829690476,8.58215795923915e-5,0.044061953245885875,0.12033885589967389
0.17605,176.05,0.12999381325793147,0.6571228769872675,0.0008697617524398987,0.5278689334727606,8.582157959239154e-5,0.04407054951940611,0.12009659537777241
0.1761,176.1,0.13271282116057811,0.6614594817852066,0.000968711267336015,0.5295854707434509,8.58215795923916e-5,0.04407968832056935,0.11939928212139021
0.1763,176.3,0.14378747447380408,0.6779118578594618,0.0013773401121814563,0.5353717833843749,8.582157959239165e-5,0.04411865163133938,0.11775939655700383
0.17635,176.35,0.1465084314868284,0.6816625916622863,0.0014778326121077366,0.5365020432479147,8.582157959239165e-5,0.04412807751435543,0.11745571787462031
0.1764,176.4,0.14916858576227768,0.6852185440672984,0.0015755505524100446,0.5374955504054254,8.582157959239166e-5,0.04413699057906349,0.11816605922565021
0.1766,176.6,0.1587491820271574,0.697113593939898,0.001918105223577738,0.5401525311420567,8.582157959239183e-5,0.04416453892252895,0.12425338475100452
0.17665,176.65,0.16076628063042095,0.6994351803751756,0.0019872170514911684,0.540526126340877,8.582157959239187e-5,0.04416900154413506,0.12576774565743598
0.1767,176.7,0.16259010129513593,0.7014787353158862,0.002048389044748147,0.5408070291157896,8.58215795923919e-5,0.04417249926886286,0.12915246532642638
0.17675,176.75,0.1642030628329087,0.7032411967831226,0.0021012484322997407,0.5410093858212877,8.58215795923919e-5,0.044175112649730716,0.1310163100416615
0.177,177.0,0.1687263599392522,0.7079367397427426,0.0022406644849917996,0.5413210434694901,8.58215795923919e-5,0.044179376810622464,0.13741093316457925
0.17705,177.05,0.1689026170606193,0.7081096251794509,0.0022458291317014106,0.5413228364032219,8.58215795923919e-5,0.04417940507687182,0.13735820040052898
0.1771,177.1,0.16884853020837956,0.7080569189118368,0.0022447619458012004,0.5413231497982797,8.58215795923919e-5,0.04417940882347001,0.1374371961490278
0.1772,177.2,0.16810454277523898,0.7073430651068549,0.0022268953759173333,0.5413354166936977,8.58215795923919e-5,0.044179571759879,0.13751670888540946
0.17725,177.25,0.16744997913851645,0.7067199565159024,0.0022116352914724963,0.5413516114368614,8.58215795923919e-5,0.04417979009949951,0.13769496630741465
0.1773,177.3,0.16663492623349227,0.7059470180992509,0.0021931811759320964,0.5413752714911138,8.58215795923919e-5,0.044180108568430396,0.13758381391260283
0.17735,177.35,0.16568293940436443,0.7050464540892932,0.002172275247881942,0.5414057879740983,8.58215795923919e-5,0.04418051682971719,0.13770975216086404
0.1774,177.4,0.16461922069984877,0.7040415030985202,0.0021496255107827395,0.541441905471668,8.58215795923919e-5,0.044180995793181334,0.13759953034424133
0.17745,177.45,0.1634702673862687,0.7029563201682478,0.002125898509198627,0.5414819483280198,8.58215795923919e-5,0.04418152127764347,0.1377121303051251
0.1778,177.8,0.1554069006146839,0.6952842684479216,0.0019760319039946244,0.5417233937297784,8.58215795923919e-5,0.04418456581982399,0.1379583199349362
0.17785,177.85,0.15459491015103674,0.6945005303254113,0.0019623000139940873,0.5417379140043355,8.58215795923919e-5,0.04418474244445623,0.13800381486862665
0.1779,177.9,0.15395173287422523,0.6938769640120881,0.0019515718705406125,0.5417467967160859,8.58215795923919e-5,0.04418485064023595,0.13791509974793031
0.17795,177.95,0.15350378296218548,0.6934406848440615,0.001944149719752811,0.5417510452569488,8.58215795923919e-5,0.04418490298334722,0.1378956610035353
0.178,178.0,0.1532765246782055,0.6932184000481159,0.0019403233631994348,0.5417521923734977,8.58215795923919e-5,0.04418491773506604,0.13771543902757533
0.17805,178.05,0.15329431864075888,0.6932362553268633,0.0019403752888275498,0.5417523056140232,8.58215795923919e-5,0.04418491899356561,0.13767718192424475
0.1781,178.1,0.15358026440880687,0.6935196745229745,0.0019445857469723782,0.5417539894822111,8.58215795923919e-5,0.04418493697718825,0.13764068257971585
0.1786,178.60000000000002,0.1750262471139487,0.7156837844200907,0.0022857301156477055,0.5428132472008868,8.582157959239199e-5,0.04419877433666979,0.13302604873743565
0.17865,178.65,0.1792519440679618,0.7201803703343098,0.0023587576229358274,0.5431571586836875,8.582157959239203e-5,0.044203758046390214,0.13204242759153353
0.1787,178.7,0.18386001172375638,0.7251244437618305,0.002441096613835364,0.5435754971107106,8.582157959239204e-5,0.04421009307472693,0.13146836424642172
0.17875,178.75,0.1888405310772504,0.7305147057297718,0.00253353308408565,0.5440776682110149,8.582157959239207e-5,0.0442180765534375,0.1305537092840912
0.1789,178.9,0.20585859116382574,0.7492947241790013,0.0028809424740830173,0.5461869980804743,8.582157959239216e-5,0.04425595805123832,0.12885933319685292
0.17895,178.95,0.2121501753947652,0.7563819081268796,0.0030239780758303347,0.5471256142859452,8.582157959239223e-5,0.04427507123573461,0.1288286241166119
0.179,179.0,0.21870407837645764,0.7638506306659761,0.003183004580887069,0.5481994367229915,8.582157959239227e-5,0.044298696725273826,0.12890369075720107
0.17925,179.25,0.2540668896747991,0.8058282193691095,0.004292094954363941,0.5559230692885065,8.582157959239311e-5,0.04453392406737179,0.14349195143776283
0.1793,179.29999999999998,0.261342963862936,0.8148616550467029,0.0045978997709780756,0.5579861482194987,8.582157959239359e-5,0.04462130441331464,0.14875933418092394
0.17935,179.35000000000002,0.26857150166127564,0.823987468115518,0.004942184187569341,0.5602275971516802,8.582157959239433e-5,0.044732068956985165,0.15841790860339938
0.1794,179.4,0.2757022281712189,0.8331443136558576,0.0053319364588829896,0.5626433264854779,8.582157959239542e-5,0.04487404008179713,0.16163036790982563
0.1798,179.79999999999998,0.3264073839548764,0.8993543910656913,0.013296770158295864,0.5860944168259308,9.421750771516166e-5,0.05514309552654887,0.16006182667327196
0.17985,179.85000000000002,0.32944691037336615,0.9022493745403348,0.013545579938137441,0.5861912186919459,0.00010160003565879572,0.05522553762708941,0.16012572637559166
0.1799,179.9,0.3240193657252058,0.8973269749982046,0.013235083595490752,0.5863751156673859,0.00011224075383716295,0.055336607005151896,0.15973860584891686
0.17995,179.95,0.31517270802784886,0.8917706261947038,0.011601108634156396,0.5880268904816848,0.00011390524719695339,0.05823123568973659,0.16356007688133528
0.18,180.0,0.3107435774161242,0.888847428306772,0.010722996331667171,0.5886539286065572,0.00011390524719808285,0.059013533306701796,0.1647469776627723
0.18005,180.04999999999998,0.30939074643305414,0.8878527331540075,0.01044930110073654,0.5887382859152017,0.00011390524719812406,0.05909682433180371,0.16504176415357089
0.1801,180.10000000000002,0.3099875760130203,0.8883961136040095,0.010522453434158,0.5887579770643844,0.00011390524719813119,0.05910887868864215,0.16512386182936678
0.18025,180.25,0.31944658769634987,0.8970214693937928,0.012924107282924814,0.5903236879093662,0.00011390538163944631,0.061395855225736415,0.1658636714897189
0.1803,180.29999999999998,0.32346206333849986,0.9007323545877716,0.013388307009907037,0.5904780820920595,0.00011876229190100399,0.06175404380285748,0.16858468211471206
0.18035,180.35000000000002,0.32258019742994454,0.8998927547554015,0.013365540570764393,0.5904964101644695,0.00011992303149585769,0.06176486877579613,0.16851985183420323
0.18055,180.54999999999998,0.3183944390734955,0.8969272390845645,0.012985441877150526,0.5913315161174189,0.00012336012110129318,0.06336582001596876,0.1703164881246684
0.1806,180.60000000000002,0.3217803770260547,0.9000511006467172,0.013333639491766533,0.5914148426146362,0.0001259853199272296,0.06353534941553586,0.1715497110204084
0.18065,180.65,0.3217139639661214,0.8999736804027474,0.013354126735099777,0.5914237597573888,0.00012654155532532905,0.06354203053982888,0.17152810092690546
0.1807,180.7,0.31835853312856227,0.8968999728399956,0.013133367307331922,0.5914824402082702,0.00012877714739652576,0.06358983453318075,0.1714347329152635
0.18075,180.75,0.31623716220832815,0.8953873550185251,0.012638647523108773,0.5915960796063555,0.00012891137113944237,0.06384952792588117,0.17211519236666495
0.1808,180.79999999999998,0.31765960727583287,0.8965930132339748,0.012940581679382099,0.5916810693584953,0.00012891137561332584,0.06400707553270364,0.1721173637157729
0.18085,180.85000000000002,0.32073838051558057,0.899410076671754,0.013284746205901542,0.5917617681783673,0.00013051508618967282,0.06415927076174763,0.173243776914917
0.1809,180.9,0.3215965242834226,0.9002064540967498,0.013356762612419118,0.591771427699976,0.0001310965475556607,0.06416835146367482,0.1732488433961689
0.18095,180.95,0.3190236054576416,0.8978153065522111,0.013208472749933956,0.5918034530186276,0.00013252972725926547,0.06419127180602137,0.17318938978964163
0.18105,181.04999999999998,0.3181128385009099,0.8971028868721855,0.013102934923640182,0.5918954614524334,0.00013315737877676013,0.06436463803903814,0.1743332771792259
0.1811,181.10000000000002,0.32085512146800044,0.8996850684543333,0.013303066408016973,0.591934059266716,0.00013455159970830833,0.06440270227084374,0.17434537469568448
0.18115,181.15,0.3212018421215705,0.8999990389416117,0.013341818542275436,0.5919397151255025,0.0001348927074593101,0.06440770369195528,0.1743369994919824
0.18125,181.25,0.3171347020314808,0.8962947955048494,0.013028527208279973,0.5919876848849185,0.00013648003105591537,0.06445593986156146,0.1741872798011103
0.1813,181.29999999999998,0.31889389171005006,0.8979281137651671,0.01317781999822693,0.5920107065339787,0.0001368533816987094,0.06448231199304583,0.1743265563367489
0.18135,181.35000000000002,0.3212150375003913,0.9001215596006383,0.013332074760889288,0.592036086068312,0.00013800536389705118,0.06450560328883843,0.1743617115127824
0.1814,181.4,0.3206104701627424,0.8995399420901287,0.013314786999863536,0.5920414560297673,0.0001382941158150264,0.06450895600946464,0.1743419625756577
0.18145,181.45,0.3180541075174993,0.8971728323808723,0.01315502955121399,0.5920698287820523,0.0001393926857523834,0.06453312111646428,0.174334207757415
0.1815,181.5,0.31750607383514806,0.896701540299769,0.01308580424887023,0.5920772155965032,0.000139511893375875,0.06454339789706026,0.17428499051096813
0.18155,181.54999999999998,0.3197419294162789,0.8988072321680908,0.013241471072723667,0.592101986940801,0.00014022049631349425,0.06456656172186337,0.17430070694260663
0.1816,181.60000000000002,0.3213298950081541,0.9003047601706688,0.01334536262613752,0.5921147498772936,0.0001408997055014273,0.06457838020243759,0.17434527129810792
0.18165,181.65,0.31986399028460144,0.898917806365171,0.013277287802573793,0.5921251073066826,0.0001414119220896002,0.06458482868005465,0.17430897874873216
0.18195,181.95,0.3176082710699077,0.8969002373178528,0.013124676942172326,0.5922074527692078,0.00014453026814532024,0.06466032705308977,0.17428881622130118
0.182,182.0,0.31893583747985,0.8981608477016898,0.01320161968171603,0.5922171713688882,0.00014479028383147091,0.06466842515397346,0.1743178709403171
0.18205,182.04999999999998,0.3209978974935328,0.9001168662089458,0.013325137147771436,0.5922338511293821,0.00014557180044833386,0.0646831076976804,0.1743436169368828
0.1821,182.10000000000002,0.3206386307168121,0.8997660857065571,0.013319838032200553,0.5922368709689178,0.00014573711368718353,0.06468511367821553,0.17433751647986523
0.18215,182.15,0.3184681880712101,0.8977339660135274,0.013199395600764247,0.5922539927669491,0.000146482080854307,0.06469886959218739,0.17431404522998403
0.1822,182.2,0.3178996029395015,0.8972229128768308,0.013146314786417965,0.5922583126249418,0.00014660821807385208,0.06470405502197021,0.17429036718494972
0.18225,182.25,0.3197752767769786,0.8990040224260571,0.013255532361159037,0.5922724599848419,0.0001471023958534148,0.0647158038516593,0.17430939233903844
0.1823,182.29999999999998,0.3211847886780992,0.900337901926842,0.013340089754483926,0.5922809202006177,0.00014755948922952854,0.0647234877110423,0.1743315194204242
0.18235,182.35000000000002,0.3199804951555041,0.8991915304031352,0.013288708679861132,0.59228714449177,0.00014787229164541166,0.06472731839108678,0.17431435542271376
0.1826,182.60000000000002,0.31930231619792787,0.8985932368250538,0.01325428287468229,0.5923306777691293,0.00014976216936826408,0.0647637376088725,0.17429832879834553
0.18265,182.65,0.31806124183948636,0.897440774426616,0.013172742933450438,0.592337480059989,0.00015002490005342593,0.06477073481485478,0.17427723569272544
0.1827,182.7,0.319232738292254,0.8985598788645265,0.013231425986852317,0.5923435617547117,0.0001502296484286467,0.06477533028295121,0.17429843219592212
0.18275,182.75,0.32097268758188136,0.900214975384181,0.01332709227110242,0.5923538544235574,0.0001507416835397444,0.06478414061677498,0.1743118738808761
0.1828,182.79999999999998,0.3206045739450129,0.8998563197716765,0.013319785398901123,0.5923558938506372,0.00015085209075337035,0.06478545847565637,0.17430163752079575
0.18285,182.85000000000002,0.31875981732794817,0.8981178886102572,0.01322475551505958,0.5923666816480831,0.00015135134132993356,0.0647939822450933,0.17428954000433716
0.1829,182.9,0.3183596551119124,0.8977550963535955,0.013189863425575748,0.5923690698890111,0.00015143833025403578,0.0647966222769932,0.17428323275216645
0.18295,182.95,0.32000224642386965,0.8993218801239259,0.01327515765377015,0.5923781816866908,0.0001518060820277051,0.06480375940132453,0.17429346911224677
0.183,183.0,0.3211281567483455,0.9003893661946657,0.013338804830685514,0.5923831234035924,0.00015208282818580314,0.06480821953830414,0.17431094330268698
0.18305,183.04999999999998,0.3200225778563252,0.8993338283222321,0.01329341334885118,0.5923875452897698,0.00015230773427734717,0.06481096500692876,0.17429595065408446
0.18325,183.25,0.32096599157688643,0.9002574185774367,0.013334831491083578,0.5924081810270024,0.00015324926876245055,0.06482837017222078,0.17430329188202084
0.1833,183.29999999999998,0.31944203297710383,0.8988102675376953,0.013265213079557752,0.5924150245381287,0.00015359007997931475,0.06483319633840894,0.17429708802742672
0.18335,183.35000000000002,0.31850419712019157,0.8979338068754484,0.013207681097879316,0.5924187044436536,0.00015374968909682141,0.06483689466823504,0.17428261236670703
0.1834,183.4,0.31961257143157945,0.8989955745666445,0.013258851136576554,0.5924230923359727,0.00015392205876930807,0.06484005118861147,0.17428902301645433
0.18345,183.45,0.32102267549583813,0.9003393256763694,0.013331624533902676,0.5924291859055406,0.00015424377419404287,0.0648452089982625,0.17429894918380495
0.1835,183.5,0.3205623067067207,0.8998935330880935,0.013318703474116358,0.5924307566564082,0.0001543272077637648,0.0648461656092239,0.17429191814859826
0.18365,183.65,0.32028884009329467,0.8996598311421028,0.013293942317032282,0.5924450860791097,0.00015498985932799666,0.06485760169221745,0.17428954000433716
0.1837,183.7,0.3211057125043185,0.9004346128996883,0.013338805663585166,0.5924477039024943,0.00015514235070608208,0.0648599800482093,0.17429367590739991
0.18375,183.75,0.3200462176123077,0.8994215422249002,0.013295979193357213,0.5924511231225641,0.00015531870682503564,0.06486215084593719,0.17428540410127438
0.1838,183.79999999999998,0.31882799688648455,0.8982722587019969,0.01323176953764232,0.5924556330179529,0.00015553235279607095,0.06486615668003809,0.1742743405605815
0.18385,183.85000000000002,0.31937280726245676,0.8987993542525367,0.013251212703991435,0.5924572952472997,0.00015559732155473102,0.06486729949566224,0.17427878665637397
0.18395,183.95,0.3209091116538165,0.9002609632529777,0.013332827743769204,0.592463869760635,0.00015593716122075057,0.06487259536163252,0.17428695506492292
0.184,184.0,0.31956513964217786,0.8989815609021055,0.013273286258390268,0.592468650566731,0.00015618109651716376,0.06487602935034549,0.1742807512103288
0.18405,184.04999999999998,0.31893281874116886,0.8983891381510214,0.013235301650784147,0.5924704763318546,0.00015626704491305418,0.06487785814235399,0.17427320318723924
0.1841,184.10000000000002,0.31999718780649933,0.8994103038827423,0.013282025666800763,0.5924738466402435,0.00015641503821137677,0.06488023887314559,0.17428426672793212
0.18415,184.15,0.32108377062946264,0.9004466327422759,0.01333588613879168,0.5924772603153455,0.00015660496908590445,0.06488314146553135,0.17429191814859826
0.1842,184.2,0.3205212961057197,0.8999040718523044,0.013317407064053025,0.5924786223607414,0.00015667667692151148,0.06488394726198377,0.17428726525765265
0.18435,184.35000000000002,0.3205654090568916,0.899965634448582,0.013309690959300879,0.592487894069332,0.0001571312244967107,0.06489123145212976,0.17428954000433716
0.1844,184.4,0.32108328886133447,0.9004559400914808,0.013338602476546899,0.5924891542598781,0.00015720723028806222,0.06489239082275117,0.17429574385893132
0.18445,184.45,0.3200704494565965,0.8994866689948104,0.013297890225837156,0.5924918663858177,0.0001573493847085341,0.06489416781184557,0.1742870584624995
0.1846,184.6,0.3209616116765338,0.9003540648796828,0.01332936570348618,0.5924992002534631,0.00015771874966815437,0.0649000777939128,0.17428995359464344
0.18465,184.65,0.3208512885455561,0.900242987169935,0.01333073171588725,0.5924997784588937,0.00015775156621136065,0.06490048945113581,0.17428995359464344
0.1847,184.70000000000002,0.31968895152601046,0.8991346871117664,0.013280162209148688,0.5925030715739801,0.00015792348052589013,0.06490291468769893,0.17428912641403088
0.18475,184.75,0.31933755238839423,0.8988064391629854,0.013257893060786173,0.5925039109990476,0.00015796526081144496,0.06490374980255928,0.17428426672793212
0.1848,184.79999999999998,0.32034107961980346,0.8997700594544426,0.01330053259497815,0.5925065173386618,0.00015808967209441125,0.06490559314874522,0.17428767884795893
0.18485,184.85,0.3211211765915873,0.900513939532934,0.013338624236840905,0.5925082875777344,0.00015819264760099454,0.06490712714755945,0.17429533026862504
0.1849,184.9,0.32048398178979315,0.8999005837169266,0.013316100062590295,0.5925095355834596,0.000158258702767146,0.06490787778723023,0.17429016038979658
0.18525,185.25,0.3201682448096745,0.8996183436958116,0.013294321285996986,0.5925206687323478,0.0001588351771300603,0.06491643695401016,0.1742978118104627
0.1853,185.29999999999998,0.32106358315750166,0.9004750007703441,0.013335088749501818,0.5925226423153751,0.0001589461763526891,0.06491804492132332,0.17430484284566938
0.18535,185.35,0.32078772373604875,0.9002064207778261,0.013328333965679838,0.5925231397040153,0.00015897312996936337,0.06491834777902876,0.17430639380931792
0.1854,185.4,0.3198170582187647,0.8992799731426594,0.013286408599715008,0.5925253145602093,0.00015908913985199542,0.06491999785332915,0.17430494624324597
0.18545,185.45000000000002,0.31970410372136426,0.8991774651410748,0.013276376872313044,0.5925257090032147,0.00015910909940966347,0.06492036370265905,0.17430339527959743
0.1855,185.5,0.32061632512044247,0.9000537287394024,0.013314388575138732,0.5925276621747816,0.000159208430340734,0.06492176328168457,0.17430535983355225
0.18555,185.54999999999998,0.32111906379490274,0.9005323284872296,0.013339410685937598,0.5925284944097764,0.0001592586364825663,0.06492250631416324,0.17430866855600244
0.1856,185.6,0.3204511997398872,0.8998902339137466,0.013314829518912327,0.5925296216204136,0.00015931903406373252,0.06492321259898648,0.17430463605051624
0.18565,185.65,0.31970285159464745,0.899178173155678,0.013280020148268857,0.5925310232995986,0.00015939418432363357,0.06492439967946301,0.17430225790625517
0.1857,185.70000000000002,0.3200600845962941,0.8995247183261088,0.01329127747235255,0.5925315671752387,0.00015941945788267944,0.06492474334841022,0.17430256809898487
0.18595,185.95000000000002,0.32046060913175756,0.8999136332544081,0.013308493627370025,0.5925368841893971,0.00015970499766759674,0.06492873726525339,0.174309495736615
0.186,186.0,0.32110426562168654,0.9005290417018496,0.013337842082890856,0.5925379230417498,0.00015976568736407508,0.06492960825251433,0.17431239086875894
0.18605,186.04999999999998,0.3207176649633445,0.9001552282530447,0.01332558073389288,0.5925384218965604,0.0001597923995778151,0.06492990176577973,0.17431073650753384
0.1861,186.1,0.319944453497538,0.8994169611923136,0.013292059329909112,0.5925397704502935,0.00015986578810427794,0.06493096059704964,0.17430990932692128
0.18615,186.15,0.3200162392049306,0.8994899938414159,0.013291069065983485,0.5925400149038523,0.00015987782683804836,0.06493114609072718,0.17431228747118238
0.1862,186.20000000000002,0.32080756634211127,0.9002500522516553,0.01332379604364779,0.592541398346741,0.00015995162222130565,0.06493215854201105,0.17431259766391208
0.18625,186.25,0.32107370748979813,0.9005021268730279,0.013338240852410208,0.5925417543305771,0.00015997359552176905,0.06493248385362647,0.17431259766391208
0.1863,186.29999999999998,0.3204218880140909,0.8998760157762773,0.013313547240971974,0.5925427162725421,0.0001600257891118601,0.06493311581724118,0.17431280445906522
0.18635,186.35,0.31990734985993213,0.8993866122999356,0.01328915942728019,0.5925434235033209,0.0001600647997390505,0.06493373853449337,0.1743108399051104
0.1864,186.4,0.3203399279221363,0.8998045354929397,0.013304377179183905,0.5925439598465335,0.00016009100233404993,0.06493407543242648,0.17431270106148863
0.18645,186.45000000000002,0.32102631974187235,0.9004623594098694,0.013334067034381879,0.5925450207696636,0.00016015119119433947,0.06493491583417726,0.17431342484452464
0.1865,186.5,0.3208955501633909,0.9003336446736939,0.0133322353030122,0.5925452320211754,0.0001601629131285405,0.06493505332386325,0.1743124942663355
0.1866,186.6,0.320027181903567,0.8995058648754573,0.013293045372769475,0.5925465568604004,0.00016023558461979344,0.06493607394981764,0.17431032291722756
0.18665,186.65,0.32066385628037786,0.9001183910103844,0.01331814428385337,0.5925474598315401,0.0001602826582615573,0.06493669837042386,0.17431208067602924
0.1867,186.70000000000002,0.32108282213478523,0.9005181985225441,0.013337825210010661,0.5925479523493911,0.0001603122946402118,0.06493712804908834,0.17431094330268698
0.18675,186.75,0.32064125864868986,0.900092528012931,0.013322453210499867,0.5925484464058366,0.0001603389133822956,0.06493742983314711,0.17431094330268698
0.1868,186.79999999999998,0.32006052706244664,0.8995382038174726,0.013296861970755771,0.5925492191038433,0.00016038173528619233,0.06493806096260471,0.17431032291722756
0.18685,186.85,0.32025902656116,0.899731756932295,0.013302040187112963,0.5925494400288783,0.00016039250272821532,0.06493820095131973,0.1743098059293447
0.1869,186.9,0.32090955126050524,0.9003562127337678,0.013329071087227706,0.5925503510199718,0.0001604428283934077,0.06493888643704063,0.17431197727845266
0.18695,186.95000000000002,0.32098817310948735,0.9004287725968158,0.013335298849695627,0.5925505071792113,0.0001604523105073713,0.06493902161650698,0.17431125349541668
0.187,187.0,0.32039214790391124,0.8998567498751587,0.013312099910342635,0.5925512684859103,0.00016049402405487025,0.06493954593145917,0.17430660060447106
0.18705,187.04999999999998,0.3200780656401981,0.899558684261753,0.013296424277635138,0.5925515909959185,0.0001605122351167988,0.0649398424591653,0.1743045326529397
0.1871,187.1,0.3205325601932981,0.8999968746155061,0.013313249804493894,0.5925520867566078,0.00016053748028942283,0.06494016411018523,0.1743054632311288
0.1872,187.20000000000002,0.320790442637155,0.9002406956064659,0.013328141699840536,0.59255287183616,0.0001605822481805987,0.06494075911596671,0.17430494624324597
0.18725,187.25,0.3202162869714772,0.8996913126550913,0.013304117100290263,0.5925535801577357,0.0001606214992539821,0.0649413012167965,0.1743021545086786
0.1873,187.29999999999998,0.3202151771057617,0.8996932315959129,0.013301213330897224,0.5925536988220306,0.00016062777481326432,0.06494139850705696,0.17430256809898487
0.18735,187.35,0.32077375145050585,0.9002301396261521,0.01332358367336185,0.592554366423094,0.00016066372447937186,0.0649418757400444,0.17430535983355225
0.1874,187.4,0.3210048444762962,0.9004496801105564,0.013335358743108646,0.5925545759192683,0.000160676566426885,0.06494206598097589,0.17430742778508362
0.18745,187.45000000000002,0.32055726479175484,0.9000190512553908,0.013318883764624341,0.5925550269915364,0.0001607010542896939,0.06494235673961483,0.17430525643597566
0.1875,187.5,0.32015182604624903,0.8996325002428568,0.013300423670777817,0.5925554315111723,0.00016072382797942858,0.06494270253728408,0.17430339527959743
0.18755,187.54999999999998,0.32042153013773006,0.8998935625879476,0.013309302596151748,0.5925556573125376,0.00016073506710390922,0.06494284103219762,0.1743044292553631
0.18795,187.95000000000002,0.32023150188507704,0.8997113285375306,0.013304340664100642,0.5925583385953396,0.00016088403431663832,0.06494486119331669,0.1742954336662016
0.188,188.0,0.320332680425182,0.89981067327283,0.013306273117824353,0.592558432467933,0.00016088874859122304,0.06494492324182109,0.17429357250982336
0.18805,188.04999999999998,0.3207929921674054,0.9002525736615639,0.013325161648393532,0.5925588844513402,0.0001609136071419515,0.06494525836293635,0.17429305552194052
0.1881,188.1,0.3208786808136643,0.9003327404032416,0.013330775854004925,0.5925589714080536,0.00016091887353086203,0.06494533628978773,0.17429191814859826
0.18815,188.15,0.32046211846081163,0.8999326313341419,0.013314718062450378,0.5925593462306377,0.00016093928832208718,0.06494559111365301,0.17429284872678738
0.1882,188.20000000000002,0.3202048158713955,0.8996879369307703,0.013302313976048441,0.5925595391682481,0.00016095027693090083,0.06494576453831907,0.1742940894977062
0.18825,188.25,0.32049840622545,0.8999711662219461,0.013312902689431371,0.59255975565094,0.0001609613073619825,0.06494590191980211,0.17429429629285934
0.1885,188.5,0.3206446991244245,0.9001124097539904,0.013319169676437714,0.592560908842678,0.000161024870394095,0.06494676722603336,0.17429439969043592
0.18855,188.54999999999998,0.32082982122586845,0.9002884183852256,0.01332840980304349,0.5925610282220074,0.00016103203951308326,0.06494687517739127,0.1742973982201564
0.1886,188.6,0.3205272562063593,0.8999971940541036,0.013317295687024784,0.5925612431729324,0.00016104352369780667,0.06494701243427972,0.1742954336662016
0.18865,188.65,0.3202160409757332,0.8997002746638852,0.01330324596759197,0.5925614760452922,0.00016105657677477952,0.06494720797438777,0.17429729482257986
0.1887,188.70000000000002,0.320373338033906,0.8998528015031724,0.013308113878715676,0.592561569059635,0.00016106119775758702,0.06494726488695077,0.1742973982201564
0.18875,188.75,0.3207295262931993,0.9001941449860793,0.01332325386791157,0.5925618485145623,0.00016107673982159997,0.06494748070614137,0.17429853559349867
0.1888,188.79999999999998,0.3207127431587589,0.900176314316999,0.013324352143344204,0.5925618965264405,0.00016107943259959962,0.06494751684101463,0.17429698462985013
0.18885,188.85,0.32035026862819965,0.8998287764546712,0.013309716420958961,0.5925621817723821,0.00016109492856692195,0.06494772077558904,0.1742940894977062
0.1889,188.9,0.3202083102695057,0.8996944872966942,0.013302137806949905,0.5925622673929325,0.00016109981427799594,0.06494780121783107,0.17428985019706686
0.18895,188.95000000000002,0.32049022847500325,0.8999657852536763,0.013312953577074857,0.5925624531891764,0.00016110941604171753,0.06494792482062799,0.17429078077525598
0.189,189.0,0.3207315203509744,0.9001960878923753,0.01332410221899585,0.5925626037447026,0.00016111813648596012,0.06494805349832683,0.17429036718494972
0.18905,189.04999999999998,0.32054502580271704,0.9000159837322061,0.013317820155718604,0.5925627066431436,0.00016112350092869183,0.06494811542437566,0.17428881622130118
0.18925,189.25,0.32065260626606706,0.9001203974279393,0.013321560012329132,0.5925632496545348,0.00016115315729664474,0.0649485366574462,0.17428757545038234
0.1893,189.29999999999998,0.320367448220035,0.8998466068665462,0.013310388432321116,0.5925634355540564,0.00016116303672354792,0.06494866233899206,0.17428664487219322
0.18935,189.35,0.3201599123897366,0.8996491637737566,0.013300421899198753,0.592563554967739,0.00016116972182033513,0.06494876794570575,0.17428633467946353
0.1894,189.4,0.3203363995775996,0.8998194528169128,0.013306713568117438,0.5925636439975507,0.00016117416050702083,0.06494882366148143,0.17428850602857146
0.18945,189.45000000000002,0.32059448586522804,0.9000661881884455,0.013318230974015957,0.5925638015779441,0.00016118294247700988,0.06494895110210688,0.17428964340191372
0.1895,189.5,0.3205139562922728,0.899987667439108,0.013316267484400155,0.592563844655499,0.00016118517220863168,0.06494897781466041,0.1742870584624995
0.18975,189.75,0.3203473794767528,0.8998285519423025,0.013309388083365247,0.5925643966117617,0.00016121472094409004,0.06494939050182005,0.17429264193163424
0.1898,189.79999999999998,0.3201103288340974,0.8996025505524654,0.01329848521147001,0.5925645353176703,0.00016122228081617046,0.0649495056435275,0.17429191814859826
0.18985,189.85,0.3201869710767968,0.8996771767508038,0.013300538636214906,0.5925645709344491,0.00016122402168909988,0.06494952837477089,0.17429098757040912
0.1899,189.9,0.32042922851820543,0.8999089743244528,0.013311143255947087,0.5925647082245092,0.0001612313780155967,0.06494963396268068,0.17429305552194052
0.18995,189.95000000000002,0.32043592533758924,0.8999141379092224,0.013312702133610244,0.5925647325064007,0.00016123271929645408,0.0649496538411217,0.17429491667831876
0.19,190.0,0.3201852322383583,0.8996740519187809,0.013302250366386376,0.5925648800068668,0.00016124045525273202,0.06494975898407487,0.17429481328074217
0.19005,190.04999999999998,0.32005657801755166,0.8995521881814237,0.013295521513541403,0.5925649383468038,0.00016124369159295843,0.06494981331094479,0.17429429629285934
0.1901,190.1,0.3202262146599092,0.8997152951049537,0.013302131251151816,0.5925650145272389,0.00016124747996342173,0.06494986328878662,0.17429470988316562
0.19015,190.15,0.3204002197254796,0.8998810929355401,0.013310424127693829,0.5925650956113682,0.00016125196830685465,0.06494993237366593,0.17429429629285934
0.1902,190.20000000000002,0.32028730979268627,0.8997720601848528,0.013306595190320116,0.5925651415328637,0.00016125426373876008,0.06494996017767593,0.17429336571467022
0.19025,190.25,0.32005187296405885,0.899547367098089,0.013295992965647388,0.5925652758314937,0.00016126137668864013,0.06495006578862662,0.17429326231709366
0.1903,190.29999999999998,0.3200430765123861,0.8995401621084194,0.013294422721153606,0.5925652959719271,0.00016126243626424038,0.064950083289615,0.17429398610012964
0.19045,190.45000000000002,0.32012663679588765,0.8996188208421322,0.013299554766296911,0.5925655149576343,0.00016127378506272517,0.06495024413916431,0.17429470988316562
0.1905,190.5,0.3199587404323414,0.8994592636174349,0.013291298650655205,0.5925655936916295,0.00016127800561769608,0.06495031279801454,0.17429667443712044
0.19055,190.55,0.32004902218582737,0.8995464676816897,0.013294409794625147,0.5925656256042517,0.00016127952771955665,0.06495033281155552,0.17429533026862504
0.1906,190.6,0.32022526410600116,0.8997145753159499,0.013302627729270744,0.5925657049921639,0.00016128372449206006,0.06495039686017016,0.17429667443712044
0.19065,190.64999999999998,0.32018743562980534,0.8996774217324921,0.01330197269411929,0.5925657238924309,0.00016128466922777314,0.0649504094428784,0.17429553706377818
0.1907,190.70000000000002,0.31997780615751414,0.8994772422566422,0.013292638207862268,0.5925658336878046,0.00016129030182104455,0.06495049165993948,0.17429522687104845
0.19075,190.75,0.31990374701621116,0.8994075704983459,0.013288280802775766,0.5925658620960307,0.00016129184391008798,0.06495051926628988,0.17429667443712044
0.1908,190.8,0.32005102738874114,0.8995487122187726,0.013294480374643465,0.5925659201300628,0.00016129468964867305,0.06495055926081572,0.17429729482257986
0.19085,190.85,0.3201588104656161,0.8996509194881773,0.013300096618747734,0.5925659584462194,0.0001612967755831964,0.06495059380431402,0.1742981220031924
0.1909,190.89999999999998,0.3200362517352844,0.8995331943611875,0.013295311650533215,0.5925660047908106,0.000161299036644013,0.06495062327811635,0.1742963642443907
0.19115,191.14999999999998,0.31988284918928417,0.8993872145369831,0.01328815327726358,0.5925662562220567,0.00016131175866871628,0.06495081853522185,0.17429801860561583
0.1912,191.20000000000002,0.31976647413458414,0.8992770751977395,0.013281964287870783,0.592566300590509,0.00016131407566276356,0.06495085915163663,0.17429729482257986
0.19125,191.25,0.31985275671077434,0.8993600011650208,0.013285348052159036,0.5925663265226652,0.00016131528211091108,0.06495087592806169,0.17429853559349867
0.1913,191.3,0.3199736120075783,0.8994748129482546,0.013291436243655905,0.5925663689741673,0.00016131747247840827,0.06495091198634177,0.1742997763644175
0.19135,191.35,0.3199132181831692,0.8994164667396519,0.013289408583561752,0.5925663880236223,0.00016131836694227174,0.06495092378021339,0.17430029335230035
0.1914,191.39999999999998,0.3197437458136204,0.8992551887875518,0.013281296784102274,0.5925664666733907,0.00016132227347669527,0.06495098546654704,0.17430018995472377
0.19145,191.45000000000002,0.3197033640031251,0.8992176021303185,0.01327851705136471,0.5925664813144801,0.0001613230383116542,0.06495100006691859,0.1743005001474535
0.19185,191.85,0.3196168123800112,0.8991348675501394,0.013274982350051878,0.5925667504129531,0.0001613360727679656,0.06495120876856811,0.17430959913419158
0.1919,191.89999999999998,0.31953554153683145,0.8990583387476294,0.01327026755959707,0.5925667763357753,0.00016133737533074224,0.06495123359704191,0.17430794477296646
0.19195,191.95000000000002,0.3196079082900994,0.8991275864288928,0.013273406018616284,0.5925667948786069,0.00016133820701675375,0.06495124609663097,0.1743105297123807
0.192,192.0,0.31968598752823807,0.899201365650365,0.01327772830082266,0.5925668160710957,0.00016133926106289437,0.06495126510270388,0.17431177048329952
0.19205,192.05,0.3196183972179,0.8991365619378257,0.013274961665428627,0.592566835165296,0.0001613401170875606,0.06495127728134892,0.1743105297123807
0.1921,192.1,0.31948380356234685,0.8990090071120552,0.013267981291415053,0.5925668909264239,0.00016134276604523007,0.0649513229624483,0.1743081515681196
0.19215,192.14999999999998,0.31946097506077087,0.898988058026667,0.013266110633882482,0.5925668992634955,0.00016134317916053064,0.06495133142989631,0.17430722098993048
0.1922,192.20000000000002,0.3195494224990533,0.8990721543124552,0.013270487543964714,0.5925669238763979,0.00016134430525885073,0.0649513500192242,0.17430928894146186
0.19255,192.55,0.3193308146772963,0.8988643750913409,0.013259826532044416,0.5925670839901828,0.0001613516518149195,0.06495147840264866,0.17431135689299324
0.1926,192.6,0.31927119089773703,0.8988085508596727,0.013256044306566272,0.5925671005098684,0.00016135243808228683,0.0649514948622678,0.17431104670026354
0.19265,192.64999999999998,0.31932557863109545,0.8988603648146934,0.013258630111507949,0.5925671120382006,0.00016135292827749333,0.06495150294273831,0.1743148724105966
0.1927,192.70000000000002,0.3193730236913768,0.8989048744578281,0.013261576020788203,0.5925671220485302,0.00016135340060860674,0.06495151241755899,0.17431694036212797
0.19275,192.75,0.31930785948591495,0.8988427903113496,0.013258514437625886,0.5925671397604865,0.00016135415254159866,0.0649515243491064,0.17431673356697483
0.1929,192.89999999999998,0.31924657929182604,0.8987857580310041,0.013254328586732646,0.5925671991285262,0.00016135679655791962,0.06495157515334253,0.1743265563367489
0.19295,192.95000000000002,0.3192552023265444,0.898793413236649,0.013255300406977586,0.5925672029436969,0.00016135696907062402,0.06495157866536434,0.17435075136966607
0.193,193.0,0.3191657753212095,0.8987087703103078,0.013250547621640728,0.5925672329420008,0.00016135824186505444,0.06495160117862815,0.17430525643597566
0.19305,193.05,0.31908523117245813,0.8986332242752966,0.013245576754780324,0.59256725900728,0.00016135939920355557,0.06495162542899653,0.1742937793049765
0.1931,193.1,0.3191024089063587,0.8986498840072565,0.013246098672555287,0.5925672627677263,0.00016135955176495973,0.06495162825453267,0.1742927453292108
0.19315,193.14999999999998,0.31915298247694285,0.8986974105246133,0.013249156308234467,0.5925672729002829,0.00016135999273420357,0.06495163719559018,0.17430773797781332
0.19325,193.25,0.3190289355385955,0.8985801007396766,0.01324246226674527,0.5925673142569337,0.00016136171519402916,0.06495166999888866,0.17430018995472377
0.1933,193.3,0.3189810961914107,0.8985355824904763,0.013239153794106536,0.5925673263361301,0.0001613622489222014,0.06495168241939263,0.17429956956926437
0.19335,193.35,0.31901722613744043,0.898569849800954,0.013241022713834823,0.5925673323776025,0.0001613624872553894,0.06495168679541799,0.17430504964082252
0.1934,193.39999999999998,0.31904425497807987,0.8985949548646337,0.0132429512337977,0.5925673369173693,0.0001613626860022398,0.0649516912963188,0.17431631997666858
0.19345,193.45000000000002,0.3189868042177863,0.8985405837563106,0.01323988741188451,0.5925673521357745,0.00016136328680418856,0.06495170213773631,0.17430773797781332
0.1938,193.8,0.318790232517869,0.8983570931057487,0.013226899799619883,0.59256744186616,0.00016136691455708694,0.06495178109872227,0.174316216579092
0.19385,193.85,0.3188211604956665,0.898385927620443,0.013228998071814319,0.5925674464872381,0.0001613670983369919,0.06495178535399936,0.1743382402629012
0.1939,193.89999999999998,0.3187935968800993,0.8983597557930656,0.013227612024137723,0.5925674520231856,0.00016136729914713433,0.06495178909461384,0.17432335101187527
0.19395,193.95000000000002,0.31871690374449285,0.8982880585389569,0.013222644411412602,0.5925674792284856,0.00016136833940794606,0.06495181230552206,0.17432242043368615
0.194,194.0,0.31867443532735595,0.8982488060886463,0.013219439396993092,0.5925674897497086,0.00016136875954104752,0.06495182335560988,0.17432180004822673
0.19405,194.05,0.3186939791605825,0.8982672911476164,0.013220500707737712,0.5925674921971275,0.00016136884677807504,0.06495182519178902,0.17432583255371292
0.1941,194.1,0.31870826544600117,0.8982803761130935,0.013221704075356685,0.5925674941653934,0.00016136892420927273,0.06495182719875048,0.1743524057308912
0.19415,194.14999999999998,0.3186609686963243,0.8982359690850328,0.0132188269998524,0.5925675063656034,0.0001613693609272827,0.06495183636885522,0.17433875725078407
0.1944,194.39999999999998,0.3185293274078241,0.8981136224413,0.01320958544004586,0.5925675575438013,0.00016137122185985638,0.0649518821210362,0.1742602784901681
0.19445,194.45000000000002,0.31847307597997443,0.8980616820162022,0.013205293006130204,0.5925675754494927,0.00016137186726826954,0.06495189978232195,0.1741852118495789
0.1945,194.5,0.31846866295520154,0.8980579244967289,0.013204638916639212,0.5925675768128336,0.00016137191816204007,0.06495190141223757,0.17424135673365596
0.19455,194.55,0.3184855606519814,0.89807352701174,0.013205935883346563,0.5925675785358695,0.0001613719785550619,0.06495190304579275,0.1743651236328092
0.1946,194.6,0.31846271489579586,0.898052052304047,0.013204569264109293,0.5925675828240219,0.00016137211659935836,0.06495190609417852,0.1743549906703054
0.19465,194.64999999999998,0.31840159664557,0.8979954625757657,0.013200063012976987,0.5925676043493842,0.0001613728428166119,0.06495192523520485,0.17426317362231203
0.1947,194.70000000000002,0.3183610150090326,0.8979582840614817,0.013196671192623253,0.5925676152598949,0.00016137322262019395,0.06495193685053972,0.17429326231709366
0.19475,194.75,0.31836622712267976,0.8979633299353831,0.013196838177300297,0.5925676159806269,0.0001613732461461234,0.06495193753338517,0.17430298168929115
0.1948,194.8,0.31837280113178,0.8979692302366983,0.01319751265158671,0.5925676167215792,0.00016137327108684625,0.06495193828131347,0.17444236162250634
0.19485,194.85,0.3183364658231867,0.8979354627857581,0.013194954135154133,0.5925676257720807,0.00016137355454027785,0.06495194545743381,0.17435292271877403
0.1949,194.89999999999998,0.3182792278610933,0.8978828369547069,0.01319036339693839,0.592567646476538,0.00016137422309104056,0.06495196516251095,0.17423959897485428
0.19495,194.95000000000002,0.3182532568100548,0.8978592834068592,0.013187951680761898,0.592567652069608,0.0001613744105479146,0.06495197163531817,0.17422501991655803
0.195,195.0,0.3182615875508463,0.8978670579253001,0.01318850850351774,0.5925676526521543,0.00016137442808688887,0.06495197213254224,0.17440203656764436
0.19525,195.25,0.3181542577858951,0.8977687619215301,0.013179510568927794,0.5925676873880463,0.00016137548535645347,0.06495200564946509,0.1744894075198453
0.1953,195.3,0.3181375450924527,0.8977532536566846,0.013178309092348354,0.5925676902596231,0.00016137556370438965,0.0649520078149826,0.17456219941374995
0.19535,195.35,0.31809022482258104,0.8977100209467728,0.01317423892404988,0.5925677071558754,0.00016137604324762298,0.06495202354749859,0.17442881653997577
0.1954,195.39999999999998,0.3180504656743455,0.8976740692137406,0.013170444674791422,0.5925677199392376,0.00016137641199399377,0.06495203739763063,0.17444256841765948
0.19595,195.95000000000002,0.3178340799693505,0.8974793982937582,0.013148798884266311,0.5925677871521287,0.00016137812414566637,0.06495210701898556,0.17461917147843953
0.196,196.0,0.3178230514824464,0.8974693808731583,0.013147789472552983,0.5925677887708144,0.00016137815876472408,0.0649521083532619,0.17466735474912076
0.19605,196.05,0.3177889994938682,0.8974388906924803,0.013144240250131596,0.5925678010739786,0.00016137842884656855,0.06495212051903716,0.17460035311950395
0.1961,196.1,0.3177512528442185,0.8974054675607522,0.013139932558236669,0.592567816543659,0.00016137876775223863,0.06495213791999327,0.17456075184767797
0.19615,196.14999999999998,0.31773343903890566,0.8973899127436258,0.013137677731296087,0.5925678206096654,0.0001613788576938441,0.06495214321693313,0.17455992466706544
0.1962,196.20000000000002,0.3177292511167062,0.8973862426085147,0.013137160166038688,0.5925678208265579,0.0001613788623590806,0.06495214349464383,0.1745643707628579
0.1966,196.6,0.3175428540553929,0.8972233836300574,0.013113692280646549,0.5925678897086458,0.00016138009875509064,0.06495222248599589,0.17457595129143363
0.19665,196.64999999999998,0.31752963227298325,0.8972121800495679,0.013111677034390819,0.5925678926137387,0.00016138014521260502,0.06495222660073743,0.17457657167689306
0.1967,196.70000000000002,0.31752090700760327,0.8972046514247521,0.013110481635033772,0.5925678938358516,0.0001613801629379051,0.06495222797232982,0.17457926001388385
0.19675,196.75,0.3174999026268341,0.8971865178738465,0.01310761825980664,0.592567901180078,0.0001613802652574632,0.06495223606335332,0.17457988039934327
0.1968,196.8,0.31746801181130035,0.897159347491172,0.013102915012447685,0.5925679181169844,0.00016138049313048147,0.06495225678292998,0.17457853623084787
0.1972,197.2,0.31731249210822404,0.8970307454493099,0.013076067888646545,0.592567987852109,0.00016138119954505186,0.06495235265698085,0.17457863962842443
0.19725,197.25,0.31729107914305804,0.8970134612442926,0.013071951004449448,0.5925679996367054,0.00016138127464258712,0.06495236891349757,0.17457739885750562
0.1973,197.3,0.31726165277510743,0.8969902214250431,0.013065788198211659,0.5925680232173091,0.0001613814008986868,0.0649524045184287,0.17457884642357757
0.19735,197.35,0.31723390579774824,0.8969689578321988,0.013059328215985351,0.5925680464847702,0.0001613814967262083,0.06495244351680983,0.17457739885750562
0.1974,197.4,0.3172133326627952,0.8969536805294597,0.01305404687109505,0.5925680609033012,0.00016138153937035615,0.0649524696666554,0.17457874302600102
0.19745,197.45,0.31719469826022306,0.8969401532366803,0.01304895324023547,0.5925680743321265,0.00016138156513898893,0.06495249400568712,0.17457853623084787
0.19795,197.95,0.3126126113214796,0.8944669102959899,0.011263865942374144,0.5928913461407982,0.00016138161675432084,0.06543733380619894,0.17447420807608963
0.198,198.0,0.31114528789963425,0.8936560595700643,0.010806511779950036,0.5930902693623129,0.00016138161675454128,0.06563264577851034,0.1744659362699641
0.19805,198.05,0.3094167776288216,0.8926910172091498,0.010322800024145885,0.5933698071064832,0.00016138161675466006,0.0658510557041563,0.17446800422149547
0.19845,198.45,0.2855734603113096,0.8792372007728962,0.006542806046398911,0.599977641202838,0.0001613816167548288,0.06752386300556745,0.17461286422626882
0.1985,198.5,0.28134084763471806,0.8768806890696293,0.00613845298347015,0.6014492364868624,0.0001613816167548311,0.06767648938800044,0.17462382436938514
0.19855,198.55,0.2768457130014911,0.8743919796444956,0.005751868537247689,0.6030689377403645,0.00016138161675483274,0.06781599772745146,0.1745947696503692
0.1986,198.6,0.27209773578961954,0.8717782874816072,0.005382577678252291,0.6048338046238295,0.00016138161675483383,0.06794330427425666,0.17461875788813327
0.19865,198.65,0.26710854486626817,0.8690475469330753,0.0050300030307400935,0.6067395643085528,0.00016138161675483461,0.06805934684185923,0.17460242107103535
0.1987,198.7,0.26189176752647614,0.8662084697465792,0.004693523826002449,0.6087806795673052,0.0001613816167548353,0.06816503658285308,0.1745375907905265
0.19875,198.75,0.2564630558533805,0.863270603600902,0.004372513673593908,0.6109504187467867,0.00016138161675483583,0.06826123214209283,0.17456809307561438
0.1988,198.8,0.2508400841129495,0.8602443857564716,0.004066363733061491,0.6132409352064684,0.00016138161675483613,0.06834872790877296,0.17454844753606627
0.19915,199.15,0.20791534952920832,0.837665031037139,0.0022956939239799873,0.6318152229820508,0.0001613816167548375,0.06877100741533775,0.17431032291722756
0.1992,199.2,0.20158818703937756,0.8344228397250765,0.0020908168407657384,0.6346952778905828,0.00016138161675483754,0.06881019336321008,0.17423629025240406
0.19925,199.25,0.1952988460067263,0.8312288712627779,0.0018969240147242,0.6375967225379178,0.00016138161675483754,0.06884529063691916,0.17453376508019344
0.1993,199.3,0.1890774539039017,0.8281024166261821,0.001713735966389711,0.6405084406264236,0.00016138161675483757,0.06887661999976168,0.1745081224812043
0.19935,199.35,0.1829540156656175,0.8250632707923602,0.0015409931476205504,0.6434199623530124,0.00016138161675483768,0.06890447902811199,0.1744320218648494
0.1994,199.4,0.17695812385204304,0.8221315964226393,0.0013784537203586553,0.6463216157038769,0.00016138161675483768,0.06892914473739675,0.17441434087925609
0.1995,199.5,0.16546361263122658,0.8166722441237573,0.001083095475106387,0.6520613756107735,0.0001613816167548378,0.06896991444712298,0.17433844705805435
0.19955,199.55,0.16001965284068917,0.8141853327589677,0.0009498666249180113,0.6548851786120264,0.0001613816167548379,0.06898648802332438,0.17360804657717002
0.1996,199.6,0.15481207464928398,0.8118870804582783,0.0008260190920213262,0.6576706426477192,0.000161381616754838,0.06900081040311698,0.17386147403734098
0.19975,199.75,0.1408344284547629,0.8063165555094258,0.0005090783782942098,0.6657607917600444,0.00016138161675483822,0.06903223087451377,0.17471667539314423
0.1998,199.8,0.13678930234790146,0.8049612294185914,0.00042112657548673706,0.6683626327468123,0.00016138161675483833,0.06903945655954859,0.17395018915803728
0.19985,199.85,0.13307864404624076,0.8038840870027337,0.00034179761340808157,0.6709168137922294,0.0001613816167548383,0.0690453358069681,0.17489017652662722
0.1999,199.9,0.12971540316820301,0.8030996395351214,0.000270973638781819,0.6734247785402409,0.0001613816167548383,0.06905002299260644,0.17428819583584176
0.19995,199.95,0.12671007208579815,0.802620868283559,0.00020854825787976108,0.6758889093483748,0.0001613816167548383,0.06905366554781604,0.1750366908926257
0.2,200.0,0.12407062772211151,0.8024590685167807,0.00015442662367666485,0.6783124295713345,0.0001613816167548383,0.06905640472844399,0.17447203672698167
0.20005,200.05,0.12180249241094226,0.8026237034987829,0.00010852543121783486,0.6806992967006243,0.0001613816167548383,0.06905837639437581,0.17471522782707227
0.20025,200.25,0.11646163854480075,0.8066645370688597,5.8516098992066485e-6,0.689978307533969,0.0001613816167548383,0.06906115802143038,0.17478719254036437
0.2003,200.3,0.11604186237524906,0.8085304454125388,1.8849011983928116e-7,0.6922583288922084,0.0001613816167548383,0.06906119287359327,0.17442726557632723
0.20035,200.35,0.11597273448187916,0.8107344458841654,2.4677136575904124e-6,0.6945337364712982,0.0001613816167548383,0.06906120261641593,0.17472567098230574
0.2004,200.4,0.11624248768723276,0.8132701415021982,1.267083154534234e-5,0.6968098818994998,0.0001613816167548383,0.06906130465315359,0.1743969700863925
0.20045,200.45,0.11683728004290228,0.8161286101451893,3.0782466080771685e-5,0.6990916695106351,0.0001613816167548383,0.06906161567162646,0.17469382452872245
0.2006,200.6,0.1204062323315672,0.8265133642382624,0.00013239211608974042,0.7060090776230251,0.0001613816167548383,0.06906495749359888,0.17448878713438587
0.20065,200.65,0.1221279988884834,0.8305230625623039,0.00018192402304637305,0.7083465390030107,0.0001613816167548383,0.06906725205081116,0.17494942333800134
0.2007,200.7,0.1240815906921055,0.8347731875063943,0.00023920104616901848,0.7107003460997149,0.0001613816167548383,0.06907031861686516,0.17462889085063704
0.20075,200.75,0.12624534994479972,0.8392400430884621,0.00030413475211333484,0.7130683721957635,0.0001613816167548383,0.06907425840574284,0.17514836027532035
0.2008,200.8,0.1285972949314254,0.8438977426683337,0.0003766005942536136,0.7154465877252266,0.0001613816167548383,0.06907916394136829,0.17476092955591582
0.20085,200.85,0.13111541988840703,0.8487183578067138,0.0004564281805470289,0.7178288995417536,0.0001613816167548383,0.06908511565492585,0.17530955709719162
0.2009,200.9,0.1337779755134954,0.8536720992336563,0.0005433904642539052,0.7202070405647683,0.0001613816167548383,0.06909217774275038,0.17485119564026066
0.20125,201.25,0.15476799713781403,0.8893001142395862,0.0013153785705244177,0.7356169419225536,0.00016138161675483892,0.06917230423740274,0.1712492376628985
0.2013,201.3,0.15788079986299297,0.894112108241933,0.0014405394273125588,0.7374412794354213,0.00016138161675483898,0.06918692526308384,0.17118657873149762
0.20135,201.35,0.1609686700896298,0.8987536406587738,0.0015663883060890121,0.7391207757200231,0.00016138161675483906,0.06920170734311612,0.1688880506043659
0.2014,201.4,0.16401258977273506,0.9031943652290877,0.0016916196330549274,0.7406427972980224,0.00016138161675483917,0.06921634483646152,0.17020605951289258
0.20145,201.45,0.1669922804746521,0.9074063238314803,0.0018148451052858667,0.741998276495348,0.00016138161675483925,0.06923051762998197,0.16761853515925013
0.2015,201.5,0.16988603117271966,0.9113643914668494,0.001934627476081524,0.7431823624144765,0.00016138161675483933,0.06924391027924395,0.17129928208995795
0.20175,201.75,0.18223026551716084,0.9267086427843508,0.002433992589813292,0.7466816973232523,0.00016138161675483974,0.0692911009381379,0.18394191057221843
0.2018,201.8,0.18410667967216465,0.9288142349012221,0.00250614828259186,0.7469830261179509,0.00016138161675483976,0.06929596917816955,0.19223470640579224
0.20185,201.85,0.18573684227148632,0.9305923009587435,0.0025674365802907644,0.7471922143612733,0.00016138161675483976,0.06929948443738508,0.19491756332503143
0.20195,201.95,0.1882049062767749,0.9331879197160202,0.00265698492207762,0.7474093136405213,0.00016138161675483976,0.06930330106922943,0.19702253118882573
0.202,202.0,0.18902791455462709,0.9340244967266919,0.0026856920716061008,0.7474515887457807,0.00016138161675483976,0.06930407855655786,0.1974212322440763
0.20205,202.05,0.18957547216396642,0.9345709745199253,0.00270437492300084,0.7474691914482533,0.00016138161675483976,0.06930441162075779,0.1976690762351125
0.2021,202.1,0.18985288153161392,0.934843446609027,0.0027137848610569414,0.7474736640196255,0.00016138161675483976,0.06930450035729711,0.1982676448058712
0.20215,202.15,0.1898702559315385,0.9348600801177134,0.002714810201879624,0.7474739484634351,0.00016138161675483976,0.06930450620270776,0.1983382653506679
0.2022,202.2,0.18964209103795823,0.9346408353864938,0.0027084319248937955,0.7474764903070901,0.00016138161675483976,0.0693045478703926,0.1982859461769239
0.2026,202.6,0.1817319281333306,0.9272102482540432,0.002511825783476044,0.74775945515516,0.00016138161675483976,0.06930933083878678,0.198565016236084
0.20265,202.65,0.18040277341410488,0.9259601731017226,0.0024824695532573017,0.7478091776877456,0.00016138161675483976,0.06931013526062624,0.198885858916178
0.2027,202.7,0.1790990616159468,0.924730384440236,0.0024544526180523933,0.7478550831562761,0.00016138161675483976,0.06931086808422626,0.19877356914802394
0.20275,202.75,0.17785140289535387,0.9235493091277547,0.002428318836040993,0.7478955321448356,0.00016138161675483976,0.06931150588299494,0.19903175289671704
0.2028,202.8,0.17668998727780924,0.9224454656444647,0.002404559307865943,0.7479293442234187,0.00016138161675483976,0.06931203329168228,0.1989438649566333
0.20285,202.85,0.17564442267208089,0.9214473531844216,0.002383619480129089,0.7479558561315885,0.00016138161675483976,0.06931244325052945,0.19912408693259329
0.2029,202.9,0.17474358465573692,0.9205833332514838,0.0023659064861036474,0.7479749609270856,0.00016138161675483976,0.06931273699376721,0.1989836730236124
0.20305,203.05,0.17318419080461284,0.919074656492968,0.002335778828204782,0.7479955500435103,0.00016138161675483976,0.06931305511885541,0.1988239237678131
0.2031,203.1,0.17313135296426269,0.9190232491741258,0.002334533045979763,0.7479957347794058,0.00016138161675483976,0.06931305834355406,0.19866138277744644
0.20315,203.15,0.17335160494244284,0.9192409338757886,0.002338227658973753,0.7479968621010932,0.00016138161675483976,0.06931307310880433,0.19863739453968238
0.20325,203.25,0.1746953068337341,0.9205806340947742,0.0023617539512979634,0.7480163864431236,0.00016138161675483976,0.06931335094547324,0.19848591709000862
0.2033,203.3,0.17585607332639683,0.9217479672545446,0.0023822749834310057,0.7480434737456013,0.00016138161675483976,0.06931374691552446,0.19769296107529996
0.20335,203.35,0.177364203614997,0.9232746462764191,0.0024091282567256984,0.7480888750755742,0.00016138161675483976,0.06931442325666783,0.1974379826514805
0.2034,203.4,0.1792328868006316,0.9251792489525982,0.002442719762072959,0.7481583850135194,0.00016138161675483976,0.0693154801792423,0.19641403645071642
0.2039,203.9,0.21857513958357977,0.9673794167508036,0.0032772792044964763,0.7518507857536985,0.00016138161675484014,0.06938918974144209,0.18847444673870276
0.20395,203.95,0.22441021593537988,0.9739332825159649,0.0034297189220032563,0.7527219931731588,0.00016138161675484025,0.06941090069801935,0.18802332311213166
0.204,204.0,0.23050997665920006,0.9808663317408868,0.0036000164779955595,0.7537255521356152,0.0001613816167548404,0.06943799613089761,0.18881876066867795
0.20405,204.05,0.23684063509195036,0.9881529570063162,0.0037902497430394545,0.7548717184226694,0.0001613816167548405,0.06947180684803562,0.18886704733693574
0.2041,204.1,0.2433643983209512,0.9957625278925214,0.0040028855447022385,0.7561701196408549,0.0001613816167548407,0.06951405056351417,0.19190083563105054
0.2044,204.4,0.28405807127624827,1.0458261694627022,0.005975697775493676,0.7675122670893736,0.00016138161675484565,0.07014747787311243,0.2220538437052929
0.20445,204.45,0.2906535683967618,1.0544006135071742,0.006487517120528904,0.77000278838738,0.00016138161675484922,0.0703924495941107,0.222787656306204
0.2045,204.5,0.29707854862135546,1.0628700202298351,0.007089003460100378,0.7726483627396041,0.0001613816167548562,0.07073093488315318,0.2226621316482491
0.2046,204.6,0.3093256552290717,1.0792121339641583,0.008708107444127075,0.778361231162481,0.00016138161675491623,0.07197362233693262,0.22235917674890154
0.20465,204.65,0.3151734620934006,1.0869501789040033,0.00988566573573338,0.7814277228636151,0.00016138161675512106,0.07327828736489658,0.22139892345530404
0.2047,204.7,0.3209975068486382,1.0943293455059249,0.011612970578277025,0.7847073136438797,0.00016138161675949636,0.07611419479058448,0.21986605438266674
0.20475,204.75,0.3275262146005009,1.101115611768484,0.01338588486754834,0.78672253097004,0.0001727506266098837,0.08000066726250299,0.22838084481313445
0.2048,204.8,0.32900897135634755,1.1025158893686475,0.013528906669900939,0.7867783139364666,0.00017746609888560748,0.0800448752571132,0.22840834856850184
0.20485,204.85,0.322545804834626,1.0967245950640447,0.013121121807946988,0.7870304460550688,0.00018924471559505788,0.0802214944135263,0.22771175909515562
0.20495,204.95,0.310435782442348,1.0892197646999084,0.01068077605621288,0.7891916519909363,0.00018933065891232583,0.08377589833268151,0.23440799294892553
0.205,205.0,0.30967304085439556,1.0886682985167848,0.01050777203669653,0.7892298835465407,0.00018933065891234456,0.0838157282711889,0.23463856954467469
0.20505,205.05,0.3107807831543467,1.0896575307435825,0.010677173963795557,0.7892807409944455,0.00018933065891236855,0.08385013437888898,0.23470536437913833
0.2052,205.2,0.32169415881242425,1.0996114779520394,0.01325304462089752,0.7908919119191182,0.0001920443982073415,0.08640768253870686,0.23935174127742526
0.20525,205.25,0.3239590057956273,1.1017456511656707,0.013427408485927432,0.7909330127891915,0.00019459610304657678,0.08644520311998569,0.23938720664618848
0.2053,205.3,0.32072890375931,1.098755096299957,0.013250499067065104,0.7909925103904171,0.00019769897350939428,0.08648248305803274,0.23927233193862016
0.20535,205.35,0.31612197509328455,1.0952719467455612,0.01248593555203753,0.7913496730290013,0.0001990649956697439,0.08716941936684541,0.23972376575792098
0.2054,205.4,0.3149268075043975,1.09456590253537,0.012085755889827821,0.7914383906881678,0.00019906499567662653,0.08739547716082005,0.2402049780792737
0.20545,205.45,0.3167059083675099,1.0960659521438902,0.01248560504343484,0.7915589986123934,0.00019906499568904284,0.08758545188155241,0.24014883319519667
0.2055,205.5,0.3203441038727767,1.0992529480082007,0.013226527633974675,0.7918466950901267,0.00020047053564127966,0.08820638623660397,0.24260597320478544
0.20555,205.55,0.3224872150923456,1.101270430341865,0.013383918549684926,0.7918767656404441,0.00020213397949699673,0.08823442189938624,0.2426362686947202
0.2056,205.6,0.32026671769400783,1.0991938377901018,0.01326961424528275,0.7919049129281703,0.00020356988218324742,0.08825177358734124,0.2425643039814281
0.20595,205.95,0.3170827943892117,1.096796332144349,0.012908045874981873,0.7923234162654443,0.00020917739546320833,0.08899021513161301,0.245919865533826
0.206,206.0,0.319669357539683,1.0991334778540434,0.013220689469021116,0.7923857351959193,0.00020998057220262544,0.08909426217317909,0.2469136196422319
0.20605,206.05,0.3216392172244065,1.1009910624886146,0.013354706469556388,0.7924063869447833,0.0002110516327023766,0.08911340323567724,0.24695704662439094
0.2061,206.1,0.32012331940099137,1.0995592852966587,0.013284195986336329,0.7924193351843267,0.00021170569078726638,0.08912125380394507,0.24691434342526788
0.20615,206.15,0.3174963079724683,1.0971566172039957,0.01309493362697886,0.7924533217694729,0.00021276655077087528,0.08915478515526992,0.24689273333176492
0.2062,206.2,0.3177468327963274,1.0974258642670394,0.013087793711175308,0.7924648288971755,0.00021282308274334858,0.08917344892771371,0.246959424768652
0.20625,206.25,0.32040947378804935,1.0999353792495195,0.01327647956574226,0.7924992431058938,0.00021393540141599992,0.08920676688507788,0.2469825858258035
0.2063,206.3,0.321462478187949,1.1009215425174632,0.013352483459425264,0.7925078920996004,0.00021444099578051253,0.08921494058393756,0.24702518562734999
0.20635,206.35,0.31932175781886235,1.0989123077126366,0.013241525245695147,0.7925274771160975,0.0002153699836188401,0.08922828674465318,0.24699158141496502
0.2064,206.4,0.31734216589774256,1.0971103267460085,0.013085548114268746,0.7925485006509657,0.000215956841205377,0.08925171730175675,0.24693812486787878
0.20645,206.45,0.3185385323170775,1.098243183778738,0.013160915755816441,0.7925601364766038,0.0002161680071284978,0.08926298071488371,0.2469701781166152
0.2066,206.6,0.3185652510817964,1.0982888460625586,0.013197834447934853,0.7926135892344597,0.00021853270036049043,0.08930774086705524,0.24698992705373993
0.20665,206.65,0.31751521879327055,1.097342477768807,0.013103453067197424,0.7926226307813498,0.00021876248404340966,0.08931902427326685,0.24693264479632063
0.2067,206.7,0.3194304540404543,1.099153666272676,0.013225643796731842,0.7926402602513262,0.0002192615322740814,0.0893344923330835,0.24697989748881272
0.20675,206.75,0.3213387627847355,1.100961289420779,0.013342544902885528,0.7926556759889791,0.00022004745623924857,0.08934834070742488,0.24699664789621692
0.2068,206.8,0.3203304812848698,1.099998941202035,0.01330303849225101,0.792661783485973,0.00022036320386644147,0.08935196654782498,0.24697110869480435
0.20685,206.85,0.31802583168053916,1.0978546780089602,0.013164074631814293,0.7926823701950552,0.0002211809411333401,0.08937007099977273,0.24695301411890475
0.2069,206.9,0.3180219161955177,1.0978741699050296,0.013144740197130661,0.792686351802591,0.00022126775982455696,0.08937459117614457,0.2469491884085717
0.20695,206.95,0.3202717598392183,1.1000097578564707,0.01327972261464633,0.7927063150404736,0.00022201406735768183,0.08939177103365147,0.2469662490087056
0.207,207.0,0.3213058545206804,1.10098349633126,0.013346687141755902,0.7927125558589239,0.00022237573155141574,0.08939760883790623,0.24697782953728134
0.20705,207.05,0.3195624006031222,1.0993340443924824,0.013264600288927616,0.7927239049673771,0.00022293423729029932,0.08940512057935884,0.24695890778076918
0.2071,207.1,0.31781400993154646,1.0977138986232553,0.013149713958542046,0.7927367783906163,0.0002234065293869671,0.08941797717715963,0.2469296462666001
0.20715,207.15,0.3187708266755753,1.0986300468042958,0.013196597382198017,0.7927428231595021,0.00022357175994136284,0.08942283843179165,0.24695652963650808
0.20725,207.25,0.32094213440520775,1.1006844938371465,0.01333329465027315,0.7927617463954896,0.00022446901594977238,0.08943891774554377,0.24697296985118258
0.2073,207.3,0.3188681032080807,1.0987315330454566,0.013227318042555697,0.7927761575771366,0.00022514078137666503,0.08944976838431654,0.246966145611129
0.20735,207.35,0.31797114039953084,1.0979077868145122,0.013159578284819975,0.792781445115282,0.0002253240969592169,0.08945573449819107,0.24693812486787878
0.2074,207.4,0.31961791386637894,1.0994763678439023,0.013248745163100208,0.7927920393601299,0.0002256958984661267,0.08946412898928656,0.24696169951533653
0.20745,207.45,0.32123636291195096,1.1010135674552113,0.01334011257573469,0.7928016404234,0.00022620436291576713,0.08947257966375474,0.24698444698218175
0.2075,207.5,0.320346623937034,1.100161094339386,0.013307088829219658,0.7928056709227682,0.00022641358365295807,0.08947497211838645,0.24696779997235413
0.20765,207.65,0.3203979759917921,1.1002547798379998,0.013293400436269205,0.7928331366561041,0.000227569730721162,0.08949814261691967,0.2469652150329399
0.2077,207.7,0.32120824279461646,1.101019004776841,0.013343327369203045,0.7928368015584608,0.00022778648656983583,0.08950155337470155,0.24697782953728134
0.20775,207.75,0.3196715814058577,1.0995587476117497,0.013274955340635816,0.7928444443004191,0.0002281708675396752,0.08950662554085904,0.24697203927299347
0.20795,207.95,0.32086801899352474,1.100723549992019,0.013330946884344249,0.7928677358407273,0.00022921587613641101,0.08952641293314909,0.24695839079288634
0.208,208.0,0.31908399503460905,1.0990353366099554,0.013244989873955395,0.792877126356736,0.00022967186854634265,0.08953347096627205,0.2469468102643106
0.20805,208.05,0.318449707041644,1.0984488762476328,0.013200067458643515,0.7928799154920247,0.0002297849471627727,0.08953647238106056,0.24693626371150054
0.2081,208.1,0.319936876586128,1.099870805495591,0.013272815874129835,0.7928871247095655,0.00023007841477778082,0.08954190619824542,0.24694867142068883
0.20815,208.15,0.3212174197944895,1.1010889495010676,0.013341033117310235,0.7928926321032308,0.00023038424019530254,0.08954672742070838,0.24695839079288634
0.2082,208.2,0.32032897789716913,1.1002368351334892,0.013307970903451989,0.792895733995193,0.00023054580991594423,0.08954858161391488,0.24695073937222023
0.20835,208.35,0.32061438200323195,1.1005399602624026,0.013308364689369549,0.7929130401841432,0.0002313402994797708,0.08956271186562824,0.24694846462553569
0.2084,208.4,0.32114263966267703,1.1010373621280318,0.01334124146827313,0.7929149439218514,0.00023145578321285176,0.0895644755185981,0.24695477187770642
0.20845,208.45,0.31974609476430066,1.0997066877767072,0.013281179203868348,0.7929204653036138,0.00023173895335580166,0.08956820625906489,0.24695363450436414
0.2086,208.6,0.32106535412066123,1.1009887773125584,0.013332306358235999,0.7929337785981477,0.00023237191552054567,0.08957928341922997,0.2469544616849767
0.20865,208.65,0.3207989022620887,1.1007273038170755,0.013328546065273426,0.7929349318873717,0.00023243594026457558,0.08958003957297034,0.24694898161341855
0.2087,208.7,0.31927543399511243,1.0992809100804632,0.013257967367751186,0.7929411128053317,0.000232746153564584,0.08958474114797549,0.24694226077094156
0.20875,208.75,0.31892524412902623,1.0989581982150571,0.013231920707713243,0.7929424818529365,0.0002328070367881253,0.08958615095510188,0.24693564332604112
0.2088,208.8,0.32028181294523,1.1002581164329732,0.013293968954062384,0.7929476415096515,0.00023304122017181087,0.08958995892834058,0.24694598308369803
0.20885,208.85,0.32121959832934377,1.1011505364176446,0.013342415136487226,0.7929505506426743,0.00023321029915506555,0.08959252990765726,0.24694898161341855
0.2089,208.9,0.32030781600837344,1.1002758838335238,0.013308004297180865,0.792953132266655,0.00023334599291401415,0.08959410970291345,0.24694081320486957
0.20915,209.15,0.3198180230965316,1.0998248442427345,0.013285981131755872,0.7929690458248451,0.00023415018808548582,0.08960651196554745,0.24693719428968966
0.2092,209.2,0.3190763206533393,1.0991263447908877,0.013244890164183823,0.7929710572221982,0.00023424887809147515,0.08960844837384838,0.24693150742297837
0.20925,209.25,0.32002011966577393,1.1000337941234535,0.013283996853996376,0.7929736950656513,0.00023436624156688755,0.0896102513924084,0.246934712747852
0.2093,209.3,0.32115876110742636,1.1011219583245186,0.013338123046443278,0.7929771486854739,0.00023455870924094427,0.089613115760272,0.24693946903637418
0.20935,209.35,0.32073345444825935,1.1007096561692686,0.013326175039498532,0.7929781505757493,0.00023461271885019043,0.08961371284483377,0.24693647050665368
0.2094,209.4,0.31946528551806885,1.0995030029921133,0.013268839729241044,0.7929821225763799,0.00023481807658800406,0.08961679724978576,0.24693212780843776
0.20945,209.45,0.31937794144297355,1.0994274597012472,0.01325777034407745,0.7929828210005638,0.00023485040457071112,0.08961744414816508,0.24693150742297837
0.2095,209.5,0.3205947861946642,1.1005949547257967,0.013310999848495533,0.7929865159923937,0.0002350324705285995,0.08962016364349817,0.24693781467514908
0.20955,209.54999999999998,0.32120865576857593,1.1011783933241361,0.0133429122048346,0.7929879117146053,0.00023511687014559417,0.08962142258864209,0.24694474231277921
0.2096,209.60000000000002,0.32029384863587773,1.1003008506383913,0.01330794877035618,0.7929900950147977,0.0002352331967121021,0.08962280829953184,0.24693946903637418
0.20965,209.65,0.3193384633619567,1.0993946598926772,0.013261347567032955,0.792992559350874,0.00023536004144874667,0.0896249523624105,0.2469317142181315
0.2097,209.7,0.3198544628839056,1.0998941012241163,0.01327905019306592,0.792993654787976,0.0002354083312653084,0.08962566097075411,0.24693543653088798
0.20995,209.95,0.3203841144726367,1.1004102475238664,0.013302833534409073,0.7930034127501929,0.00023592100111513635,0.08963308127551207,0.24694463891520263
0.21,210.0,0.3212124884615802,1.10120172423193,0.013341659648299716,0.7930052338115015,0.0002360272309195804,0.0896346231765003,0.24694794763765285
0.21005,210.04999999999998,0.32067112779833745,1.1006792130653995,0.013323826233425852,0.7930061976156793,0.00023607894069879116,0.08963519105361671,0.24694360493943696
0.2102,210.2,0.3208423143303714,1.100856344699465,0.013323613791968843,0.7930116416130478,0.0002363634210814989,0.08963937387746136,0.24694422532489635
0.21025,210.25,0.32116943091068445,1.1011656937762628,0.013342032351460056,0.7930122540845157,0.000236401446367646,0.08963993310006207,0.2469451559030855
0.2103,210.29999999999998,0.32029088072483014,1.1003230077704569,0.013308057856175014,0.7930140457082819,0.00023649832150749638,0.08964111895262149,0.2469403996145633
0.21035,210.35000000000002,0.319629423768357,1.099695250177184,0.01327566368665669,0.7930152834967179,0.00023656461565743492,0.08964223004546586,0.24693719428968966
0.2104,210.4,0.3202281765567144,1.1002731881957741,0.013297565805756384,0.7930163209730516,0.00023661382334304594,0.08964289536915761,0.24694753404734657
0.21045,210.45,0.32113372913500443,1.1011408309711386,0.013337494860084391,0.7930182307607921,0.00023672176157119102,0.08964442080341653,0.24694825783038254
0.2105,210.5,0.3209384372764735,1.1009493031428528,0.013334148829935537,0.7930186264756726,0.00023674379499023386,0.08964467259897656,0.2469468102643106
0.2106,210.60000000000002,0.31980796437874276,1.0998734704227164,0.013282028818220389,0.7930210156938494,0.00023687288892847573,0.08964652635592651,0.24693988262668046
0.21065,210.65,0.3206687898808372,1.1007013715630865,0.01331673053446266,0.7930227051912055,0.0002369595611026292,0.08964771134409269,0.2469403996145633
0.2107,210.7,0.3212144432415059,1.1012219514524646,0.013342725195358798,0.7930235730840027,0.00023701209828976168,0.08964847096765706,0.2469424675660947
0.21075,210.75,0.32061243768096753,1.1006421417204495,0.013321500773249902,0.7930244940609856,0.00023706196404085485,0.089649034643731,0.24693833166303192
0.2108,210.79999999999998,0.3198486677852056,1.0999140778213732,0.01328724359815052,0.7930258668348802,0.0002371368776033455,0.08965016876797208,0.24693347197693316
0.21085,210.85000000000002,0.3201352193210718,1.1001930938953586,0.013295225217028476,0.7930262925650606,0.00023715703351272462,0.08965043967787702,0.24693595351877082
0.2112,211.2,0.32084970196463086,1.1008786545146574,0.013330749760320237,0.7930325458100622,0.000237501634065,0.08965511314962062,0.24693016325448297
0.21125,211.25,0.32008457242590777,1.1001470652772172,0.01329854690428451,0.7930338123761288,0.00023757153881182424,0.08965608757799036,0.2469246831829248
0.2113,211.29999999999998,0.3201019984316309,1.1001678656310656,0.013295400452346982,0.7930340289817808,0.00023758265455711282,0.08965626237118034,0.24692726812233903
0.21135,211.35000000000002,0.32086124308940744,1.100897829775285,0.013325984762704633,0.7930352654794514,0.0002376490641834963,0.08965715187825644,0.2469310938326721
0.2114,211.4,0.3211641914803326,1.1011856804757933,0.01334147679786782,0.7930356364470648,0.00023767210541106906,0.08965748778573254,0.24693295498905032
0.21145,211.45,0.3205568223561118,1.1006015005617524,0.013319156727688257,0.7930364599626012,0.00023771719946201394,0.08965801819571151,0.2469300598569064
0.2115,211.5,0.3200235667527481,1.100093421773351,0.01329472778441018,0.7930371676504345,0.0002377567736839984,0.08965862782027002,0.2469257171586905
0.21155,211.54999999999998,0.32040414468680395,1.1004617165738892,0.0133074666543665,0.7930376017151124,0.00023777817710263408,0.08965889616263192,0.24692592395384363
0.21195,211.95,0.32017090437199397,1.1002391678329724,0.013301896590318326,0.7930424487749365,0.00023804898003210704,0.08966254326456163,0.2469363671090771
0.212,212.0,0.32032688465961,1.1003919510620392,0.013305283215954802,0.793042629260145,0.00023805794475034037,0.08966266043018538,0.246941433590329
0.21205,212.04999999999998,0.3209581739886168,1.1009984408008164,0.013330964164540037,0.7930434636727146,0.00023810427148031465,0.08966327948678904,0.24694195057821183
0.2121,212.10000000000002,0.3210676049746101,1.1011007882315258,0.01333821213200539,0.7930436183968141,0.00023811382253751973,0.08966341651185158,0.2469424675660947
0.21215,212.15,0.3205009838121251,1.1005564336578284,0.013316658446273208,0.7930442935570916,0.00023815110767223233,0.08966387415302635,0.24694019281941015
0.2122,212.2,0.3201675000696307,1.1002393482981585,0.013300607393616807,0.7930446218466011,0.00023816985180680954,0.08966417067417537,0.2469374010848428
0.21225,212.25,0.32058380141628245,1.100641122463327,0.01331557379425729,0.7930450394098446,0.00023819124137960948,0.08966443701606196,0.24693833166303192
0.2123,212.29999999999998,0.32107891579721004,1.1011154744163416,0.013336918385950412,0.7930455889771716,0.00023822339258239308,0.08966488226762777,0.24693967583152732
0.21235,212.35000000000002,0.32087731861521135,1.1009194994330265,0.013331482921839282,0.7930457660278395,0.00023823297185700043,0.08966498689734595,0.24693946903637418
0.2126,212.60000000000002,0.3206457335608895,1.1006990160696106,0.013322461684566737,0.7930477354967589,0.00023834250506573045,0.0896664383988489,0.24693543653088798
0.21265,212.65,0.3202348975910768,1.1003068768105695,0.013304184640594085,0.7930481323112344,0.00023836502358596674,0.08966677219621114,0.2469297496641767
0.2127,212.7,0.32047135893992407,1.1005361136853604,0.013311604358272267,0.7930483181293957,0.00023837433593877974,0.08966688530371278,0.2469296462666001
0.21275,212.75,0.32096400570135963,1.1010088156014533,0.01333209309263084,0.7930488324175159,0.00023840354099624977,0.08966728114581489,0.24693357537450975
0.2128,212.79999999999998,0.3209326793416631,1.1009764366594679,0.013333238073158433,0.7930489197426469,0.0002384085501384884,0.08966734510905126,0.24693119723024864
0.21285,212.85000000000002,0.32043852961709957,1.1005022980049874,0.013313761581109529,0.7930494258903995,0.0002384366200985735,0.08966770542852467,0.24692923267629382
0.2129,212.9,0.32026531866788926,1.1003385374141192,0.013304459091585818,0.7930495655766722,0.00023844467172681963,0.08966783634783135,0.2469309904350955
0.21295,212.95,0.3206701621299045,1.100728513364802,0.013319707451310642,0.7930499271498447,0.0002384637059865978,0.08966807730916003,0.2469323346035909
0.213,213.0,0.32099899718553854,1.1010428306782953,0.013334511123652344,0.7930501967923435,0.00023847976453478573,0.08966830646492055,0.24693409236239258
0.21305,213.04999999999998,0.3207352137936955,1.100787924794666,0.013325834400259064,0.7930503872533224,0.0002384899747364195,0.08966842010578784,0.24693533313331142
0.2131,213.10000000000002,0.32030403656005846,1.1003754718469145,0.013307535468387427,0.7930507896827937,0.000238512581475425,0.08966873790895843,0.24693460935027542
0.21325,213.25,0.32092320574893257,1.100970352736265,0.013332432951396448,0.7930513664320833,0.0002385445817557653,0.08966917182372433,0.2469336787720863
0.2133,213.29999999999998,0.3205279903104348,1.100590486450612,0.013317436767549205,0.7930517008891512,0.00023856286899385655,0.08966939651255348,0.24693119723024864
0.21335,213.35000000000002,0.3202625758167969,1.1003377750983345,0.013304937711059039,0.7930518937586025,0.00023857391346436172,0.08966956745774092,0.24692809530295157
0.2134,213.4,0.32053013570219513,1.1005961087974945,0.013314356491880576,0.7930520768822527,0.00023858326968078246,0.08966968217889232,0.2469324380011675
0.21345,213.45,0.32088847229924244,1.1009392870944144,0.013329818853304858,0.7930523641760762,0.00023859980613777517,0.08966991319627535,0.2469333685793566
0.2135,213.5,0.32076666998922354,1.1008205986651478,0.013326790607969704,0.793052445423926,0.00023860414454721565,0.08966996235472033,0.24693388556723944
0.21355,213.54999999999998,0.3203608759226358,1.1004318301203024,0.01331013327948337,0.7930527940335766,0.00023862346780211506,0.08967022270249672,0.24693130062782523
0.21375,213.75,0.32057483713356366,1.1006373887343082,0.013319220357540634,0.7930534424076878,0.0002386590988642591,0.08967069865946532,0.24692644094172647
0.2138,213.79999999999998,0.3202639876945107,1.1003406069139652,0.013305391641831083,0.7930536684116725,0.00023867181034635684,0.08967088619243088,0.24692582055626705
0.21385,213.85000000000002,0.3203996878328047,1.1004724195076976,0.013309360423640617,0.7930537457400378,0.00023867567176853364,0.08967093365353739,0.24692654433930303
0.21395,213.95,0.32074167002463644,1.1007986283745814,0.013325452761185233,0.7930540476633049,0.00023869252936212985,0.08967116539128826,0.24692809530295157
0.214,214.0,0.3203940429959891,1.100465160120306,0.013311568676050866,0.7930543079947011,0.0002387067028450533,0.08967134974946801,0.246927991905375
0.21405,214.04999999999998,0.32024258802354033,1.1003216365830613,0.013303729055469627,0.7930543947554426,0.00023871167591650098,0.08967143056045183,0.24692892248356413
0.2141,214.10000000000002,0.3205041420124391,1.1005734690181288,0.01331361985683313,0.7930545555829092,0.0002387199901984174,0.08967153634453848,0.2469293360738704
0.21415,214.15,0.32074404715982874,1.1008025779430828,0.013324569144888259,0.7930547001594421,0.00023872835688574197,0.08967165874619752,0.24693181761570807
0.2142,214.2,0.32057464855465956,1.1006388455646532,0.013318996007617427,0.7930547885826967,0.00023873297024384945,0.08967171160159844,0.2469310938326721
0.21445,214.45,0.320395239562022,1.1004675955433822,0.013311544547284873,0.7930554591278027,0.00023876943435376197,0.08967221341569441,0.24692716472476245
0.2145,214.5,0.32018506167535615,1.100267498643627,0.013301588485992284,0.7930555773278224,0.0002387760565622876,0.08967231680589342,0.24692747491749217
0.21455,214.54999999999998,0.3203435450077635,1.1004205407876528,0.013307108377580201,0.79305565225115,0.00023877978994489517,0.08967236330123873,0.24692654433930303
0.2146,214.60000000000002,0.32059467606374464,1.1006607067482497,0.01331822913978786,0.793055799601861,0.00023878798784354784,0.08967248151729401,0.24692881908598757
0.21465,214.65,0.32052671517843573,1.1005942628270977,0.01331675132358107,0.7930558367909225,0.00023878992325799932,0.0896725049919776,0.24692943947144697
0.2147,214.7,0.3202381195538637,1.100318042028313,0.013304573976447277,0.7930560240479689,0.00023880000547088563,0.08967264438291077,0.24692613074899677
0.21475,214.75,0.320167872726565,1.1002521895990611,0.013300220367876328,0.7930560626299071,0.00023880217633315493,0.08967268106090259,0.24692881908598757
0.2148,214.79999999999998,0.32039961347183094,1.1004747333154457,0.013309549613819752,0.7930561882612713,0.0002388086751873847,0.08967276790312918,0.24692747491749217
0.21485,214.85000000000002,0.320543717813413,1.100611744495489,0.01331671222251541,0.7930562538663426,0.00023881245849150125,0.08967282668550113,0.246927991905375
0.2149,214.9,0.3203593383371415,1.1004343062072601,0.01330986526859393,0.7930563434284572,0.00023881707397272893,0.08967288320920802,0.24692654433930303
0.21495,214.95,0.32012495798323803,1.1002107678249993,0.013299164601556902,0.7930564773305655,0.00023882436628175292,0.08967299339663677,0.24692582055626705
0.215,215.0,0.3201872992044834,1.1002716736243583,0.013300631436638007,0.793056507251928,0.00023882583853717572,0.08967301297415657,0.24692654433930303
0.21515,215.15,0.3201941461842963,1.1002768241881073,0.013302625756626154,0.7930567899347885,0.00023884084948846594,0.08967322309040421,0.24692985306175325
0.2152,215.2,0.32006094265739254,1.1001505401587142,0.013295768523053616,0.7930568488795666,0.00023884411427209468,0.08967327746644894,0.24692995645932983
0.21525,215.25,0.32021571795284276,1.1002994240285693,0.013301728196292228,0.793056913865008,0.00023884733424916753,0.08967331969269988,0.2469310938326721
0.2153,215.29999999999998,0.3203860838025967,1.100461795448149,0.013309803598703226,0.7930569905453062,0.00023885156132754572,0.08967338455506903,0.24693326518178002
0.21535,215.35000000000002,0.3202842562051269,1.100363389200183,0.013306423949219888,0.793057030241585,0.00023885354108240615,0.08967340853999169,0.24693161082055493
0.2154,215.4,0.32005511484058813,1.1001446630115308,0.013296142584923513,0.7930571572432165,0.00023886025184371312,0.08967350773417122,0.246927991905375
0.2155,215.5,0.3202265273937663,1.1003099873335356,0.01330234407139012,0.7930572648674133,0.00023886580142054768,0.08967358925433336,0.24692881908598757
0.21555,215.54999999999998,0.3202994761421859,1.100378780959225,0.013306528489191572,0.7930572925695186,0.00023886736843136403,0.0896736152081134,0.24692757831506873
0.2156,215.60000000000002,0.3201218499457214,1.1002084574912734,0.013299311765081328,0.7930573743811864,0.0002388715063072528,0.08967367006858515,0.2469290258811407
0.21585,215.85,0.3199693295902699,1.1000633274128122,0.013292232610029391,0.7930576699901648,0.0002388867897233069,0.08967389961302351,0.24692943947144697
0.2159,215.9,0.3198896416257389,1.0999882439407718,0.013287658980559395,0.7930576992414675,0.00023888837315218947,0.08967392789976147,0.24692716472476245
0.21595,215.95000000000002,0.3200248435709495,1.1001178381605226,0.013293319096195506,0.7930577491651297,0.00023889080556164887,0.08967396200389971,0.2469266477368796
0.216,216.0,0.32013140076551927,1.1002189076093019,0.013298845482895042,0.7930577857924873,0.0002388927863007209,0.08967399481577698,0.24692613074899677
0.21605,216.04999999999998,0.32001844439082044,1.1001103776330237,0.013294461768433708,0.793057826477064,0.00023889475995457726,0.08967402054455523,0.24692633754414992
0.2162,216.20000000000002,0.31999689101560347,1.1000912389291533,0.013292206520667295,0.7930579780891414,0.00023890245069775747,0.08967414130467341,0.2469266477368796
0.21625,216.25,0.3200216362914018,1.1001140067459472,0.013294196997519242,0.7930579904357522,0.0002389031106487509,0.08967415259069511,0.24692726812233903
0.2163,216.29999999999998,0.31986282574372804,1.0999622850563986,0.013287180371944074,0.793058059240054,0.00023890649009478913,0.08967420138696004,0.24692116766532143
0.21635,216.35,0.3197447784340709,1.099850533481194,0.013280931703804944,0.7930581039471539,0.0002389088087272244,0.08967424196586679,0.2469189963162135
0.2164,216.4,0.319820241218826,1.0999231191907854,0.01328383116347156,0.7930581253305216,0.0002389097960899267,0.08967425573901776,0.24691951330409634
0.21655,216.54999999999998,0.3197198548040776,1.0998265833892802,0.013280117072781511,0.7930582553106617,0.00023891623712097695,0.0896743571214948,0.24692013368955576
0.2166,216.6,0.31967341448325937,1.0997832070628497,0.013277069176543355,0.7930582705968393,0.00023891703378034086,0.08967437243592771,0.24692189144835744
0.21665,216.65,0.3197819277929773,1.0998868229591388,0.013282002499989948,0.7930583048626496,0.0002389186534316206,0.08967439699063808,0.24692054727986204
0.2167,216.70000000000002,0.31984211248940775,1.0999434936959458,0.013285533744323466,0.7930583212733172,0.00023891951195407091,0.08967441251240443,0.24692220164108714
0.21675,216.75,0.3197325772303861,1.0998387575108495,0.013280774523998345,0.7930583593189764,0.00023892129435460434,0.08967443805305528,0.24692240843624028
0.21685,216.85,0.31961712123836256,1.0997301432157514,0.013273998437844495,0.7930584218146685,0.00023892435676653329,0.08967449072146304,0.24692313221927625
0.2169,216.9,0.31972328788180554,1.0998310338717558,0.013279309287042594,0.7930584550471872,0.00023892595949092938,0.08967451723822001,0.2469233390144294
0.21695,216.95000000000002,0.31971884886055946,1.0998261167632204,0.013279795053108764,0.793058462368636,0.00023892631104020944,0.0896745230152976,0.24692178805078085
0.21725,217.25,0.3194468797144757,1.0995681006588625,0.013266037438970027,0.793058648845315,0.00023893511372937462,0.08967467123244899,0.24691992689440262
0.2173,217.29999999999998,0.3194180633061744,1.099541459988595,0.013263870972476874,0.7930586576711627,0.0002389355503119351,0.08967468034217316,0.2469193065089432
0.21735,217.35,0.3194989543489702,1.0996183605291872,0.013267883580372179,0.7930586788067622,0.00023893650456850065,0.0896746961771409,0.24691858272590722
0.2174,217.4,0.3195282421903862,1.0996455883816398,0.013269951228150383,0.7930586860982327,0.00023893686481600028,0.08967470327669697,0.24692147785805116
0.21745,217.45000000000002,0.319430031236152,1.0995521492017641,0.013265213938069764,0.7930587190869658,0.00023893833692181443,0.08967472671524691,0.24692096087016832
0.2175,217.5,0.3193272903485595,1.0994552657017662,0.013259395055276067,0.7930587558363239,0.0002389400595981413,0.08967475947871476,0.24691816913560094
0.21755,217.54999999999998,0.3193449544629427,1.099472568958433,0.013259761423562761,0.7930587611143216,0.00023894028818463806,0.08967476346548758,0.24691878952106036
0.2178,217.79999999999998,0.3192707616558502,1.0994026084478936,0.013255626768088839,0.7930588544915609,0.00023894447580090935,0.08967483968906817,0.24691858272590722
0.21785,217.85,0.3193170843926369,1.0994460572824523,0.01325851052609564,0.7930588639014751,0.0002389449128147384,0.08967484854640775,0.24692499337565452
0.2179,217.9,0.31925787789830506,1.0993896593265169,0.013255718055337033,0.7930588793139091,0.00023894555767274193,0.08967485889110413,0.24692416619504196
0.21795,217.95000000000002,0.31915390603855814,1.0992916807003892,0.013249765653538683,0.7930589183889706,0.00023894728121486047,0.08967489210631853,0.246921994845934
0.218,218.0,0.31913191951920516,1.0992714986281826,0.013247967317761828,0.7930589242231733,0.00023894755211742514,0.08967489837196449,0.2469233390144294
0.21805,218.04999999999998,0.31918786224741147,1.0993244049827837,0.013251015825951258,0.7930589358563583,0.0002389480444471592,0.0896749074421464,0.2469242695926185
0.2181,218.1,0.3191985556945036,1.0993340367333888,0.013252081229247495,0.7930589394006681,0.00023894820360368158,0.08967491078652441,0.24692551036353735
0.21815,218.15,0.3191149303590933,1.0992549324062544,0.013247588540208834,0.7930589665649382,0.00023894933823619395,0.08967493111830066,0.24692271862896997
0.2185,218.5,0.3189555118199783,1.099105914196354,0.01323728707428576,0.7930590613557261,0.00023895332853944354,0.08967501331843299,0.24692271862896997
0.21855,218.54999999999998,0.3189822140491564,1.099130715847595,0.013239192087449891,0.793059065604511,0.00023895351078335973,0.08967501751342426,0.24691951330409634
0.2186,218.6,0.31893005121147266,1.0990813774327326,0.013236381430449924,0.7930590788481479,0.00023895402356973833,0.08967502691891976,0.24692675113445617
0.21865,218.65,0.31884654353531666,1.0990032060348172,0.01323107626048584,0.7930591087191583,0.00023895523445125754,0.08967505329791566,0.24692116766532143
0.2187,218.70000000000002,0.31882478460328,1.0989832763060088,0.013229251983742299,0.7930591134382333,0.00023895543656157734,0.08967505859723574,0.24692096087016832
0.21875,218.75,0.3188599281444693,1.0990163115539704,0.013231365989794035,0.7930591189339742,0.00023895564922785532,0.08967506301846698,0.24692540696596077
0.2188,218.79999999999998,0.31886090299272873,1.099016855627783,0.013231798861322766,0.7930591209501404,0.0002389557284072852,0.08967506475323454,0.24692385600231223
0.21885,218.85,0.3187924132590349,1.0989525259379451,0.013227661268042935,0.7930591425575224,0.0002389565546180264,0.08967508173392484,0.24692137446047457
0.2189,218.9,0.3187260617582438,1.0988907757457778,0.013223081985533295,0.7930591637231382,0.0002389573949154336,0.08967510193421882,0.2469206506774386
0.21895,218.95000000000002,0.3187270130748954,1.0988920527758352,0.013222758106675604,0.7930591654866642,0.00023895746415047823,0.08967510372241676,0.24692158125562771
0.2192,219.20000000000002,0.3186281629499826,1.0987999990158925,0.013216011331679363,0.7930592132402207,0.00023895925838603288,0.08967514590848548,0.24692592395384363
0.21925,219.25,0.3186424482464392,1.0988130923002883,0.013217205199530967,0.7930592150257681,0.00023895932682774107,0.08967514772817853,0.24694401852974324
0.2193,219.29999999999998,0.3185998341178053,1.098773123675659,0.01321457060051724,0.793059225555581,0.00023895969409165534,0.08967515562730731,0.24692881908598757
0.21935,219.35,0.3185319305204734,1.0987101030717452,0.013209712609528499,0.7930592496622363,0.0002389605677761352,0.08967517771111473,0.2469233390144294
0.2194,219.4,0.3185070077811333,1.0986873399702692,0.013207558227975383,0.7930592547202622,0.00023896076027079036,0.08967518350245565,0.24692395939988881
0.2196,219.6,0.31841195697770774,1.0985991639670225,0.013200723306430037,0.7930592932374962,0.00023896208704089923,0.08967521814133174,0.2469336787720863
0.21965,219.65,0.31840289437654834,1.0985911161636963,0.013199710315776445,0.7930592949783474,0.00023896215118277922,0.08967522030700258,0.2469126890640428
0.2197,219.70000000000002,0.31841778202740034,1.0986048570443039,0.013200858497151295,0.7930592963423226,0.00023896219721143493,0.08967522157738822,0.24705672188820357
0.21975,219.75,0.3183984166859708,1.0985866634271364,0.013199690332595953,0.7930592997920328,0.0002389623047405917,0.0896752240265891,0.24703842051715083
0.21995,219.95000000000002,0.3183054383010107,1.0985012257837852,0.013192184414648717,0.7930593334711066,0.00023896341707990904,0.08967525627737943,0.24704069526383535
0.22,220.0,0.3182732362462209,1.098471351847249,0.013189864178828805,0.7930593411163762,0.0002389636481255467,0.08967526233887205,0.24698351640399263
0.22005,220.04999999999998,0.31821793014960964,1.0984206164165302,0.013185314491744402,0.7930593614426827,0.00023896428122670619,0.08967528169528083,0.24693967583152732
0.2201,220.1,0.31818875185360623,1.0983941781222606,0.01318258163306368,0.7930593683557393,0.00023896450324735905,0.08967528958202156,0.24685075391567787
0.22015,220.15,0.31819369041285644,1.0983988480589721,0.013182850630787585,0.7930593687199669,0.00023896451403216914,0.08967528992865387,0.24702425504916087
0.22055,220.54999999999998,0.31798794427328103,1.0982114298226735,0.013164590780881976,0.7930594348389762,0.0002389663834326533,0.08967535491363386,0.24704813988934834
0.2206,220.6,0.317977097841559,1.098201861679779,0.013163314155788954,0.7930594364541224,0.00023896642984553082,0.08967535708865791,0.24704741610631234
0.22065,220.65,0.31797776823966156,1.0982024292726604,0.013163417033021168,0.7930594365245882,0.00023896643146723443,0.08967535713683895,0.24717232037880785
0.2207,220.70000000000002,0.3179557765313329,1.0981823461832267,0.013161513393288263,0.7930594413801066,0.0002389665509215324,0.0896753612425308,0.24708867173936344
0.22075,220.75,0.3179120572939536,1.0981429107768568,0.013157247130067653,0.7930594585009139,0.0002389669807439681,0.08967537834437163,0.24703128608436756
0.2208,220.79999999999998,0.3178793255839429,1.0981137135432473,0.013153723399578723,0.7930594689697551,0.00023896724578350016,0.08967539038787567,0.24704338360082614
0.22085,220.85,0.3178725646561758,1.0981078333659218,0.013152843435857245,0.7930594697349405,0.00023896726620301995,0.0896753915040735,0.24704441757659185
0.2209,220.9,0.31786824525269775,1.0981038606983806,0.013152497067976752,0.793059470095117,0.00023896727392132123,0.08967539175766774,0.24713623462458523
0.22095,220.95000000000002,0.3178407448311798,1.0980790484357084,0.013149817016823733,0.7930594780156915,0.00023896745366324218,0.08967539908355023,0.2470860867999492
0.22125,221.25,0.3176911159630862,1.097946373200506,0.013132918188895525,0.7930595316085248,0.0002389686072068657,0.08967545766734336,0.24708370865568813
0.2213,221.29999999999998,0.3176701904587031,1.0979281893612458,0.013130182450846769,0.7930595374106083,0.00023896872469858084,0.08967546516642785,0.24708370865568813
0.22135,221.35,0.31766430954800634,1.0979230993003841,0.013129392082595396,0.7930595378820295,0.00023896873420894724,0.08967546581872779,0.24708401884841782
0.2214,221.4,0.3176508615823324,1.0979111580110958,0.013127888053529298,0.7930595404807024,0.00023896878039825429,0.08967546827664744,0.24708432904114752
0.22145,221.45000000000002,0.3176194953520184,1.0978836299944161,0.013124063092749298,0.7930595534883204,0.00023896901165725178,0.0896754822513508,0.24708195089688645
0.22195,221.95000000000002,0.31741010778105105,1.0977046465762899,0.013093744139984827,0.7930596373798209,0.0002389702167764642,0.08967558570520369,0.2470790557647425
0.222,222.0,0.31738178549840473,1.097681206615354,0.013088877967083076,0.7930596533379691,0.00023897038522757645,0.0896756079133677,0.2470777115962471
0.22205,222.05,0.3173650284651152,1.0976675414784816,0.01308579221091431,0.7930596594091701,0.00023897044507605286,0.08967561711124818,0.247076781018058
0.2221,222.1,0.31735386367991286,1.097658374804742,0.013083796821065825,0.7930596621029408,0.00023897046919144416,0.089675620837806,0.24707512665683287
0.22225,222.25,0.3172786954441511,1.0975976808169277,0.01306937073193045,0.7930597098600007,0.00023897080204800911,0.08967568973442028,0.24707616063259857
0.2223,222.3,0.3172590590736483,1.0975824499652747,0.01306497618777056,0.7930597207598282,0.00023897085864143725,0.08967570800551584,0.24707822858412995
0.22235,222.35,0.31724443317658907,1.0975711650417406,0.013061641609309118,0.7930597271174386,0.00023897088570493325,0.08967571839289779,0.24707554024713915
0.2224,222.39999999999998,0.3172246576134647,1.0975559900895662,0.013057053849176554,0.7930597399056617,0.00023897092818490746,0.08967573850700894,0.2470757470422923
0.22245,222.45000000000002,0.31719487199214513,1.097533990318836,0.01304930141906556,0.7930597731974779,0.0002389709996463506,0.08967579570659903,0.24707460966895003
0.2225,222.5,0.31715565031049103,1.097508034342046,0.013036119300711156,0.7930598565609723,0.00023897105489557904,0.08967596347367514,0.2470754368495626
0.2226,222.6,0.31699619286031344,1.0974197829061585,0.012966019537829705,0.7930609602647942,0.0002389710653361555,0.0896785006196064,0.247075333451986
0.22265,222.64999999999998,0.31682057935172586,1.097324920577049,0.012887830547044224,0.7930635166200654,0.00023897106549326547,0.08968433388404556,0.2470754368495626
0.2227,222.70000000000002,0.3165391788743674,1.0971747741722149,0.012763172193385382,0.7930700976233321,0.00023897106553446594,0.08969904943887462,0.24707243831984207
0.22275,222.75,0.31612158811263674,1.09695308928881,0.012581826987962114,0.7930846273163787,0.00023897106554743997,0.08973002927038914,0.2470612713815726
0.22295,222.95000000000002,0.3125461859447332,1.0950213229537242,0.011242717354260629,0.7933887181467663,0.0002389710655553481,0.09016539791728784,0.24698723871674913
0.223,223.0,0.3110710060157324,1.0942048599600256,0.010785264563821386,0.7935897868979493,0.00023897106555556064,0.09036079159257303,0.2469828960185332
0.22305,223.05,0.3093346588736743,1.093234091327862,0.010301905098863277,0.7938717878521887,0.0002389710655556757,0.09057888229665398,0.24699013384889307
0.22325,223.25,0.29963779251955014,1.0877406191356156,0.00832051160292414,0.7960928723452271,0.00023897106555581703,0.09149505525271762,0.24704607193781694
0.2233,223.3,0.2965085414870351,1.0859666812542215,0.007847598750873727,0.7969750638896111,0.00023897106555582657,0.09170380998107007,0.24708794795632744
0.22335,223.35,0.29309654588820877,1.084038395169238,0.007390817027091588,0.7980017969177882,0.00023897106555583307,0.09189857187150009,0.24709435860607473
0.2234,223.39999999999998,0.2894043610328223,1.0819603523509707,0.006951451603784841,0.7991763933344869,0.00023897106555583738,0.09207876901279027,0.24712217255417182
0.2235,223.5,0.2811981683430681,1.0773767245447488,0.006126607601624915,0.8019737965098052,0.00023897106555584278,0.09239647505584699,0.24711110901347894
0.22355,223.55,0.2766979702846285,1.0748835943935533,0.0057408797186231375,0.8035949976433606,0.00023897106555584435,0.09253536578358483,0.2471520544538003
0.2236,223.6,0.2719453392210274,1.072265652087966,0.005372381159840018,0.8053610610817489,0.00023897106555584535,0.09266212658470724,0.24711069542317265
0.22395,223.95000000000002,0.23283936978470798,1.051216970528281,0.003225410074205993,0.8212707576115508,0.00023897106555584822,0.09328238763332551,0.24696097573230055
0.224,224.0,0.2266535602987909,1.047958109732353,0.0029737419883826307,0.8239459790891068,0.00023897106555584852,0.09334151422117641,0.24693926224122104
0.22405,224.05,0.2203900950282842,1.0446777511440974,0.0027344035477458594,0.826689693855174,0.00023897106555584863,0.09339498969686745,0.24686760772065863
0.22415,224.14999999999998,0.207742138905829,1.0381183479840055,0.0022912057259302323,0.83233495724731,0.00023897106555584888,0.09348673797530788,0.24673432824446104
0.2242,224.20000000000002,0.20141586078976476,1.034874355412582,0.002086667064694225,0.835212665074472,0.00023897106555584893,0.09352579457010697,0.24708619019752578
0.22425,224.25,0.19512780595572174,1.0316788105444925,0.001893093119209682,0.8381115661129508,0.00023897106555584893,0.09356077649333858,0.24701960215821525
0.22455,224.55,0.1598629109422802,1.014630134507643,0.0009476114181307659,0.8553821626595893,0.00023897106555584934,0.09370150510033289,0.24675190583247777
0.2246,224.6,0.1546584524503042,1.01233162839631,0.0008239795223213368,0.8581644688713543,0.00023897106555584944,0.09371577765466287,0.24623781308177609
0.22465,224.64999999999998,0.149714095237103,1.0102414776351905,0.0007095432776680123,0.8609042268504722,0.00023897106555584953,0.09372800672423263,0.24699675129379348
0.2247,224.70000000000002,0.14505157129861496,1.0083785801532257,0.0006041404020622602,0.8635984400553984,0.00023897106555584958,0.09373838207729401,0.24635847805363226
0.22475,224.75,0.14069060109314135,1.0067609976682461,0.0005076197834943488,0.8662452984567761,0.0002389710655558497,0.09374708326260203,0.24699540712529808
0.2248,224.8,0.1366487505527378,1.0054057746050715,0.00041984144905222277,0.8688441404020603,0.00023897106555584974,0.0937542804837923,0.24671385552430034
0.22485,224.85,0.1329413097473233,1.004328760853784,0.0003406766215632875,0.8713953967741919,0.00023897106555584974,0.09376013543861766,0.24716218741630408
0.22495,224.95000000000002,0.12657886120006723,1.0030657656932664,0.00020772899732264232,0.8763618942446861,0.00023897106555584974,0.09376842760673033,0.24732679635820215
0.225,225.0,0.12394226104546065,1.0029040044695878,0.00015374557326095276,0.8787827470260663,0.00023897106555584974,0.0937711528320606,0.2470660276700948
0.22505,225.05,0.12167678899483908,1.0030685915527615,0.00010797448102991682,0.8811670331073829,0.00023897106555584974,0.09377311335614029,0.24734240939226407
0.2251,225.1,0.11978527191241312,1.0035669955473074,7.034402392204658e-5,0.883519322400178,0.00023897106555584974,0.09377444011744505,0.2470349049995475
0.22525,225.25,0.11634437255541137,1.0071078192166547,5.742677836305872e-6,0.8904364426474135,0.00023897106555584974,0.09377587322847339,0.2471182434462622
0.2253,225.3,0.11592608241999725,1.0089728420951773,1.706232371379409e-7,0.8927141835726222,0.00023897106555584974,0.093775907116204,0.246877120297703
0.22535,225.35,0.1158581772890245,1.0111757158818453,2.532962729273761e-6,0.8949873248198453,0.00023897106555584974,0.0937759172089578,0.24706013400823035
0.2254,225.39999999999998,0.1161288903338279,1.0137100229150826,1.2811026723212347e-5,0.8972611967685867,0.00023897106555584974,0.09377602066834288,0.2468328661349314
0.22545,225.45000000000002,0.11672438427090476,1.016566822676586,3.09891333745168e-5,0.8995406803866223,0.00023897106555584974,0.09377633392740649,0.24704969085299688
0.2258,225.8,0.12848331695862322,1.044315501341311,0.00037698966031725096,0.9158764093303149,0.00023897106555584974,0.09379389441931667,0.2472850237372682
0.22585,225.85,0.13100070162726968,1.0491319186199541,0.0004567934284913173,0.9182552397606067,0.00023897106555584974,0.09379984256719287,0.2475539608339245
0.2259,225.89999999999998,0.13366244891853002,1.0540811696857124,0.0005437164139865506,0.9206296594647277,0.00023897106555584974,0.0938068982599488,0.2473744626410005
0.22595,225.95000000000002,0.136447333639081,1.0591318411620905,0.0006374620488164358,0.9229891836496918,0.00023897106555584985,0.09381510406094,0.24748271990366838
0.226,226.0,0.13933481563065594,1.064251132810869,0.0007376529933886832,0.9253211748791956,0.00023897106555584988,0.09382447608855234,0.2472381846350824
0.22605,226.05,0.14230515144930012,1.0694051497634036,0.0008438185837913209,0.9276110110808836,0.00023897106555585,0.09383499834612126,0.24689066538023355
0.2264,226.39999999999998,0.1638874469247644,1.1035495757863611,0.0016905289034252339,0.9410197561902024,0.0002389710655558506,0.09393075109318336,0.2418293540071747
0.22645,226.45000000000002,0.1668658084739729,1.1077562758204136,0.0018135168628776123,0.9423710685151452,0.00023897106555585064,0.09394486931100608,0.24069384182129255
0.2265,226.5,0.1697580907261524,1.1117093242380616,0.0019330531393424526,0.9435513576210823,0.0002389710655558507,0.0939582069956987,0.24238211745151328
0.2266,226.6,0.17519087249522783,1.1187706255432992,0.0021560580382365335,0.9454028588275689,0.0002389710655558509,0.09398143953326059,0.246349896054777
0.22665,226.64999999999998,0.17768236526865708,1.1218460651401312,0.002256832813294031,0.9460875709445152,0.000238971065555851,0.09399092327174118,0.24857480510739152
0.2267,226.70000000000002,0.17999105162173878,1.1246026108400957,0.002348874662285898,0.9466274642320324,0.00023897106555585104,0.09399883684710372,0.2537924536162229
0.22675,226.75,0.1820934184642546,1.1270336580496503,0.0024312339118322344,0.9470384975134527,0.00023897106555585115,0.09400517560163366,0.25738221067954986
0.2268,226.8,0.18396804306426892,1.129136529288921,0.002503198902640157,0.9473387043066341,0.0002389710655558512,0.09401001814944866,0.2630469503094662
0.22685,226.85,0.18559656290023419,1.1309123362747622,0.002564322405136821,0.947547111467143,0.0002389710655558512,0.09401351453383858,0.26756790594737473
0.2271,227.1,0.18970877868603064,1.1351590357774923,0.002710292951607691,0.9478275607438927,0.0002389710655558512,0.09401850386689119,0.27024631677082145
0.22715,227.14999999999998,0.18972657039247234,1.13517607584188,0.0027113286312630347,0.947827844775685,0.0002389710655558512,0.09401850970158321,0.2702717525746574
0.2272,227.20000000000002,0.18949926414499627,1.1349576345685994,0.002704984414257454,0.9478303654916514,0.0002389710655558512,0.09401855094072865,0.27028746900629597
0.22725,227.25,0.18904521192009943,1.1345251981140023,0.002692289600502602,0.9478392862951341,0.0002389710655558512,0.09401870399853833,0.27028312630808005
0.2273,227.3,0.18838604349916455,1.1339015748916017,0.0026742885352526737,0.9478568301246298,0.0002389710655558512,0.09401900821736524,0.27071326022660763
0.22735,227.35,0.18754609221721302,1.1331107055947607,0.0026520110043241505,0.9478836341139063,0.0002389710655558512,0.09401947252778313,0.27011831057102886
0.2274,227.39999999999998,0.18655184685397289,1.1321774999755485,0.002626449443277921,0.9479191116870528,0.0002389710655558512,0.09402008297401028,0.27072897665824613
0.22785,227.85,0.1755467216420731,1.121804510041772,0.002381562567054895,0.9483063537926435,0.0002389710655558512,0.09402637937743812,0.27082286165777086
0.2279,227.89999999999998,0.17465126237600692,1.1209455143834075,0.002363968261098,0.9483252228047451,0.0002389710655558512,0.09402666920861617,0.2710110452471267
0.22795,227.95000000000002,0.17392870233133398,1.1202489307100343,0.002349974729239409,0.9483372054600657,0.0002389710655558512,0.09402685308464397,0.2707666133761173
0.228,228.0,0.17340600378544957,1.1197424436474328,0.0023399343550679946,0.9483433764738692,0.0002389710655558512,0.09402694849594324,0.27086959736238014
0.22805,228.05,0.17310896739363887,1.1194531924959292,0.0023341829846732,0.9483454103110265,0.0002389710655558512,0.09402698091136437,0.27053024651608026
0.2281,228.1,0.17306208484930688,1.1194076178172987,0.002333046785808558,0.9483455819749111,0.0002389710655558512,0.09402698389109784,0.2705575434762945
0.22815,228.15,0.1732883857950559,1.1196312992552486,0.0023368489224701245,0.9483467645882571,0.0002389710655558512,0.09402699940710023,0.27055733668114135
0.2286,228.6,0.19047531734290868,1.1373220724585582,0.0026536135911777135,0.9491673576818238,0.0002389710655558512,0.09404022725069737,0.2678030320364929
0.22865,228.65,0.1942542405583912,1.1413236249003635,0.0027286924386919044,0.9494650604860846,0.00023897106555585126,0.09404549586906653,0.26684536368230966
0.2287,228.7,0.19841218302901406,1.1457646556086751,0.002814041048022143,0.9498334905250959,0.00023897106555585137,0.09405230351022145,0.2664787158757955
0.22875,228.75,0.20294024189564513,1.1506449585775693,0.002910531428700858,0.9502822163069256,0.00023897106555585145,0.09406100370341934,0.26555992501040226
0.22885,228.85,0.21305129887230734,1.1617041519567242,0.00314105574644064,0.9514608521167685,0.0002389710655558515,0.09408591277742986,0.26424429424613666
0.2289,228.9,0.21859627931706863,1.1678634808751784,0.0032775368273604655,0.9522116642672707,0.0002389710655558515,0.09410331626564526,0.26362163404003736
0.22895,228.95,0.22443515960726335,1.174422467737987,0.0034301170444206008,0.9530843293061979,0.00023897106555585167,0.09412506724314457,0.2638526242260928
0.22925,229.25,0.2637022136350823,1.220655460004754,0.004809815811003294,0.9614296588166714,0.00023897106555585302,0.09443257972375126,0.2812759430586035
0.2293,229.3,0.27055537135795615,1.2291474588117046,0.005149586530912519,0.9634081627371321,0.00023897106555585384,0.09454046758013807,0.2856070607459312
0.22935,229.35,0.27736943815785525,1.2377298756237824,0.005535795900906176,0.9655625827140847,0.00023897106555585503,0.0946798821350475,0.2949422075488983
0.2294,229.4,0.28409623165311104,1.2463411411557914,0.00597823614928419,0.9678893119972827,0.00023897106555585706,0.09486288614893448,0.2970225667894692
0.22975,229.75,0.3275562120060657,1.3016112689551145,0.013388175332364942,0.9870880968466474,0.0002504201161192958,0.10471561928256687,0.30063569170510085
0.2298,229.8,0.32898925884652624,1.3029640907825872,0.013528076995577967,0.9871430741504887,0.00025507604977523317,0.10475903202720557,0.3006522353173519
0.22985,229.85,0.3225019012227659,1.2971542090004589,0.013117080953472124,0.9873976020314098,0.0002668487205133456,0.10493827919095693,0.2999491317966818
0.22995,229.95,0.3104253197782181,1.2896786423668756,0.010678727188179983,0.9895566438845975,0.00026691576541402925,0.10849043307348852,0.30624769857096684
0.23,230.0,0.3096746700799809,1.2891363980258428,0.010507863867230112,0.9895941468335313,0.0002669157654140478,0.10852952062294638,0.30647641401033776
0.23005,230.05,0.3107907686349725,1.2901330083087352,0.010678939470430573,0.9896456992323002,0.00026691576541407186,0.10856445301649467,0.30653741858051353
0.2301,230.1,0.31330502171084296,1.2924200940389194,0.011175391644912136,0.9899147443461194,0.00026691576541435066,0.1088041678637254,0.30640879199526155
0.23015,230.15,0.31698954769743865,1.2958137533678538,0.012109836761262571,0.9905574835205139,0.00026691576542077483,0.10964345215637479,0.3064133414886306
0.2302,230.2,0.3217164944749578,1.3000991052719628,0.013254776329573757,0.9912566079732511,0.00026965765774053524,0.11112180574032877,0.310153231833136
0.23025,230.25,0.32395483964722765,1.3022079396874533,0.013427357460884793,0.9912971184827565,0.0002721805550301735,0.11115877355966744,0.3102359498943913
0.2303,230.3,0.3207034251316076,1.2991983585647908,0.013248811822227204,0.9913572412042535,0.00027530780563965934,0.11119655558843325,0.31007092736218694
0.2305,230.5,0.32036259144907886,1.2997367008154597,0.013227917189999742,0.9922110372615845,0.00027806953051891285,0.11292007723518249,0.31295799449515016
0.23055,230.55,0.3224863262974965,1.3017357031516978,0.0133840133128318,0.9922407260383378,0.00027971668429467984,0.11294775738262304,0.31298198273291417
0.2306,230.6,0.3202472340997498,1.2996421618707907,0.013268414650747327,0.9922692101920934,0.0002811671825302469,0.11296536006352707,0.31289864428619946
0.23065,230.65,0.3169115953393717,1.2967917406982,0.01289344067719496,0.9923780206506817,0.0002824418955793308,0.11312380265201112,0.3128897520946145
0.2307,230.7,0.31658970185456936,1.2967413946010218,0.012673284332038931,0.9924292623688241,0.0002824418957383878,0.1132731279117218,0.31398287127410335
0.23075,230.75,0.3193362510450442,1.2991166586368479,0.013181698269184784,0.9925654582124791,0.00028309541983033247,0.11355254406361096,0.31538452882207446
0.2308,230.8,0.3218098326251822,1.3014508546194135,0.0133556269455016,0.9925983884093699,0.0002846775202147392,0.11358332555775146,0.3154095510356042
0.23085,230.85,0.32062035669740535,1.3003232891542291,0.013305751674416185,0.9926098123666625,0.00028528205525665704,0.113590024690592,0.3153696395710485
0.231,231.0,0.3196847281002526,1.2996141909938355,0.013221753246249728,0.9927498378657853,0.000287570932367356,0.11380765814521918,0.3164654470875281
0.23105,231.05,0.3216403249978259,1.3014581696833254,0.013354877836728738,0.9927702632872799,0.00028863295556261583,0.11382659587004855,0.3164842654464637
0.2311,231.1,0.32010822407463524,1.3000113915625862,0.013283346450987435,0.9927833847673123,0.0002892949218625644,0.11383456620628102,0.31644290641583606
0.23125,231.25,0.3204222537010319,1.3004136382835483,0.013277301863134435,0.9928632434746119,0.0002915232255662883,0.11392006193654527,0.31646379272630304
0.2313,231.3,0.32145810341435577,1.3013834696085897,0.013352344821207635,0.9928717612216343,0.0002920219980688903,0.11392811223934611,0.3165010158538679
0.23135,231.35,0.3193068957459844,1.299364678936671,0.013240621831446683,0.9928915065084842,0.0002929572311665652,0.11394159895020835,0.3164677218342126
0.2314,231.4,0.3173395329107229,1.2975742682344567,0.013085130983346295,0.9929123645115059,0.0002935371986948483,0.11396491328067788,0.31640134059005526
0.23145,231.45,0.31855144410056124,1.298721504881089,0.013161808131782393,0.9929241405760425,0.000293752364672678,0.11397628803968099,0.31644497436736746
0.2316,231.6,0.3185527765700564,1.298743478790288,0.013196994813335531,0.9929775597421905,0.00029611658375263073,0.1140210240675069,0.31644332000614234
0.23165,231.65,0.31751846230561737,1.2978117268794793,0.013103592184815991,0.9929864825423576,0.0002963423496739319,0.11403218304382855,0.3163974114821456
0.2317,231.7,0.3194437736327365,1.2996324430441142,0.013226467017219887,0.9930042420264401,0.00029684694848817697,0.11404777008566713,0.31641643663623437
0.23175,231.75,0.32134151894605134,1.301429955975781,0.01334277266668093,0.9930195209387955,0.0002976275712523746,0.1140615028216311,0.3164588296426277
0.2318,231.8,0.3203183226530191,1.3004536226933148,0.013302429147546877,0.9930257168089865,0.0002979475125970496,0.11406518269951599,0.31644042487399837
0.23195,231.95,0.32028310018576933,1.3004866565565194,0.013280386498017311,0.9930702400400583,0.00029959814630326,0.11410499883854373,0.31643256665817915
0.232,232.0,0.3213028820251265,1.3014467219110861,0.013346615185367953,0.9930763895694644,0.00029995506367978635,0.11411075463812508,0.3164546937395649
0.23205,232.05,0.3195497539242618,1.2997883176574847,0.01326391142172487,0.9930878391068981,0.00030051801548766855,0.11411834898944033,0.31642760357450384
0.2321,232.1,0.31781132290984404,1.2981776189405496,0.013149431931067214,0.9931006114285368,0.00030098571555322424,0.11413113408266737,0.3163998930239833
0.23215,232.15,0.3187817407938965,1.2991065311316266,0.013197236309126949,0.9931067372246313,0.00030115368388351744,0.11413605476575861,0.3164232608762879
0.2324,232.4,0.31962930840137094,1.2999533328294357,0.013249376835239753,0.9931559458293319,0.0003032784116085989,0.11417733880743805,0.31644332000614234
0.23245,232.45,0.3212385539333605,1.3014816975905943,0.013340286371616784,0.9931654614182361,0.0003037832061113212,0.11418572096755232,0.3164642063166093
0.2325,232.5,0.3203362091987978,1.3006173418147893,0.013306599858947613,0.9931695494119394,0.0003039952306837177,0.1141881487699347,0.31645386655895236
0.2326,232.6,0.3184649516721563,1.2988781281962294,0.013190123034877837,0.9931844800247738,0.0003046186965651609,0.11420115406254727,0.31645076463165533
0.23265,232.65,0.3204074630788951,1.3007299182165595,0.013293913535380186,0.9931970065447611,0.00030515112131917897,0.11421132342338329,0.31645903643778084
0.2327,232.7,0.3212052630710673,1.3014822122215632,0.013343247258002117,0.9932006171261145,0.0003053649134681014,0.11421468538546006,0.3164702033760503
0.23275,232.75,0.31966087574478474,1.3000147589980426,0.013274410249625295,0.9932083218243083,0.0003057521862405192,0.11421980879351316,0.31645924323293395
0.2328,232.8,0.31824870916832454,1.2986947479412339,0.013189960740031502,0.9932157113624072,0.0003060615403653808,0.11422692661410438,0.31644600834313313
0.23285,232.85,0.3191737574406802,1.2995828523885837,0.013231222934382631,0.9932198831235739,0.00030620510696774454,0.11422996820698848,0.3164625519553842
0.2331,233.1,0.3199465204980239,1.3003461113750374,0.013273307113945174,0.9932509842569377,0.0003076589740261376,0.11425507645070662,0.31645572771533065
0.23315,233.15,0.3212184565555304,1.301555979989501,0.013341134944997295,0.9932564366798228,0.0003079621611170243,0.11425985450131265,0.3164733053033474
0.2332,233.2,0.32031985562961324,1.300694263124299,0.013307559911922263,0.9932595801612121,0.0003081258259911722,0.11426173586794615,0.3164629655456905
0.23325,233.25,0.3187189144889869,1.2991841839754217,0.013224709851609917,0.993267228084678,0.0003084833651165236,0.11426820470040693,0.31645035104134905
0.2333,233.3,0.31894634368610736,1.2994116296218465,0.013226283170961268,0.9932687609911632,0.00030853896501222634,0.1142694669811312,0.31645614130563693
0.23335,233.35,0.3206219483434049,1.3010132663326606,0.013308750825646441,0.9932768734445571,0.00030891982430464337,0.11427586250344221,0.3164631723408436
0.2334,233.4,0.32113921093024295,1.3015001366466787,0.013341134297102595,0.993278749060831,0.00030903366958821507,0.11427759958575669,0.31646668785844695
0.23345,233.45,0.3197371686263835,1.300164330434302,0.01328074453084141,0.9932843067050996,0.00030931858840981127,0.11428136171014346,0.31645924323293395
0.2335,233.5,0.3186698856221687,1.2991616338163001,0.01322034151787141,0.9932883032365288,0.0003095016118275459,0.11428518009735823,0.31645117822196156
0.23355,233.55,0.31960926039247145,1.3000643290341571,0.01326039899874169,0.9932915491177834,0.0003096314064154031,0.1142874326847293,0.31645634810079004
0.2338,233.8,0.3202897819292991,1.3007318247146036,0.013294351042460717,0.9933114706537555,0.0003106203856754866,0.11430310479515246,0.3164608975941591
0.23385,233.85,0.3212193786771634,1.3016163679132644,0.013342449216214624,0.9933143454618724,0.0003107876584187354,0.11430564849096086,0.31646648106329384
0.2339,233.9,0.32029985809701506,1.3007343920766004,0.013307654846183587,0.9933169569891237,0.0003109249037971549,0.11430724930616314,0.3164582092571683
0.23395,233.95,0.31903166139317896,1.2995340163726554,0.013244522739758685,0.9933214222939906,0.0003111446814653453,0.11431106023485149,0.31645593451048376
0.234,234.0,0.31942278702762616,1.2999152735533646,0.01325565569491321,0.9933226368661126,0.0003111937592574316,0.11431191174116903,0.31645965682324023
0.23405,234.05,0.32084196560790806,1.3012739636131523,0.013321644549376377,0.9933278676457312,0.0003114592291431994,0.11431599620975384,0.31646379272630304
0.23415,234.15,0.31981080359558556,1.3002840755715708,0.013285639252260733,0.9933328632375957,0.0003117286580327642,0.11431964908545965,0.3164681354245189
0.2342,234.2,0.3190770960419974,1.299593207444619,0.013244885029912218,0.9933348491209345,0.00031182606377855445,0.11432156428541425,0.31646461990691555
0.23425,234.25,0.3200274104051427,1.3005068636573185,0.013284327628570666,0.9933375130798342,0.00031194473005012304,0.11432338733318986,0.316471237351816
0.2343,234.3,0.32116102759075105,1.3015901756180137,0.013338256371908754,0.9933409424297418,0.000312136051338953,0.11432623456983537,0.3164793023627884
0.23435,234.35,0.320727216709456,1.301169766601318,0.013325925662163856,0.9933419582704683,0.0003121907612049526,0.11432683882262747,0.3164702033760503
0.2345,234.5,0.320601115944207,1.3010670926329857,0.013311291948939305,0.993350325030274,0.0003126106300616008,0.114333293847571,0.316465240292375
0.23455,234.55,0.32120732341251235,1.30164316225014,0.013342890648434849,0.9933517013372105,0.00031269392869306186,0.11433453663006403,0.31647103055666287
0.2346,234.6,0.32028707218111857,1.3007604682323812,0.013307655331992753,0.9933539044535614,0.0003128113087698764,0.11433593739408594,0.31646999658089714
0.23465,234.65,0.31933694834630333,1.299859330108815,0.013261242038169798,0.993356348938809,0.0003129371104979542,0.11433806784299218,0.31646834221967207
0.2347,234.7,0.3198603825730315,1.3003658640502826,0.01327930277613352,0.9933574596714375,0.000312986112318638,0.11433878609841248,0.316469789785744
0.23475,234.75,0.32102114755532907,1.3014779881285952,0.013331374783424534,0.9933607127502323,0.00031316158276142224,0.11434134016647114,0.3164695829905909
0.23485,234.85,0.31989347691869074,1.3003952101990708,0.013290099719614397,0.9933641421629601,0.0003133473248001871,0.11434382869685408,0.3164625519553842
0.2349,234.9,0.31946216337855066,1.2999896670171522,0.013265277479977182,0.993365042886131,0.0003133938406156256,0.11434470829369767,0.3164615179796185
0.23495,234.95,0.32039022859498734,1.300882188741242,0.013303101494765844,0.9933672169110229,0.0003134988395746294,0.11434620688827432,0.316465240292375
0.235,235.0,0.3212132795738816,1.3016685291572065,0.013341722663241393,0.9933690206685175,0.00031360415847297464,0.11434773604639799,0.3164704101712034
0.23505,235.05,0.3206654504687405,1.3011398536493988,0.013323598820694147,0.9933699974470215,0.0003136565587118017,0.11434831208517372,0.31646606747298756
0.2352,235.2,0.32084706266807295,1.301326963865682,0.013323829374709656,0.9933754375197487,0.00031394087509439606,0.11435249395147676,0.3164759936403382
0.23525,235.25,0.32116726176514393,1.301629663988294,0.013341969924270761,0.9933760410641667,0.00031397835482531607,0.11435304490573091,0.31647682082095074
0.2353,235.3,0.32028533454278724,1.3007837897712102,0.013307818552506739,0.9933778440123947,0.00031407584479204267,0.11435424022202184,0.31647909556763526
0.23535,235.35,0.3196292483773794,1.3001611862135996,0.013275626954899675,0.9933790683471787,0.00031414141928042026,0.1143553411362971,0.3164755800500319
0.2354,235.4,0.32023346708653083,1.3007443457878547,0.013297786407241942,0.9933801181536697,0.0003141912562597153,0.11435601511592945,0.31647971595309465
0.23565,235.65,0.32067368153956993,1.3011721369518467,0.013316941483497425,0.993386499486412,0.0003145368961740976,0.11436082966839109,0.3164803363385541
0.2357,235.7,0.32121405908809764,1.3016876315102521,0.013342734305127007,0.9933873566375294,0.00031458882534379106,0.11436158089391552,0.31648550621738253
0.23575,235.75,0.3206074901537287,1.3011034776882726,0.013321301019780888,0.99338828748592,0.00031463923334271393,0.11436215154952982,0.31648778096406704
0.23595,235.95,0.3210960966312677,1.301577683606115,0.01333964199385263,0.9933920217151424,0.0003148425200719568,0.11436504998132703,0.31649584597503944
0.236,236.0,0.3202935523471822,1.300808109727798,0.013308140470834546,0.99339341335827,0.0003149187965853573,0.11436601309202694,0.3164972935411114
0.23605,236.05,0.3198954280732373,1.3004309364623716,0.013287773290113832,0.9933939660587978,0.0003149494085620173,0.11436652838447267,0.3164962595653457
0.2361,236.1,0.3205234646341923,1.3010362959377564,0.013311445571901314,0.9933949130030566,0.00031499703752926715,0.11436715137877491,0.3164991546974897
0.23615,236.15,0.321178755113357,1.3016636326676243,0.0133404768113919,0.9933959299556734,0.0003150567367663881,0.1143679897216782,0.31650225662478676
0.2362,236.2,0.3208457153584747,1.3013408975570457,0.01333059850766435,0.9933963341712614,0.00031507862542349375,0.11436822605011632,0.31649956828779596
0.23635,236.35,0.32086492567411534,1.3013674307179,0.013326143937376063,0.9933990530014474,0.00031522603104724127,0.114370265164349,0.3164983275168771
0.2364,236.4,0.32116297448788206,1.301650564502066,0.013341447564726472,0.9933994185528008,0.00031524874621069796,0.1143705963992872,0.31650039546840847
0.23645,236.45,0.32055272863156936,1.3010636529347663,0.013318988955685397,0.9934002482560566,0.00031529418765843017,0.11437113166622437,0.3164987411071834
0.2366,236.6,0.32108685147777344,1.3015827222806022,0.013336302092270136,0.9934023883212957,0.00031541210146759485,0.11437278883503396,0.3164993614926428
0.23665,236.65,0.32099691387303875,1.3014932249011562,0.013336053134585387,0.9934025691897532,0.0003154223774088726,0.11437291204263146,0.3165018430344805
0.2367,236.7,0.32030599298314016,1.3008309821540085,0.01330842870956467,0.9934035668848127,0.00031547767919051377,0.11437363293329932,0.31650349739570555
0.23675,236.75,0.3201192294583602,1.3006554077404735,0.01329748532599819,0.9934037993203788,0.000315490751934675,0.11437385230200747,0.316504117781165
0.2368,236.8,0.3207194561789455,1.3012333874179973,0.013320561710618468,0.9934045867709344,0.0003155321070688677,0.11437438817222266,0.31650494496177756
0.23685,236.85,0.3211515036790451,1.301646223752029,0.013340291281891495,0.993405075250154,0.00031556161313343336,0.11437480809213897,0.316504117781165
0.2369,236.9,0.3207485766476404,1.301257305228028,0.01332672217190538,0.9934054917967126,0.0003155842133980501,0.11437505868458474,0.31650225662478676
0.23725,237.25,0.3205870362367202,1.30111030166207,0.013315703611896204,0.9934088237970352,0.0003157680092334676,0.1143775474779428,0.31650080905871475
0.2373,237.3,0.32107988227199447,1.3015824581444946,0.013336971208747498,0.9934093694540547,0.00031579995356670315,0.11437799012454292,0.3164983275168771
0.23735,237.35,0.3208745585401695,1.3013829142665632,0.013331380709436328,0.9934095489933934,0.00031580966286446315,0.11437809606913785,0.3164970867459583
0.2374,237.4,0.3203130438304409,1.300845128574186,0.013308348337042272,0.9934102082875873,0.00031584651581365356,0.11437859388558341,0.3164993614926428
0.2375,237.5,0.3208183528873842,1.301334092585829,0.013325439764768139,0.9934109158199413,0.0003158848502419227,0.1143791095295335,0.3164997750829491
0.23755,237.55,0.32106249180830854,1.301566425671829,0.013337467450579255,0.993411124633291,0.0003158976999265829,0.11437929738125328,0.3164989479023365
0.2376,237.6,0.3206427909227209,1.3011622646167498,0.013322343434671825,0.9934115186863745,0.0003159192108027439,0.11437954802109793,0.31649750033626456
0.23765,237.65,0.3202343483759085,1.3007724332557349,0.013304148320294782,0.9934119120954661,0.0003159415416887774,0.11437987946834327,0.3165020498296336
0.2377,237.7,0.32047398198599886,1.30100470714851,0.013311705972957017,0.9934121004716442,0.00031595098617693705,0.1143799941494721,0.3165024634199399
0.2379,237.9,0.32026621509416847,1.300805478487351,0.013304483666579592,0.9934133452549432,0.00031602117804043536,0.11438094328239388,0.3165037041908587
0.23795,237.95,0.32067277866052807,1.3011970941685553,0.013319814981186638,0.9934137092662242,0.00031604035329305086,0.11438118620317637,0.3165065993230026
0.238,238.0,0.32099918951661754,1.3015090718611846,0.013334531123182265,0.9934139761149003,0.00031605625604631793,0.11438141330850217,0.31650597893754323
0.23805,238.05,0.3207327459315398,1.301251623748358,0.01332573896882452,0.9934141689760784,0.0003160665975479349,0.11438152852413767,0.31650763329876835
0.2381,238.1,0.3203028455284846,1.300840409785804,0.013307475910249004,0.9934145695347631,0.0003160891040227156,0.11438184528918202,0.3165065993230026
0.2382,238.2,0.3208240467589565,1.3013431756269351,0.013326430065593536,0.993415061146116,0.0003161159019464411,0.11438220201624087,0.3165063925278495
0.23825,238.25,0.32092213969971833,1.3014353879640583,0.013332400755919292,0.9934151459762018,0.0003161210819231411,0.11438227863697827,0.3165024634199399
0.2383,238.3,0.3205256842354528,1.3010543476057959,0.01331734047275376,0.9934154821850129,0.0003161394697514182,0.1143825048343324,0.3165016362393273
0.23835,238.35,0.32026266971058376,1.3008039450070137,0.013304930230442468,0.9934156727818971,0.00031615038744148635,0.11438267403412433,0.31650060226356164
0.2384,238.4,0.3205324035297871,1.3010643564450188,0.01331444734536729,0.9934158579335661,0.0003161598533526822,0.11438279018317606,0.31650308380539927
0.23855,238.55,0.320359309742012,1.300896405255874,0.013310061510495857,0.9934165740138092,0.0003161999968997428,0.11438333014745306,0.3164987411071834
0.2386,238.6,0.3203062008341196,1.3008474721092276,0.013305950242126899,0.993416635026452,0.0003162034220359219,0.11438338524449952,0.31649750033626456
0.23865,238.65,0.3206677213576367,1.3011950643287666,0.013320175624201475,0.9934169168286299,0.00031621850129321294,0.11438358190683917,0.3164987411071834
0.2387,238.7,0.320856717197556,1.301374940853608,0.01332941840721211,0.9934170331963006,0.0003162254971613138,0.1143836863032111,0.3165010158538679
0.23875,238.75,0.3205727727582216,1.3011014781276735,0.013319136780868384,0.9934172230010118,0.00031623565945782575,0.11438380635224177,0.3165014294441742
0.239,239.0,0.3203923448237591,1.300929605884039,0.013311494241167583,0.9934180879322944,0.00031628322856719153,0.11438445708878102,0.31650287701024615
0.23905,239.05,0.3202430799303682,1.3007881849763365,0.01330374075231114,0.9934181734470207,0.0003162881309304484,0.11438453683100759,0.316502670215093
0.2391,239.1,0.3205059835334862,1.301041303202176,0.013313696724057333,0.9934183355493039,0.00031629651633666687,0.11438464360910852,0.31650287701024615
0.23915,239.15,0.3207443210269269,1.301268899948264,0.013324589099298782,0.9934184787628303,0.00031630480927269183,0.11438476503084209,0.31649791392657084
0.2392,239.2,0.3205729731847719,1.3011033054588277,0.01331893008588362,0.9934185683722047,0.00031630948558906133,0.11438481864474918,0.3164991546974897
0.23925,239.25,0.320257984820278,1.3008021345025833,0.013305346952373263,0.9934187902422689,0.00031632171618361274,0.11438499272715368,0.31650122264902103
0.2393,239.3,0.3202807894494572,1.3008255898678984,0.013304734685827971,0.9934188267762128,0.0003163236240276558,0.11438502053337023,0.3165047381666244
0.23935,239.35,0.3205797169169203,1.3011123972764576,0.013317062372809161,0.9934190236743521,0.0003163342102469436,0.11438516425150604,0.3165039109860118
0.2394,239.4,0.32066440149634023,1.301192197792009,0.013321996773297283,0.9934190711471645,0.00031633703033598554,0.11438520797032944,0.31650494496177756
0.23945,239.45,0.3203936118427816,1.3009321064709813,0.013311475123764897,0.9934192388033896,0.00031634594459644804,0.11438532048354935,0.3165047381666244
0.2395,239.5,0.32018499007703244,1.3007335060494913,0.013301577403382977,0.9934193557693991,0.00031635249999299514,0.11438542295336007,0.3165037041908587
0.23955,239.55,0.32034508766997405,1.300888089068605,0.013307171659041009,0.9934194316223965,0.00031635628170683847,0.11438547007435793,0.31650577214239006
0.2396,239.6,0.3205953755212288,1.3011274381044267,0.013318265322774438,0.9934195781937852,0.00031636444087923234,0.11438558781695429,0.31650887406968714
0.23965,239.65,0.32052550583468964,1.3010591679260652,0.013316705456559665,0.9934196158543341,0.0003163663986207656,0.11438561148975844,0.3165094944551466
0.2397,239.7,0.32023694722014096,1.3007829929305803,0.01330451930469256,0.9934198030980056,0.00031637648258821363,0.11438575104659862,0.31650866727453403
0.2399,239.9,0.32035793273329644,1.3008990281487696,0.013309806508545997,0.9934201226898142,0.0003163935607959909,0.11438598991413314,0.31650515175693067
0.23995,239.95,0.32012446636006897,1.300676371963879,0.013299136760210663,0.9934202557704136,0.0003164008105397808,0.11438609957491898,0.31650763329876835
0.24,240.0,0.3201884543444572,1.3007388507740236,0.013300677724945208,0.9934202860524867,0.00031640229922330973,0.11438611930570713,0.316504117781165
0.24005,240.05,0.32042003962948634,1.3009604741868868,0.013310771495856955,0.9934204111669128,0.0003164089878981766,0.11438621495152906,0.31650515175693067
0.2401,240.1,0.32043267483542254,1.3009713769309958,0.013312527782429799,0.9934204337187653,0.000316410241913426,0.11438623382704069,0.31650287701024615
0.24015,240.15,0.3201929288058131,1.3007417305021811,0.013302570578240223,0.9934205689381703,0.00031641732326463033,0.11438632967471912,0.3165014294441742
0.2402,240.2,0.32006114682540715,1.300616809527455,0.013295771021192893,0.9934206271099643,0.0003164205463576363,0.11438638341862198,0.31649956828779596
0.24025,240.25,0.3202169763990791,1.30076669615344,0.013301782882153893,0.9934206927273082,0.00031642379959308893,0.11438642611853386,0.31650494496177756
0.24045,240.45,0.32003707283719224,1.300594646892381,0.01329420491619179,0.9934209549346712,0.0003164377219979602,0.11438663121547879,0.316504117781165
0.2405,240.5,0.32022756030164956,1.3007770400130825,0.013302392387612168,0.9934210434658987,0.00031644225412970334,0.11438669552375583,0.3165070129133089
0.24055,240.55,0.3202991890996281,1.300844568524159,0.013306521558089734,0.9934210707787179,0.0003164437992844799,0.11438672112188145,0.3165037041908587
0.2406,240.6,0.3201207326320576,1.3006734583964576,0.013299261871514945,0.993421153206154,0.0003164479697870552,0.11438677647685383,0.31650287701024615
0.24065,240.65,0.3199538316178045,1.3005148101020347,0.013291090212630287,0.9934212300927436,0.0003164520775669419,0.11438684305457246,0.3165045313714713
0.2407,240.7,0.32003272363823415,1.3005911011128684,0.013293719295414098,0.9934212568745465,0.0003164533521058907,0.11438685990218436,0.3165063925278495
0.24075,240.75,0.32020151519990453,1.3007521069312695,0.013301581777708234,0.9934213297227863,0.0003164571844142701,0.11438691838029406,0.31650763329876835
0.2408,240.79999999999998,0.32016994774072954,1.3007209774868171,0.013301161365268304,0.9934213464746225,0.00031645802348153707,0.114386929759615,0.31650763329876835
0.24085,240.85000000000002,0.3199684596053505,1.3005285678206393,0.013292190256755506,0.9934214485431717,0.00031646323952251105,0.1143870058560274,0.31650597893754323
0.2409,240.9,0.31988997989476536,1.300454639284085,0.01328766948438648,0.9934214773569082,0.00031646479955522587,0.11438703375008129,0.3165072197084621
0.24105,241.04999999999998,0.3200175315407259,1.300575573157806,0.013294421445490909,0.9934216050429852,0.0003164712093635562,0.11438712673013611,0.31650763329876835
0.2411,241.10000000000002,0.31984150273882767,1.3004081044148774,0.013285948632191643,0.9934216879583705,0.0003164754717143473,0.1143871946641825,0.31650763329876835
0.24115,241.15,0.3198512945233145,1.300418369102507,0.013285488182022137,0.9934216998160861,0.00031647605739736133,0.11438720424033265,0.3165092876599934
0.2412,241.2,0.3199976155403364,1.3005579946221986,0.013292243079693693,0.9934217563453351,0.0003164788854269163,0.11438724730455156,0.3165107352260654
0.24125,241.25,0.32002127011327497,1.30057972077976,0.013294184391891329,0.9934217685780157,0.00031647953842518924,0.11438725844677776,0.31651114881637166
0.2413,241.29999999999998,0.31986197406677,1.300427542303308,0.013287139430731718,0.993421837739726,0.00031648293649235674,0.11438730756151308,0.316510114840606
0.24135,241.35000000000002,0.3197447770154904,1.3003166042851457,0.013280926971374124,0.9934218819780652,0.0003164852316985504,0.11438734777478551,0.3165092876599934
0.2414,241.4,0.31982106069119165,1.3003899684563216,0.013283869137194801,0.9934219036254208,0.00031648623168331337,0.11438736172891764,0.31650846047938086
0.24145,241.45,0.3199370357520304,1.3005001319912646,0.013289721884467554,0.9934219428077579,0.0003164882375902482,0.11438739486237788,0.31650866727453403
0.2415,241.5,0.31988286101077895,1.3004477541299966,0.0132879424760845,0.9934219594898779,0.00031648901669715563,0.11438740523504447,0.31650784009392147
0.24155,241.54999999999998,0.31971925407913254,1.3002920821928263,0.013280085288023796,0.9934220335827153,0.00031649267236961336,0.11438746314063052,0.31650825368422775
0.2416,241.60000000000002,0.31967378757791154,1.3002496333405529,0.013277083487001379,0.9934220486313893,0.00031649345653760865,0.11438747822063361,0.3165047381666244
0.24165,241.65,0.31978266185258114,1.300353587932243,0.013282039270310249,0.993422083077896,0.00031649508564408874,0.11438750294166673,0.3165097012502997
0.2419,241.9,0.31972378289991515,1.3002975691091294,0.013279336588457336,0.9934222331068081,0.0003165023843043224,0.1143876230743664,0.31651528471943446
0.24195,241.95,0.3197184828753599,1.3002918331367872,0.013279780242913238,0.9934222404556602,0.00031650273636529293,0.11438762883044205,0.3165154915145876
0.242,242.0,0.3195829100884016,1.3001628544259773,0.013273243804698633,0.9934222954608212,0.0003165053280380331,0.11438766992896782,0.31651383715336245
0.24205,242.04999999999998,0.3194996706116489,1.3000844572091514,0.01326842937559932,0.9934223219488649,0.0003165066456349357,0.11438769511533166,0.3165134235630562
0.2421,242.10000000000002,0.3195634809886405,1.3001455437866893,0.013271169192575847,0.9934223372763493,0.00031650732540437505,0.11438770538658789,0.3165154915145876
0.24215,242.15,0.31963864816260035,1.3002165544440032,0.013275346353774475,0.9934223569364804,0.0003165082922709306,0.11438772294407483,0.31651797305642526
0.2422,242.2,0.31957696205150193,1.3001574055411462,0.013272826672973062,0.9934223737088147,0.00031650903669271985,0.11438773362649746,0.3165167322855064
0.24245,242.45,0.31942946772783976,1.300017682875783,0.013265184435268312,0.9934224972987541,0.00031651476831813356,0.11438783265310834,0.31651383715336245
0.2425,242.5,0.31932715263533895,1.2999212059729124,0.013259384491839674,0.9934225338007561,0.00031651647993398673,0.1143878652361684,0.31651321676790306
0.24255,242.54999999999998,0.3193454371497971,1.2999390947359997,0.013259785797624822,0.9934225391211222,0.0003165167099891761,0.11438786923007065,0.31651425074366873
0.2426,242.60000000000002,0.31941822522484065,1.3000079031558314,0.01326378429945722,0.9934225571273778,0.0003165175352743518,0.11438788431874343,0.3165229361401006
0.24265,242.65,0.3193982123262298,1.2999883906101097,0.013263290268880103,0.9934225631853916,0.0003165177954591948,0.11438788843521429,0.31652603806739765
0.2427,242.7,0.31928619537524666,1.2998823471936796,0.01325736128686886,0.9934226058072061,0.0003165196928144433,0.11438792180622294,0.3165247972964788
0.24275,242.75,0.3192240313416531,1.2998241348997912,0.013253427734038268,0.9934226231626783,0.0003165205070617553,0.11438793896345015,0.3165270720431633
0.2428,242.79999999999998,0.31927125160944025,1.299869138821548,0.01325565380745046,0.9934226324930554,0.00031652089757123103,0.1143879454585087,0.3165270720431633
0.24285,242.85000000000002,0.31931718699799494,1.2999122186198226,0.013258519152215546,0.9934226418060182,0.00031652133031963953,0.11438795423824247,0.31653265551229803
0.2429,242.9,0.3192574509334356,1.2998553223621723,0.013255695618417865,0.9934226574152725,0.0003165219836796994,0.11438796473033977,0.3165278992237759
0.24315,243.15,0.31911450553720744,1.2997205996879189,0.013247564002234919,0.9934227446681606,0.0003165257643439204,0.1143880369738921,0.31653203512683864
0.2432,243.2,0.31903394842529226,1.2996450858892077,0.013242548261087695,0.9934227710631709,0.0003165269169544935,0.1143880614096925,0.3165318283316855
0.24325,243.25,0.3190449735444155,1.29965593125536,0.013242731230540499,0.9934227741511881,0.00031652704290456015,0.11438806392455683,0.3165322419219918
0.2433,243.29999999999998,0.31909216719731115,1.2997002548125889,0.013245610706100152,0.9934227831394026,0.00031652742671828824,0.11438807181053952,0.316553541822765
0.24335,243.35000000000002,0.31906716432399523,1.2996762625077767,0.013244605821491017,0.9934227886055699,0.00031652764083048865,0.11438807540473048,0.3165324487171449
0.2434,243.4,0.3189761639985854,1.2995906376362605,0.013239264683633902,0.9934228215351126,0.00031652900035403805,0.11438810233968909,0.3164972935411114
0.2436,243.60000000000002,0.3189297291104602,1.2995471416539988,0.013236362596472291,0.9934228568775749,0.0003165304462290849,0.11438813270506014,0.3164983275168771
0.24365,243.65,0.3188463390338725,1.2994690836288634,0.013231061579790314,0.9934228866776408,0.00031653165450918935,0.11438815904714444,0.3164158162507749
0.2437,243.7,0.3188250033852188,1.299449550390628,0.013229264009503316,0.9934228913140102,0.00031653185310417947,0.11438816425789966,0.31645965682324023
0.24375,243.75,0.3188602197045535,1.2994826509165656,0.013231385533449512,0.9934228968267689,0.00031653206656017725,0.11438816870060389,0.3165680174834847
0.2438,243.79999999999998,0.3188608214621886,1.299482844386072,0.013231795925912096,0.9934228988500564,0.00031653214584894697,0.11438817042928406,0.31653906616204536
0.24385,243.85000000000002,0.3187920981718688,1.2994182986414218,0.013227640965188086,0.9934229205865087,0.000316532977225182,0.11438818753057152,0.31652355652555997
0.2439,243.9,0.3187260009615621,1.2993567884271582,0.013223075853186468,0.9934229416153362,0.00031653381232087,0.1143882076219583,0.3164964663604989
0.24395,243.95,0.31872728749051166,1.2993583773744346,0.013222775258152977,0.993422943368206,0.000316533880980868,0.11438820938745763,0.3164983275168771
0.244,244.0,0.3187557299788363,1.299384874577617,0.013224724687351171,0.9934229473542195,0.00031653403542937513,0.11438821302737677,0.31654444283602695
0.24405,244.04999999999998,0.31873177166462524,1.2993621261441606,0.01322351962146823,0.9934229520011383,0.0003165342002035599,0.11438821617211398,0.3165107352260654
0.2441,244.10000000000002,0.3186586588470548,1.2992938631836026,0.013218696469744483,0.993422977723207,0.0003165351614403529,0.11438823811609147,0.316471237351816
0.2442,244.2,0.31862843233537647,1.2992663172078927,0.013216029853436473,0.9934229911157783,0.00031653567508083136,0.11438825157065247,0.31647702761610386
0.24425,244.25,0.31864250860521903,1.2992792138203904,0.01321721134746111,0.9934229928829944,0.00031653574282740967,0.11438825337252159,0.3165620204240437
0.2443,244.29999999999998,0.31859960360923656,1.299238975746763,0.013214555451077747,0.9934230035294401,0.0003165361142963559,0.11438826137003759,0.3165020498296336
0.24435,244.35000000000002,0.3185317695768105,1.299176022389219,0.013209699735496391,0.9934230275941835,0.0003165369866352021,0.11438828343502302,0.31634902141631127
0.2444,244.4,0.3185071555305993,1.2991535459612118,0.013207567288268824,0.9934230325700162,0.00031653717608537337,0.11438828914094602,0.3163610155351933
0.2446,244.60000000000002,0.31841189320897473,1.299065174015307,0.013200716825727899,0.9934230711205688,0.0003165385041492638,0.1143883238193263,0.316477234411257
0.24465,244.65,0.31840308368859727,1.299057359388741,0.013199723703636429,0.9934230728272865,0.0003165385670264779,0.11438832594292198,0.3164759936403382
0.2447,244.7,0.31841792892372356,1.2990710588041159,0.013200870930155286,0.9934230741869083,0.0003165386129402764,0.11438832721194149,0.3165128031775968
0.24475,244.75,0.3183983031506818,1.29905262443504,0.01319968314801576,0.9934230776968319,0.0003165387223906979,0.11438832970711778,0.3165560233646027
0.2448,244.79999999999998,0.3183404967136532,1.2989992047120003,0.01319531736890556,0.993423097951395,0.00031653938455816836,0.1143883477458614,0.3164464219334394
0.24485,244.85000000000002,0.318298119079743,1.2989604418453415,0.01319171514949995,0.9934231100789417,0.00031653979205445307,0.1143883605705216,0.3164677218342126
0.24515,245.15,0.3181938570060628,1.2988650675108475,0.013182865061936356,0.9934231465579458,0.00031654092967641585,0.11438839555470373,0.31645572771533065
0.2452,245.2,0.31818977770783896,1.298861131248498,0.013182722772221492,0.9934231472836872,0.0003165409497012825,0.11438839607695035,0.316584974686042
0.24525,245.25,0.31814927189264147,1.2988239016030423,0.013179459207963245,0.9934231595252639,0.0003165413029432892,0.11438840670796094,0.3165508534857742
0.2453,245.29999999999998,0.31810043801458343,1.2987794690723433,0.013175076143823876,0.9934231772686486,0.00031654182469708833,0.11438842473922117,0.3165010158538679
0.24535,245.35000000000002,0.31808232479936793,1.2987632554513218,0.013173180067023917,0.9934231806777407,0.0003165419287804891,0.11438842896600308,0.3165092876599934
0.2454,245.4,0.3180866506913433,1.2987672382235078,0.013173523362465451,0.9934231808486231,0.0003165419334849565,0.11438842912697669,0.3166052406110496
0.24545,245.45,0.31807256720627686,1.2987541967686411,0.013172483650944583,0.993423183106807,0.00031654199234720315,0.11438843083272265,0.3166782393001074
0.2456,245.60000000000002,0.31797722243698584,1.2986680421849486,0.013163325524861392,0.9934232142814148,0.00031654284532836005,0.11438846270188667,0.31662075024753494
0.24565,245.65,0.3179778492323294,1.2986685686573811,0.013163425921680693,0.9934232143537951,0.0003165428469929442,0.11438846275109928,0.3168066590902062
0.2457,245.7,0.3179556976202005,1.2986483412373948,0.013161506771055225,0.9934232192700654,0.00031654296798110473,0.11438846691297284,0.3167096721633844
0.24595,245.95,0.317840653245418,1.2985450331348687,0.0131498080878207,0.9934232559182569,0.00031654387096084844,0.1143885047696425,0.31671587601797857
0.246,246.0,0.3177995310176727,1.2985083518136435,0.013145384762528953,0.9934232730891978,0.00031654426296362596,0.11438852305322807,0.31671484204221284
0.24605,246.04999999999998,0.3177737341236298,1.298485621305062,0.013142326136742004,0.9934232806658336,0.0003165444367357174,0.11438853231715362,0.3167125672955283
0.24625,246.25,0.3176910605381968,1.2984123925633406,0.013132910733747026,0.9934233094882828,0.0003165450239713142,0.11438856334252501,0.3167057430554748
0.2463,246.29999999999998,0.3176702480433874,1.2983943081231246,0.013130188547702022,0.9934233152330231,0.0003165451403277609,0.11438857077302812,0.3166846499498547
0.24635,246.35000000000002,0.3176643915828393,1.2983892380955038,0.01312940259102,0.9934233156993323,0.000316545149728172,0.11438857141665433,0.316792803814946
0.2464,246.4,0.3176508500953053,1.2983772141412724,0.013127887739570942,0.9934233183319953,0.00031654519653163135,0.11438857390815649,0.31689702857212765
0.24645,246.45,0.3176194120365206,1.298349624468257,0.013124052664348037,0.9934233313961142,0.0003165454288195796,0.1143885879518568,0.3168010756210715
0.2466,246.60000000000002,0.3175608595756877,1.2982991273901425,0.013116018647144791,0.9934233523718258,0.00031654579258007394,0.11438861405576135,0.3168620801912473
0.24665,246.65,0.31754445131354353,1.2982848179713555,0.013113924174224759,0.9934233566729211,0.00031654585745767203,0.11438861853187454,0.3168738675149762
0.2467,246.7,0.31751353878489036,1.2982581806076832,0.013109664062408405,0.9934233714899188,0.0003165460764696061,0.11438863568652081,0.31687366071982304
0.24675,246.75,0.31748325121149207,1.2982324390437319,0.013105133222634506,0.993423386427852,0.0003165462889397706,0.1143886549569158,0.3168744879004356
0.247,247.0,0.3173817722716133,1.2981472638653697,0.01308887479473644,0.9934234311903767,0.00031654680142977217,0.11438871355877646,0.31687262674405736
0.24705,247.04999999999998,0.31736507811287695,1.2981336501360203,0.01308580045983133,0.9934234372163188,0.00031654686083847306,0.11438872268955508,0.3168720063585979
0.2471,247.1,0.3173539064953214,1.298124476522361,0.013083805180928512,0.9934234399134471,0.0003165468849794967,0.11438872641589776,0.3168740743101293
0.2472,247.20000000000002,0.3173068871454224,1.2980861006652586,0.013075189226773427,0.9934234672090771,0.0003165470907127024,0.11438876369697025,0.3168769694422733
0.24725,247.25,0.3172786788319054,1.2980637358733915,0.013069366373638923,0.9934234877183492,0.0003165472182619963,0.11438879539110448,0.3168771762374264
0.2473,247.29999999999998,0.3172590972821484,1.2980485476233228,0.013064983987472599,0.993423498557416,0.00031654727454604896,0.11438881356202028,0.3168769694422733
0.24735,247.35,0.3172444764953776,1.298037265089616,0.013061652124009315,0.9934235049096012,0.0003165473015916254,0.1143888239324612,0.31687800341803896
0.2474,247.4,0.31722465468414174,1.298022054131789,0.013057054180973304,0.9934235177570794,0.00031654734427877056,0.11438884413723531,0.3168746946955887
0.24795,247.95000000000002,0.31254621583548226,1.295487406311892,0.011242726973461367,0.9937524917870851,0.0003165474817166455,0.11487849783240461,0.31676343890320036
0.248,248.0,0.3110710402269404,1.294670946189607,0.01078527445087518,0.9939535593572991,0.0003165474817168582,0.11507389128050273,0.3167545467116154
0.24805,248.04999999999998,0.3093346973439753,1.293700180463567,0.01030191498918094,0.9942355589618327,0.0003165474817169728,0.11529198198238984,0.3167593030001376
0.2481,248.1,0.3073285113874746,1.2925698346618157,0.009804705857261307,0.9946139592433144,0.0003165474817170377,0.11552272333824358,0.31676736801111
0.2485,248.5,0.28119824003476307,1.2778428375955222,0.006126613657955777,1.0023375544758453,0.00031654748171713973,0.11710957803903203,0.31688648201931763
0.24855,248.54999999999998,0.2766980448466763,1.2753497097164626,0.005740885367384146,1.003958754603305,0.00031654748171714147,0.11724846906031552,0.31691191782315364
0.2486,248.6,0.271945416443778,1.2727317696006533,0.005372386428115279,1.0057248171900308,0.00031654748171714255,0.11737523012322548,0.31688069175502975
0.24865,248.65,0.26695200072172454,1.2699969546226428,0.005020543569365706,1.00763145951402,0.00031654748171714326,0.11749079142433404,0.3168771762374264
0.2487,248.70000000000002,0.26173144078700256,1.267153980878168,0.004684740720341647,1.009673137590014,0.00031654748171714364,0.11759605664733308,0.3168713859731385
0.24875,248.75,0.2562994028440233,1.2642124015076144,0.004364356314422015,1.0118431159356525,0.0003165474817171442,0.11769187749910597,0.3168554627463469
0.2491,249.1,0.2140767991122808,1.2418582590129352,0.002507011998203922,1.0298537683676043,0.000316547481717146,0.11815636635290427,0.31681575807694434
0.24915,249.15,0.207742229276392,1.2385844833220634,0.002291208146229794,1.032698715183649,0.0003165474817171461,0.11819984305036707,0.3165154915145876
0.2492,249.20000000000002,0.20141595084930566,1.2353404917197872,0.0020866693098960413,1.0355764241157448,0.0003165474817171461,0.11823889971201362,0.3167963193325493
0.24925,249.25,0.19512789547504972,1.2321449477052986,0.0018930951985233644,1.0384753263821356,0.00031654748171714635,0.11827388169525821,0.3167756398172355
0.2493,249.29999999999998,0.18890816134794228,1.2290171381124693,0.0017102078309264121,1.0413843323220153,0.0003165474817171465,0.1183051082957167,0.3165748417235383
0.24935,249.35,0.18278672059542792,1.2259768514018226,0.0015377489802735676,1.0442929997455839,0.0003165474817171467,0.1183328758070017,0.316439804488539
0.2494,249.4,0.17679312996356839,1.2230442412707478,0.0013754779758563351,1.047191684657596,0.00031654748171714694,0.1183574601186765,0.31639596391607366
0.24945,249.45000000000002,0.1709562500049032,1.2202396773062627,0.0012231698704770093,1.0500716708877122,0.0003165474817171471,0.11837911891462059,0.3165074265036152
0.2495,249.5,0.16530397732655341,1.2175835846168745,0.0010806139648046888,1.0529252759966239,0.0003165474817171473,0.1183980935332422,0.3167485496521744
0.24955,249.54999999999998,0.15986299353381772,1.2150962745356153,0.0009476126682738824,1.0557459318942406,0.0003165474817171473,0.11841461054850462,0.31643463460971055
0.24965,249.65,0.1497141745997495,1.210707617911078,0.0007095443038372609,1.0612679993380278,0.0003165474817171473,0.11844111222229449,0.3168014892113778
0.2497,249.70000000000002,0.1450516489791618,1.2088447204627206,0.0006041413247414545,1.0639622141549536,0.0003165474817171473,0.1184514875956566,0.31596624358785236
0.24975,249.75,0.140690677064665,1.2072271379671435,0.0005076206076118967,1.0666090741563883,0.0003165474817171473,0.11846018879886906,0.3168138969205661
0.2499,249.9,0.12958126419588864,1.2040105802888077,0.000270008382804233,1.0742642994029987,0.0003165474817171473,0.11847790769595228,0.3166885790577643
0.24995,249.95000000000002,0.12657893057816008,1.203531905785066,0.00020772947625101465,1.0767256759855317,0.0003165474817171473,0.11848153319167412,0.3172835287133431
0.25,250.0,0.12394232893447761,1.2033701445422622,0.00015374597730394475,1.0791465301617675,0.0003165474817171473,0.11848425842440749,0.3168205143654665
0.25005,250.04999999999998,0.12167685546966184,1.2035347316497185,0.00010797481404992422,1.0815308176106817,0.0003165474817171473,0.11848621895470628,0.3172469259712376
0.2501,250.1,0.11978533709058072,1.2040331357278147,7.034429037733951e-5,1.0838831082169766,0.0003165474817171473,0.11848754572054791,0.31680272998229664
0.25025,250.24999999999997,0.11634443455863924,1.2075739601518238,5.7427685341911515e-6,1.0908002322181616,0.0003165474817171473,0.1184889788389191,0.3169987717874717
0.2503,250.3,0.11592614363557315,1.2094389834976447,1.7066369688248925e-7,1.0930779743479997,0.0003165474817171473,0.11848901272703762,0.31667513737281033
0.25035,250.35000000000002,0.11585823785677132,1.2116418578812083,2.5329569328442316e-6,1.0953511167937655,0.0003165474817171473,0.11848902281973162,0.31693280413362057
0.2504,250.4,0.11612895039471882,1.2141761656528374,1.2810979229676154e-5,1.097624989945994,0.0003165474817171473,0.11848912627818275,0.3166410161725425
0.25045,250.45000000000002,0.11672444396656124,1.2170329663045287,3.098904843889519e-5,1.09990447478207,0.0003165474817171473,0.11848943953612036,0.31691708770198207
0.2506,250.6,0.12029406153802243,1.2274108923838372,0.00013274274686056077,1.1068145336375477,0.0003165474817171473,0.11849279015342805,0.31674296618303965
0.25065,250.64999999999998,0.12201562700332301,1.2314176746968295,0.00018230228036523186,1.10914930772205,0.0003165474817171473,0.11849508725228895,0.3171474575025781
0.2507,250.7,0.1239688431545726,1.23566455657735,0.00023959549548613335,1.111500263597896,0.0003165474817171473,0.1184981555356557,0.3168852412483988
0.25075,250.74999999999997,0.12613207810028274,1.2401278438238788,0.0003045330669602187,1.1138652495304036,0.0003165474817171473,0.11850209577788436,0.3173420517416812
0.2508,250.8,0.1284833773592657,1.244781655998172,0.00037698946569085685,1.1162402139398968,0.0003165474817171473,0.11850700002024253,0.31703682209564915
0.25085,250.85000000000002,0.13100076246730938,1.2495980755569582,0.00045679324461055034,1.1186190462218388,0.0003165474817171473,0.11851294816986231,0.3174663356287173
0.2509,250.9,0.1336625102123867,1.2545473290657687,0.0005437162500625019,1.1209934679349856,0.0003165474817171473,0.11852000386573565,0.31712388285512033
0.25125,251.24999999999997,0.15464622955450558,1.2901381636145766,0.001314914425693488,1.1363717013548498,0.0003165474817171473,0.11859996269786206,0.31350021138667866
0.2513,251.3,0.1577580195852933,1.2949445171414022,0.001439883648191494,1.1381912194969768,0.0003165474817171473,0.11861453898184768,0.31337530711418315
0.25135,251.35000000000002,0.1608447953271515,1.2995804806780173,0.0015655231071511565,1.1398660320156686,0.00031654748171714754,0.11862927190621674,0.31127509553891103
0.2514,251.4,0.16388751383667108,1.3040157648014192,0.0016905294950811938,1.1413835894335715,0.0003165474817171477,0.11864385686673488,0.3123260285071596
0.25145,251.45000000000002,0.16686587615947554,1.3082224677675631,0.0018135175835580358,1.1427349040451351,0.00031654748171714786,0.11865797511414619,0.31032073590717796
0.2515,251.5,0.16975815926479432,1.3121755189930706,0.0019330539936579692,1.1439151952406934,0.00031654748171714797,0.11867131282870412,0.31330499676211615
0.25155,251.54999999999998,0.172541253523111,1.3158530715134082,0.002047699653598455,1.144924286891689,0.00031654748171714814,0.1186835826569364,0.31216720982954943
0.2516,251.6,0.1751909429674992,1.3192368254329592,0.002156059165339306,1.1457666999211347,0.00031654748171714814,0.11869454542306984,0.31747522782030224
0.25195,251.95000000000002,0.18806213279387615,1.3339710395358761,0.0026536307203972984,1.1481272599032957,0.00031654748171714814,0.11873041655730968,0.33917279567302755
0.252,252.0,0.18888433286711848,1.3348067391567335,0.0026822629372125263,1.1481693908948971,0.00031654748171714814,0.1187311899852759,0.33977208802682224
0.25205,252.04999999999998,0.18943146279834872,1.3353527820536701,0.002700901033873739,1.1481869416260175,0.00031654748171714814,0.11873152144606951,0.33998529382970777
0.2521,252.1,0.18970885699333107,1.3356252476952433,0.0027102948779186876,1.1481914068288435,0.00031654748171714814,0.11873160986210557,0.3405918240138623
0.25215,252.14999999999998,0.1897266485770296,1.3356422876394123,0.0027113305555877387,1.1481916908612149,0.00031654748171714814,0.11873161569654068,0.34065799846286654
0.2522,252.2,0.1894993419662227,1.335423846027904,0.0027049863228885596,1.1481942115865236,0.00031654748171714814,0.11873165693616271,0.3406069200600414
0.2526,252.6,0.18161066652819033,1.3280122019166696,0.0025091558855301027,1.148475407730845,0.00031654748171714814,0.1187364023558456,0.3409086341884701
0.25265,252.64999999999998,0.1802857345517118,1.3267658771979065,0.002479923265865453,1.1485247815715234,0.00031654748171714814,0.11873720001844602,0.3411987677883231
0.2527,252.7,0.17898651557805562,1.325540112585687,0.002452030352978597,1.1485703422936333,0.00031654748171714814,0.11873792637023232,0.3411106730530862
0.25275,252.74999999999997,0.1777435995100319,1.3243633256301195,0.002426020099227225,1.1486104605207894,0.00031654748171714814,0.11873855815685619,0.34134869427434833
0.2528,252.8,0.17658715672689654,1.3232640252259693,0.0024023829144665674,1.1486439651929503,0.00031654748171714814,0.11873908015286079,0.34128065866896584
0.25285,252.85000000000002,0.17554677594263654,1.3222707004853766,0.002381563741821454,1.1486702016588812,0.00031654748171714814,0.11873948540826691,0.34144506081571074
0.2529,252.9,0.17465131379233262,1.3214117021331602,0.0023639693719854347,1.148689070797178,0.00031654748171714814,0.11873977524128347,0.3413234652656654
0.25305,253.05,0.17310900959508155,1.3199193714303963,0.0023341839108951866,1.1487092585186813,0.00031654748171714814,0.11874008694778415,0.3411363156520753
0.2531,253.1,0.17306212382742053,1.3198737935949114,0.00233304765249166,1.1487094301893224,0.00031654748171714814,0.11874008992738053,0.34098411441936555
0.25315,253.14999999999998,0.1732884214926678,1.320097471780047,0.002336849730968744,1.1487106127721947,0.00031654748171714814,0.11874010544307294,0.34100686188621077
0.25325,253.24999999999997,0.17464440742879694,1.3214495775637602,0.0023605857368580135,1.1487304683430128,0.00031654748171714814,0.11874038789427842,0.34080296186521647
0.2533,253.3,0.1758113654570292,1.322623282277631,0.002381209625466887,1.1487578385165316,0.00031654748171714814,0.11874078781318192,0.33999315204552705
0.25335,253.35000000000002,0.1773256870709315,1.3241564157263772,0.002408164904190916,1.148803604948404,0.00031654748171714814,0.11874146927654963,0.33976092108855277
0.2534,253.4,0.17920053486488616,1.3260675314728205,0.0024418579800251014,1.148873564912377,0.00031654748171714814,0.11874253257737391,0.3387120560718355
0.2539,253.9,0.218596268591081,1.3683296018260054,0.003277536745568419,1.1525755064074286,0.0003165474817171487,0.11881642219147472,0.3308443276755374
0.25395,253.95000000000002,0.22443514673887996,1.3748885858180016,0.0034301168863699973,1.15344817064098,0.0003165474817171488,0.11883817314900166,0.330354636752906
0.254,254.0,0.230538294731883,1.381826406378255,0.0036005650221543014,1.1544532642015473,0.0003165474817171488,0.11886531650304717,0.33124075398410346
0.25405,254.05,0.23687189696865568,1.3891174156079176,0.003790961047038592,1.1556010333507114,0.00031654748171714895,0.11889918508522777,0.33121325022873604
0.2541,254.1,0.2433981352444049,1.3967309426525178,0.004003774287111827,1.1569010930486587,0.00031654748171714917,0.11894149931834072,0.3344692399148979
0.2544,254.4,0.2840962109413796,1.4468072443642956,0.00597823482540302,1.1682531451396578,0.0003165474817171543,0.11957599137434301,0.364430342087028
0.25445,254.45000000000002,0.290690813255065,1.4553816761559284,0.006490528775795145,1.1707450231421037,0.0003165474817171578,0.11982141802710625,0.3651892802990454
0.2545,254.5,0.2971145595676367,1.4638504260233902,0.007092621522149083,1.1733917802739935,0.0003165474817171645,0.12016058712469221,0.36493264751400084
0.2546,254.6,0.3093586966000628,1.4801893699047357,0.008713756513392535,1.1791064762683463,0.0003165474817172252,0.12140643312248701,0.3651202107178972
0.25465,254.64999999999998,0.3152053318973858,1.4879250199713283,0.009893366234391198,1.1821737915068264,0.00031654748171743225,0.12271568388128055,0.36409181842134064
0.2547,254.7,0.3210297023317295,1.4953014703174436,0.011625206875369293,1.1854548609414082,0.00031654748172194177,0.12556679987263644,0.3619194353376233
0.25475,254.74999999999997,0.32755619559281496,1.5020773822591336,0.013388174116021891,1.1874519359363582,0.00032799648902706125,0.12942872466012817,0.3677049433369723
0.2548,254.80000000000004,0.3289892695419781,1.5034302299594415,0.013528077479181494,1.187506913671873,0.00033265245467252957,0.1294721378328739,0.3677332742729522
0.25485,254.85000000000002,0.32250192508466674,1.4976203582620875,0.013117083199330356,1.1877614402307621,0.00034442512932462125,0.12965138354393885,0.3668796238807975
0.25495,254.95000000000002,0.31042532552773083,1.4901447757688948,0.010678728350203052,1.1899204832413015,0.0003444921838847418,0.13320353861951084,0.37243869118746015
0.255,255.0,0.30967466929030624,1.4896025264397852,0.010507863870156647,1.1899579865818306,0.0003444921838847604,0.1332426265686215,0.3726483814727423
0.25505,255.05,0.3107907633310982,1.4905991327344754,0.010678938569905564,1.1900095386034428,0.0003444921838847847,0.1332775586772541,0.3727222073424127
0.2552,255.2,0.32171648253639484,1.5005652231520934,0.013254775433910577,1.1916204474547711,0.00034723406116775194,0.13583491147605337,0.3778056457968573
0.25525,255.24999999999997,0.3239548419057103,1.5026740711410207,0.013427357518654186,1.1916609582784,0.00034975697383176875,0.13587187958933972,0.3778563106093762
0.2553,255.30000000000004,0.3207034387524437,1.4996645001581932,0.013248812754337586,1.1917210806650254,0.00035288421143352984,0.1359096613484768,0.3777202393986112
0.25535,255.35000000000002,0.3161047843155842,1.4961939934773325,0.012480927507373982,1.1920793117740738,0.0003542246757707322,0.13660059757677162,0.3782990590322452
0.2554,255.4,0.31492970397619613,1.4955009939237405,0.012086036782218479,1.1921662803965876,0.00035422467577736017,0.13682203630046413,0.37890269408425575
0.25545,255.45000000000002,0.3167209354305237,1.4970109632202162,0.012489645004949564,1.1922884336199533,0.0003542246757901945,0.1370148777445393,0.3788460322122959
0.2555,255.5,0.32036258159236497,1.5002028207849096,0.013227916478219191,1.1925748769275608,0.00035564594155507477,0.13763318319201207,0.3815438817801376
0.25555,255.55,0.322486326801204,1.5022018330022382,0.013384013292324873,1.1926045659074036,0.0003572931040262939,0.13766086352845644,0.38159950967633177
0.2556,255.6,0.3202472444969951,1.500108300737023,0.013268415319992405,1.1926330498810027,0.0003587435944707208,0.13767846607479503,0.3815277517581928
0.25595,255.95000000000002,0.3170903414433126,1.4977350144161812,0.01290947632676372,1.1930513975811505,0.00036433521380244697,0.13841688936897834,0.3846896496496767
0.256,256.0,0.3196847199149313,1.5000803125910593,0.01322175270829914,1.1931136776579232,0.0003651473479916466,0.13852076425490598,0.3857426505694567
0.25605,256.05,0.321640324434118,1.5019242985511994,0.013354877775103637,1.19313410319987,0.0003662093760127729,0.13853970208790573,0.38578545716615636
0.2561,256.1,0.32010823212376643,1.5004775284031058,0.013283346932628656,1.193147224587255,0.00036687133808559544,0.1385476723599465,0.385732517606953
0.25615,256.15,0.31748807540829066,1.4980816624988469,0.01309403907227524,1.1931811207086875,0.0003679246223724507,0.13858121747653476,0.38570522064673873
0.2562,256.2,0.3177572102270507,1.4983677328538532,0.01308872183603027,1.1931926631781533,0.00036798178612606314,0.1385998843372464,0.3857840096000844
0.25625,256.25,0.3204222469062543,1.5008797611980822,0.013277301454152915,1.193227083321134,0.0003690996425571623,0.13863316809955434,0.3858100657893798
0.2563,256.29999999999995,0.3214581057690791,1.5018496012333786,0.013352344924602612,1.1932356011375784,0.00036959841867412397,0.13864121846772623,0.3858183375955053
0.25635,256.35,0.31930690365948133,1.4998308156252502,0.013240622341184496,1.1932553463391766,0.0003705336484590332,0.13865470510364425,0.38578587075646265
0.2564,256.40000000000003,0.3173395342874675,1.4980403987396955,0.013085131231732576,1.1932762044305418,0.00037111361965156444,0.13867801949642974,0.38572920888450274
0.25645,256.45,0.3185514372135552,1.4991876277411265,0.01316180768435399,1.1932879804199907,0.00037132878348268474,0.1386893941956673,0.38574368454522245
0.2566,256.6,0.3185527832020548,1.4992096142652138,0.01319699528847154,1.1933413996043294,0.0003736930028381197,0.13873413023647338,0.38577346304727433
0.25665,256.65,0.3175184605543702,1.4982778545593538,0.013103592136857394,1.193350322467396,0.0003739187708864777,0.138745289278854,0.3857201098977647
0.2567,256.7,0.3194437665387407,1.500098565671291,0.013226466607106047,1.1933680818824004,0.0003744233667416703,0.13876087625747033,0.3857428573646099
0.25675,256.75,0.3213415175008055,1.501896084009394,0.01334277257470412,1.19338336086768,0.0003752039923406478,0.1387746090550738,0.38578318241947185
0.2568,256.79999999999995,0.3203183291380491,1.5009197581621287,0.013302429501000206,1.193389556690506,0.00037552393143737385,0.13877828890386953,0.3857672591926802
0.25685,256.85,0.31801769078948455,1.4987794784257202,0.013163447701049878,1.1934101010841716,0.0003763382418793563,0.138796396981107,0.38574637288221325
0.2569,256.90000000000003,0.3180299522313716,1.4988140236945724,0.013145233139957824,1.193414079389479,0.00037642470988650037,0.1388008895322546,0.38573892825670025
0.25695,256.95,0.3202830941556106,1.500952780193333,0.013280386173161622,1.1934340799263232,0.0003771745652774739,0.1388181050369605,0.3857538175077262
0.257,257.0,0.3213028836297186,1.5019128528411205,0.013346615252965922,1.1934402295040896,0.00037753148517258366,0.13882386088003715,0.3857742902278869
0.25705,257.05,0.31954976065880164,1.5002544533338822,0.013263911817049343,1.193451678988071,0.0003780944346166555,0.13883145518730472,0.3857451321112944
0.2571,257.1,0.3178113243191004,1.4986437495664306,0.013149432108068492,1.1934644513636705,0.0003785621371283402,0.13884424031880002,0.385719075921999
0.25715,257.15,0.318781734972193,1.4995726549712423,0.01319723599654348,1.1934705771163718,0.00037873010399012166,0.13884916096997835,0.38573934184700653
0.25725,257.25,0.32093446144939974,1.5016094218726266,0.013332972174627018,1.1934894418315256,0.0003796259708363772,0.13886518125015876,0.3857583670010952
0.2573,257.29999999999995,0.31885746928810693,1.4996538560572652,0.013226682893508744,1.193503895085576,0.0003802988776839146,0.13887608514480543,0.3857376874857814
0.25735,257.35,0.3179739207049713,1.4988427191402007,0.01315967249849767,1.1935091100518473,0.000380479287930235,0.1388819796673123,0.38571783515108016
0.2574,257.40000000000003,0.3196293023335297,1.5004194564223603,0.013249376527055217,1.1935197857252111,0.00038085483140478104,0.1388904450152068,0.3857455457016007
0.25745,257.45,0.3212385527860977,1.501947825906916,0.01334028630816383,1.1935293013596573,0.0003813596278673014,0.1388988272118365,0.38575443789318564
0.2575,257.5,0.32033621475291635,1.501083476447588,0.013306600148078997,1.1935333893225544,0.0003815716509365011,0.13890125499523898,0.3857352059439438
0.25765,257.65,0.32040745803544474,1.5011960427904862,0.01329391329073797,1.193560846460157,0.0003827275417168911,0.13892442964662652,0.38574120300338477
0.2577,257.7,0.32120526467612603,1.5019483431579883,0.01334324732971537,1.1935644570702537,0.0003829413354356576,0.1389277916345639,0.3857461660870601
0.25775,257.75,0.3196608814445898,1.5004808937478369,0.013274410568211388,1.1935721617355082,0.0003833286066723646,0.13893291501532404,0.38573727389547513
0.2578,257.79999999999995,0.3182487100584193,1.4991608781180528,0.013189960858583469,1.1935795513086263,0.00038363796243512713,0.13894003286182638,0.3857062546225044
0.25785,257.85,0.3191737523484998,1.5000489769080765,0.013231222697572171,1.1935837230405533,0.00038378152788344483,0.13894307443349715,0.38572155746383663
0.25795,257.95,0.3208609923006356,1.501649063043962,0.013330661032653639,1.1935954078729976,0.00038437162792129113,0.13895266079198837,0.38573065645057475
0.258,258.0,0.3190753468721891,1.4999594415799797,0.013244509533556117,1.1936048167409201,0.00038482814081820327,0.13895974533228087,0.38572383221052114
0.25805,258.05,0.31845281338136566,1.4993841014445355,0.01320018016353762,1.1936075664573922,0.0003849394478501182,0.13896270717511885,0.3857099769352609
0.2581,258.1,0.3199465153641142,1.500812235853035,0.013273306880571975,1.193614824177678,0.0003852353948576535,0.13896818267944222,0.3857221778492961
0.25815,258.15,0.32121845602035415,1.5020221088888555,0.013341134919701987,1.193620276629826,0.0003855385833551358,0.13897296075304857,0.38573127683603414
0.2582,258.2,0.32031986049267824,1.5011603971258165,0.013307560159334497,1.1936234200889768,0.00038570224710872256,0.13897484210511787,0.38571762835592704
0.25845,258.45,0.3197371733767952,1.5006304643137147,0.013280744790504935,1.193648146635456,0.00038689500973242917,0.13899446794670767,0.3857105973207203
0.2585,258.5,0.31866988584125167,1.499627763378654,0.013220341586990906,1.1936521431895022,0.00038707803424168074,0.13899828635160374,0.38570253230974794
0.25855,258.55,0.3196092559095807,1.5005304541289213,0.013260398811907909,1.1936553890501376,0.00038720782790448177,0.1390005389236672,0.38571762835592704
0.2586,258.6,0.321069306495916,1.5019247367299182,0.013332526458339235,1.1936614251237134,0.0003875264350338247,0.1390055193144983,0.3857201098977647
0.25865,258.65,0.3207922581472027,1.5016531652182135,0.013328279364623564,1.1936625896016235,0.00038759094157067434,0.13900627815573743,0.38571576719954875
0.2587,258.7,0.3192687513017152,1.5002068236695805,0.013257612405837496,1.1936687730538362,0.000387901116112775,0.13901098946303114,0.3857091497546484
0.25875,258.75,0.31892886322525715,1.499893901498328,0.01323205954088165,1.1936701247006316,0.0003879611191286221,0.13901237989620407,0.3857039798758199
0.2588,258.79999999999995,0.3202897776892356,1.5011979500451298,0.013294350867296866,1.1936753105906184,0.0003881968072456182,0.13901621103681125,0.3857099769352609
0.25885,258.85,0.32121937880855833,1.5020824974486562,0.013342449226860127,1.1936781854169747,0.00038836408094934855,0.13901875474713551,0.3857132856577111
0.2589,258.90000000000003,0.32029986233706775,1.501200525500034,0.013307655060653739,1.1936807969282748,0.0003885013255000345,0.13902035555110226,0.3857058410321981
0.25915,259.15,0.31981080743541623,1.5007502086033033,0.013285639462380783,1.1936967031806691,0.00038930507997082776,0.1390327553317463,0.3857037730806668
0.2592,259.2,0.31907709561583425,1.5000593364044785,0.013244885060157722,1.1936986890775525,0.0003894024863983775,0.1390346705429951,0.38569177896178475
0.25925,259.25,0.3200274065215863,1.5009729893234864,0.013284327480502012,1.193701353022548,0.00038952115197554027,0.13903649358007214,0.3857012915388291
0.2593,259.29999999999995,0.3211610263961677,1.5020563038809895,0.01333825632958531,1.1937047823854119,0.00038971247387731305,0.13903934082586786,0.38570790898372953
0.25935,259.35,0.32072722003725557,1.5016358991751657,0.013325925823461636,1.1937057982186383,0.00038976718336624673,0.1390399450747913,0.38570790898372953
0.2594,259.40000000000003,0.31946047174588277,1.5004306615510425,0.013268589063074132,1.1937097640669043,0.00038997215749853395,0.13904302953320996,0.38570253230974794
0.25945,259.45,0.3193819724294644,1.5003635505016366,0.013257928095372276,1.1937104586549023,0.0003900042287992448,0.1390436695451971,0.38570253230974794
0.2595,259.5,0.320601112578597,1.5015332188012125,0.013311291821731143,1.1937141649777927,0.0003901870521630525,0.13904640009753044,0.3857068750079638
0.25955,259.55,0.3212073241338622,1.5021092923488664,0.013342890688579767,1.193715541295025,0.0003902703513790717,0.13904764288860566,0.3857087361643421
0.2596,259.6,0.3202870757893946,1.5012266010625919,0.01330765551646761,1.1937177444008362,0.00039038773089609654,0.13904904364459636,0.3857120448867923
0.25965,259.65,0.31933694914134364,1.5003254602375806,0.013261242122003214,1.1937201888966653,0.0003905135331793153,0.13905117410077944,0.38570522064673873
0.2597,259.7,0.31986037941603945,1.5008319904088585,0.013279302669540145,1.1937212996211,0.0003905625346179738,0.13905189235102267,0.38570977014010777
0.25995,259.95,0.32039022534037026,1.5013483150104938,0.013303101380242436,1.19373105686109,0.00039107526184407925,0.13905931314063827,0.3857085293691889
0.26,260.0,0.32121327916338105,1.5021346581707264,0.013341722658278701,1.1937328606278035,0.00039118058122849164,0.13906084230555302,0.38571349245286424
0.26005,260.05,0.3206654534951364,1.501605985938079,0.01332359897014862,1.193733837399369,0.0003912329810975316,0.13906141833996047,0.38571514681408936
0.2601,260.1,0.3196552545147674,1.5006435526361424,0.01327837818506528,1.1937362520238763,0.00039136131956311616,0.13906334871382142,0.38571307886255796
0.26015,260.15,0.3197919491053369,1.5007802267291745,0.013278887647798839,1.1937367190014716,0.00039138295906073774,0.1390636968203626,0.3857163875850082
0.2602,260.2,0.32084706014564973,1.5017930908436443,0.013323829288295386,1.1937392774742286,0.00039151729756967113,0.13906560020679526,0.3857149400189362
0.26025,260.25,0.3211672629294567,1.5020957945097853,0.013341969986066586,1.1937398810233544,0.00039155477758858945,0.13906615116542803,0.38571307886255796
0.2603,260.29999999999995,0.32028533749389193,1.5012499219794109,0.013307818708054812,1.1937416839655772,0.000391652267229298,0.13906734647668964,0.3857093565498015
0.26035,260.35,0.31962924846082846,1.5006273156699532,0.01327562700218186,1.193742908307514,0.0003917178421002875,0.13906844739637628,0.385704186670973
0.2604,260.40000000000003,0.3202334642673669,1.5012104724713788,0.013297786317816094,1.1937439581074265,0.00039176767874337553,0.1390691213713866,0.38571307886255796
0.2606,260.6,0.31981040681931716,1.5008080360087122,0.013282111439040937,1.1937486421007253,0.0003920261693839017,0.1390727440413441,0.38571452642862997
0.26065,260.65,0.32067367893772547,1.5016382638489452,0.013316941399422265,1.1937503394417215,0.00039211331871065344,0.13907393592462075,0.3857149400189362
0.2607,260.7,0.32121405930159846,1.5021537611209923,0.01334273432879325,1.193751196598541,0.00039216524820332506,0.13907468715459198,0.385711631296486
0.26075,260.75,0.3206074927889728,1.5015696096042714,0.013321301154383373,1.1937521274416705,0.0003922156559130729,0.13907525780650057,0.38570811577888264
0.2608,260.79999999999995,0.31984701327614334,1.5008447212784508,0.013287149321140137,1.1937534912408705,0.00039229008200067995,0.13907638628156413,0.38570522064673873
0.26085,260.85,0.3201393257873451,1.5011292485499828,0.013295386888383965,1.1937539228595622,0.00039231051685025535,0.13907666032039812,0.3857112177061797
0.2609,260.90000000000003,0.32101057924150067,1.5019655828385792,0.013332062490498902,1.1937555864397162,0.0003924021111235658,0.13907792245025696,0.3857126652722517
0.26095,260.95,0.32109609806229983,1.5020438143814672,0.013339642069367785,1.1937558616751263,0.00039241894287818835,0.1390781562416002,0.3857110109110266
0.261,261.0,0.320293554635385,1.5012742413054152,0.013308140598511828,1.193757253315653,0.0003924952192467593,0.1390791193497422,0.38570749539342325
0.26105,261.05,0.3198954276213809,1.5008970654108598,0.013287773311142703,1.1937578060202325,0.00039252583144792593,0.13907963464558296,0.38570439346612617
0.2611,261.1,0.32052346223571937,1.501502423026976,0.01331144550092158,1.1937587529600784,0.00039257346017208426,0.13908025763652196,0.3857089429594952
0.26125,261.25,0.32008194483123376,1.5010767686493884,0.013298420127171572,1.1937614372595884,0.0003927247659593694,0.13908230548378678,0.38570542744189185
0.2613,261.29999999999995,0.3201047829598125,1.5011027535551618,0.013295501359890799,1.1937616539999347,0.00039273586185660037,0.13908247915487024,0.3857058410321981
0.26135,261.35,0.3208649237172405,1.501833558236174,0.013326143880908754,1.1937628929603465,0.0003928024537786884,0.13908337142325,0.3857062546225044
0.2614,261.40000000000003,0.32116297514288306,1.5021166945347837,0.01334144760873358,1.1937632585145648,0.00039282516911471097,0.13908370266065145,0.3857058410321981
0.26145,261.45,0.3205527308102233,1.5015297844141806,0.013318989073174314,1.1937640882145337,0.000392870610377814,0.1390842379250167,0.38570501385158557
0.2615,261.5,0.3200230775151396,1.5010251734403852,0.013294687461181945,1.1937647891176206,0.00039290981181059107,0.13908484269336552,0.3856969488406132
0.26155,261.55,0.3204079037306237,1.5013975333146319,0.013307615505325675,1.1937652288512015,0.0003929315090821299,0.1390851147493531,0.3856992235872977
0.2619,261.90000000000003,0.3207485785291355,1.501723436427806,0.013326722273402118,1.1937693317566211,0.00039316063619631523,0.13908816494458778,0.38568929741994706
0.26195,261.95,0.3201694457483438,1.5011699856881389,0.013301820675784245,1.1937700702250909,0.00039320201788588477,0.139088758289648,0.38568702267326255
0.262,262.0,0.3203297068365947,1.5013268700510511,0.013305389297224683,1.193770252934877,0.00039321108609822737,0.13908887639319809,0.385687643058722
0.26205,262.05,0.3209607349744599,1.5019330907644572,0.013331077536657842,1.1937710868027345,0.0003932574138842938,0.13908949572781232,0.38569136537147847
0.2621,262.1,0.32106589603033076,1.502031333248749,0.013338158643996234,1.193771239769904,0.00039326684738718074,0.13908963081265904,0.38568950421510023
0.26215,262.15,0.3204977923316205,1.501485579747891,0.01331652452568929,1.1937719179314366,0.00039330430503954275,0.1390900911686537,0.3856849547217312
0.2622,262.2,0.3201678575478171,1.501171906257074,0.013300606135490875,1.193772242032321,0.0003933228137463977,0.13909038436358234,0.3856828867701998
0.26225,262.25,0.3205870345142885,1.501576429401073,0.013315703570915485,1.1937726637575783,0.0003933444320689638,0.13909065373833007,0.3856853683120374
0.2623,262.29999999999995,0.32107988176303287,1.5020485870579368,0.01333697120899493,1.1937732094166862,0.00039337637651287786,0.1390910963863285,0.38568640228780315
0.26235,262.35,0.3208745600121015,1.501849045077038,0.013331380792136959,1.1937733889546884,0.0003933860857407224,0.1390912023302032,0.3856857819023437
0.2626,262.6,0.32064279248888994,1.5016283955129293,0.013322343525785223,1.1937753586475575,0.0003934956336716933,0.13909265428192466,0.38568660908295627
0.26265,262.65,0.32023434866311273,1.5012385629186882,0.013304148367586683,1.1937757520584618,0.0003935179646574314,0.13909298573042855,0.38568743626356883
0.2627,262.7,0.320473980587863,1.5014708351979935,0.013311705946937397,1.1937759404332702,0.00039352740907489284,0.13909310041071085,0.3856878498538751
0.26275,262.75,0.320965602474408,1.501942537395439,0.01333216770856809,1.1937764529859718,0.0003935565339454355,0.1390934953747274,0.3856932265278567
0.26285,262.84999999999997,0.3204362027153866,1.5014322730644045,0.013313660412273871,1.1937770475587344,0.00039358966779328005,0.13909392046110822,0.38569674204546006
0.2629,262.90000000000003,0.3202662146124922,1.5012716074138739,0.013304483681471052,1.1937771852179877,0.0003935976010149316,0.13909404954464685,0.38569446729877555
0.26295,262.95000000000005,0.3206727772685407,1.5016632222273578,0.013319814952120467,1.193777549227975,0.0003936167761926257,0.1390942924643947,0.38569446729877555
0.263,263.0,0.32099918941893585,1.5019752011691,0.013334531140879098,1.1937778160781372,0.000393632679028918,0.13909451957081753,0.3856934333230098
0.26305,263.05,0.3207327472463004,1.501717754406033,0.013325739047853528,1.1937780089380334,0.00039364302046032115,0.1390946347856083,0.3856934333230098
0.2632,263.2,0.32082404573654266,1.5018093040439016,0.013326430048758034,1.193778901108646,0.00039369232488672517,0.1390953082779701,0.385693640118163
0.26325,263.25,0.32092214027099525,1.5019015179130353,0.013332400801378196,1.1937789859393164,0.0003936975049007886,0.13909538489930143,0.3856986032018383
0.2633,263.29999999999995,0.3205256854617061,1.5015204781748346,0.013317340552147065,1.1937793221472008,0.0003937158926758329,0.1390956110958542,0.38569715563576634
0.26335,263.34999999999997,0.32026266965638595,1.5012700743442968,0.013304930262412461,1.1937795127452926,0.00039372681043318156,0.13909578029657063,0.3856992235872977
0.2634,263.40000000000003,0.3205324023221899,1.5015304846799626,0.013314447325139905,1.1937796978958806,0.0003937362762860053,0.1390958964448633,0.3856988099969914
0.26345,263.45000000000005,0.32088930255461345,1.5018722720716298,0.013329862328509228,1.1937799833858849,0.0003937527190372316,0.13909612630616275,0.38570273910490105
0.2635,263.5,0.320764804707684,1.501751001879834,0.013326721473618115,1.193780065742098,0.00039375711336889154,0.13909617600140067,0.38570005076791025
0.2636,263.6,0.3203062002095336,1.5013136009008636,0.013305950249157213,1.1937804749896594,0.00039377984501927176,0.13909649150687498,0.3856986032018383
0.26365,263.65,0.3206677203001673,1.5016611927108594,0.013320175607296356,1.1937807567912746,0.00039379492424161785,0.13909668816869591,0.38569674204546006
0.2637,263.7,0.32085671737337423,1.5018410704230312,0.01332941843715709,1.193780873159789,0.0003938019201584671,0.1390967925657468,0.3856992235872977
0.26395,263.95000000000005,0.32074044610586205,1.5017296451811117,0.013325410290594215,1.1937816669330081,0.00039384544023758687,0.13909737829889393,0.3857006711533697
0.264,264.0,0.3203923457257857,1.5013957361412869,0.013311494308889026,1.1937819278952086,0.0003938596515313248,0.13909756335082585,0.38570046435821653
0.26405,264.05,0.3202430796653374,1.5012543141131456,0.01330374077411334,1.1937820134105943,0.00039386455393202114,0.13909764309362202,0.3856986032018383
0.2641,264.1,0.32050598255381724,1.5015074316581714,0.013313696711321977,1.1937821755121998,0.0003938729393003232,0.13909774987119097,0.3856952944793881
0.26415,264.15,0.3207443208844631,1.5017350292118181,0.013324589116969472,1.1937823187264514,0.00039388123227577794,0.13909787129345327,0.3856961216600006
0.2642,264.2,0.3205729740773509,1.501569435711133,0.013318930149177724,1.1937824083351911,0.00039388590855849695,0.1390979249069406,0.3856965352503069
0.26445,264.45000000000005,0.3203936127083217,1.5013982366945218,0.013311475188860172,1.1937830787664363,0.0003939223675681693,0.1390984267457357,0.3856901246005596
0.2645,264.5,0.3201849901121743,1.5011996354744883,0.01330157743731977,1.193783195733106,0.00039392892300077465,0.13909852921603502,0.38568909062479395
0.26455,264.55,0.3203450868485001,1.5013542176759456,0.013307171653498543,1.1937832715856085,0.00039393270468885685,0.13909857633669453,0.3856901246005596
0.2646,264.6,0.3205953751516575,1.5015935671495564,0.013318265331787631,1.1937834181574138,0.0003939408638819789,0.13909869407954645,0.38568867703448767
0.26465,264.65,0.3205255064798196,1.501525297942005,0.013316705509198319,1.193783455817709,0.0003939428216114335,0.13909871775223703,0.3856888838296408
0.2647,264.7,0.3202369478420718,1.5012491229187883,0.013304519361877654,1.193783643061392,0.00039395290557809324,0.13909885730899868,0.38568474792657803
0.26475,264.75,0.3201685606946587,1.5011850520663244,0.013300243285499037,1.1937836811046085,0.0003939550447979223,0.13909889344378212,0.3856855751071906
0.2648,264.79999999999995,0.32040102650266455,1.5014082823401345,0.013309611714031118,1.193783807375833,0.00039396158050546105,0.13909898084848138,0.3856857819023437
0.26485,264.84999999999997,0.32054363026749977,1.501543850649338,0.013316715747920631,1.1937838721580274,0.0003939653184423394,0.13909903897550435,0.38568640228780315
0.2649,264.90000000000003,0.32035793348144015,1.5013651582608016,0.013309806567996695,1.193783962653089,0.0003939699837806926,0.13909909617650798,0.3856882634441814
0.26495,264.95000000000005,0.3201244666192079,1.5011425016039461,0.013299136803083948,1.193784095734126,0.0003939772335471439,0.13909920583757185,0.38568867703448767
0.265,265.0,0.3201884537286167,1.501204979578315,0.0133006777284083,1.193784126016004,0.00039397872222177643,0.1390992255682882,0.3856878498538751
0.2651,265.1,0.32043267522537316,1.5014375067028134,0.013312527824312583,1.1937842736824287,0.00039398666491930416,0.1390993400897325,0.3856845411314249
0.26515,265.15,0.3201929294525073,1.5012078605148618,0.013302570635740748,1.1937844089015834,0.000393993746256288,0.13909943593716212,0.38568143920412784
0.2652,265.2,0.32006114671449176,1.501082938813721,0.013295771047929325,1.1937844670737874,0.00039399696937136126,0.1390994896813943,0.38568143920412784
0.26525,265.25,0.3202169757294322,1.5012328249082985,0.013301782881214407,1.1937845326907937,0.0003940002225891764,0.13909953238105324,0.3856833003605061
0.2653,265.29999999999995,0.32038640324382495,1.5013942920327796,0.013309823585728381,1.193784608745921,0.00039400441764147185,0.1390995968065793,0.38568619549265
0.26535,265.34999999999997,0.32028317025824227,1.5012945454053075,0.013306379526528949,1.1937846490120776,0.0003940064260555904,0.13909962114361102,0.3856826799750466
0.2654,265.40000000000003,0.3200543590949611,1.501076142844501,0.013296104431352332,1.1937847757231304,0.0003940131232095297,0.1390997202328863,0.3856806120235153
0.2655,265.5,0.32022755975323774,1.5012431688858978,0.013302392390099008,1.193784883429522,0.00039401867713253553,0.13909980178636747,0.38568164599928095
0.26555,265.55,0.3202991892543081,1.5013106980708297,0.013306521590027539,1.1937849107425467,0.0003940202222988552,0.1390998273846757,0.3856812324089747
0.2656,265.6,0.3201207332262458,1.5011395883595666,0.013299261926178373,1.1937849931696558,0.00039402439278403753,0.13909988273938925,0.38567999163805583
0.26565,265.65,0.3199538317136011,1.5009809395862956,0.013291090248118554,1.1937850700565948,0.0003940285005819247,0.1390999493173638,0.3856808188186684
0.26585,265.84999999999997,0.31996846006700114,1.5009946976553714,0.013292190307411895,1.1937852885068196,0.00039403966252693625,0.1391001121186499,0.3856828867701998
0.2659,265.90000000000003,0.3198899797131472,1.500920768503947,0.01328766950688945,1.1937853173207866,0.0003940412225720009,0.13910014001290344,0.38568205958958723
0.26595,265.95000000000005,0.3200258214959369,1.5010509680419173,0.013293364523704736,1.1937853676068884,0.0003940436740647906,0.13910017441645242,0.3856845411314249
0.266,266.0,0.32013147914889034,1.501151174208618,0.013298854226730144,1.193785403831106,0.0003940456341212367,0.13910020691594846,0.3856851615168843
0.26605,266.05,0.3200175320265873,1.5010417030177676,0.013294421495120818,1.1937854450066263,0.0003940476323681379,0.13910023299278526,0.38568619549265
0.2661,266.1,0.3198415029788384,1.5008742340371697,0.013285948673836102,1.1937855279221987,0.0003940518947279351,0.13910030092693762,0.38568619549265
0.26635,266.34999999999997,0.31974477701466775,1.5007827336777482,0.013280927001982561,1.19378572194199,0.0003940616547172141,0.1391004540376435,0.38568205958958723
0.2664,266.40000000000003,0.3198210602552244,1.5008560974362883,0.013283869145147805,1.193785743589204,0.00039406265469527714,0.1391004679916789,0.38567895766229016
0.26645,266.45000000000005,0.3199370355713236,1.5009662612171677,0.013289721901881222,1.1937857827716725,0.0003940646606083214,0.13910050112521966,0.3856804052283621
0.26655,266.55,0.31971925439747373,1.5007582118900493,0.013280085333040027,1.1937858735465134,0.00039406909538182086,0.13910056940337304,0.3856826799750466
0.2666,266.6,0.3196737873783394,1.5007157625445149,0.013277083507494392,1.1937858885953125,0.00039406987955639103,0.13910058448349863,0.3856824731798935
0.26665,266.65,0.3197826614628304,1.5008197169577753,0.01328203927895857,1.1937859230417232,0.000394071508657849,0.1391006092044459,0.38568205958958723
0.2667,266.7,0.3198420597218454,1.5008756361168476,0.013285535436914197,1.1937859392368249,0.0003940723562349669,0.13910062453962238,0.3856828867701998
0.26675,266.75,0.31973184761255763,1.5007702600822268,0.013280739598834497,1.1937859776473903,0.0003940741564324483,0.1391006503638666,0.3856828867701998
0.2668,266.79999999999995,0.3195981635356438,1.500643587738292,0.01327378469741564,1.1937860317571598,0.0003940768318696476,0.13910069671622283,0.3856822663847404
0.26685,266.84999999999997,0.3196177163472675,1.5006629079324683,0.013274025823452768,1.1937860398854778,0.00039407720603596997,0.13910070282192522,0.3856822663847404
0.26725,267.25,0.31944647156806316,1.5004999132202306,0.013266013724121265,1.1937862669149046,0.0003940879636976794,0.13910088337532084,0.3856888838296408
0.2673,267.29999999999995,0.31941840988412057,1.5004739881988298,0.013263886189105598,1.1937862756038402,0.00039408839332630416,0.13910089233898854,0.3856905381908659
0.26735,267.34999999999997,0.3194994931311092,1.5005510667871618,0.013267913038143349,1.193786296819884,0.000394089351747833,0.13910090825829033,0.3856942605036224
0.2674,267.40000000000003,0.31952813678163716,1.5005776818723378,0.01326994916614964,1.1937863040199013,0.00039408970737755505,0.13910091526460686,0.3856930197327036
0.26745,267.45000000000005,0.319429468027212,1.5004838125552533,0.013265184479101784,1.1937863372625892,0.00039409119133255457,0.13910093891589193,0.3856942605036224
0.2675,267.5,0.3193271527074705,1.5003873354353883,0.013259384525564098,1.1937863737647214,0.0003940929029542201,0.13910097149905165,0.3856928129375504
0.26755,267.55,0.3193454368929804,1.5004052238880519,0.013259785812799026,1.193786379085064,0.00039409313300860905,0.13910097549295514,0.3856952944793881
0.2678,267.79999999999995,0.3192712513493785,1.5003352679717166,0.013255653821275819,1.1937864724570018,0.0003940973205907483,0.13910105172138432,0.38569984397275714
0.26785,267.84999999999997,0.3193171869444259,1.5003783479667496,0.013258519175835195,1.1937864817700172,0.0003940977533415401,0.13910106050116494,0.3857014983339822
0.2679,267.90000000000003,0.31925745116050186,1.5003214519731436,0.01325569565851686,1.1937864973791672,0.0003940984066970041,0.13910107099317368,0.3856988099969914
0.26795,267.95000000000005,0.31915362463973446,1.5002236143200331,0.013249747528478706,1.1937865363636422,0.0003941001266651968,0.1391011041661378,0.3856961216600006
0.268,268.0,0.31913220813486753,1.5002039698204663,0.013247981534743627,1.193786542102652,0.0003941003930594443,0.13910111032754463,0.3856963284551538
0.26805,268.05,0.31918825611788987,1.5002569719469347,0.013251039562330667,1.1937865537704964,0.0003941008871388129,0.13910111943929104,0.3856992235872977
0.2681,268.1,0.31919844799602315,1.5002661292078052,0.013252077861795074,1.1937865572915134,0.0003941010450136133,0.1391011227477769,0.38569777602122574
0.26815,268.15,0.3191145057625722,1.5001867292961368,0.013247564043392668,1.193786584632055,0.00039410218736133973,0.13910114323672,0.3856959148648475
0.2685,268.5,0.318955877886852,1.5000384546344665,0.013237309505742534,1.1937866792437053,0.0003941061700541348,0.1391012252866435,0.38568909062479395
0.26855,268.55,0.31898228056064826,1.50006297258087,0.013239198618823767,1.1937866834449713,0.000394106350335345,0.1391012294400055,0.385701084743676
0.2686,268.6,0.3189297292823785,1.500013271211328,0.013236362635067006,1.1937866968414905,0.00039410686924667515,0.13910123896793913,0.3856884702393345
0.26865,268.65,0.31884633914129556,1.4999352131242125,0.013231061615831369,1.1937867266415974,0.0003941080775283044,0.13910126531001288,0.38568743626356883
0.2687,268.7,0.3188250032692489,1.4999156796769204,0.013229264031280002,1.1937867312779957,0.0003941082761237866,0.13910127052081192,0.38568867703448767
0.26875,268.75,0.31886021955040983,1.4999487801686258,0.01323138555137782,1.1937867367907453,0.00039410848957949896,0.13910127496352928,0.38569467409392866
0.2688,268.8,0.31886082150642936,1.4999489738242624,0.013231795956051555,1.1937867388140233,0.00039410856886783034,0.13910127669219138,0.3856983964066852
0.26885,268.84999999999997,0.31879209833917205,1.499884428193354,0.013227641004563776,1.1937867605504058,0.00039410940024082504,0.1391012937934302,0.3856942605036224
0.26895,268.95000000000005,0.31872728734450656,1.4998245066334417,0.013222775277202163,1.1937867833321794,0.0003941103039995024,0.1391013156503777,0.38569198575693786
0.269,269.0,0.31875572988403933,1.4998510038859898,0.01322472470829191,1.1937867873182055,0.0003941104584484871,0.13910131929032082,0.3857017051291354
0.26905,269.05,0.3187317717625069,1.4998282556323341,0.013223519655215727,1.1937867919650742,0.0003941106232204738,0.1391013224350211,0.38568702267326255
0.2691,269.1,0.3186586589807403,1.4997599927038063,0.01321869650724296,1.1937868176871198,0.0003941115844564103,0.1391013443789695,0.3856460772329412
0.26915,269.15,0.3186138183511843,1.4997185731065423,0.01321528756255834,1.1937868293107,0.0003941120364029185,0.13910135647520805,0.3856617936645797
0.26925,269.25,0.31864250857393384,1.4997453431883798,0.013217211372343668,1.1937868328469854,0.0003941121658465617,0.1391013596354877,0.3856779236865245
0.2693,269.3,0.3185996037306493,1.4997051052564778,0.013214555486809696,1.1937868434933578,0.00039411253731240926,0.13910136763295494,0.3856648955918768
0.26935,269.34999999999997,0.3185317696619231,1.499642151863107,0.013209699770630927,1.1937868675581262,0.00039411340965199334,0.13910138969789793,0.3856613800742734
0.2694,269.4,0.3185071554512459,1.4996196752825477,0.013207567311543116,1.1937868725339922,0.00039411359910290723,0.1391013954038597,0.3856539354487604
0.26945,269.45000000000005,0.31852568533017456,1.4996369885350556,0.013208785968074784,1.1937868744955165,0.00039411366609832355,0.13910139700808283,0.3856671703385613
0.26995,269.95000000000005,0.31830550753191467,1.4994334846074207,0.013192191539881824,1.1937869512771357,0.00039411625578083273,0.13910146816912053,0.3856979828163789
0.27,270.0,0.3182730854604271,1.4994034090890624,0.01318985295911511,1.1937869590096306,0.0003941164895427734,0.13910147430752803,0.3857304496554216
0.27005,270.05,0.3182177943700679,1.4993526896219067,0.013185302306292645,1.1937869793275997,0.0003941171224882829,0.13910149367118224,0.38562746566915873
0.27045,270.45000000000005,0.3180725672324109,1.4992203261896928,0.013172483680345364,1.1937870230707595,0.00039411841536324586,0.13910153709569295,0.3855910697222064
0.2705,270.5,0.31802859000234296,1.4991802696272238,0.013168579030191035,1.193787038650963,0.00039411883797955684,0.13910155166679875,0.3855375097775436
0.27055,270.55,0.3179879221980082,1.4991436078790652,0.01316458738490642,1.1937870526618661,0.0003941192228147183,0.13910156682872923,0.38554598837882226
0.2706,270.6,0.3179772223713185,1.4991341715214295,0.01316332554702775,1.1937870542453761,0.00039411926834409733,0.13910156896484122,0.38554598837882226
0.27065,270.65,0.3179778491905283,1.4991346980164812,0.013163425945172646,1.1937870543177547,0.00039411927000867624,0.1391015690140543,0.3856518674972291
0.2707,270.7,0.3179556976627953,1.4991144706718105,0.013161506803560931,1.1937870592339876,0.00039411939099571867,0.1391015731758899,0.385583004711234
0.27075,270.75,0.3179119422301939,1.499075004425127,0.013157235213557043,1.1937870763821694,0.0003941198215608536,0.1391015903168907,0.38555674172678545
0.2708,270.8,0.3178793440979423,1.499045928120838,0.013153724053202543,1.193787086774546,0.0003941200847180958,0.1391016022821411,0.3854479674762347
0.27085,270.84999999999997,0.31787268261256485,1.4990401359712604,0.013152855486079166,1.1937870875223244,0.0003941201046873422,0.13910160337514668,0.38561195603267334
0.27105,271.05,0.3177737340997953,1.4989517506793395,0.013142326162913264,1.1937871206298158,0.000394120859752466,0.1391016385801095,0.3856909517811722
0.2711,271.1,0.31776838825967413,1.4989471253621787,0.013141606092943589,1.1937871210716213,0.0003941208703560118,0.13910163924828814,0.38577718536003086
0.27115,271.15,0.317758981806051,1.4989386382301646,0.013140688044043114,1.1937871223183623,0.0003941208952659428,0.13910164030226868,0.3857738766375806
0.27125,271.25,0.3176910605664718,1.4988785219839231,0.013132910765606319,1.193787149452236,0.00039412144698743956,0.1391016696054498,0.3857711883005898
0.2713,271.3,0.3176702480125679,1.4988604374917178,0.013130188572456219,1.193787155196997,0.00039412156334405596,0.13910167703597148,0.38577077471028354
0.27135,271.34999999999997,0.31766439154055953,1.4988553674546008,0.013129402613917984,1.193787155663307,0.0003941215727444734,0.13910167767961507,0.3857720154812024
0.2714,271.4,0.31765085010150346,1.4988433435438075,0.01312788776760122,1.1937871582959578,0.00039412161954776426,0.13910168017114263,0.385771395095743
0.27165,271.65,0.31754445132565745,1.498750947378463,0.013113924203541618,1.19378719663685,0.0003941222804727151,0.13910172479480648,0.385769947529671
0.2717,271.7,0.31751353882250916,1.4987243100360743,0.013109664095925143,1.1937872114538248,0.0003941224994843073,0.13910174194942407,0.3857682931684459
0.27175,271.75,0.31748325122097076,1.4986985684474674,0.01310513325269242,1.1937872263917833,0.0003941227119548215,0.13910176121984713,0.3857689135539053
0.27195,271.95000000000005,0.31741004631858655,1.4986367919767805,0.013093734057368134,1.1937872552471291,0.0003941230565308331,0.13910179767436046,0.3857722222763555
0.272,272.0,0.31738177227808995,1.4986133932664105,0.013088874824481218,1.1937872711543103,0.0003941232244448606,0.1391018198217118,0.3857749106133463
0.27205,272.05,0.31736507808683145,1.498599779510475,0.013085800483661486,1.1937872771802756,0.0003941232838537871,0.13910182895252377,0.3857765649745714
0.2721,272.1,0.31735390647328954,1.498590605900807,0.013083805204778741,1.1937872798773996,0.00039412330799479614,0.13910183267886653,0.38577718536003086
0.27215,272.15,0.31733531721786623,1.4985752832574732,0.013080546653131781,1.1937872878626827,0.00039412337287252454,0.13910184296198566,0.38577842613094965
0.2722,272.2,0.3173068871728512,1.4985522300834277,0.013075189260313973,1.1937873071729792,0.0003941235137276167,0.13910186995986604,0.38577615138426513
0.2726,272.6,0.3169961797269968,1.4983519726565262,0.012966013112596536,1.1937885778114965,0.0003941239045126071,0.13910471188817597,0.385771395095743
0.27265,272.65,0.31682057740615016,1.4982571157800182,0.012887829542341314,1.1937911338529321,0.00039412390466967096,0.13911054437687712,0.3857695339393647
0.2727,272.7,0.3165391845371203,1.4981069731081629,0.012763174719999324,1.1937977145129715,0.0003941239047108695,0.13912525912105003,0.3857612621332392
0.27275,272.75,0.31612159957971864,1.497885291185876,0.012581831966498197,1.1938122438155547,0.0003941239047238438,0.1391562381306059,0.3857536107125731
0.27295,272.95000000000005,0.3125462158184526,1.4959535356987987,0.011242726996015952,1.1941163317532035,0.0003941239047317519,0.13959160409857266,0.3856717198319303
0.273,273.0,0.311071040207182,1.4951370755748787,0.010785274473404625,1.1943173993244869,0.0003941239047319644,0.13978699754666712,0.3856640684112642
0.27305,273.05,0.30933469732234264,1.494166309847179,0.010301915011685219,1.1945993989292092,0.00039412390473207926,0.1400050882485558,0.38566820431432697
0.27325,273.25,0.2996378471036425,1.488672848991707,0.00832052005853752,1.1968204771650601,0.00039412390473222064,0.14092126254960907,0.3857399622324659
0.2733,273.3,0.29650859980572586,1.4868989137830275,0.007847606706982042,1.1977026671475928,0.00039412390473223034,0.1411300177188262,0.3857602281574735
0.27335,273.34999999999997,0.29309660779412033,1.484970630291746,0.007390824485528977,1.1987293986841805,0.00039412390473223696,0.14132478003369592,0.38579186781590363
0.2734,273.4,0.28940442636445635,1.482892589986853,0.006951458579636367,1.1999039937055416,0.00039412390473224135,0.14150497757080116,0.38581172015060494
0.27345,273.45000000000005,0.28543630464559566,1.480670065998049,0.006530043598806299,1.20122801067822,0.00039412390473224433,0.14167075409844937,0.38579124743044424
0.27385,273.84999999999997,0.2448736205240503,1.4585422642051795,0.003767456708680223,1.216899405492546,0.00039412390473225154,0.14257137825014063,0.385719075921999
0.2739,273.9,0.2389211238212967,1.4553713008173963,0.0034898313771489164,1.2194032415244291,0.0003941239047322518,0.14264332975379593,0.3856669635434081
0.27395,273.95000000000005,0.232839458906092,1.4521492302015973,0.003225413332236636,1.2219983525101341,0.0003941239047322522,0.14270859861670793,0.38574120300338477
0.274,274.0,0.22665365009777647,1.448890370830146,0.0029737450249909237,1.2246735745130641,0.0003941239047322522,0.1427677253086149,0.38574471852098813
0.27405,274.05,0.2203901852551366,1.4456100135551069,0.0027344063762262095,1.2274172899562172,0.0003941239047322522,0.14282120087730626,0.3856305675964558
0.27445,274.45000000000005,0.17095624997650732,1.4207058066610057,0.0012231698978371422,1.2504355108375402,0.0003941239047322535,0.14309222517715794,0.38511399330391644
0.2745,274.5,0.16530397729538174,1.418049713971541,0.0010806139931065096,1.2532891159498842,0.0003941239047322537,0.14311119979557674,0.3851466669381123
0.27455,274.55,0.15986299347731475,1.4155624038901788,0.0009476126956660551,1.2561097718726177,0.0003941239047322537,0.14312771681160338,0.38563139477706837
0.2746,274.6,0.1546585333935704,1.4132638979364665,0.0008239806847742909,1.258892079718746,0.0003941239047322537,0.14314198939262815,0.3852004336779282
0.27465,274.65,0.14971417458139982,1.41117374726554,0.0007095443323222386,1.261631839278267,0.0003941239047322537,0.14315421848452775,0.38502155587046366
0.2747,274.7,0.14505164890970287,1.4093108498168245,0.0006041413516487944,1.2643260541460304,0.0003941239047322538,0.14316459385910427,0.38585142482000745
0.27475,274.75,0.1406906770490879,1.4076932673215943,0.0005076206357455526,1.2669729140936203,0.0003941239047322537,0.1431732950611558,0.3851617629842914
0.2748,274.8,0.13664882476694254,1.4063380442168798,0.0004198422073123903,1.2695717576463148,0.0003941239047322537,0.1431804922984846,0.38609585669101687
0.27495,274.95000000000005,0.12657893056259248,1.4039980351396895,0.00020772950433994633,1.277089515922932,0.0003941239047322537,0.1431946394540374,0.38568164599928095
0.275,275.0,0.12394232887861052,1.4038362738964445,0.0001537460049724833,1.2795103701396557,0.0003941239047322537,0.14319736468762082,0.3862693578244999
0.27505,275.05,0.12167685544578347,1.404000861004276,0.00010797484189899647,1.2818946575561008,0.00039412390473225365,0.14319932521725187,0.3856586917372826
0.2751,275.1,0.11978533704674509,1.4044992650820554,7.03443186367057e-5,1.2842469481830858,0.0003941239047322537,0.14320065198357265,0.3858549403376108
0.27525,275.25,0.11634443452590856,1.4080400895058904,5.742796452613305e-6,1.2911640721720095,0.0003941239047322537,0.1432020851014641,0.38540867639713844
0.2753,275.3,0.11592614359817387,1.409905112851234,1.7069212315776322e-7,1.2934418143071167,0.0003941239047322537,0.14320211899006127,0.3856553830148324
0.27535,275.34999999999997,0.11585823782512472,1.4121079872346427,2.5329848768982936e-6,1.2957149567459558,0.0003941239047322537,0.14320212908226965,0.3853753823774832
0.2754,275.4,0.11612895035817962,1.414642295005711,1.281100771667202e-5,1.297988829903612,0.0003941239047322537,0.14320223254121695,0.38563718504135625
0.27545,275.45,0.1167244439349228,1.4174990956569942,3.098907641641905e-5,1.3002683147333243,0.00039412390473225365,0.14320254579864783,0.3853675241616639
0.2755,275.5,0.11762898606458037,1.4206669107138277,5.705145879317408e-5,1.302557649404379,0.0003941239047322537,0.14320318458772135,0.3856586917372826
0.27585,275.84999999999997,0.13100076243008457,1.4500642049014454,0.0004567932728444633,1.3189828861708877,0.0003941239047322537,0.14322605443237113,0.3858468753266384
0.2759,275.9,0.1336625101809326,1.4550134584097127,0.0005437162783546367,1.3213573078784682,0.0003941239047322537,0.1432331101287904,0.38619449797906386
0.27595,275.95,0.13644739540119105,1.460064132479717,0.0006374619413119632,1.323716834185004,0.0003941239047322537,0.14324131593431483,0.38583260646107187
0.276,276.0,0.13933487789676888,1.4651834268623056,0.00073765292424734,1.3260488276829183,0.0003941239047322537,0.14325068796949603,0.38583612197867523
0.27605,276.05,0.14230521423931902,1.4703374466688242,0.0008438185628841499,1.3283386662628545,0.0003941239047322537,0.14326121023627383,0.38543390540582134
0.27635,276.34999999999997,0.1608447952803503,1.5000466100056264,0.0015655231358125857,1.3402298719593762,0.00039412390473225387,0.14334237816908849,0.38118860770704605
0.2764,276.4,0.1638875138089387,1.5044818941283873,0.0016905295222999566,1.3417474293530662,0.00039412390473225403,0.1433569631292574,0.3791791792040016
0.27645,276.45,0.16686587611062378,1.5086885970920636,0.0018135176118010046,1.3430987439878155,0.0003941239047322542,0.1433710813769627,0.3806840275333887
0.2765,276.5,0.16975815923524953,1.5126416483162906,0.001933054021185743,1.3442790351578775,0.0003941239047322544,0.1433844190912812,0.379474482682683
0.27655,276.55,0.17254125347476126,1.5163192008351911,0.002047699681164303,1.345288126831173,0.00039412390473225447,0.1433966889195977,0.38323070984428637
0.2766,276.6,0.17519094293500348,1.5197029547527297,0.0021560591932390013,1.3461305398380121,0.00039412390473225447,0.1434076516857481,0.383465008752792
0.27665,276.65000000000003,0.17768243674028555,1.5227783966276298,0.0022568341016413625,1.3468152533379403,0.00039412390473225447,0.14341713544922885,0.3891361590324555
0.2767,276.7,0.17999112420597496,1.5255349443851625,0.002348876077643359,1.3473551476938763,0.00039412390473225447,0.14342504904656578,0.39082443466267625
0.27675,276.75,0.1820934921159273,1.5279659934219738,0.002431235444799804,1.3477661818558562,0.0003941239047322544,0.1434313878190128,0.39756120036646125
0.2768,276.8,0.1839681177867251,1.530068866242308,0.0025032005424436227,1.3480663892632518,0.00039412390473225447,0.1434362303813985,0.40033887286341435
0.27685,276.84999999999997,0.1855966385859589,1.5318446745626242,0.0025643241366750317,1.3482747968884445,0.0003941239047322545,0.14343972677605504,0.40661262421932276
0.2769,276.9,0.18696460379891325,1.5332981081965136,0.002614434534368526,1.3484103733555692,0.00039412390473225447,0.1434420798566876,0.40818943726200196
0.2771,277.1,0.1897088569486968,1.5360913770082627,0.0027102949056095724,1.3485552467540984,0.00039412390473225447,0.14344471612470192,0.40978010557994143
0.27715,277.15000000000003,0.18972664853244978,1.5361084169527366,0.002711330582638412,1.348555530785991,0.00039412390473225447,0.1434447219592675,0.4097575649082494
0.2772,277.2,0.18949934192175039,1.5358899753411746,0.0027049863500767405,1.348558051511453,0.00039412390473225447,0.14344476319851343,0.4098830895662043
0.27725,277.25,0.18904528909337143,1.535457538338686,0.0026922915094739178,1.3485669723437472,0.00039412390473225447,0.14344491625704867,0.4099480232442897
0.2773,277.3,0.1883861198318176,1.5348339143667742,0.0026742904076344377,1.3485845162274086,0.00039412390473225447,0.1434452204772842,0.41002701899278854
0.27735,277.34999999999997,0.18754616747905092,1.5340430441260797,0.0026520128318236803,1.3486113202994547,0.00039412390473225447,0.14344568478940797,0.4101240059196104
0.2774,277.4,0.1865519208249098,1.5331098373764827,0.0026264512197005044,1.3486467979813859,0.00039412390473225447,0.14344629523820082,0.410083060479289
0.27745,277.45,0.18543152185715817,1.532060032203575,0.002598544442807344,1.3486894842722137,0.00039412390473225447,0.1434470223876085,0.4101095302588907
0.2778,277.8,0.17658715669408434,1.5237301545498227,0.002402382941859716,1.3490078051169654,0.00039412390473225447,0.1434521864154794,0.4105150555541948
0.27785,277.84999999999997,0.17554677591164086,1.5227368298107828,0.0023815637694056787,1.3490340415827036,0.00039412390473225447,0.1434525916707789,0.41055910292181325
0.2779,277.9,0.17465131376261256,1.5218778314599146,0.002363969399472794,1.3490529107210893,0.00039412390473225447,0.14345288150390845,0.41055083111568774
0.27795,277.95,0.17392875073487643,1.5211812449669366,0.0023499758050180785,1.3490648934774754,0.00039412390473225447,0.14345306538173927,0.41051091965113207
0.278,278.0,0.17340604911528607,1.5206747549657487,0.0023399353689702415,1.3490710645643063,0.00039412390473225447,0.14345316079401801,0.4103998706538968
0.27805,278.05,0.17310900957105985,1.520385500762589,0.0023341839385629813,1.3490730984423942,0.00039412390473225447,0.1434531932102727,0.41024456749389
0.2781,278.1,0.17306212380502312,1.5203399229287309,0.0023330476800910204,1.3490732701129402,0.00039412390473225447,0.14345319618994587,0.41006382853004714
0.27815,278.15000000000003,0.17328842147187334,1.5205636011153472,0.0023368497586200303,1.349074452695773,0.00039412390473225447,0.14345321170569186,0.4101171816795568
0.2786,278.6,0.19047532311099374,1.538254342655364,0.002653613922718229,1.3498950435270851,0.00039412390473225447,0.1434664395156494,0.4042446129207366
0.27865,278.65000000000003,0.19425424323233514,1.5422558915670186,0.0027286927132376855,1.350192745838528,0.00039412390473225447,0.1434717081266236,0.40346602916917107
0.2787,278.7,0.19841218272958108,1.5466969188091675,0.002814041261380286,1.3505611753228668,0.00039412390473225447,0.1434785157574085,0.40238986719223957
0.27875,278.75,0.20294023874569994,1.551577218385981,0.002910531580767967,1.351009900501968,0.00039412390473225463,0.14348721594014616,0.4015912243108196
0.2789,278.9,0.21859626859458048,1.568795731191187,0.0032775367741775794,1.3529393463372374,0.00039412390473225506,0.14352952845449923,0.39964011204096017
0.27895,278.95,0.22443514674455783,1.5753547151850071,0.0034301169144411482,1.353812010570039,0.00039412390473225517,0.14355127941125073,0.3992922825933816
0.279,279.0,0.23053829474909807,1.5822925357464868,0.0036005650501621535,1.3548171041199704,0.00039412390473225517,0.14357842276591973,0.3999176311364717
0.27925,279.25,0.26370219313307985,1.6215876949204728,0.004809815046253908,1.3621573345519353,0.0003941239047322566,0.14385879161466603,0.4146354489804746
0.2793,279.3,0.270555350566632,1.6300796925964147,0.005149585632930785,1.3641358375024017,0.0003941239047322574,0.14396667936990756,0.42379068400021147
0.27935,279.34999999999997,0.27736941716718516,1.6386621086444755,0.005535794818220347,1.3662902567276545,0.00039412390473225853,0.14410609380238942,0.4306784101657874
0.2794,279.4,0.2840962108719155,1.6472733737391259,0.005978234859290661,1.3686169851570953,0.00039412390473226054,0.14428909763960468,0.4329663917401091
0.27965,279.65000000000003,0.3152053319132592,1.688391149345748,0.009893366266873834,1.3825376314356848,0.00039412390473253864,0.1474287901823432,0.43123696387441385
0.2797,279.7,0.3210297023464761,1.6957675996908792,0.011625206909086302,1.3858187008729475,0.0003941239047370481,0.15027990616290546,0.43035808447357626
0.27975,279.75,0.3275561956153398,1.7025435116321177,0.013388174144112754,1.3878157758562617,0.0004055729117518863,0.15414183092538056,0.4380483826284818
0.2798,279.8,0.32898926954863056,1.7038963593173133,0.013528077506292448,1.3878707535915749,0.00041022887738507746,0.1541852440979375,0.4380825038287496
0.27985,279.84999999999997,0.3225019250779534,1.6980864876091895,0.013117083225077023,1.3881252801519084,0.00042200155203313294,0.15436448981020764,0.437438543721877
0.27995,279.95,0.3104253255129357,1.6906109051109446,0.01067872837297147,1.3902843231629523,0.0004220686065831177,0.15791664490003574,0.44345483511212835
0.28,280.0,0.3096746692711882,1.6900686557782645,0.010507863892460077,1.3903218265037922,0.00042206860658313637,0.15795573284940706,0.4436883068400214
0.28005,280.05,0.3107907633075944,1.6910652620695843,0.010678938590847002,1.3903733785250465,0.0004220686065831605,0.15799066495703615,0.44374993179565664
0.2801,280.1,0.3133050129588839,1.6933523445455023,0.01117538977062645,1.3906424228154122,0.0004220686065834391,0.15823037886883587,0.44361965084917954
0.28015,280.15000000000003,0.31698953594116996,1.696746001172435,0.012109833329986075,1.39128516073788,0.00042206860658986286,0.15906966035930434,0.4435782918185519
0.2802,280.2,0.3217164824951422,1.7010313524775338,0.01325477545877473,1.3919842873867752,0.00042481048376494463,0.16054801776338942,0.4471372364040613
0.28025,280.25,0.3239548419062482,1.7031402005063836,0.013427357546338245,1.3920247982113414,0.00042733339647376306,0.16058498587755055,0.4472189204895509
0.2803,280.3,0.3207034387907648,1.7001306295573098,0.013248812784862432,1.3920849205968289,0.0004304606340240714,0.16062276763578665,0.4470811949175608
0.2805,280.5,0.32036258156624686,1.700668950123002,0.013227916504146882,1.3929387168570757,0.0004332223641641309,0.16234628947559676,0.4498135792759766
0.28055,280.55,0.32248632679936445,1.7026679623634657,0.01338401331987598,1.3929684058373433,0.0004348695266521613,0.16237396981244293,0.4498303296833808
0.2806,280.6,0.32024724452108744,1.7005744301218921,0.013268415349317806,1.39299688981046,0.0004363200170740544,0.16239157235846838,0.44977035908897073
0.28065,280.65000000000003,0.31691160233824067,1.6977240036031909,0.01289344289279457,1.3931056998557203,0.0004375947382082332,0.16255001350517131,0.44968888179863425
0.2807,280.7,0.3165896975697124,1.6976736497147333,0.01267328349269342,1.393156942009741,0.00043759473836729593,0.16269934010689419,0.4505005527747019
0.28075,280.75,0.31933624203391225,1.7000489088342794,0.01318169763515999,1.3932931378737357,0.0004382482571649503,0.16297875637948453,0.4517529042221072
0.2808,280.8,0.3218098304402411,1.7023831113035357,0.013355626811439768,1.3933260682262079,0.0004398303622644038,0.16300953802488885,0.4517626235943047
0.28085,280.84999999999997,0.32062036487017725,1.701255555463091,0.013305752179898217,1.3933374920942652,0.0004404348931653374,0.1630162371051844,0.4517239529006678
0.281,281.0,0.3196847198965757,1.7005464419356209,0.013221752734851397,1.393477517585507,0.00044272377061240755,0.16323387053626603,0.4527589626421248
0.28105,281.05,0.32164032443175583,1.702390427911007,0.013354877802654722,1.3934979431276675,0.0004437857986412034,0.16325280836948514,0.45277261112223194
0.2811,281.1,0.32010823214084416,1.7009436577809385,0.013283346961386971,1.3935110645148634,0.00044444776070685124,0.16326077864136557,0.45273063170614486
0.28125,281.25,0.32042224689037435,1.7013458905449228,0.013277301480957031,1.3935909232487131,0.0004466760651707565,0.16334627438099097,0.45275937623243107
0.2813,281.3,0.3214581057733211,1.7023157305993786,0.013352344952529708,1.393599441065321,0.00044717484129734337,0.16335432474930048,0.45278067613320433
0.28135,281.34999999999997,0.3193069036769614,1.7002969450033205,0.013240622370064811,1.393619186266701,0.00044811007107320623,0.16336781138504305,0.4527351811995139
0.2814,281.4,0.3173395342909139,1.698506528104505,0.013085131260043502,1.3936400443582493,0.000448690042274279,0.16339112577794143,0.4526667320038251
0.28145,281.45,0.3185514371978362,1.6996537570882622,0.013161807711014644,1.393651820347545,0.0004489052061022682,0.163402500477039,0.45268368920638247
0.2817,281.7,0.3194437665222128,1.7005646950174502,0.013226466633875278,1.3937319218099298,0.0004519997893550635,0.16347398253884818,0.4527109861665967
0.28175,281.75,0.3213415174965608,1.7023622133672895,0.013342772602191182,1.3937472007953655,0.0004527804149600949,0.1634877153365836,0.4527424190298737
0.2818,281.8,0.3203183291523991,1.701385887537469,0.01330242952952418,1.393753396618081,0.00045310035405136934,0.1634913951853248,0.4527238074660913
0.28195,281.95,0.3202830941410779,1.7014189095413392,0.013280386200120252,1.3937979198538737,0.00045475098789036426,0.1635312113183705,0.452700853204093
0.282,282.0,0.321302883632566,1.702378982205728,0.013346615280818432,1.3938040694317468,0.00045510790779061254,0.1635369671615474,0.45271822399695655
0.28205,282.05,0.31954976067418944,1.7007205827101006,0.013263911845689027,1.3938155189156072,0.00045567085723001194,0.16354456146870844,0.4527056094926151
0.2821,282.1,0.3178113243227725,1.6991098789315286,0.013149432136237805,1.393828291291312,0.00045613855974646205,0.16355734660029145,0.4526646640522938
0.28215,282.15000000000003,0.31878173495872086,1.70003878432025,0.013197236023552068,1.3938344170439199,0.000456306526605525,0.16356226725138726,0.4526954765301114
0.2824,282.4,0.3196293023191244,1.7008855857704046,0.013249376554065254,1.3938836256527318,0.0004584312540173349,0.16360355129660265,0.4527000260234804
0.28245,282.45,0.32123855278263597,1.702413955265467,0.01334028633570704,1.3938931412872824,0.000458936050484551,0.16361193349332429,0.45272235990001936
0.2825,282.5,0.32033621476553564,1.7015496058213062,0.01330660017646387,1.3938972292501106,0.00045914807355092803,0.16361436127666587,0.4527035415410838
0.2826,282.6,0.31846494784815166,1.6998103832889127,0.013190122892584824,1.3939121598788515,0.00045977154062005484,0.16362736657926097,0.45270478231200256
0.28265,282.65000000000003,0.32040745802318077,1.7016621721405623,0.013293913317872531,1.3939246863877084,0.00046030396433093755,0.16363753592804187,0.45271326091328123
0.2827,282.7,0.3212052646791566,1.7024144725226933,0.013343247357573121,1.3939282969978715,0.0004605177580533517,0.16364089791603997,0.45273104529645114
0.28275,282.75,0.31966088145776594,1.7009470231220007,0.013274410596677595,1.3939360016630422,0.00046090502928626347,0.16364602129673644,0.4527130541181281
0.2828,282.8,0.318248710060904,1.6996270074820392,0.01318996088660005,1.3939433912362458,0.00046121438505410583,0.16365313914328442,0.45270788423929964
0.28285,282.84999999999997,0.31917375233654927,1.7005151062584092,0.01323122272473046,1.3939475629681028,0.00046135795049944615,0.1636561807149156,0.4527269093933884
0.2831,283.1,0.3199465153517759,1.701278365202961,0.013273306907741126,1.3939786641052148,0.0004628118174726784,0.16368128896085252,0.4527219463097131
0.28315,283.15000000000003,0.3212184560184425,1.7024882382488062,0.013341134947333223,1.3939841165574265,0.0004631150059729337,0.16368606703451732,0.452736835560739
0.2832,283.2,0.32031986050382766,1.701626526498106,0.013307560187626629,1.3939872600165226,0.00046327866972381044,0.1636879483865429,0.45272773657400095
0.28325,283.25,0.31871891708901595,1.700116445147228,0.013224710071937092,1.39399490795589,0.00046363620974267854,0.16369441722626538,0.4527097453956779
0.2833,283.3,0.3189463400899764,1.7003438849248982,0.013226283057494575,1.39399644085618,0.000463691809446845,0.16369567950636815,0.4527167764308846
0.28335,283.34999999999997,0.3206219443132869,1.7019455212349015,0.013308750675858497,1.394004553306871,0.0004640726683042927,0.16370207502406345,0.4527260822127758
0.2834,283.4,0.32113921277482294,1.7024323971757487,0.013341134410937702,1.394006428938022,0.0004641865144559622,0.1637038121204812,0.4527349744043608
0.28345,283.45,0.31973717338800295,1.7010965936860254,0.01328074481882005,1.3940119865629907,0.0004644714323475889,0.16370757422812363,0.4527240142612444
0.2835,283.5,0.3186698858421498,1.700093892741138,0.013220341614883002,1.3940159831170875,0.0004646544568596642,0.16371139263306045,0.4527091250102185
0.28355,283.55,0.3196092558989483,1.7009965834804537,0.01326039883917296,1.3940192289776723,0.0004647842505200337,0.16371364520508852,0.4527190511775691
0.2838,283.8,0.32028977767886996,1.7016640793968987,0.013294350894572383,1.3940391505181589,0.00046577322986085285,0.16372931731823137,0.45273662876558585
0.28385,283.84999999999997,0.3212193788083319,1.7025486268101717,0.01334244925457646,1.3940420253445653,0.0004659405035677639,0.16373186102859197,0.4527453141620177
0.2839,283.9,0.32029986234709434,1.7016666548712591,0.013307655088873317,1.3940446368558281,0.00046607774811665523,0.1637334618325332,0.45273931710257664
0.28395,283.95,0.31903166304791275,1.7004662766693386,0.013244522899522746,1.3940491021743997,0.0004662975265101599,0.163737272769403,0.45273042491099175
0.284,284.0,0.3194227836175254,1.7008475290316403,0.013255655599551662,1.3940503167381695,0.000466346603961499,0.1637381242715461,0.4527362151752796
0.28405,284.05,0.32084196258389985,1.7022062194781067,0.013321644456085855,1.3940555475204781,0.0004666120738131159,0.1637422087404023,0.45273869671711725
0.2841,284.1,0.3210793667193841,1.702427061095372,0.013339186860067728,1.3940564700853526,0.00046666857235383674,0.16374303109401644,0.4527449005717114
0.28415,284.15000000000003,0.31981080744476154,1.7012163379738505,0.013285639490597573,1.3940605431082274,0.00046688150258867607,0.16374586161317167,0.4527426258250269
0.2842,284.2,0.3190770956151554,1.700525465765447,0.013244885087958302,1.3940625290051405,0.00046697890901769624,0.16374777682443367,0.45273269965767626
0.28425,284.25,0.3200274065121598,1.7014391186761377,0.013284327507837158,1.3940651929500956,0.00046709757459283553,0.1637495998614956,0.4527351811995139
0.2845,284.5,0.3206011125702184,1.7019993481548514,0.013311291849134408,1.3940780049053443,0.0004677634747808029,0.16375950637896083,0.452736835560739
0.28455,284.55,0.32120732413515973,1.702575421711815,0.013342890716377589,1.3940793812226002,0.0004678467739981577,0.1637607491700557,0.45273538799466706
0.2846,284.6,0.32028707579813703,1.7016927304325726,0.013307655544653027,1.3940815843283767,0.0004679641535128811,0.1637621499260307,0.4527271161885415
0.28465,284.65000000000003,0.31933694914360383,1.7007915896013652,0.01326124214993457,1.3940840288242355,0.00046808995579812124,0.16376428038222754,0.45271987835818167
0.2847,284.7,0.31986037940845863,1.7012981197632515,0.013279302696999284,1.3940851395486484,0.00046813895723589477,0.1637649986324563,0.45272463464670387
0.28475,284.75,0.32102114547571864,1.7024102448989664,0.013331374737178313,1.3940883926325878,0.000468314427862934,0.16376755270325127,0.45272794336915406
0.28485,284.84999999999997,0.3198934798867934,1.7013274717727493,0.013290099914381579,1.3940918220420517,0.00046850016977995345,0.1637700412311074,0.45272566862246955
0.2849,284.9,0.31946216242532205,1.7009219248417913,0.013265277509760925,1.3940927227721533,0.00046854668596535377,0.1637709208342661,0.45272277349032564
0.28495,284.95,0.3203902253322855,1.70181444436439,0.013303101407685721,1.394094896788631,0.00046865168446197424,0.16377241942206663,0.452724841441857
0.285,285.0,0.32121327916195863,1.7026007875310538,0.01334172268596842,1.3940967005553604,0.0004687570038470605,0.16377394858699026,0.452730838501298
0.28505,285.05,0.3206654535024419,1.702072115306738,0.013323598998223518,1.3940976773269063,0.0004688094037153987,0.16377452462139347,0.45272360067093814
0.2852,285.2,0.3208470601391343,1.7022592201990665,0.013323829315788623,1.3941031174017715,0.0004690937201877339,0.16377870648822854,0.4527264958030821
0.28525,285.25,0.32116726293199044,1.7025619238739005,0.013341970013921477,1.3941037209509066,0.0004691312002073248,0.1637792574468827,0.4527291841400729
0.2853,285.3,0.32028533750124777,1.7017160513480818,0.013307818736162642,1.3941055238931135,0.00046922868984719036,0.1637804527581181,0.4527221531048662
0.28535,285.34999999999997,0.319629248461342,1.7010934450320705,0.013275627030019638,1.3941067482350689,0.00046929426471919175,0.16378155367782696,0.45271760361149715
0.2854,285.4,0.32023346426038773,1.701676601826343,0.013297786345300096,1.3941077980349654,0.0004693441013615856,0.1637822276528155,0.4527244278515507
0.28545,285.45,0.32113606528427546,1.7025413833447058,0.013337614514798047,1.394109697719815,0.00046945156146567464,0.16378374667013756,0.45272256669517247
0.28565,285.65000000000003,0.3206736789310735,1.7021043932042235,0.013316941426925593,1.3941141793692609,0.0004696897413289184,0.16378704220605053,0.45272029194848795
0.2857,285.7,0.32121405930178293,1.70261989048286,0.013342734356554404,1.3941150365260948,0.00046974167082219096,0.16378779343605626,0.4527213259242536
0.28575,285.75,0.3206074927955546,1.7020357389722343,0.013321301182435618,1.3941159673692056,0.0004697920785312395,0.16378836408793163,0.45270953860052476
0.28595,285.95,0.3210960980656673,1.7025099437463846,0.013339642097261094,1.394119701602671,0.000469995365496914,0.1637912625230414,0.45271264052782184
0.286,286.0,0.3202935546413348,1.7017403706727605,0.01330814062655292,1.3941210932431904,0.0004700716418651809,0.1637922256311752,0.4527080910344528
0.28605,286.05,0.3198954276204932,1.7013631947716399,0.013287773338913478,1.3941216459477783,0.00047010225406681286,0.16379274092702256,0.4527120201423624
0.2861,286.1,0.3205234622295159,1.7019685523826702,0.013311445528453118,1.394122592887613,0.00047014988279041477,0.16379336391795454,0.4527138812987407
0.28615,286.15000000000003,0.3211787545735191,1.7025958909154393,0.013340476834543185,1.3941236098446579,0.00047020958226257867,0.16379420226393857,0.45272091233394735
0.2862,286.2,0.3208457174895614,1.702273158358914,0.013330598644504265,1.394124014057227,0.00047023147075919876,0.16379443859064285,0.45272008515333484
0.28635,286.34999999999997,0.3208649237119665,1.7022996875927565,0.013326143908468516,1.3941267328878797,0.00047037887639697396,0.16379647770468428,0.45272277349032564
0.2864,286.4,0.3211629751443148,1.7025828238978227,0.013341447636552048,1.3941270984421066,0.00047040159173358407,0.16379680894210452,0.4527221531048662
0.28645,286.45,0.32055273081597324,1.7019959137813327,0.013318989101187093,1.3941279281420702,0.00047044703299623967,0.1637973442064513,0.4527260822127758
0.2865,286.5,0.32002307751605785,1.701491302802881,0.013294687489023663,1.3941286290451658,0.00047048623442961,0.16379794897479683,0.45272318708063186
0.2866,286.6,0.3210868504130634,1.7025149800217552,0.013336302097074756,1.3941300682101563,0.000470564946954157,0.16379900137716277,0.4527211191291005
0.28665,286.65000000000003,0.3209969154014381,1.7024254851295353,0.013336053244560496,1.3941302490779264,0.0004705752228686005,0.16379912458475482,0.4527217395145599
0.2867,286.7,0.32030599464416026,1.701763242494805,0.013308428839291554,1.3941312467725602,0.0004706305246238595,0.16379984547457596,0.45272235990001936
0.28675,286.75,0.3201192286545411,1.7015876657164093,0.013297485357573182,1.3941314792098476,0.0004706435974699689,0.1638000648449692,0.4527211191291005
0.2868,286.8,0.3207194542439109,1.7021656443161781,0.013320561686190205,1.3941322666580038,0.00047068495246188814,0.1638006007131876,0.4527213259242536
0.28685,286.84999999999997,0.3211515036744626,1.702578482512915,0.013340291328340987,1.3941327551401883,0.0004707144586941365,0.16380102063533883,0.4527242210563976
0.2869,286.9,0.32074857853416133,1.7021895657942567,0.013326722301374964,1.394133171684153,0.00047073705881511916,0.16380127122602384,0.4527238074660913
0.2871,287.1,0.32106589603260755,1.7024974626125704,0.013338158671850814,1.3941350796974374,0.00047084327000619685,0.16380273709410761,0.4527238074660913
0.28715,287.15000000000003,0.320497792336337,1.7019517091140255,0.01331652455365877,1.3941357578589648,0.0004708807276583384,0.16380319745008834,0.45272587541762266
0.2872,287.2,0.3201678575475045,1.7016380356183678,0.01330060616327978,1.3941360819598538,0.00047089923636558503,0.16380349064501493,0.4527213259242536
0.28725,287.25,0.3205870345095091,1.7020425587581094,0.013315703598490748,1.3941365036851059,0.00047092085468768835,0.16380376001976635,0.45272235990001936
0.2873,287.3,0.3210798817613824,1.7025147164179886,0.013336971236688333,1.3941370493442184,0.00047095279913201323,0.16380420266776527,0.4527238074660913
0.28735,287.35,0.32087456001606396,1.7023151744424632,0.013331380820065259,1.3941372288822178,0.0004709625083596932,0.16380430861164652,0.45272463464670387
0.2874,287.4,0.3203130449277495,1.7017773883760976,0.013308348443784857,1.3941378881770867,0.00047099936134371574,0.16380480642823672,0.45272546182731643
0.2875,287.5,0.3208183514258399,1.7022663499409467,0.01332543975878299,1.3941385957088146,0.0004710376957340953,0.16380532207180828,0.452730838501298
0.28755,287.54999999999995,0.3210624921700357,1.7024986847830326,0.013337467513461383,1.3941388045237522,0.00047105054551315454,0.16380550992485726,0.4527318724770637
0.2876,287.6,0.32064279249326344,1.7020945248787211,0.013322343553747399,1.3941391985750837,0.0004710720562903453,0.16380576056336466,0.45273228606737
0.28765,287.65000000000003,0.3202343486641253,1.7017046922812524,0.013304148395424435,1.3941395919859918,0.00047109438727663467,0.16380609201187454,0.45272835695946034
0.2877,287.7,0.320473980583989,1.701936964555881,0.013311705974561614,1.3941397803607967,0.00047110383169383035,0.16380620669214785,0.4527291841400729
0.2878,287.8,0.32093077652567803,1.702372929067149,0.013333172169261312,1.3941403805278092,0.0004711379702993576,0.1638066653539003,0.4527302181158386
0.28785,287.85,0.32043620271900475,1.701898402429485,0.013313660440206291,1.394140887486265,0.00047116609041232397,0.1638070267425426,0.45273311324798254
0.2879,287.9,0.32026621461130583,1.7017377367743372,0.013304483709215144,1.3941410251455195,0.0004711740236341137,0.1638071558260908,0.45273311324798254
0.28795,287.95,0.3206727772645327,1.7021293515851137,0.013319814979746889,1.3941413891555026,0.00047119319881164706,0.163807398745831,0.45273228606737
0.288,288.0,0.32099918941843514,1.7024413305302502,0.013334531168623211,1.3941416560056676,0.00047120910164806415,0.16380762585225314,0.4527295977303792
0.28805,288.04999999999995,0.32073274725000533,1.7021838837712053,0.013325739075777507,1.3941418488655626,0.0004712194430793661,0.16380774106704488,0.45273166568191053
0.2881,288.1,0.3203028461603314,1.7017726691424677,0.013307475997829577,1.3941422494252527,0.000471241949608014,0.1638080578326446,0.4527271161885415
0.2882,288.2,0.3208240457334513,1.702275433402554,0.01332643007640544,1.3941427410361744,0.00047126874750572426,0.16380841455940442,0.45273125209160425
0.28825,288.25,0.32092214027245264,1.702367647276069,0.013332400829201372,1.3941428258668507,0.0004712739275199409,0.16380849118074228,0.45273373363344194
0.2883,288.3,0.32052568546531146,1.7019866075399088,0.013317340580072636,1.3941431620747298,0.000471292315294688,0.16380871737728991,0.45273166568191053
0.28835,288.35,0.32026266965641964,1.7017362037059343,0.013304930290207496,1.3941433526728255,0.0004713032330523684,0.16380888657801326,0.45273394042859505
0.2884,288.4,0.3205324023186579,1.7019966140381944,0.013314447352771286,1.3941435378234084,0.00047131269890486605,0.16380900272630367,0.4527320792722168
0.2885,288.5,0.3207648047105101,1.7022171312441812,0.013326721501497567,1.394143905669625,0.0004713335359879415,0.16380928228283714,0.45272732298369467
0.28855,288.54999999999995,0.3203593105752946,1.7018286648073104,0.013310061604654932,1.3941442539042237,0.0004713528424812308,0.16380954269088663,0.452724841441857
0.2886,288.6,0.32030620020782485,1.701779730260837,0.013305950276874267,1.3941443149171886,0.0004713562676383875,0.16380959778832244,0.45272897734491974
0.28865,288.65000000000003,0.32066772029692436,1.7021273220693718,0.013320175634930459,1.3941445967188004,0.00047137134686057997,0.1638097944501327,0.45273332004313566
0.2887,288.7,0.3208567173737077,1.7023071997849801,0.013329418464938576,1.3941447130873184,0.00047137834277759336,0.16380989884719527,0.4527320792722168
0.28875,288.75,0.3205727738602738,1.7020337379411106,0.013319136881447839,1.3941449028910942,0.0004713885050223422,0.16381001889553326,0.4527271161885415
0.289,289.0,0.32039234572865544,1.7018618655056457,0.013311494336793487,1.3941457678227276,0.00047143607415031137,0.16381066963226246,0.4527264958030821
0.28905,289.04999999999995,0.3202430796646862,1.7017204434741287,0.013303740801871322,1.394145853338116,0.00047144097655114897,0.16381074937507017,0.45272835695946034
0.2891,289.1,0.3205059825507442,1.7019735610168358,0.01331369673897307,1.3941460154397198,0.00047144936191921674,0.1638108561526287,0.4527269093933884
0.28925,289.25,0.3202579853244058,1.701734393738612,0.013305347033350448,1.3941464701332122,0.00047147456179447606,0.16381120527101425,0.4527211191291005
0.2893,289.3,0.32028078879014416,1.701757847990031,0.013304734717198199,1.394146506667091,0.00047147646963748474,0.16381123307729487,0.45272091233394735
0.28935,289.35,0.3205797161605906,1.7020446553107893,0.01331706239483539,1.3941467035651167,0.0004714870558474836,0.1638113767952488,0.45272546182731643
0.2894,289.4,0.32066440182670625,1.702124456869924,0.013321996838808428,1.3941467510382775,0.00047148987595774575,0.16381142051440256,0.45272318708063186
0.28945,289.45,0.3203936127111107,1.7018643660587973,0.013311475216759086,1.3941469186939577,0.0004714987901876684,0.16381153302717139,0.4527271161885415
0.2899,289.9,0.3203579334839037,1.7018312876247552,0.013309806595876368,1.3941478025806036,0.000471546406399544,0.16381220245794634,0.45273311324798254
0.28995,289.95,0.3201244666202175,1.7016086309664917,0.013299136830918438,1.3941479356616417,0.0004715536561661175,0.16381231211901764,0.45273435401890133
0.29,290.0,0.32018845372661303,1.701671108937977,0.013300677756110976,1.3941479659435214,0.0004715551448407324,0.1638123318497201,0.4527370423558921
0.29005,290.04999999999995,0.32042003912491646,1.7018927324636715,0.013310771527563601,1.394148091058041,0.0004715618335188071,0.16381242749555458,0.4527370423558921
0.2901,290.1,0.3204326752265805,1.7019036360655648,0.013312527852133235,1.394148113609944,0.000471563087538246,0.16381244637117012,0.45273580158497334
0.29015,290.15000000000003,0.32019292945477384,1.7016739898786233,0.013302570663607231,1.3941482488291,0.00047157016887517343,0.16381254221859803,0.4527370423558921
0.2902,290.2,0.32006114671424185,1.7015490681750622,0.013295771075702905,1.3941483070013065,0.00047157339199036885,0.16381259596282843,0.45273642197043273
0.29025,290.25,0.32021697572708446,1.7016989542676735,0.013301782908851797,1.3941483726183133,0.0004715766452080322,0.1638126386624992,0.45274303941533317
0.2903,290.3,0.32038640324310697,1.7018604213936839,0.01330982361346924,1.39414844867344,0.0004715808402603798,0.1638127030880144,0.45274200543956744
0.2906,290.6,0.320120733228345,1.7016057177231145,0.013299261954095195,1.3941488330971763,0.0004716008154029368,0.1638129890208257,0.45273538799466706
0.29065,290.65000000000003,0.3199538317140663,1.7014470689483248,0.013291090275924016,1.3941489099841167,0.00047160492320083596,0.1638130555988014,0.4527335268382888
0.2907,290.7,0.3200327231030612,1.701523359357903,0.013293719328329593,1.3941489367657274,0.00047160619773054674,0.16381307244629872,0.45273269965767626
0.29075,290.75,0.3202015148861627,1.701684365391379,0.013301581817139037,1.3941490096141176,0.00047161003004577334,0.16381313092448285,0.4527329064528294
0.2908,290.8,0.3201699481284647,1.7016532366165145,0.013301161436493843,1.3941490263658636,0.0004716108691091896,0.1638131423037814,0.4527329064528294
0.29105,291.04999999999995,0.32001753202842637,1.7015078323811268,0.013294421522974853,1.3941492849341457,0.00047162405498695365,0.16381333927422317,0.45273166568191053
0.2911,291.1,0.3198415029798645,1.7013403633997395,0.013285948701667926,1.3941493678497197,0.0004716283173467573,0.16381340720837387,0.4527320792722168
0.29115,291.15000000000003,0.31985129415342034,1.701350627505501,0.013285488222425831,1.3941493797074256,0.0004716289030300413,0.16381341678456152,0.4527335268382888
0.2912,291.2,0.319997615154528,1.7014902530132157,0.01329224311614785,1.3941494362366607,0.0004716317310581375,0.16381345984873993,0.4527320792722168
0.29125,291.25,0.32002127031012423,1.7015119797272102,0.01329418445463365,1.3941494484693997,0.000471632384060082,0.16381347099104493,0.45273125209160425
0.2913,291.3,0.31986197452104076,1.7013598014929308,0.01328713950852384,1.3941495176309193,0.0004716357821173739,0.1638135201056083,0.45272856375461346
0.29135,291.35,0.31974477701477166,1.7012488630394336,0.01328092702977181,1.3941495618695083,0.0004716380773360423,0.16381356031908031,0.4527298045255323
0.2914,291.4,0.319821060253483,1.7013222267962151,0.01328386917284547,1.3941495835167221,0.00047163907731404713,0.16381357427311127,0.4527314588867574
0.29145,291.45,0.31993703557049646,1.7014323905779654,0.013289721929623481,1.3941496226991905,0.00047164108322709115,0.16381360740664905,0.4527318724770637
0.2915,291.5,0.3198828613575027,1.7013800132189867,0.013287942547069328,1.3941496393811783,0.00047164186232787015,0.1638136177792502,0.4527320792722168
0.2919,291.9,0.3197237826365208,1.7012298276177262,0.013279336629855159,1.3941499129982384,0.0004716552299408186,0.16381383561864254,0.4527372491510453
0.29195,291.95,0.31971848307172296,1.701224092082613,0.013279780306823375,1.394149920347075,0.0004716555820014513,0.16381384137473018,0.45273807633165786
0.292,292.0,0.319582910424692,1.7010951135020231,0.01327324387820891,1.3941499753521356,0.0004716581736691111,0.1638138824731516,0.4527376627413516
0.29205,292.04999999999995,0.3194996705641919,1.701016715919597,0.013268429431140018,1.3941500018403536,0.0004716594912742334,0.16381390765964865,0.4527424190298737
0.2921,292.1,0.31956348064537426,1.7010778022181292,0.013271169231222757,1.3941500171677497,0.00047166017103949875,0.16381391793085134,0.45274200543956744
0.29215,292.15000000000003,0.3196386480636757,1.7011488131095023,0.01327534640280034,1.394150036827971,0.00047166113791020746,0.1638139354884056,0.4527426258250269
0.2922,292.2,0.31957696234042,1.7010896645736855,0.01327282674266489,1.3941500536001799,0.00047166188232615583,0.1638139461707333,0.45274655493293653
0.29235,292.35,0.31949949312985504,1.7010171961472762,0.013267913066129695,1.394150136747402,0.0004716657743663185,0.16381401453972225,0.4527573082808997
0.2924,292.4,0.3195281367817507,1.7010438112340496,0.013269949193895274,1.3941501439474178,0.00047166612999547823,0.16381402154603375,0.45276516649671894
0.29245,292.45,0.31942946802859656,1.7009499419181142,0.01326518450697485,1.394150177190106,0.00047166761395067534,0.16381404519733023,0.45276144418396247
0.2925,292.5,0.3193271527079635,1.70085346479742,0.013259384553375029,1.394150213692238,0.00047166932557243834,0.16381407778049037,0.45275937623243107
0.29255,292.54999999999995,0.3193454368918597,1.7008713532485518,0.01325978584053026,1.3941502190125807,0.0004716695556268217,0.16381408177439113,0.45275958302758423
0.2926,292.6,0.3194182250454351,1.7009401617448623,0.013263784344451487,1.3941502370188652,0.0004716703809131371,0.16381409686306986,0.4527626849548813
0.29265,292.65000000000003,0.3193982124979755,1.7009206495314404,0.013263290332682993,1.3941502430768349,0.00047167064109627013,0.16381410097952095,0.4527626849548813
0.2927,292.7,0.3192861956209556,1.7008146061826943,0.013257361356894782,1.3941502856985963,0.0004716725384489317,0.163814134350466,0.45276206456942186
0.29275,292.75,0.3192240312815317,1.7007563935988872,0.013253427788281823,1.394150303054189,0.0004716733527016427,0.16381415150780385,0.4527612373888093
0.2928,292.8,0.31927125134803414,1.7008013973320317,0.013255653848966632,1.3941503123845165,0.0004716737432089243,0.16381415800281818,0.45276413252095327
0.29285,292.85,0.3193171869439855,1.7008444773279057,0.013258519203586859,1.3941503216975335,0.00047167417595964144,0.1638141667826103,0.4527686820143223
0.2929,292.9,0.3192574511616162,1.700787581335754,0.01325569568636273,1.3941503373066806,0.0004716748293150656,0.1638141772746142,0.45276950919493486
0.29315,293.15000000000003,0.31911450576389166,1.7006528586589025,0.01324756407127628,1.3941504245595668,0.00047167860997923743,0.1638142495181569,0.45277695382044786
0.2932,293.2,0.31903394846724986,1.700577344684797,0.013242548320896852,1.3941504509546745,0.00047167976259395117,0.16381427395402487,0.4527786081816729
0.29325,293.25,0.3190449733452556,1.70058818982482,0.01324273127535145,1.3941504540426841,0.00047167988854376913,0.16381427646889585,0.45278088292835744
0.2933,293.3,0.3190921670701968,1.7006325134518379,0.013245610753178857,1.3941504630309187,0.00047168027235820346,0.16381428435489281,0.4528119022013282
0.29335,293.35,0.3190671644598908,1.7006085213939812,0.013244605884535679,1.394150468497028,0.00047168048646735493,0.16381428794902614,0.4528185196462286
0.2934,293.4,0.31897616417786134,1.7005228965617296,0.013239264750840293,1.39415050142655,0.0004716818459904812,0.16381431488398643,0.45271594925027203
0.29345,293.45,0.3189256829722029,1.7004759220812227,0.01323577166096323,1.394150514482959,0.0004716824115669483,0.163814328190347,0.45273332004313566
0.29385,293.85,0.31879209834074396,1.7003505575563973,0.013227641032458572,1.394150600477953,0.0004716858228622198,0.16381440007485978,0.45277819459136665
0.2939,293.9,0.31872600099378956,1.7002890472136383,0.013223075912390147,1.3941506215068507,0.00047168665796053656,0.16381442016631725,0.45273869671711725
0.29395,293.95,0.3187272873430062,1.7002906359935912,0.01322277530493334,1.3941506232597307,0.00047168672662141893,0.1638144219318383,0.4527659936773315
0.294,294.0,0.31875572988387285,1.7003171332473,0.013224724735984832,1.3941506272457478,0.0004716868810699718,0.16381442557172818,0.45297754511899196
0.29405,294.04999999999995,0.3187317717633784,1.700294384993995,0.013223519683672106,1.3941506318926182,0.0004716870458417171,0.16381442871641236,0.45288779602252993
0.2941,294.09999999999997,0.318658658981908,1.700226122066154,0.013218696535353732,1.3941506576146738,0.0004716880070784298,0.16381445066039915,0.4528127293819407
0.29415,294.15000000000003,0.31861381835168057,1.70018470246855,0.013215287590423853,1.3941506692382561,0.00047168845902543946,0.1638144627566803,0.45274469377655824
0.2942,294.20000000000005,0.3186284321930515,1.7001985758327725,0.01321602989956831,1.394150671007317,0.00047168852072207657,0.16381446411503034,0.4528648417605316
0.29445,294.45,0.3185256853276442,1.700103117894107,0.013208785995667067,1.3941507144230891,0.00047169008872226964,0.16381450328952346,0.45297092767409153
0.2945,294.5,0.3185224283904711,1.7000998084236902,0.013208839835642675,1.3941507156866138,0.0004716901309858343,0.16381450427026786,0.4530081508016564
0.29455,294.54999999999995,0.31846825137480517,1.7000493877854228,0.01320510078995845,1.394150732435397,0.00047169070001249776,0.1638145180921693,0.45292563953555426
0.2946,294.59999999999997,0.3184118932427395,1.699997432802922,0.013200716885245767,1.3941507510121012,0.00047169134979025806,0.16381453636371426,0.4528269982475073
0.29465,294.65000000000003,0.3184030835874079,1.699989618052122,0.013199723752355496,1.3941507527188444,0.00047169141266858517,0.1638145384873036,0.45293060261922957
0.2947,294.70000000000005,0.31841792884661696,1.7000033174907705,0.0132008709795724,1.394150754078465,0.0004716914585823234,0.1638145397563102,0.45307742717795774
0.29475,294.75,0.318398303210021,1.6999848832487883,0.01319968320687829,1.3941507575883723,0.0004716915680326776,0.16381454225152622,0.4530108391386472
0.2948,294.8,0.3183404968165181,1.6999314635637224,0.013195317433258063,1.3941507778428963,0.0004716922301983239,0.16381456029019162,0.452922330813104
0.29485,294.85,0.3182981190689589,1.6998927005918063,0.01319171520551263,1.3941507899705043,0.00047169263769679767,0.16381457311490238,0.4529560384230656
0.29515,295.15000000000003,0.31819385691813434,1.6997973261877835,0.013182865110254665,1.3941508264495184,0.0004716937753188829,0.16381460809910123,0.45303275942487986
0.2952,295.20000000000005,0.31818977770696383,1.6997933900059337,0.013182722827128953,1.3941508271752536,0.0004716937953436103,0.163814608621354,0.4531200269795042
0.29525,295.25,0.3181492719775384,1.6997561604377023,0.013179459271348557,1.3941508394167805,0.00047169414858413776,0.163814619252299,0.453104724138172
0.2953,295.3,0.318100438054703,1.6997117278654816,0.013175076203994737,1.3941508571601933,0.00047169467033871996,0.16381463728359064,0.4530422720019242
0.29535,295.35,0.31808232473869963,1.6996955141528118,0.01317318011807233,1.3941508605693154,0.00047169477442299984,0.16381464151040204,0.45306419228815686
0.2954,295.4,0.3180866506244227,1.6996994969203065,0.013173523411953025,1.3941508607401982,0.00047169477912746083,0.16381464167137635,0.453160145239213
0.29545,295.45,0.318072567232168,1.6996864555501754,0.013172483708489176,1.3941508629983608,0.00047169483798913835,0.1638146433771057,0.45323045559128006
0.2955,295.5,0.31802859000282957,1.6996463989885118,0.01316857905829244,1.3941508785785706,0.00047169526060579313,0.16381465794824854,0.45315001227670926
0.29555,295.54999999999995,0.31798792219863165,1.6996097372408348,0.013164587412762776,1.3941508925894743,0.0004716956454411647,0.1638146731102012,0.45305964279478783
0.2956,295.59999999999997,0.3179772223707364,1.6996003008820135,0.01316332557475766,1.394150894172991,0.0004716956909708749,0.16381467524628887,0.453173586924167
0.29565,295.65000000000003,0.31797784918925814,1.6996008273763088,0.013163425972893618,1.39415089424537,0.00047169569263543756,0.16381467529550156,0.45335660063469435
0.2957,295.70000000000005,0.31795569766219195,1.6995806000330913,0.013161506830524894,1.3941508991616092,0.00047169581362275907,0.16381467945734426,0.45326519717700725
0.29595,295.95,0.3178406532941403,1.699477291936068,0.013149808148513147,1.3941509358097948,0.0004716967166023879,0.16381471731400576,0.45327036705583573
0.296,296.0,0.31779953106229175,1.6994406106102735,0.013145384823688055,1.394150952980739,0.0004716971086052037,0.1638147355975884,0.4532720214170608
0.29605,296.04999999999995,0.3177737340998879,1.6994178800406334,0.013142326190634962,1.3941509605574118,0.00047169728237810276,0.16381474486155342,0.4532711942364483
0.2961,296.09999999999997,0.3177683882579669,1.6994132547218905,0.013141606120520283,1.3941509609992138,0.00047169729298146416,0.16381474552972924,0.4532811204037989
0.29615,296.15000000000003,0.317758981806008,1.6994047675908144,0.013140688072218938,1.3941509622459476,0.00047169731789116243,0.16381474658366782,0.4533967188944032
0.2962,296.20000000000005,0.3177284137382736,1.699377540240491,0.013137358400099202,1.394150973059606,0.0004716975386240801,0.16381475739368795,0.45330738338824744
0.2966,296.59999999999997,0.3175608595421138,1.699231386118657,0.0131160186983317,1.3941510322633728,0.00047169863822118873,0.1638148266001672,0.4533193775071295
0.29665,296.65000000000003,0.3175444513255442,1.699217076739544,0.013113924231287464,1.3941510365644432,0.0004716987030983787,0.16381483107625058,0.45333054444539894
0.2967,296.70000000000005,0.31751353882313776,1.6991904393977617,0.013109664123804633,1.394151051381418,0.0004716989221099455,0.163814848230866,0.45333013085509266
0.29675,296.75,0.3174832512213977,1.6991646978089887,0.013105133280539243,1.394151066319377,0.00047169913458047655,0.16381486750128854,0.45332847649386754
0.2968,296.8,0.3174668773782894,1.6991509709067112,0.013102491231204409,1.3941510711375715,0.00047169920099938365,0.1638148743844531,0.453329096879327
0.29725,297.25,0.3172786788405483,1.698995994637074,0.013069366431851121,1.3941511676098788,0.0004717000639027293,0.16381500793547538,0.4533400570224433
0.2973,297.3,0.3172590972618276,1.6989808063645,0.013064984039260548,1.3941511784489804,0.00047170012018694457,0.16381502610644366,0.45334088420305585
0.29735,297.35,0.31724447647251847,1.6989695238296534,0.013061652174401016,1.394151184801169,0.00047170014723253,0.16381503647689333,0.4533423317691278
0.2974,297.4,0.317224654685835,1.6989543128909363,0.013057054236773048,1.394151197648617,0.0004717001899195651,0.163815056681619,0.4533437793351998
0.2975,297.5,0.3171556001549293,1.6989063312699484,0.013036098500470383,1.394151314470064,0.0004717003167355223,0.1638152820336732,0.45334357254004665
0.29755,297.54999999999995,0.3170971187038122,1.6988734889210269,0.013010727641282563,1.394151582087044,0.00047170032632801363,0.16381589847126624,0.45334605408188433
0.2976,297.59999999999997,0.3169961797273074,1.6988181020178532,0.012966013140522224,1.394152417739104,0.0004717003271382614,0.16381781816962634,0.4533437793351998
0.29795,297.95,0.31254621581864667,1.6964196650600227,0.011242727023843707,1.394480171680746,0.00047170032735740656,0.16430471037979866,0.45326354281578213
0.298,298.0,0.3110710402075123,1.695603204936122,0.010785274501107894,1.3946812392517873,0.0004717003273576191,0.1645001038280087,0.45325547780480974
0.29805,298.04999999999995,0.3093346973224119,1.6946324392084493,0.010301915039357387,1.3949632388567628,0.0004717003273577337,0.16471819452993539,0.4532556845999629
0.2981,298.09999999999997,0.30732851136306,1.6935020934050562,0.009804705907543631,1.3953416391395619,0.00047170032735779904,0.16494893588570714,0.45326581756246664
0.2985,298.5,0.28119823999415416,1.6787750963269057,0.006126613710271872,1.4030652343784669,0.00047170032735790085,0.16653579058473925,0.45338596554644
0.29855,298.54999999999995,0.27669804480473925,1.6762819684465615,0.0057408854199957355,1.4046864345062635,0.0004717003273579025,0.16667468160580784,0.4534093333987446
0.2986,298.59999999999997,0.2719454164001289,1.6736640283295112,0.005372386480913402,1.4064524970936496,0.00047170032735790356,0.16680144266859526,0.4533805888724584
0.29865,298.65000000000003,0.26695200067674857,1.6709292133503078,0.005020543622366444,1.408359139417975,0.00047170032735790416,0.1669170039695738,0.45337707335485505
0.2987,298.70000000000005,0.26173144074139093,1.668086239604691,0.004684740773561156,1.4104008174936715,0.0004717003273579047,0.16702226919242094,0.453360529742604
0.29875,298.75,0.2562994027974534,1.6651446602330522,0.00436435636781642,1.4125707958393652,0.0004717003273579052,0.16711809004411135,0.4533520511413253
0.2991,299.09999999999997,0.2140767990600441,1.642790517732336,0.0025070120524244392,1.4305814482717671,0.000471700327357907,0.1675825788974748,0.4533059358221755
0.29915,299.15000000000003,0.20774222922574015,1.6395167420408354,0.002291208200710294,1.4334263950858595,0.0004717003273579071,0.167626055594837,0.45300670323558445
0.2992,299.20000000000005,0.20141595079743327,1.636272750438018,0.0020866693643888904,1.4363041040186573,0.0004717003273579072,0.16766511225648698,0.45329807760635626
0.29925,299.25,0.19512789542812536,1.6330772064230412,0.0018930952531955572,1.439203006279786,0.0004717003273579074,0.16770009423965151,0.4532720214170608
0.2993,299.3,0.18890816129665575,1.6299493968297918,0.0017102078856205559,1.442112012223606,0.00047170032735790763,0.16773132084009634,0.4530474418807527
0.29935,299.35,0.18278672054648556,1.626909110118786,0.0015377490350777085,1.4450206796445804,0.0004717003273579078,0.16775908835133863,0.4529113706699877
0.2994,299.4,0.17679312991736554,1.6239764999874127,0.0013754780308308477,1.4479193645537294,0.000471700327357908,0.16778367266296337,0.45287228638604454
0.2995,299.5,0.16530397728090432,1.6185158433331395,0.0010806140198617595,1.4536529558919533,0.00047170032735790833,0.16782430607753165,0.45329166695660894
0.29955,299.54999999999995,0.1598629934849442,1.6160285332517426,0.0009476127232944858,1.4564736117925812,0.0004717003273579084,0.1678408230928128,0.45293908122050824
0.2996,299.59999999999997,0.15465853341637653,1.6137300272982347,0.0008239807128823,1.459255919624241,0.0004717003273579084,0.1678550956736411,0.45253210835913216
0.29965,299.65000000000003,0.14971417455468577,1.6116398766270672,0.0007095443590441144,1.4619956792325803,0.0004717003273579084,0.16786732476655086,0.4532796728377269
0.2997,299.70000000000005,0.1450516489344539,1.6097769791786924,0.0006041413799694673,1.4646898940491824,0.0004717003273579084,0.16787770013991424,0.45247255135502834
0.29975,299.75,0.14069067702162322,1.6081593966831316,0.0005076206629145285,1.4673367540490676,0.0004717003273579084,0.16788640134310234,0.45334564049157805
0.2999,299.9,0.12958126415484678,1.6049428390048759,0.0002700084382317097,1.4749919792938537,0.0004717003273579084,0.16790412024018134,0.4531909577170306
0.29995,299.95,0.12657893053966796,1.6044641645011746,0.00020772953176499676,1.4774533558739502,0.0004717003273579084,0.16790774573587847,0.4537724656876554
0.3,300.0,0.12394232889560361,1.6043024032583684,0.00015374603283903085,1.4798742100506082,0.0004717003273579084,0.16791047096862408,0.4533307512405521
0.30005,300.05,0.12167685543235905,1.604466990365824,0.00010797486964270939,1.4822584974979824,0.0004717003273579084,0.16791243149890384,0.4537319338376403
0.3001,300.09999999999997,0.1197853370531455,1.6049653944438622,7.034434599053367e-5,1.484610788104383,0.0004717003273579084,0.16791375826475805,0.4532984911966625
0.30025,300.25,0.11634443452296694,1.608506218867452,5.742824256997642e-6,1.4915279121035043,0.0004717003273579084,0.1679151913831111,0.4535034251934225
0.3003,300.3,0.1159261436014115,1.610371242213003,1.7071943883640558e-7,1.493805654231579,0.0004717003273579084,0.16791522527124286,0.4531777228272298
0.30035,300.35,0.11585823782220356,1.6125741165962317,2.5330127140281197e-6,1.496078796677453,0.0004717003273579084,0.16791523536392347,0.4534324944558961
0.3004,300.4,0.11612895036095656,1.615108424367441,1.2811035023255483e-5,1.4983526698284748,0.0004717003273579084,0.16791533882238843,0.45314773753002474
0.30045,300.45,0.11672444393273376,1.6179652250186316,3.098910426706316e-5,1.5006321546641384,0.0004717003273579084,0.1679156520803137,0.45341160814542913
0.3006,300.59999999999997,0.12029406150446821,1.6283431510958692,0.0001327428027231149,1.507542213517317,0.0004717003273579084,0.16791900269763704,0.4532484467696031
0.30065,300.65,0.12201562696945917,1.632349933407971,0.00018230233625408522,1.5098769876012312,0.0004717003273579084,0.16792129979648687,0.45361964406948624
0.3007,300.70000000000005,0.1239688431214018,1.6365968152875163,0.00023959555134376112,1.512227943475404,0.0004717003273579084,0.16792436807986366,0.4533836907997555
0.30075,300.75,0.12613207806553603,1.6410601025329392,0.00030453312286142113,1.5145929294084335,0.0004717003273579084,0.16792830832208422,0.45384897989431655
0.3008,300.8,0.12848337732551976,1.6457139147060549,0.0003769895215708693,1.5169678938157376,0.0004717003273579084,0.16793321256445282,0.4535540900059414
0.30085,300.85,0.131000762432551,1.6505303342635333,0.00045679330050574885,1.5193467260974052,0.0004717003273579084,0.16793916071406192,0.45398898021299117
0.3009,300.9,0.13366251017798958,1.6554795877709918,0.0005437163059072731,1.5217211478087753,0.0004717003273579084,0.1679462164099394,0.4536337061398996
0.30125,301.25,0.15464622951630114,1.691070422308276,0.0013149144813711532,1.5370993812207159,0.0004717003273579084,0.16802617524202443,0.44996991641174916
0.3013,301.3,0.15775801954926985,1.69587677583338,0.0014398837037693105,1.5389188993588088,0.0004717003273579084,0.16804075152598957,0.4498135792759766
0.30135,301.35,0.160844795289841,1.7005127393682136,0.0015655231626561922,1.5405937118769133,0.0004717003273579085,0.16805548445034046,0.44769289498054377
0.3014,301.4,0.16388751379871272,1.7049480234899352,0.0016905295505840344,1.5421112692936731,0.0004717003273579087,0.16807006941085695,0.448635467288548
0.30145,301.45,0.16686587612192824,1.7091547264544007,0.00181351763889193,1.5434625839030285,0.00047170032735790893,0.16808418765823263,0.4466802191156257
0.3015,301.5,0.1697581592252265,1.713107777678331,0.0019330540489941254,1.5446428750989252,0.00047170032735790915,0.16809752537278644,0.4495575668763914
0.3019,301.9,0.18696460378861712,1.7337642375581404,0.0026144345632090706,1.5487742132930962,0.00047170032735790915,0.16815518613776076,0.47385971968289314
0.30195,301.95,0.1880621327499866,1.7349032982120054,0.0026536307751779606,1.548854939756265,0.0004717003273579092,0.16815662910128887,0.4755277293881063
0.302,302.0,0.18888433282310121,1.735738997832561,0.00268226299190184,1.5488970707476577,0.00047170032735790915,0.16815740252926445,0.4761830632284014
0.30205,302.05,0.1894314627541149,1.7362850407292978,0.0027009010885801757,1.5489146214788152,0.00047170032735790915,0.16815773399005535,0.47640040493434976
0.3021,302.09999999999997,0.1897088569489913,1.7365575063707963,0.0027102949325872442,1.5489190866816533,0.00047170032735790915,0.1681578224061058,0.4770251330919804
0.30215,302.15,0.18972664853281704,1.7365745463150288,0.0027113306102819483,1.548919370713906,0.00047170032735790915,0.16815782824050468,0.47701086422641387
0.3022,302.20000000000005,0.18949934192232312,1.73635610470368,0.002704986377638402,1.5489218914392793,0.00047170032735790915,0.16815786947996983,0.477121706428496
0.30235,302.35,0.1875461674796524,1.734509173488633,0.0026520128594883607,1.5489751602269182,0.00047170032735790915,0.1681587910708841,0.47687789494294597
0.3024,302.4,0.18655192082509683,1.733575966738924,0.002626451247141392,1.54901063790954,0.00047170032735790915,0.1681594015195717,0.47744906315591384
0.30245,302.45,0.18543152185824502,1.7325261615660839,0.0025985444706088144,1.5490533241993432,0.00047170032735790915,0.16816012866903687,0.47692256269602384
0.3026,302.59999999999997,0.18161066649022142,1.7289444605980844,0.0025091559402045786,1.549203087583256,0.00047170032735790915,0.16816261489986356,0.47744637481892305
0.30265,302.65,0.18028573451551438,1.7276981358803305,0.0024799233210724973,1.5492524614232055,0.00047170032735790915,0.16816341256236095,0.47723751171425344
0.3027,302.70000000000005,0.17898651554257725,1.7264723712693602,0.0024520304077533008,1.549298022145839,0.00047170032735790915,0.16816413891428794,0.477575001404175
0.30275,302.75,0.17774359947663174,1.7252955843151394,0.002426020154445824,1.5493381403723405,0.00047170032735790915,0.16816477070073158,0.47744596122861677
0.30285,302.85,0.17554677591220846,1.7232029591733546,0.002381563797004204,1.5493978815104053,0.00047170032735790915,0.1681656979521147,0.4775648684416713
0.3029,302.9,0.17465131376315932,1.722343960822213,0.0023639694271272308,1.5494167506487726,0.00047170032735790915,0.16816598778538025,0.47773506085270406
0.30295,302.95,0.17392875073522995,1.7216473743295415,0.0023499758325227233,1.5494287334053254,0.00047170032735790915,0.1681661716630618,0.47751234247277413
0.30305,303.05,0.17310900957130237,1.7208516301251129,0.0023341839659729983,1.5494369383702136,0.00047170032735790915,0.16816629949158746,0.47727969792549363
0.3031,303.09999999999997,0.17306212380548516,1.7208060522909514,0.0023330477078288103,1.5494371100407653,0.00047170032735790915,0.16816630247143852,0.4772995502601949
0.30315,303.15,0.17328842147253587,1.7210297304780169,0.002336849786310032,1.5494382926237447,0.00047170032735790915,0.1681663179870288,0.4772985162844292
0.30325,303.25,0.1746444074128028,1.7223818362658154,0.002360585792026117,1.549458148194601,0.00047170032735790915,0.16816660043819404,0.47735828008368614
0.3033,303.3,0.1758113654423663,1.723555540981239,0.00238120968101247,1.5494855183691132,0.00047170032735790915,0.16816700035719884,0.47694324221133766
0.30335,303.35,0.1773256870586554,1.7250886744320961,0.0024081649595013655,1.549531284800599,0.00047170032735790915,0.16816768182052907,0.47683550193655266
0.3034,303.4,0.1792005348529239,1.7269997901805823,0.002441858035834961,1.54960124476713,0.0004717003273579092,0.16816874512148935,0.4761162683939378
0.3039,303.9,0.218596268591361,1.7692618605511634,0.003277536802109525,1.5533031862700186,0.00047170032735790974,0.16824263473665516,0.47020151342387734
0.30395,303.95,0.22443514674553391,1.7758208445455248,0.0034301169422622504,1.554175850499552,0.00047170032735790985,0.16826438569209895,0.47034895836806495
0.304,304.0,0.23053829474607726,1.7827586651072893,0.003600565077264728,1.5551809440520674,0.00047170032735790985,0.16829152904816147,0.4699967862222705
0.30405,304.05,0.23687189696225858,1.7900496743365617,0.0037909611052272278,1.5563287132265564,0.0004717003273579099,0.1683253976285544,0.4720126253750622
0.3046,304.59999999999997,0.3093586965980654,1.8811216286390284,0.008713756574555608,1.57983415614571,0.00047170032735798656,0.1708326456495862,0.5031987820343833
0.30465,304.65,0.3152053318932616,1.8888572787050328,0.009893366288789037,1.5829014713819534,0.0004717003273581935,0.17214189646322886,0.505214414392022
0.3047,304.70000000000005,0.3210297023333994,1.8962337290508968,0.011625206931838146,1.5861825408111265,0.00047170032736270294,0.17499301240445492,0.5015584828796906
0.30475,304.75,0.3275561956256385,1.9030096409954622,0.013388174176679877,1.5881796157764978,0.00048314933483590867,0.1788549372335621,0.5020634766436542
0.3048,304.8,0.32898926956131336,1.9043624886830082,0.013528077539033593,1.5882345935119149,0.0004878053004790841,0.178898350406187,0.5020717484497799
0.30485,304.85,0.3225019250858059,1.8985526169708777,0.01311708325758293,1.5884891200728106,0.000499577975174032,0.17907759611865742,0.5014484678582212
0.3049,304.9,0.3140056168970104,1.8935240560443256,0.011381854254760107,1.5902185238706266,0.000499645029728673,0.18212501023483516,0.5085146582409553
0.30495,304.95,0.3104253255062478,1.8910770344635437,0.010678728403918737,1.5906481630897014,0.0004996450297292204,0.18262975121551137,0.5094313811548172
0.305,305.0,0.30967466925988957,1.8905347851272136,0.010507863922658607,1.5906856664307238,0.0004996450297292387,0.18266883916494844,0.5096354879709647
0.30505,305.05,0.31079076329300986,1.8915313914153282,0.010678938620637608,1.5907372184516702,0.0004996450297292633,0.18270377127304324,0.5097163448758417
0.3052,305.20000000000005,0.32171648248108675,1.901497481821625,0.01325477548989659,1.5923481273117202,0.000502386906975215,0.18526112408161252,0.5123420229352382
0.30525,305.25,0.32395484191941804,1.9036063298765546,0.01342735757928729,1.5923886381368901,0.0005049098197158905,0.18529809219633603,0.5123784188821906
0.3053,305.3,0.32070343881949787,1.9005967589412405,0.013248812819147547,1.592448760521876,0.0005080370572518316,0.18533587395416498,0.5121916828589067
0.30535,305.35,0.31610478435873707,1.8971262522264278,0.012480927580013682,1.5928069916286556,0.0005093775216579008,0.18602681017313447,0.5127820830211164
0.3054,305.4,0.314929703966282,1.8964332526380085,0.01208603684111439,1.5928939602555263,0.0005093775216645288,0.1862482489089232,0.5132589526442533
0.30545,305.45,0.31672093538642776,1.8979432219077188,0.012489645052154202,1.593016113474631,0.0005093775216773638,0.18644109034307751,0.513206219880203
0.3055,305.5,0.3203625815386988,1.9011350794582764,0.013227916534793778,1.5933025567866397,0.0005107987873856763,0.1870593958009505,0.5154551171705816
0.30555,305.55,0.32248632680358597,1.9031340917290482,0.013384013352650678,1.5933322457675814,0.0005124459499037858,0.18708707613839842,0.5155107450667757
0.3056,305.59999999999997,0.32024724455297515,1.9010405595126487,0.013268415384066349,1.5933607297401686,0.000513896440301787,0.18710467868403144,0.5154145853205664
0.30595,305.95,0.317090341421732,1.8986672731221896,0.01290947638324013,1.5937790774407987,0.0005194880596699418,0.1878431019781873,0.518749363960074
0.306,306.0,0.31968471987120173,1.9010125712739618,0.013221752765843241,1.593841357517519,0.0005203001938341975,0.18794697686456968,0.5196143880856513
0.30605,306.05,0.3216403244310225,1.902856557272858,0.01335487783519819,1.593861783060117,0.0005213622218816899,0.18796591469815468,0.5196629849466388
0.3061,306.09999999999997,0.3201082321666451,1.9014097871673208,0.013283346995620225,1.5938749044470102,0.000522024183932255,0.18797388496984743,0.5196162492420295
0.30615,306.15,0.3174880754316002,1.8990139212436257,0.01309403913539376,1.5939088005686994,0.0005230774682400998,0.1880074300864026,0.519606529869832
0.3062,306.20000000000005,0.31775721019753006,1.8992999915508628,0.013088721893978516,1.5939203430380688,0.0005231346319917178,0.18802609694709693,0.5196964857614472
0.30625,306.25,0.32042224687004095,1.901812019888077,0.013277301512400603,1.5939547631810296,0.0005242524884052765,0.18805938070950842,0.5197074459045635
0.3063,306.3,0.3214581057815829,1.902781859969747,0.013352344985583728,1.593963280997872,0.0005247512645447219,0.1880674310780291,0.5197469437788129
0.30635,306.35,0.31930690370157366,1.9007630743885726,0.013240622404329203,1.593983026199011,0.0005256864943111706,0.18808091771355548,0.5197078594948698
0.3064,306.4,0.31733953429481404,1.8989726574701509,0.01308513129348479,1.5940038842908555,0.0005262664655235935,0.18810423210667362,0.5196640189224044
0.30645,306.45,0.3185514371769942,1.9001198864309587,0.013161807742404826,1.5940156602799196,0.0005264816293439407,0.18811560680559747,0.5196995876887442
0.3066,306.59999999999997,0.3185527832372271,1.900141873021959,0.013196995351458117,1.5940690794643328,0.0005288458486992551,0.1881603428464447,0.5196882139553216
0.30665,306.65,0.3175184605451228,1.8992101132748354,0.013103592197031772,1.5940780023277443,0.000529071616759573,0.18817150188920173,0.5196489228762254
0.3067,306.7,0.31944376650136336,1.9010308243601464,0.013226466665392128,1.594095761742402,0.0005295762126009241,0.1881870888674786,0.5196954517856814
0.30675,306.75,0.3213415174931252,1.902828342726687,0.013342772634648118,1.5941110407280392,0.0005303568382127891,0.18820082166539367,0.5197074459045635
0.3068,306.8,0.3203183291722737,1.9018520169187116,0.013302429563298359,1.59411723655061,0.0005306767772966939,0.18820450151404539,0.5196844916425651
0.30685,306.85,0.31801769081233766,1.8997117371710093,0.013163447763396969,1.594137780944396,0.0005314910877491134,0.18822260959126824,0.519667741235161
0.3069,306.90000000000003,0.31802995220870334,1.89974628239751,0.01314523319914356,1.5941417592497098,0.0005315775557573532,0.18822710214249477,0.5196594694290354
0.30695,306.95,0.3202830941237369,1.901885038887434,0.01328038623187657,1.5941617597864575,0.000532327411139251,0.18824431764709387,0.5196700159818455
0.307,307.0,0.32130288363814163,1.902845111573714,0.013346615313749479,1.5941679093644738,0.0005326843310469129,0.1882500734904224,0.5196896615213936
0.30705,307.05,0.3195497606943795,1.9011867120916077,0.013263911879558955,1.5941793588481776,0.0005332472804794381,0.18825766779743683,0.5196675344400078
0.3071,307.09999999999997,0.317811324326586,1.8995760082975026,0.013149432169436804,1.5941921312240566,0.000533714983003175,0.1882704529291348,0.5196354811912715
0.30715,307.15,0.31878173494139433,1.900504913666382,0.013197236055313971,1.5941982569765223,0.0005338829498568733,0.1882753735801496,0.5196576082726572
0.30725,307.25,0.32093446147109445,1.9025416806177178,0.013332972236115438,1.5942171216918442,0.0005347788167074852,0.18829139386050664,0.5196735314994488
0.3073,307.3,0.318857469318094,1.9005861148096257,0.013226682955878902,1.5942315749457732,0.0005354517235516452,0.18830229775499766,0.5196691888012329
0.30735,307.35,0.3179739206970535,1.8997749778569526,0.013159672558796175,1.594236789912254,0.0005356321338069746,0.18830819227770998,0.5196433394070906
0.3074,307.40000000000003,0.3196293023015047,1.9013517151162764,0.013249376585854731,1.594247465585392,0.0005360076772712182,0.1883166576253984,0.5196619509708731
0.30745,307.45,0.32123855278000224,1.9028800846257172,0.013340286368251023,1.5942569812200844,0.0005365124737447039,0.18832503982222043,0.5196853188231777
0.3075,307.5,0.32033621478223073,1.902015735199767,0.013306600210024418,1.5942610691828225,0.0005367244968062148,0.18832746760551725,0.5196735314994488
0.30765,307.65,0.3204074580088253,1.9021283014895758,0.013293913349864161,1.5942885263204432,0.0005378803875867637,0.18835064225690112,0.5196718771382237
0.3077,307.7,0.3212052646845334,1.9028806018905917,0.013343247390512082,1.59429213693069,0.0005380941813137247,0.1883540042449768,0.519678287787971
0.30775,307.75,0.31966088147457555,1.901413152500536,0.013274410630307806,1.5942998415957725,0.000538481452542402,0.188359127625592,0.5196720839333768
0.30795,307.95,0.3208609923203902,1.9025813217872871,0.013330661094017829,1.5943230877333943,0.0005395244737973336,0.18837887340235646,0.5196793217637367
0.308,308.0,0.3190753468964163,1.900891700327179,0.013244509595472798,1.5943324966012669,0.0005399809866928239,0.1883859579425847,0.5196669140545485
0.30805,308.05,0.31845281337255515,1.9003163601604807,0.013200180223782904,1.594335246317845,0.0005400922937291348,0.18838891978553973,0.5196511976229099
0.3081,308.09999999999997,0.3199465153370508,1.901744494551642,0.013273306939758235,1.594342504037996,0.0005403882407297057,0.18839439528974256,0.5196660868739359
0.30815,308.15,0.3212184560175167,1.9029543676107523,0.013341134979984137,1.5943479564903023,0.0005406914292349444,0.18839917336348425,0.5196809761249618
0.3082,308.2,0.3203198605182636,1.9020926558745672,0.01330756022105946,1.5943510999493338,0.0005408550929821464,0.1884010547154615,0.5196685684157735
0.30835,308.35,0.3206219443020351,1.9024116505869217,0.013308750708064325,1.5943683932397112,0.0005416490915643798,0.18841518135298713,0.5196774606073584
0.3084,308.40000000000003,0.3211392127807097,1.9028985265441933,0.01334113444390541,1.594370268870906,0.0005417629377183719,0.18841691844943761,0.5196849052328715
0.30845,308.45,0.31973717340179164,1.9015627230618566,0.013280744852243481,1.5943758264958172,0.0005420478556066739,0.188420680557055,0.5196724975236832
0.3086,308.59999999999997,0.3210693064848603,1.9028569954439116,0.013332526518285258,1.5943891049841747,0.000542679280912953,0.18843173192490698,0.5196760130412865
0.30865,308.65,0.3207922581659477,1.9025854239606104,0.013328279425936312,1.5943902694620544,0.0005427437874484642,0.18843249076614524,0.5196702227769986
0.3087,308.7,0.3192687513204682,1.901139082411734,0.0132576124673958,1.5943964529142618,0.0005430539619910178,0.18843720207340955,0.519664846103017
0.30875,308.75,0.31892886321501623,1.900826160212923,0.013232059601052153,1.5943978045611031,0.0005431139650090182,0.18843859250663872,0.5196598830193417
0.3088,308.8,0.32028977766684064,1.902130208748179,0.01329435092678008,1.5944029904510149,0.0005433496531213977,0.18844242364718175,0.5196650528981702
0.30885,308.85,0.32121937880923923,1.9030147561738977,0.013342449287328627,1.594405865277475,0.0005435169268311862,0.18844496735757257,0.5196764266315927
0.3089,308.90000000000003,0.32029986235940805,1.9021327842457716,0.013307655122195687,1.5944084767886912,0.0005436541713776622,0.18844656816149005,0.5196712567527643
0.30915,309.15,0.3198108074556993,1.9016824673470147,0.013285639523918683,1.594424383041112,0.0005444579258506126,0.18845896794214206,0.5196706363673049
0.3092,309.2,0.3190770956135828,1.9009915951266925,0.013244885120732101,1.5944263689380649,0.0005445553322812569,0.18846088315345144,0.5196578150678103
0.30925,309.25,0.3200274065010802,1.9019052480283094,0.013284327540137631,1.5944290328829884,0.0005446739978546323,0.18846270619047167,0.5196667072593952
0.3093,309.3,0.32116102638984817,1.9029885625995193,0.013338256389776492,1.5944324622459232,0.0005448653197598498,0.1884655534363164,0.5196716703430706
0.30935,309.35,0.320727220054862,1.902568157916507,0.013325925884728057,1.5944334780791092,0.0005449200292468116,0.1884661576852166,0.5196681548254672
0.3094,309.40000000000003,0.31946047175941983,1.9013629202883229,0.013268589124348928,1.59443744392739,0.0005451250033799281,0.18846924214364083,0.51966174417572
0.30945,309.45,0.3193819724180451,1.901295809215136,0.013257928155483874,1.5944381385154027,0.0005451570746815806,0.1884698821556376,0.5196652596933233
0.3095,309.5,0.3206011125607929,1.9024654775086591,0.013311291881474929,1.5944418448382598,0.0005453398980430308,0.1884726127079457,0.5196696023915393
0.30955,309.55,0.321207324137675,1.903041551077101,0.013342890749205723,1.5944432211555466,0.0005454231972620874,0.18847385549904644,0.5196760130412865
0.3096,309.59999999999997,0.32028707580849664,1.902158859805274,0.013307655577876635,1.5944454242612962,0.0005455405767752399,0.1884752562550173,0.5196724975236832
0.30965,309.65,0.31933694914554284,1.901257718965975,0.013261242182862884,1.5944478687571852,0.0005456663790622569,0.18847738671123168,0.5196638121272513
0.3097,309.7,0.3198603793993425,1.9017642491173188,0.013279302729390508,1.5944489794815775,0.0005457153804987991,0.18847810496145168,0.519670843162458
0.30975,309.75,0.3210211454701682,1.902876374256509,0.013331374769677726,1.5944522325655364,0.0005458908511265727,0.1884806590322539,0.5196766334267459
0.3098,309.8,0.32101237125585796,1.9028626565291569,0.013336860793312874,1.5944527444132757,0.0005459211169864716,0.18848105602628976,0.5196768402218991
0.30985,309.85,0.31989347989507294,1.9017936011434364,0.013290099947561215,1.5944556619749932,0.0005460765930432101,0.18848314756010662,0.5196720839333768
0.30995,309.95,0.3203902253231583,1.9022805737184796,0.013303101440052138,1.5944587367215721,0.000546228107724793,0.18848552575106628,0.5196745654752145
0.31,310.0,0.32121327916121173,1.9030669168932284,0.013341722718667971,1.5944605404883339,0.0005463334271115028,0.18848705491602052,0.5196766334267459
0.31005,310.05,0.3206654535111393,1.9025382446779078,0.013323599031350192,1.5944615172598624,0.0005463858269787999,0.18848763095040144,0.5196729111139894
0.3101,310.09999999999997,0.3196552545235004,1.9015758113689025,0.0132783782460918,1.5944639318843936,0.0005465141654457296,0.18848956132427716,0.5196696023915393
0.31015,310.15,0.3197919490934314,1.9017124854422234,0.01327888770789108,1.594464398861981,0.0005465358049430211,0.18848990943081806,0.5196718771382237
0.3102,310.2,0.32084706013228254,1.9027253495553584,0.013323829348247001,1.5944669573347332,0.0005466701434512107,0.1884918128172417,0.5196787013782773
0.31025,310.25,0.32116726293563236,1.90302805324028,0.013341970046806172,1.5944675608838836,0.0005467076234720273,0.18849236377589687,0.5196778741976648
0.3103,310.3,0.3202853375095354,1.9021821807188273,0.013307818769305665,1.594469363826073,0.0005468051131108717,0.18849355908712828,0.5196733247042957
0.31035,310.35,0.31962924846127083,1.9015595743947942,0.01327562706284523,1.5944705881680505,0.0005468706879840061,0.18849466000684797,0.5196727043188363
0.3104,310.40000000000003,0.32023346425243837,1.9021427311815418,0.013297786377752273,1.5944716379679276,0.0005469205246253619,0.1884953339818321,0.5196789081734304
0.31045,310.45,0.321136065281145,1.903007512704584,0.013337614547408656,1.5944735376527948,0.0005470279847303166,0.18849685299915864,0.5196766334267459
0.3106,310.59999999999997,0.31981040681236844,1.901740294726504,0.013282111499366436,1.5944763219612554,0.0005471790152674397,0.1884989566518081,0.51967229072853
0.31065,310.65,0.32067367892393017,1.9025705225602243,0.013316941459387542,1.594478019302229,0.0005472661645928587,0.188500148535069,0.5196753926558271
0.3107,310.7,0.3212140593027302,1.9030860198466573,0.0133427343893311,1.5944788764590812,0.0005473180940873326,0.18850089976507922,0.5196753926558271
0.31075,310.75,0.32060749280296325,1.902501868342176,0.013321301215507973,1.594479807302182,0.0005473685017954929,0.18850147041695386,0.519673738294602
0.3108,310.8,0.3198470132807765,1.9017769800073236,0.013287149381964786,1.5944811711014086,0.0005474429278845195,0.1885025988920323,0.5196733247042957
0.31085,310.85,0.3201393257757295,1.902061507263311,0.01329538694848807,1.5944816027200837,0.0005474633627333435,0.18850287293085874,0.5196787013782773
0.31125,311.25,0.32008194483864855,1.9020090273809325,0.013298420188091355,1.5944891171201303,0.0005478776118430469,0.18850851809425534,0.5196923498583844
0.3113,311.3,0.3201047829518868,1.9020350122720096,0.013295501420163051,1.5944893338604764,0.0005478887077403288,0.18850869176534132,0.519696278966294
0.31135,311.35,0.3208649237068243,1.9027658169506831,0.013326143941018727,1.5944905728208807,0.0005479552996618087,0.18850958403371476,0.5196987605081317
0.3114,311.40000000000003,0.3211629751463741,1.9030489532626795,0.013341447669379513,1.594490938375115,0.0005479780149988801,0.18850991527113659,0.5197000012790506
0.31145,311.45,0.32055273082184055,1.9024620431497938,0.013318989134209995,1.5944917680750668,0.0005480234562610756,0.18851045053547974,0.5197000012790506
0.3115,311.5,0.32002307751648806,1.901957432166106,0.013294687521854963,1.5944924689781719,0.0005480626576948427,0.1885110553038436,0.5196975197372129
0.31155,311.55,0.32040790371993044,1.9023297920288298,0.013307615565460685,1.5944929087117352,0.000548084354965511,0.18851132735982004,0.5197004148693568
0.3116,311.59999999999997,0.32108685041047635,1.902981109382138,0.013336302129729874,1.5944939081431633,0.0005481413702194041,0.18851210770619012,0.5196975197372129
0.31165,311.65,0.3209969154057271,1.9028916144965176,0.013336053277497126,1.5944940890109356,0.000548151646133548,0.18851223091379662,0.5196952449905283
0.3117,311.7,0.3203059946484616,1.9022293718617567,0.013308428872270147,1.5944950867055687,0.0005482069478887563,0.18851295180361194,0.5196958653759878
0.31185,311.85,0.3211515036747259,1.903044611876053,0.013340291361103733,1.594496595073211,0.0005482908819594576,0.1885141269643787,0.5197041371821133
0.3119,311.90000000000003,0.3207485785391937,1.9026556951619384,0.013326722334349743,1.5944970116171675,0.0005483134820800687,0.18851437755505449,0.5197082730851761
0.31195,311.95,0.32016944575247147,1.902102244416528,0.013301820736558525,1.594497750085646,0.0005483548637701512,0.18851497090012634,0.5197008284596631
0.312,312.0,0.32032970682852957,1.902259128767757,0.013305389357479842,1.5944979327954263,0.0005483639319821291,0.18851508900367334,0.5197047575675727
0.31205,312.05,0.3209607349671791,1.9028653494819763,0.013331077596889597,1.594498766663288,0.0005484102597681783,0.18851570833829098,0.5197074459045635
0.3121,312.09999999999997,0.32106589603524177,1.9029635919779757,0.013338158704715223,1.5944989196304635,0.0005484196932715063,0.18851584342314961,0.5197091002657886
0.31215,312.15,0.3204977923407042,1.9024178384810648,0.01331652458662599,1.5944995977919887,0.0005484571509234237,0.18851630377912448,0.5197045507724196
0.3122,312.2,0.32016785754676774,1.9021041649805015,0.013300606196050979,1.594499921892885,0.0005484756596309392,0.18851659697406395,0.5197053779530322
0.31225,312.25,0.3205870345050816,1.9025086881167026,0.013315703631106427,1.5945003436181335,0.0005484972779528177,0.1885168663488011,0.5197078594948698
0.3123,312.3,0.321079881760313,1.9029808457798467,0.013336971269402139,1.5945008892772528,0.000548529222397357,0.18851730899680572,0.5197109614221669
0.31235,312.35,0.3208745600199691,1.902781303809084,0.01333138085298929,1.5945010688152474,0.0005485389316248136,0.18851741494068003,0.5197088934706355
0.31255,312.55,0.3210624921711781,1.9029648141470306,0.013337467546259951,1.5945026444567862,0.0005486269687785371,0.18851861625389088,0.5197062051336447
0.3126,312.59999999999997,0.32064279249723365,1.902560654245411,0.01332234358667978,1.5945030385081107,0.0005486484795553173,0.18851886689240327,0.5197014488451225
0.31265,312.65,0.32023434866464684,1.9021708216446065,0.01330414842824628,1.594503431919028,0.0005486708105419956,0.18851919834091346,0.519705171157879
0.3127,312.7,0.32047398058041143,1.902403093915312,0.013311706007203881,1.5945036202938299,0.0005486802549590827,0.1885193130211878,0.5197053779530322
0.31275,312.75,0.3209656024698979,1.9028747961156232,0.013332167768917446,1.5945041328465348,0.0005487093798298635,0.18851970798520326,0.5197072391094104
0.3128,312.8,0.3209307765283743,1.9028390584326296,0.01333317220212893,1.5945042204608417,0.0005487143935646861,0.18851977168293252,0.5197049643627258
0.31285,312.85,0.3204362027219759,1.9023645317951952,0.013313660473118757,1.5945047274192938,0.0005487425136775157,0.18852013307158463,0.519705171157879
0.3129,312.90000000000003,0.32026621460992605,1.9022038661358787,0.013304483741953324,1.5945048650785523,0.0005487504468994782,0.1885202621551369,0.5197006216645099
0.31295,312.95,0.3206727772611228,1.902595480944731,0.013319815012373252,1.5945052290885346,0.0005487696220768131,0.18852050507487006,0.5197047575675727
0.313,313.0,0.32099918941841205,1.9029074598931277,0.01333453120138104,1.5945054959387062,0.0005487855249135547,0.18852073218128781,0.5197041371821133
0.31305,313.05,0.3207327472532942,1.9026500131372468,0.013325739108679024,1.5945056887985956,0.0005487958663446128,0.1885208473960859,0.5197047575675727
0.31325,313.25,0.3209221402740217,1.902833776640476,0.013332400862020734,1.5945066657998852,0.0005488503507854576,0.188521597509773,0.5197053779530322
0.3133,313.3,0.32052568546822885,1.9024527369055801,0.013317340612976479,1.5945070020077636,0.0005488687385601162,0.1885218237063306,0.5197024828208882
0.31335,313.35,0.32026266965610106,1.9022023330684983,0.013304930322987841,1.5945071926058625,0.0005488796563178938,0.18852199290705385,0.5197026896160414
0.3134,313.40000000000003,0.3205324023157597,1.9024627433982904,0.013314447385439947,1.5945073777564454,0.0005488891221703494,0.18852210905534042,0.5197006216645099
0.31345,313.45,0.3208893025522758,1.9028045307939252,0.013329862388941488,1.594507663246452,0.0005489055649218997,0.18852233891664483,0.5196997944838974
0.3135,313.5,0.320764804712985,1.9026832606094517,0.013326721534365387,1.5945077456026642,0.0005489099592534483,0.18852238861187637,0.5196975197372129
0.31355,313.55,0.32035931057712647,1.9022947941719421,0.013310061637516864,1.594508093837263,0.0005489292657467499,0.1885226490199252,0.5196968993517534
0.3136,313.59999999999997,0.3203062002062087,1.9022458596221583,0.013305950309599345,1.5945081548502273,0.0005489326909038951,0.1885227041173604,0.5196997944838974
0.3139,313.90000000000003,0.32074565911652547,1.9026685678662298,0.013323913044140476,1.594509302960646,0.0005489957959975343,0.18852355690450484,0.5197035167966539
0.31395,313.95,0.3207404461093529,1.9026619039089858,0.013325410351269476,1.5945093467935756,0.000548998286122251,0.18852359090937346,0.5197045507724196
0.314,314.0,0.3203923457306036,1.9023279948704042,0.013311494369648036,1.594509607755774,0.000549012497415961,0.18852377596130399,0.5197024828208882
0.31405,314.05,0.3202430796639251,1.9021865728362768,0.013303740834630665,1.5945096932711635,0.0005490173998167671,0.18852385570410934,0.5197020692305819
0.3141,314.09999999999997,0.32050598254858653,1.902439690377653,0.013313696771662593,1.594509855372767,0.0005490257851848967,0.1885239624816703,0.5197047575675727
0.31415,314.15,0.32074432088369775,1.9026672879356108,0.013324589177467596,1.594509998587024,0.0005490340781605346,0.18852408390393513,0.5197076526997166
0.3142,314.2,0.32057297408213076,1.9025016944402255,0.01331893020991949,1.5945100881957597,0.0005490387544430455,0.1885241375174248,0.5197059983384915
0.31435,314.35,0.3205797161590629,1.902510784672221,0.01331706242754105,1.594510543498161,0.0005490634791131643,0.1885244831242878,0.5196993808935911
0.3144,314.40000000000003,0.32066440182758066,1.9025905862336636,0.013321996871609601,1.594510590971324,0.0005490662992234304,0.18852452684344292,0.5196983469178255
0.31445,314.45,0.320393612712954,1.9023304954234521,0.013311475249614551,1.5945107586270024,0.000549075213453338,0.1885246393562151,0.5196993808935911
0.3145,314.5,0.320184990112365,1.9021318941991439,0.013301577497906161,1.594510875593672,0.0005490817688855225,0.18852474182652337,0.519699174098438
0.31455,314.55,0.32034508684410573,1.902286476396231,0.013307171713864096,1.5945109514461715,0.0005490855505734653,0.188524788947178,0.5197026896160414
0.3146,314.59999999999997,0.3205953751496827,1.9025258258721762,0.013318265392237679,1.594511098017979,0.0005490937097667034,0.18852490669003005,0.5197047575675727
0.31465,314.65,0.32052550648327716,1.9024575566698148,0.013316705569890196,1.594511135678272,0.00054909566749606,0.18852493036272544,0.5197031032063476
0.3147,314.7,0.3202369478453907,1.90218138164644,0.013304519422587261,1.5945113229219565,0.0005491057514628019,0.18852506991947943,0.5197024828208882
0.31475,314.75,0.3201685606926903,1.902117310788913,0.013300243345985507,1.5945113609651724,0.0005491078906826885,0.18852510605426798,0.5197012420499694
0.3148,314.8,0.3204010264986546,1.9023405410607865,0.0133096117744106,1.5945114872363944,0.000549114426390153,0.18852519345896257,0.5197012420499694
0.31485,314.85,0.3205436302677615,1.9024761093740952,0.013316715808466497,1.5945115520185897,0.0005491181643271205,0.18852525158597608,0.5197026896160414
0.3149,314.90000000000003,0.3203579334854082,1.9022974169890854,0.013309806628721244,1.5945116425136496,0.0005491228296653196,0.18852530878698937,0.519703723591807
0.31515,315.15,0.32019292945596706,1.9021401192426384,0.013302570696452765,1.5945120887621445,0.0005491465921409496,0.1885256485476439,0.5197086866754823
0.3152,315.2,0.3200611467139008,1.9020151975376154,0.01329577110847566,1.5945121469343504,0.0005491498152561952,0.1885257022918648,0.5197078594948698
0.31525,315.25,0.3202169757258503,1.9021650836293462,0.013301782941613195,1.594512212551353,0.0005491530684738928,0.18852574499153507,0.5197093070609418
0.3153,315.3,0.32038640324292716,1.9023265507564187,0.01330982364622371,1.5945122886064822,0.0005491572635262572,0.1885258094170684,0.5197099274464012
0.31535,315.35,0.32028317026131736,1.9022268041327393,0.013306379587201723,1.5945123288726384,0.0005491592719403524,0.18852583375408744,0.5197093070609418
0.3154,315.40000000000003,0.3200543590971066,1.9020084015710095,0.013296104492019473,1.5945124555836943,0.0005491659690942834,0.1885259328433717,0.5197093070609418
0.3155,315.5,0.3202275597503096,1.9021754276075917,0.013302392450515208,1.5945125632900872,0.0005491715230172903,0.1885260143968491,0.5197041371821133
0.31555,315.55,0.32029918925511897,1.9022429567961159,0.013306521650592016,1.5945125906031117,0.0005491730681836648,0.1885260399951524,0.5197016556402756
0.3156,315.59999999999997,0.3201207332294092,1.9020718470870566,0.013299261986890083,1.5945126730302202,0.0005491772386689415,0.1885260953498693,0.5197012420499694
0.31585,315.85,0.319968460069471,1.9019269563822077,0.013292190368083661,1.594512968367381,0.0005491925084116791,0.18852632472913347,0.5197014488451225
0.3159,315.90000000000003,0.3198899797121679,1.901853027227485,0.013287669567413294,1.5945129971813499,0.0005491940684568329,0.18852635262338305,0.5196997944838974
0.31595,315.95,0.32002582149314657,1.9019832267637449,0.01329336458413068,1.5945130474674534,0.0005491965199495831,0.18852638702693575,0.5197008284596631
0.316,316.0,0.32013147914868173,1.9020834329329293,0.01329885428725672,1.5945130836916703,0.0005491984800060542,0.18852641952643065,0.5196985537129786
0.31605,316.05,0.3200175320292116,1.9019739617447728,0.01329442155578371,1.5945131248671875,0.0005492004782529206,0.18852644560326765,0.5196987605081317
0.3161,316.09999999999997,0.3198415029801231,1.901806492762877,0.01328594873445989,1.5945132077827615,0.0005492047406127293,0.18852651353742214,0.5196979333275191
0.31615,316.15,0.3198512941528049,1.9018167568678062,0.013285488255180151,1.594513219640466,0.0005492053262960565,0.18852652311360535,0.5196944178099158
0.3162,316.2,0.3199976151540566,1.901956382375667,0.013292243148900696,1.5945132761697045,0.0005492081543241545,0.18852656617778812,0.5196948314002221
0.31625,316.25,0.3200212703105006,1.9019781090904808,0.01329418448741526,1.594513288402445,0.0005492088073261494,0.18852657732008737,0.5196958653759878
0.3163,316.3,0.31986197452165166,1.9018259308563894,0.013287139541347956,1.5945133575639643,0.0005492122053832587,0.18852662643465604,0.5196966925566003
0.31655,316.55,0.3197192543991972,1.90169047061616,0.01328008539369793,1.59451355340708,0.0005492219412666291,0.1885267820138595,0.5196997944838974
0.3166,316.59999999999997,0.3196737873772639,1.901648021267972,0.013277083568006087,1.5945135684558815,0.0005492227254412368,0.18852679709398532,0.5197024828208882
0.31665,316.65,0.31978266146072837,1.9017519756802672,0.013282039339406446,1.5945136029022917,0.0005492243545426869,0.188526821814929,0.519703723591807
0.3167,316.7,0.31984205972199886,1.9018078948415058,0.0132855354974536,1.5945136190973939,0.0005492252021198059,0.18852683715010665,0.5197031032063476
0.31675,316.75,0.31973184761466034,1.901702518808722,0.01328073965948678,1.5945136575079581,0.00054922700231728,0.1885268629743475,0.5197016556402756
0.31685,316.85,0.3196177163455688,1.901595166655351,0.013274025883913892,1.5945137197460468,0.0005492300519208128,0.18852691543241515,0.519703723591807
0.3169,316.90000000000003,0.31972378263635043,1.9016959569804726,0.013279336662615071,1.5945137529312885,0.0005492316532069696,0.18852694194768957,0.5197057915433384
0.31695,316.95,0.31971848307199857,1.9016902214457778,0.013279780339612178,1.5945137602801258,0.0005492320052676211,0.18852694770378073,0.5197057915433384
0.31725,317.25,0.3194464715692315,1.9014321719458258,0.013266013784746063,1.59451394677547,0.0005492408095824972,0.188527095985806,0.5196981401226723
0.3173,317.3,0.3194184098831307,1.9014062469223885,0.013263886249612023,1.5945139554644052,0.0005492412392111321,0.1885271049494758,0.5196958653759878
0.31735,317.35,0.3194994931295504,1.9014833255101848,0.013267913098617887,1.5945139766804486,0.0005492421976326591,0.18852712086877468,0.5196975197372129
0.3174,317.40000000000003,0.3195281367819247,1.9015099405971323,0.013269949226696583,1.594513983880466,0.0005492425532623782,0.18852712787508075,0.5196993808935911
0.31745,317.45,0.31942946802875605,1.9014160712812096,0.013265184539746304,1.5945140171231538,0.0005492440372173536,0.1885271515263752,0.5196979333275191
0.3179,317.90000000000003,0.31925745116172505,1.901253710698814,0.013255695719133214,1.5945141772397284,0.0005492512525818055,0.18852728360365686,0.5196915226777719
0.31795,317.95,0.31915362464054786,1.9011558730452924,0.013249747589096817,1.5945142162242039,0.0005492529725500027,0.18852731677662532,0.5196892479310874
0.318,318.0,0.3191322081340461,1.901136228544205,0.013247981595248542,1.5945142219632147,0.0005492532389442591,0.18852732293802898,0.5196894547262405
0.31805,318.05,0.31918825611677165,1.9011892306704066,0.013251039622808936,1.5945142336310585,0.0005492537330236131,0.1885273320497772,0.5196882139553216
0.3181,318.09999999999997,0.31919844799633873,1.9011983879326146,0.013252077922360782,1.594514237152074,0.0005492538908983662,0.1885273353582462,0.5196937974244564
0.31815,318.15,0.3191145057636396,1.9011189880216541,0.013247564104007374,1.5945142644926162,0.0005492550332461702,0.18852735584720398,0.5196875935698623
0.3186,318.6,0.31892972928327423,1.9009455299366755,0.013236362695674188,1.5945143767020515,0.0005492597151315128,0.18852745157841905,0.5196859392086371
0.31865,318.65,0.318846339141883,1.9008674718492529,0.01323106167644211,1.594514406502159,0.0005492609234131611,0.18852747792050212,0.5196807693298087
0.3187,318.7,0.31882500326864105,1.9008479384008445,0.013229264091809828,1.5945144111385587,0.0005492611220086508,0.18852748313129733,0.519685732413484
0.31875,318.75,0.3188602195495284,1.900881038892318,0.013231385611871952,1.5945144166513103,0.0005492613354643433,0.18852748757401863,0.5196869731844028
0.3188,318.79999999999995,0.318860821506672,1.9008812325490068,0.013231796016622237,1.5945144186745883,0.0005492614147527227,0.18852748930268626,0.5196871799795559
0.31885,318.85,0.3187920983398713,1.9008166869185756,0.013227641065114388,1.5945144404109723,0.0005492622461258544,0.1885275064039115,0.5196834576667995
0.3189,318.90000000000003,0.31872600099315485,1.9007551765759467,0.013223075945113448,1.5945144614398685,0.0005492630812240645,0.18852752649535132,0.5196824236910338
0.31895,318.95,0.3187272873437288,1.9007567653572406,0.01322277533769783,1.5945144631927444,0.0005492631498843516,0.1885275282608631,0.5196799421491961
0.319,319.0,0.3187557298835493,1.9007832626100623,0.01322472476880673,1.5945144671787719,0.0005492633043333392,0.18852753190081098,0.5196863527989434
0.3192,319.2,0.3186284321917416,1.9006647051945182,0.013216029932282148,1.594514510940316,0.0005492649439836315,0.18852757044406376,0.5196849052328715
0.31925,319.25,0.31864250857378895,1.900677601912687,0.013217211432903657,1.5945145127075466,0.0005492650117308396,0.18852757224595657,0.519721507974977
0.3193,319.29999999999995,0.3185996037313733,1.900637363981633,0.013214555547415385,1.594514523353922,0.0005492653831968619,0.1885275802434352,0.5196871799795559
0.31935,319.35,0.31853176966241187,1.90057441058804,0.013209699831223887,1.5945145474186908,0.0005492662555364609,0.18852760230838359,0.5196836644619526
0.3194,319.40000000000003,0.318507155450764,1.9005519340065793,0.01320756737206744,1.594514552394556,0.0005492664449873635,0.18852760801434523,0.519675185860674
0.31945,319.45,0.318525685329483,1.9005692472589024,0.013208786028575984,1.5945145543560808,0.0005492665119827826,0.18852760961856696,0.5196867663892497
0.3199,319.90000000000003,0.31829915977498086,1.900360035546511,0.013191551014058849,1.5945146305427433,0.0005492690823528205,0.18852768017933313,0.5196863527989434
0.31995,319.95,0.31830550753213094,1.9003657433320227,0.013192191600481858,1.594514631137691,0.0005492691016651193,0.18852768077957788,0.5197622466201451
0.32,320.0,0.3182730854613567,1.9003356678144636,0.013189853019710571,1.5945146388701892,0.000549269335427168,0.18852768691801924,0.519717165276761
0.32005,320.05,0.31821779437006753,1.9002849483467823,0.013185302366437912,1.5945146591881558,0.0005492699683725616,0.18852770628166748,0.5196576082726572
0.32025,320.25,0.31814927197689535,1.9002222898008327,0.013179459303541849,1.5945146793497347,0.000549270571842647,0.18852772558134692,0.5196793217637367
0.3203,320.29999999999995,0.31810043805450045,1.9001778572280892,0.013175076237146515,1.5945146970931454,0.0005492710935970306,0.1885277436126254,0.519619971554786
0.32035,320.35,0.31808232473775094,1.9001616435152393,0.0131731801506813,1.5945147005022706,0.0005492711976814862,0.18852774783945475,0.5196220395063175
0.32055,320.55,0.31798792219801314,1.9000758666033242,0.013164587445461956,1.5945147325224274,0.0005492720686994094,0.18852777943921395,0.5197930590979628
0.3206,320.6,0.3179772223708802,1.9000664302452863,0.01316332560754124,1.5945147341059371,0.0005492721142287922,0.1885277815753212,0.5197936794834221
0.32065,320.65,0.3179778491903595,1.9000669567405164,0.013163426005734637,1.5945147341783141,0.00054927211589332,0.18852778162453057,0.5199402972469972
0.3207,320.7,0.3179556976631146,1.9000467293964063,0.013161506864101204,1.594514739094551,0.0005492722368805672,0.18852778578637286,0.5198253191418524
0.32075,320.75,0.3179119422295103,1.9000072631492653,0.01315723527362034,1.5945147562427375,0.0005492726674460007,0.18852780292738677,0.5197357768405435
0.3208,320.79999999999995,0.3178793440980845,1.8999781868448886,0.013153724114040474,1.5945147666351103,0.0005492729306029365,0.18852781489260692,0.5197612126443795
0.32085,320.85,0.3178726826121395,1.8999723946951323,0.013152855546614741,1.5945147673828832,0.0005492729505721139,0.18852781598561577,0.5198333841528248
0.3209,320.90000000000003,0.31786828582207455,1.899968351256253,0.013152502573575474,1.5945147677530636,0.000549272958511113,0.18852781624696305,0.5200676830613303
0.32095,320.95,0.3178406532936711,1.8999434212988977,0.013149808181056918,1.5945147757427527,0.0005492731398611516,0.18852782364303747,0.5199733844714993
0.32125,321.25,0.3176910605669568,1.8998107807082367,0.013132910826674367,1.5945148293128064,0.0005492742928726214,0.1885278822159464,0.5199405040421503
0.3213,321.29999999999995,0.3176702480123827,1.899792696215818,0.013130188633020996,1.594514835057574,0.0005492744092295088,0.18852788964646222,0.5199936503965069
0.32135,321.35,0.3176643915409094,1.8997876261790931,0.013129402674543477,1.5945148355238856,0.0005492744186300043,0.18852789029010017,0.5200786432044466
0.3214,321.40000000000003,0.3176508501017659,1.8997756022680305,0.013127887828386817,1.5945148381565362,0.0005492744654333468,0.1885278927816015,0.5200997363100668
0.32145,321.45,0.3176194120791291,1.8997480126262551,0.013124052757987751,1.5945148512206115,0.0005492746977202106,0.18852790682525972,0.5200430744381069
0.32195,321.95,0.31741004631865793,1.8995690507011191,0.013093734117928241,1.5945149351077095,0.0005492759024166636,0.1885280102848513,0.5200217745373337
0.322,322.0,0.3173817722781409,1.899545651990733,0.013088874885042713,1.594514951014889,0.0005492760703306908,0.18852803243220198,0.5200172250439646
0.32205,322.05,0.3173650780867889,1.8995320382347196,0.013085800544208583,1.5945149570408537,0.000549276129739618,0.18852804156301398,0.5200170182488115
0.32215,322.15,0.3173353172178567,1.8995075419817478,0.013080546713684924,1.5945149677232586,0.0005492762187583558,0.18852805557247568,0.5200135027312082
0.3222,322.2,0.31730688717292316,1.8994844888077624,0.013075189320887307,1.5945149870335558,0.0005492763596134469,0.18852808257035564,0.5200130891409018
0.32225,322.25,0.3172786788402505,1.8994621239999554,0.013069366464558991,1.5945150075428531,0.0005492764871629082,0.18852811426452384,0.5200166046585052
0.32235,322.35,0.3172444764729342,1.8994356531930876,0.013061652207270076,1.5945150247341426,0.0005492765704927051,0.188528142805941,0.5200176386342709
0.3224,322.40000000000003,0.3172246546859576,1.8994204422541374,0.013057054269582489,1.5945150375815902,0.0005492766131797417,0.18852816301066727,0.5200182590197303
0.32245,322.45,0.3171948270707423,1.8993984133145199,0.013049289111718402,1.5945150709703024,0.0005492766848183309,0.18852822039260697,0.5200174318391177
0.3226,322.6,0.3169961797269804,1.8992842313807932,0.01296601317314658,1.5945162576720768,0.0005492767503984362,0.18853092449867057,0.5200145367069738
0.32265,322.65,0.3168205774060868,1.8991893745042616,0.012887829602868226,1.5945188137135138,0.0005492767505555004,0.18853675698737848,0.5200132959360549
0.3227,322.7,0.31653918453703966,1.8990392318323857,0.012763174780528543,1.5945253943735525,0.0005492767505966987,0.1885514717315418,0.5200060581056951
0.32275,322.75,0.3161215995795417,1.8988175499100808,0.012581832026967946,1.5945399236761526,0.0005492767506096725,0.18858245074112223,0.5199963387334977
0.32295,322.95,0.3125462158181253,1.8968857944229143,0.011242727056455694,1.5948440116138325,0.0005492767506175807,0.18901781670912993,0.5199144478528549
0.323,323.0,0.31107104020691223,1.8960693342989703,0.010785274533885685,1.5950450791850792,0.0005492767506177936,0.18921321015717443,0.5199105187449453
0.32305,323.05,0.30933469732197366,1.8950985685712476,0.0103019150721435,1.5953270787898515,0.0005492767506179083,0.18943130085909332,0.5199109323352515
0.32325,323.25,0.2996378471031734,1.8896051077156737,0.0083205201190203,1.597548157025729,0.00054927675061805,0.19034747516011707,0.5199866193613002
0.3233,323.29999999999995,0.2965085998052552,1.8878311725069703,0.007847606767463487,1.5984303470082408,0.0005492767506180595,0.19055623032934424,0.5200097804184517
0.32335,323.35,0.2930966077935167,1.8859028890156617,0.007390824546017687,1.5994570785449387,0.0005492767506180662,0.19075099264420314,0.5200383181495847
0.3234,323.40000000000003,0.2894044263639131,1.8838248487107465,0.00695145864010618,1.6006316735661987,0.0005492767506180706,0.1909311901813276,0.5200585840745923
0.32365,323.65,0.26695200067672703,1.8713953427126122,0.005020543655137642,1.6087229793501279,0.0005492767506180788,0.19163011029865162,0.5200219813324868
0.3237,323.7,0.2617314407389822,1.8685523689669838,0.004684740806504164,1.610764657428426,0.0005492767506180792,0.19173537552149372,0.5200596180503579
0.32375,323.75,0.256299402796792,1.865610789595279,0.004364356400897472,1.612934635772381,0.0005492767506180798,0.19183119637294746,0.519987860132219
0.32385,323.85,0.2448736205230338,1.859474522928956,0.003767456769034416,1.6176270853534682,0.0005492767506180806,0.1919975908607776,0.5199905484692098
0.3239,323.90000000000003,0.23892112382267913,1.856303559541126,0.003489831437842029,1.620130921383188,0.0005492767506180811,0.19206954236412238,0.5198815674235059
0.32395,323.95,0.23283945890704907,1.853081488925322,0.003225413392787158,1.6227260323691899,0.0005492767506180813,0.1921348112271439,0.5199750388327244
0.324,324.0,0.2266536500990482,1.8498226295538598,0.002973745085498315,1.6254012543717493,0.0005492767506180814,0.1921939379190704,0.5199766931939496
0.32405,324.05,0.22039018525749185,1.8465422722787976,0.002734406436957852,1.628144969813969,0.0005492767506180814,0.19224741348761126,0.5198108434811326
0.32445,324.45,0.1709562499717714,1.8216380653846835,0.0012231699586937215,1.6511631907025857,0.0005492767506180828,0.19251843778760294,0.5193854658511272
0.3245,324.5,0.16530397728615012,1.8189819726952203,0.0010806140533726467,1.6540167958190244,0.0005492767506180829,0.19253741240625444,0.5196059094843726
0.32455,324.55,0.1598629934759961,1.8164946626138134,0.0009476127560499304,1.6568374517338218,0.0005492767506180829,0.19255392942213595,0.5199946843722726
0.3246,324.6,0.15465853340084082,1.8141961566601998,0.0008239807455700451,1.659619759571499,0.0005492767506180829,0.19256820200291117,0.5191908716120242
0.32465,324.65,0.14971417457334113,1.8121060059892098,0.0007095443927182394,1.6623595191463263,0.0005492767506180829,0.19258043109517675,0.5194526742758971
0.3247,324.7,0.14505164891209613,1.810243108540505,0.000604141412280445,1.6650537340035136,0.0005492767506180829,0.19259080646947876,0.5199117595158641
0.32475,324.75,0.14069067704320978,1.808625526045269,0.0005076206964522534,1.6677005939596936,0.0005492767506180829,0.19259950767169232,0.519471699429986
0.3248,324.79999999999995,0.13664882476843915,1.807270302940564,0.00041984226789033255,1.6702994375047222,0.0005492767506180829,0.19260670490889148,0.5202337395693004
0.32495,324.95,0.12657893055786149,1.8049302938633536,0.0002077295650587274,1.677817195787863,0.0005492767506180829,0.19262085206457466,0.5199948911674257
0.325,325.0,0.12394232888035438,1.804768532620141,0.0001537460655186217,1.6802380499978178,0.0005492767506180829,0.19262357729804214,0.5204289541938629
0.32505,325.05,0.12167685544539229,1.8049331197280305,0.00010797490248664221,1.6826223374164857,0.0005492767506180829,0.19262553782762282,0.5198067075780699
0.32525,325.25,0.11634443452647213,1.8089723482296103,5.742857052287233e-6,1.691891752031481,0.0005492767506180829,0.19262829771184048,0.5196205919402455
0.3253,325.29999999999995,0.11592614359723713,1.810837371574862,1.707525559661971e-7,1.6941694941679013,0.0005492767506180829,0.192628331600618,0.5199390564760784
0.32535,325.34999999999997,0.1158582378246348,1.8130402459583321,2.533045479201285e-6,1.6964426366064698,0.0005492767506180829,0.19262834169264792,0.5196040483279943
0.3254,325.40000000000003,0.1161289503582893,1.8155745537293493,1.281106814024284e-5,1.6987165097633343,0.0005492767506180829,0.19262844515176966,0.519904108095198
0.32545,325.45000000000005,0.11672444393304261,1.8184313543806503,3.0989137029425985e-5,1.700995994595208,0.0005492767506180829,0.19262875840902824,0.5195980512685534
0.3255,325.5,0.11762898606581425,1.8215991694374722,5.705151919340877e-5,1.703285329262977,0.0005492767506180829,0.19262939719826896,0.5199417448130692
0.32585,325.84999999999997,0.131000762420073,1.8509964636248286,0.000456793333622071,1.7197105660407122,0.0005492767506180829,0.19265226704279065,0.5199953047577319
0.3259,325.90000000000003,0.1336625101890007,1.8559457171333984,0.0005437163385393703,1.7220849877301134,0.0005492767506180829,0.1926593227392751,0.520533799336504
0.32595,325.95000000000005,0.1364473953890262,1.8609963912030123,0.0006374620021454458,1.7244445140569216,0.0005492767506180829,0.1926675285447589,0.5199527049561855
0.326,326.0,0.13933487790673832,1.86611568558599,0.0007376529843373126,1.7267765075326635,0.0005492767506180829,0.1926769005799458,0.5202728238532435
0.32605,326.05,0.1423052142240358,1.8712697053920204,0.0008438186238325048,1.7290663461378861,0.0005492767506180829,0.19268742284676119,0.5195339447710805
0.32645,326.45000000000005,0.16686587611099968,1.9096208558151972,0.0018135176722315492,1.74382642384767,0.0005492767506180833,0.19279729398744447,0.5158461668051659
0.3265,326.5,0.16975815923130488,1.9135739070396587,0.0019330540820207604,1.745006715021072,0.0005492767506180835,0.19281063170178409,0.5130174159053877
0.32655,326.55,0.17254125348028576,1.9172514595584242,0.002047699741253105,1.7460158066858327,0.0005492767506180837,0.19282290153004028,0.5185895113066981
0.3266,326.6,0.17519094292839743,1.9206352134759275,0.0021560592544012623,1.74685821970359,0.0005492767506180837,0.19283386429628388,0.5165728449732938
0.32665,326.65,0.17768243674825357,1.9237106553509713,0.0022568341613481177,1.747542933190019,0.0005492767506180837,0.1928433480596443,0.5246308249104792
0.3267,326.7,0.1799911241974321,1.9264672031082195,0.002348876139223764,1.7480828275617486,0.0005492767506180837,0.19285126165712774,0.5240127141977489
0.32675,326.75,0.18209349212398143,1.9288982521453997,0.002431235504251852,1.7484938617077768,0.0005492767506180838,0.19285760042944214,0.5331540939422256
0.3268,326.79999999999995,0.1839681177801024,1.9310011249652765,0.0025032006040693867,1.7487940691294208,0.0005492767506180837,0.19286244299190933,0.5337870939059818
0.3271,327.1,0.1897088569481549,1.9370236357314128,0.0027102949662305906,1.7492829266142045,0.0005492767506180837,0.19287092873511488,0.544069155715169
0.32715,327.15,0.1897266485319678,1.9370406756759282,0.0027113306432104134,1.7492832106460514,0.0005492767506180837,0.1928709345697612,0.5440683285345564
0.3272,327.2,0.18949934192123039,1.936822234064506,0.0027049864105652653,1.749285731371484,0.0005492767506180838,0.19287097580917228,0.5440703964860878
0.32725,327.25,0.18904528909277707,1.9363897970619182,0.0026922915700270103,1.7492946522037547,0.0005492767506180837,0.1928711288675897,0.5440720508473129
0.3273,327.29999999999995,0.18838611983121273,1.935766173089961,0.0026742904681248537,1.7493121960873208,0.0005492767506180837,0.1928714330877646,0.5441535281376494
0.32735,327.34999999999997,0.18754616747893052,1.9349753028492949,0.0026520128924646114,1.7493390001590887,0.0005492767506180837,0.19287189739980484,0.5442778120246855
0.3274,327.40000000000003,0.18655192082370164,1.9340420960996088,0.002626451280109404,1.749374477841725,0.0005492767506180837,0.19287250784867477,0.5441752416287289
0.32745,327.45000000000005,0.18543152185753797,1.9329922909268622,0.0025985445034623104,1.7494171641314458,0.0005492767506180837,0.19287323499801878,0.5442753304828478
0.3275,327.5,0.18421431955415268,1.9318523306446227,0.0025691675602787832,1.7494650284037638,0.0005492767506180835,0.19287404055650406,0.5441899240846018
0.32755,327.55,0.18293048233565518,1.9306492534150763,0.002539126267149206,1.7495157462573894,0.0005492767506180837,0.19287488287749102,0.5443146215619441
0.3278,327.79999999999995,0.17658715669368216,1.924662413273105,0.0024023830024561344,1.7497354849768691,0.0005492767506180835,0.1928783990258936,0.5446343268686958
0.32785,327.84999999999997,0.1755467759111563,1.9236690885340884,0.002381563829875855,1.7497617214426215,0.0005492767506180837,0.19287880428124116,0.5447129090268884
0.3279,327.90000000000003,0.17465131376249735,1.922810090183303,0.0023639694600951964,1.7497805905808428,0.0005492767506180835,0.19287909411431958,0.5446746519235578
0.32795,327.95000000000005,0.1739287507342545,1.9221135036902095,0.0023499758654653867,1.749792573337475,0.0005492767506180837,0.19287927799220256,0.5446653461416666
0.328,328.0,0.1734060491153183,1.9216070136892571,0.002339935429619291,1.7497987444240612,0.0005492767506180837,0.19287937340442973,0.5445257594132983
0.32805,328.05,0.1731090095704851,1.9213177594858084,0.0023341839989941097,1.749800778302283,0.0005492767506180837,0.19287940582074425,0.5444045774535593
0.3281,328.1,0.1730621238048127,1.9212721816520548,0.00233304774076934,1.749800949972886,0.0005492767506180837,0.19287940880036916,0.5442927012757115
0.32815,328.15,0.173288421471915,1.9214958598391232,0.0023368498192018615,1.7498021325557722,0.0005492767506180837,0.19287942431604913,0.544296423588468
0.3283,328.29999999999995,0.17581136544208634,1.9240216703425541,0.00238120971378711,1.7498493583002588,0.0005492767506180837,0.19288010668619268,0.5433081495516202
0.32835,328.34999999999997,0.1773256870579529,1.9255548037934151,0.002408164992565489,1.7498951247323398,0.0005492767506180838,0.1928807881495442,0.5430794341122493
0.3284,328.40000000000003,0.17920053485384518,1.927465919541847,0.0024418580684090283,1.7499650846963792,0.0005492767506180837,0.19288185145038794,0.5420367729501262
0.3286,328.6,0.1904753231164734,1.9391866013788206,0.0026536139825708454,1.7506227233809064,0.0005492767506180837,0.19289265212582962,0.5387321864029768
0.32865,328.65,0.1942542432280174,1.9431881502904131,0.002728692774436275,1.7509204257036732,0.0005492767506180838,0.19289792073732934,0.5381963801611956
0.3287,328.7,0.19841218273590144,1.9476291775326715,0.0028140413212261964,1.7512888551758947,0.0005492767506180837,0.19290472836752817,0.5368842649145334
0.32875,328.75,0.20294023874085115,1.9525094771094043,0.0029105316420203007,1.7517375803676845,0.0005492767506180838,0.19291342855092325,0.5362800094770634
0.3289,328.90000000000003,0.218596268598397,1.9697279899149096,0.0032775368342036386,1.753667026193058,0.0005492767506180842,0.1929557410645295,0.5340244947417845
0.32895,328.95000000000005,0.22443514674575674,1.9762869739086066,0.0034301169752521594,1.7545396904290247,0.0005492767506180843,0.19297749202207268,0.5335629279599798
0.329,329.0,0.23053829474092874,1.9832247944704602,0.0036005651108770493,1.7555447839887546,0.0005492767506180843,0.19300463537614032,0.5343404777357798
0.32925,329.25,0.2637021932198893,2.0225199536444087,0.0048098151011119715,1.7628850143185302,0.0005492767506180857,0.19328500422210546,0.5477391492979137
0.3293,329.29999999999995,0.27055535040607337,2.031011951322946,0.0051495857030446224,1.7648635175359764,0.0005492767506180864,0.19339289198865733,0.5586657915994329
0.32935,329.34999999999997,0.27736941733550247,2.0395943673743555,0.005535794860838442,1.7670179364063927,0.0005492767506180876,0.19353230640651567,0.5637258622015728
0.3294,329.40000000000003,0.28409621096429627,2.0482056324640583,0.005978234914109836,1.769344664920468,0.0005492767506180897,0.19371531024783453,0.5674622370284749
0.32975,329.75,0.3275561956075194,2.103475770353841,0.013388174204983406,1.7885434557230624,0.0005607257576355808,0.2035680435358808,0.5729288669016848
0.3298,329.79999999999995,0.3289892695408759,2.104828618039072,0.013528077567157813,1.788598433458325,0.0005653817232609663,0.2036114567084119,0.5729408610205667
0.32985,329.84999999999997,0.3225019250732728,2.099018746333593,0.013117083286075977,1.7888529600183094,0.0005771543978965197,0.20379070242055822,0.5722301060792305
0.32995,329.95000000000005,0.3104253255207925,2.091543163845798,0.01067872843653092,1.7910120030298802,0.0005772214524398047,0.2073428574989242,0.578282379826128
0.33,330.0,0.3096746692851061,2.091000914517926,0.010507863956876584,1.791049506370308,0.0005772214524398235,0.20738194544793373,0.57849930794177
0.33005,330.05,0.3107907633266504,2.0919975208134494,0.010678938656618264,1.7911010583919935,0.0005772214524398478,0.20741687755640498,0.5785725134259809
0.3301,330.1,0.3133050129814316,2.0942846032930498,0.011175389837232458,1.7913701026833702,0.0005772214524401266,0.2076565914681509,0.5784279636139372
0.33015,330.15,0.3169895359689736,2.0976782599232884,0.012109833399525583,1.79201284060698,0.0005772214524465504,0.20849587296146652,0.5785476980076043
0.3302,330.2,0.32171648252466367,2.101963611229117,0.013254775521950595,1.7927119672512375,0.0005799633296350244,0.20997423035902615,0.5848276532181069
0.33025,330.25,0.3239548418999122,2.1040724592236857,0.013427357607095201,1.7927524780749924,0.0005824862423037584,0.21001119847243963,0.5849000315217053
0.3303,330.29999999999995,0.32070343875590424,2.1010628882491846,0.013248812843422596,1.7928126004613523,0.0005856134798912058,0.210048980231349,0.5847718185267595
0.3305,330.5,0.3203625815906321,2.1016012088696674,0.013227916566697116,1.793666396722092,0.0005883752100007439,0.2117725020706808,0.5884312655566941
0.33055,330.55,0.3224863267967392,2.1036002210843656,0.013384013380624478,1.7936960857018271,0.0005900223724658558,0.2118001824070314,0.588449049939864
0.3306,330.6,0.3202472444936276,2.1015066888201765,0.013268415408330257,1.793724569675399,0.0005914728629076428,0.2118177849533881,0.5883808075393284
0.33065,330.65,0.3169116023206528,2.098656262315941,0.012893442948127637,1.7938333797215824,0.0005927475840202117,0.21197622610357772,0.5882902312622539
0.3307,330.7,0.3165896975817983,2.0986059084479876,0.012673283556055692,1.7938846218744682,0.0005927475841792745,0.21212555270176478,0.5891039701898529
0.33075,330.75,0.31933624205822864,2.100981167580422,0.013181697697718712,1.7940208177383121,0.0005934011029938265,0.21240496897379063,0.5903679021658339
0.3308,330.79999999999995,0.32180983044547273,2.10331537003152,0.01335562687260147,1.7940537480903407,0.000594983208079301,0.21243575061877637,0.5903902360423728
0.33085,330.84999999999997,0.3206203648471831,2.102187814164863,0.013305752239310596,1.7940651719586411,0.0005955877389918961,0.21244244969920892,0.5903418459765385
0.331,331.0,0.3196847199197017,2.1014787006805675,0.013221752797136894,1.7942051974498758,0.0005978766164357539,0.21266008313024395,0.5914391010590901
0.33105,331.05,0.3216403244328606,2.1033226866349364,0.013354877863560733,1.7942256229916937,0.0005989386444508127,0.2126790209631564,0.5914709475126734
0.3311,331.1,0.3201082321174536,2.101875916482165,0.013283347020749802,1.7942387443791306,0.000599600606526193,0.2126869912352165,0.5914308292529645
0.33125,331.25,0.3204222469099472,2.1022781492864446,0.013277301542897059,1.7943186031128917,0.0006018289109902486,0.21277248697474546,0.5914622621162416
0.3313,331.3,0.3214581057660064,2.1032479893153004,0.013352345012959092,1.7943271209292992,0.0006023276871064477,0.21278053734286842,0.5914953493407437
0.33135,331.34999999999997,0.31930690365350844,2.1012292037045466,0.013240622429306823,1.7943468661309359,0.0006032629168922738,0.21279402397883246,0.5914620553210884
0.3314,331.4,0.3173395342869909,2.099438786824176,0.013085131320086513,1.7943677242222105,0.0006038428880819611,0.2128173383715541,0.5913921585593277
0.33145,331.45000000000005,0.31855143721827367,2.100586015830407,0.013161807773175688,1.794379500211726,0.0006040580519164612,0.21282871307083648,0.5914041526782098
0.3316,331.6,0.31855278319757585,2.100608002345852,0.013196995376664107,1.7944329193959898,0.0006064222712672892,0.21287344911157027,0.5914279341208206
0.33165,331.65,0.3175184605560594,2.0996762426457294,0.013103592225417614,1.79444184225899,0.0006066480393131479,0.21288460815391982,0.5913696178876356
0.3317,331.7,0.31944376654318307,2.1014969537602592,0.013226466695852585,1.7944596016740344,0.0006071526351693688,0.21290019513254516,0.5914074614006599
0.33175,331.75,0.32134151750051654,2.103294472093815,0.013342772663203124,1.7944748806592419,0.000607933260764612,0.21291392793008568,0.5914345515657211
0.3318,331.8,0.32031832913300673,2.1023181462421054,0.013302429589223633,1.794481076482092,0.0006082531998621282,0.2129176077789107,0.5914107701231102
0.33195,331.95000000000005,0.32028309415865003,2.102351168280907,0.013280386261833234,1.7945255997178662,0.0006099038337011994,0.21295742391196124,0.5913892634271838
0.332,332.0,0.32130288362755854,2.1033112409237207,0.013346615341360259,1.7945317492955863,0.0006102607535931154,0.2129631797550206,0.5914118040988758
0.33205,332.05,0.31954976065437896,2.101652841414403,0.013263911905278338,1.7945431987795968,0.000610823703039085,0.21297077406230147,0.5913958808720842
0.3321,332.1,0.31781132431877535,2.100042137650819,0.013149432196479672,1.7945559711551424,0.000611291405548539,0.21298355919376022,0.5913617596718164
0.33215,332.15,0.31878173497582546,2.1009710430593374,0.01319723608522211,1.7945620969078657,0.0006114593724112557,0.2129884798449524,0.5913876090659587
0.3323,332.3,0.3188574692849157,2.1010522441388906,0.013226682981787627,1.7945954148770222,0.0006130281461023231,0.213015404019759,0.591382025596824
0.33235,332.34999999999997,0.3179739207063763,2.1002411072261604,0.013159672587019526,1.7946006298432706,0.0006132085563481695,0.2130212985422331,0.5913576237687537
0.3324,332.4,0.31962930233678655,2.1018178445100655,0.013249376615713881,1.7946113055166548,0.0006135840998238003,0.21302976389014797,0.5913760285373829
0.33245,332.45000000000005,0.3212385527857265,2.1033462139911228,0.013340286396632267,1.7946208211510695,0.0006140888962842487,0.2130381460867597,0.5914118040988758
0.3325,332.5,0.32033621474918667,2.102481864528648,0.013306600236359883,1.7946249091139843,0.0006143009193549772,0.21304057387015454,0.5913886430417243
0.3326,332.6,0.3184649478593333,2.1007426420223756,0.013190122953828964,1.7946398397426628,0.0006149243864197198,0.21305357917272977,0.5913840935483553
0.33265,332.65,0.32040745803768417,2.102594430877156,0.01329391337933923,1.7946523662515514,0.0006154568101335617,0.21306374852153326,0.5913954672817779
0.3327,332.7,0.32120526467424965,2.103346731240724,0.01334324741810626,1.7946559768616335,0.000615670603851344,0.213067110509451,0.5914132516649478
0.33275,332.75,0.3196608814411062,2.1018792818290915,0.01327441065649861,1.7946636815268988,0.0006160578750886243,0.2130722338902261,0.5913936061253997
0.3328,332.8,0.31824871005844735,2.1005592662026378,0.013189960947013362,1.794671071099992,0.0006163672308507596,0.21307935173670053,0.5913756149470767
0.33285,332.84999999999997,0.319173752351417,2.1014473649953906,0.01323122278617561,1.7946752428319332,0.0006165107962995568,0.21308239330838927,0.5913919517641746
0.3331,333.1,0.31994651536676055,2.1022106239400546,0.013273306969171485,1.7947063439690423,0.0006179646632732695,0.21310750155431246,0.5914041526782098
0.33315,333.15,0.3212184560198064,2.1034204969728005,0.013341135008150167,1.7947117964211683,0.0006182678517692257,0.21311227962791227,0.5914211098807671
0.3332,333.2,0.3203198604895565,2.1025587852073375,0.013307560247647036,1.7947149398803341,0.0006184315155237237,0.2131141609799718,0.5914097361473445
0.33325,333.25,0.31871891708157646,2.10104870386305,0.013224710132136068,1.7947225878196533,0.0006187890555398765,0.21312062981966662,0.5914033254975972
0.3333,333.3,0.31894634010051026,2.101276143657749,0.01322628311865567,1.7947241207199556,0.0006188446552440552,0.21312189209979027,0.5914047730636691
0.33335,333.34999999999997,0.3206219443248988,2.1028777799687375,0.013308750737128216,1.7947322331706552,0.0006192255141033427,0.21312828761748048,0.591409115761885
0.3334,333.4,0.32113921276926444,2.103364655893149,0.013341134471426517,1.794734108801759,0.0006193393602521341,0.21313002471385167,0.5914136652552541
0.33345,333.45000000000005,0.31973717337412205,2.102028852395662,0.013280744878810511,1.7947396664267867,0.0006196242781464343,0.2131337868215544,0.5914041526782098
0.3335,333.5,0.31866988584163314,2.101026151463495,0.01322034167543994,1.7947436629808171,0.0006198073026552297,0.21313760522643874,0.5913967080526967
0.33355,333.55,0.3196092559120788,2.1019288422157776,0.013260398900476466,1.7947469088414603,0.0006199370963184067,0.21313985779851055,0.5914016711363721
0.3338,333.8,0.3202897776912359,2.1025963381314776,0.013294350955844105,1.7947668303819209,0.0006209260756588148,0.2131555299116386,0.5914056002442817
0.33385,333.84999999999997,0.32121937880777907,2.1034808855323224,0.013342449315290885,1.7947697052082665,0.0006210933493621895,0.21315807362194938,0.591416560387398
0.3339,333.9,0.3202998623346037,2.102598913582112,0.013307655148993434,1.7947723167195755,0.0006212305939136354,0.2131596744259307,0.5914130448697947
0.33395,333.95000000000005,0.3190316630431766,2.101398535387644,0.013244522959894298,1.7947767820381058,0.0006214503723047237,0.21316348536277166,0.5914113905085696
0.334,334.0,0.31942278362754184,2.1017797877639817,0.01325565566066319,1.7947779966018962,0.0006214994497569237,0.21316433686493788,0.5914151128213261
0.33405,334.05,0.3208419625926122,2.103138478209152,0.013321644517179312,1.7947832273841984,0.0006217649196088378,0.21316842133378636,0.5914223506516859
0.33415,334.15,0.3198108074335508,2.1021485966859523,0.013285639550733856,1.7947882229719594,0.0006220343483846172,0.21317207420656295,0.591414906026173
0.3342,334.2,0.31907709561651415,2.1014577244895376,0.01324488514862863,1.7947902088688354,0.000622131754811758,0.21317398941779064,0.5914126312794884
0.33425,334.25,0.32002740652348877,2.102371377409727,0.013284327569020586,1.7947928728138325,0.0006222504203889493,0.21317581245488668,0.5914173875680105
0.3343,334.3,0.3211610263961614,2.103454691965369,0.013338256418047444,1.7947963021766897,0.0006224417422905376,0.21317865970068275,0.5914260729644424
0.33435,334.34999999999997,0.3207272200352325,2.103034287257626,0.01332592591182651,1.7947973180099173,0.0006224964517795091,0.2131792639496052,0.5914258661692893
0.3345,334.5,0.320601112579989,2.1029316068869295,0.013311291910255218,1.7948056847690677,0.000622916320576545,0.21318571897233646,0.5914209030856139
0.33455,334.55,0.3212073241329374,2.103507680432359,0.013342890777000932,1.7948070610862912,0.0006229996197918601,0.2131869617634041,0.5914242118080641
0.3346,334.6,0.32028707578761445,2.1026249891452693,0.013307655604856644,1.7948092641921034,0.0006231169993083843,0.2131883625194054,0.591419455519542
0.33465,334.65,0.31933694914137534,2.1017238483220173,0.013261242210438397,1.7948117086879294,0.0006232428015919845,0.21319049297557827,0.5914163535922449
0.3347,334.7,0.3198603794176558,2.1022303784948053,0.013279302758058376,1.7948128194123651,0.0006232918030309465,0.21319121122582863,0.5914140788455604
0.33475,334.75,0.3210211454816491,2.1033425036273425,0.0133313747981332,1.7948160724962894,0.0006234672736572378,0.2131937652966177,0.5914167671825512
0.33485,334.84999999999997,0.319893479878246,2.102259730487335,0.013290099974659362,1.7948195019057631,0.0006236530155748079,0.21319625382447235,0.5914140788455604
0.3349,334.9,0.3194621624281719,2.1018541835672866,0.013265277570505505,1.7948204026358452,0.0006236995317591181,0.2131971334276216,0.591412010894029
0.33495,334.95000000000005,0.32039022534174294,2.1027467030961797,0.013303101468763423,1.7948225766523433,0.0006238045302563671,0.21319863201543468,0.5914146992310197
0.335,335.0,0.3212132791630407,2.103533046254764,0.013341722746725668,1.7948243804190522,0.0006239098496405177,0.2132001611803401,0.591424005012911
0.33505,335.05,0.320665453493611,2.1030043740210087,0.013323599058531194,1.7948253571906185,0.0006239622495099397,0.21320073721475097,0.5914144924358666
0.3352,335.2,0.3208470601463824,2.10319147892872,0.013323829376783336,1.7948307972654736,0.0006242465659820437,0.21320491908158515,0.5914161467970918
0.33525,335.25,0.3211672629285241,2.1034941825932543,0.01334197007448509,1.7948314008145985,0.0006242840460007614,0.21320547004022367,0.591424005012911
0.3353,335.3,0.32028533749270544,2.102648310062639,0.013307818796459186,1.7948332037568218,0.0006243815356415875,0.21320666535147856,0.5914221438565328
0.33535,335.34999999999997,0.31962924846117424,2.1020257037546592,0.013275627090635147,1.7948344280987556,0.0006244471105124815,0.21320776627117582,0.5914190419292357
0.3354,335.4,0.32023346426855387,2.1026088605568938,0.013297786406310293,1.7948354778986708,0.0006244969471559292,0.21320844024617364,0.5914223506516859
0.3356,335.6,0.3198104068201376,2.102206424093862,0.01328211152752585,1.7948401618919654,0.0006247554377961186,0.21321206291612513,0.5914273137353612
0.33565,335.65,0.3206736789385636,2.1030366519341066,0.013316941487912131,1.7948418592329636,0.0006248425871231381,0.2132132547994062,0.5914310360481178
0.3357,335.7,0.32121405930108177,2.103552149204846,0.013342734417229964,1.794842716389779,0.000624894516615375,0.21321400602939353,0.5914302088675052
0.33575,335.75,0.32060749278790013,2.102967997687602,0.013321301242788573,1.7948436472329092,0.0006249449243253242,0.21321457668128227,0.5914258661692893
0.33595,335.95000000000005,0.3210960980614537,2.103442202465001,0.013339642157789999,1.7948473814663586,0.0006251482112901792,0.21321747511639327,0.5914277273256675
0.336,336.0,0.32029355463472164,2.102672629389132,0.013308140686929613,1.7948487731068865,0.0006252244876590548,0.21321843822452158,0.591430002072352
0.33605,336.05,0.3198954276218635,2.102295453495674,0.013287773399603554,1.7948493258114608,0.0006252550998599393,0.21321895352036616,0.591426900145055
0.3361,336.1,0.3205234622364268,2.1029008111120207,0.01331144558938154,1.7948502727513096,0.000625302728584498,0.21321957651129925,0.5914302088675052
0.33615,336.15,0.32117875457500294,2.10352814963952,0.013340476895301327,1.7948512897083428,0.0006253624280556987,0.21322041485728313,0.5914370331075587
0.3362,336.2,0.32084571748339064,2.103205417075669,0.013330598704941018,1.79485169392092,0.0006253843165526284,0.2132206511839906,0.5914368263124056
0.33635,336.34999999999997,0.32086492371759817,2.103231946320844,0.013326143969379558,1.794854412751571,0.0006255317221904211,0.21322269029802832,0.5914341379754148
0.3364,336.4,0.32116297514234504,2.1035150826185918,0.013341447697166865,1.7948547783057902,0.0006255544375264492,0.21322302153543965,0.5914384806736307
0.33645,336.45000000000005,0.320552730809621,2.1029281724979403,0.013318989161594103,1.79485560800576,0.000625599878789674,0.2132235567997956,0.591435999131793
0.3366,336.6,0.32108685041612206,2.1034472387473477,0.013336302157891802,1.7948577480738463,0.0006257177927472486,0.21322521397049463,0.5914465456846031
0.33665,336.65,0.3209969153969461,2.1033577438478863,0.013336053305069586,1.79485792894162,0.0006257280686615799,0.21322533717809627,0.5914498544070533
0.3367,336.7,0.3203059946393584,2.1026955012129056,0.013308428899742623,1.7948589266362547,0.0006257833704170255,0.213226058067919,0.5914498544070533
0.33675,336.75,0.32011922865692527,2.102519924441409,0.01329748541831011,1.7948591590735397,0.0006257964432627446,0.21322627743830408,0.5914467524797562
0.3368,336.8,0.3207194542495342,2.1030979030442603,0.013320561747093855,1.7948599465217026,0.0006258377982550953,0.2132268133065276,0.5914440641427654
0.33685,336.84999999999997,0.32115150367442274,2.1035107412355374,0.013340291389030659,1.794860435003876,0.0006258673044867898,0.21322723322867165,0.59144633888945
0.3369,336.9,0.32074857852866717,2.1031218245116685,0.013326722361828698,1.7948608515478475,0.0006258899046081518,0.21322748381936493,0.5914453049136843
0.33695,336.95000000000005,0.32016944574844797,2.102568373772558,0.013301820764225886,1.7948615900163145,0.0006259312862976057,0.21322807716442205,0.591440548625162
0.337,337.0,0.32032970683703427,2.102725258135785,0.013305389385685864,1.7948617727261031,0.0006259403545099999,0.21322819526797182,0.5914440641427654
0.33725,337.25,0.32058703451457216,2.102974817485653,0.013315703659370775,1.794864183548802,0.0006260737004808,0.21322997261310825,0.5914442709379185
0.3373,337.3,0.3210798817628192,2.1034469751420355,0.013336971297432368,1.794864729207906,0.0006261056449246287,0.21323041526109948,0.5914428233718466
0.33735,337.34999999999997,0.3208745600117575,2.1032474331610067,0.013331380880571687,1.7948649087459063,0.0006261153541524536,0.21323052120498445,0.5914428233718466
0.3374,337.4,0.32031304492459384,2.1027096470957782,0.013308348504303224,1.7948655680407721,0.0006261522071364029,0.21323101902157665,0.5914424097815403
0.3375,337.5,0.32081835143006776,2.103198608667699,0.01332543981962515,1.794866275572501,0.0006261905415269699,0.21323153466514294,0.5914368263124056
0.33755,337.55,0.3210624921689432,2.10343094350466,0.013337467574104292,1.7948664843874347,0.0006262033913056566,0.2132317225181867,0.591437446697865
0.3376,337.6,0.32064279248870886,2.1030267835970546,0.013322343614230688,1.7948668784387691,0.0006262249020830856,0.21323197315669992,0.5914326904093428
0.33765,337.65,0.3202343486633255,2.10263695100321,0.013304148456033416,1.794867271849674,0.0006262472330691079,0.21323230460519943,0.5914306224578114
0.3377,337.7,0.32047398058808096,2.1028692232825215,0.013311706035385252,1.7948674602244836,0.0006262566774865563,0.2132324192854811,0.5914297952771989
0.33775,337.75,0.32096560247426065,2.103340925479611,0.013332167797006135,1.7948679727771857,0.0006262858023570662,0.2132328142495009,0.5914355855414868
0.33795,337.95,0.3206727772685493,2.10306161031168,0.013319815040561235,1.7948690690191864,0.0006263460446041873,0.2132336113391647,0.591437446697865
0.338,338.0,0.32099918941868794,2.10337358925317,0.013334531229315405,1.794869335869346,0.0006263619474405009,0.21323383844557856,0.5914347583608742
0.33805,338.05,0.32073274724618034,2.103116142490234,0.013325739136289169,1.7948695287292427,0.0006263722888720207,0.2132339536603774,0.5914326904093428
0.3381,338.1,0.3203028461585292,2.1027049278634533,0.013307476058395945,1.7948699292889292,0.0006263947954005256,0.21323427042597126,0.591435999131793
0.3383,338.3,0.32052568546177423,2.1029188662592113,0.01331734064058617,1.7948708419384056,0.0006264451610872915,0.21323492997062324,0.5914401350348558
0.33835,338.34999999999997,0.32026266965660144,2.102668462428817,0.013304930350858222,1.7948710325364978,0.0006264560788447627,0.21323509917133307,0.5914401350348558
0.3384,338.4,0.3205324023221792,2.1029288727642585,0.013314447413581306,1.7948712176870865,0.000626465544697594,0.2132352153196347,0.5914428233718466
0.3386,338.6,0.32030620020965245,2.1027119889852783,0.013305950337602245,1.7948719947808642,0.000626509113430814,0.21323581038164482,0.5914488204312877
0.33865,338.65000000000003,0.32066772029997265,2.1030595807949712,0.013320175695726431,1.794872276582479,0.000626524192653089,0.2132360070434647,0.5914502679973596
0.3387,338.7,0.3208567173731681,2.103239458507135,0.01332941852559098,1.794872392950995,0.0006265311885699172,0.21323611144051688,0.5914477864555219
0.33875,338.75,0.32057277385709715,2.102965996660749,0.013319136941980078,1.7948725827547747,0.0006265413508147673,0.2132362314888647,0.59144633888945
0.3388,338.8,0.3202634599121332,2.10267069648079,0.013305360287789102,1.7948728070596007,0.0006265539704083042,0.2132364178851255,0.5914479932506751
0.33885,338.84999999999997,0.3204014669828928,2.1028047163880204,0.013309429820482927,1.7948728854653635,0.0006265578857435557,0.21323646595241752,0.5914488204312877
0.3389,338.9,0.32074565911974806,2.103134697229096,0.01332391307218025,1.7948731428912814,0.0006265722185243468,0.21323666316879455,0.59144633888945
0.339,339.0,0.32039234572604225,2.1027941242258477,0.013311494397332488,1.7948734476864074,0.0006265889199428428,0.21323688222559337,0.5914380670833244
0.33905,339.05,0.32024307966547094,2.102652702197585,0.013303740862554805,1.7948735332017927,0.0006265938223434758,0.21323696196838648,0.5914357923366399
0.3391,339.1,0.32050598255361595,2.102905819742269,0.01331369679976663,1.7948736953033972,0.0006266022077117508,0.21323706874596074,0.5914355855414868
0.33925,339.25,0.32025798532297006,2.102666652459936,0.013305347093937795,1.7948741499968872,0.000626627407586864,0.2132374178643378,0.5914347583608742
0.3393,339.3,0.32028078879206534,2.1026901067145642,0.013304734777935106,1.7948741865307656,0.0006266293154298481,0.213237445670621,0.5914320700238834
0.33935,339.34999999999997,0.32057971616276415,2.10297691403555,0.01331706245560089,1.7948743834287906,0.0006266399016398955,0.21323758938857512,0.5914324836141897
0.3394,339.4,0.3206644018257418,2.103056715591676,0.013321996899445038,1.7948744309019513,0.0006266427217500913,0.2132376331077384,0.5914297952771989
0.33945,339.45,0.320393612708609,2.102796624779097,0.013311475277312381,1.7948745985576333,0.0006266516359801008,0.21323774562050204,0.5914337243851086
0.3395,339.5,0.32018499011235757,2.102598023558962,0.01330157752576692,1.7948747155242983,0.0006266581914121504,0.21323784809080334,0.591430002072352
0.3399,339.9,0.3203579334817446,2.1027635463453893,0.013309806656449224,1.7948754824442812,0.0006266992521919158,0.2132384150512761,0.5914306224578114
0.33995,339.95,0.3201244666194772,2.1025408896885,0.013299136891539099,1.7948756155253176,0.0006267065019584391,0.21323852471234717,0.5914266933499018
0.34,340.0,0.32018845372839944,2.1026033676623985,0.013300677816846317,1.7948756458071973,0.0006267079906330913,0.21323854444304813,0.5914281409159737
0.34005,340.05,0.32042003912637235,2.1028249911877603,0.013310771588300834,1.7948757709217185,0.0006267146793111484,0.21323864008888108,0.5914297952771989
0.3401,340.1,0.3204326752254321,2.102835894787176,0.013312527912742409,1.7948757934736217,0.0006267159333305791,0.21323865896449368,0.5914304156626583
0.34015,340.15000000000003,0.3201929294529103,2.102606248599552,0.013302570724187338,1.7948759286927733,0.0006267230146675474,0.21323875481192603,0.5914237982177579
0.3402,340.2,0.3200611467145662,2.1024813268980913,0.013295771136369873,1.7948759868649795,0.0006267262377826811,0.21323880855615338,0.5914235914226047
0.34025,340.25,0.32021697572887553,2.102631212992093,0.013301782969599316,1.794876052481985,0.0006267294910003755,0.21323885125582057,0.5914242118080641
0.3406,340.6,0.32012073322663254,2.1025379764441845,0.013299262014680693,1.7948765129608537,0.0006267536611953135,0.2132392016141548,0.5914306224578114
0.34065,340.65000000000003,0.31995383171379665,2.102379327670778,0.013291090336564044,1.794876589847793,0.0006267577689931423,0.21323926819212896,0.5914326904093428
0.3407,340.7,0.3200327231046112,2.1024556180820873,0.01329371938905896,1.7948766166294057,0.0006267590435228867,0.2132392850396277,0.5914331039996491
0.34075,340.75,0.3202015148870683,2.1026166241149267,0.013301581877856381,1.794876689477797,0.0006267628758380877,0.21323934351780632,0.5914380670833244
0.3408,340.8,0.3201699481273465,2.102585495338136,0.013301161497109592,1.7948767062295428,0.0006267637149014844,0.21323935489710769,0.591441996191234
0.34105,341.05,0.32001753202703154,2.1024400911024874,0.013294421583580835,1.7948769647978298,0.0006267769007792879,0.21323955186755372,0.5914395146493964
0.3411,341.1,0.31984150297917907,2.1022726221217916,0.01328594876229022,1.7948770477134035,0.0006267811631390616,0.213239619801703,0.5914415826009277
0.34115,341.15000000000003,0.3198512941544824,2.102282886229216,0.013285488283133579,1.7948770595711085,0.0006267817488223497,0.2132396293778867,0.5914417893960809
0.3412,341.2,0.3199976151556613,2.102422511736973,0.013292243176882608,1.7948771161003447,0.0006267845768504654,0.21323967244206488,0.5914430301669997
0.34125,341.25,0.32002127030956223,2.102444238449357,0.013294184515283781,1.7948771283330867,0.0006267852298524406,0.2132396835843813,0.5914450981185311
0.3413,341.3,0.3198619745197257,2.102292060214381,0.013287139569115364,1.7948771974946063,0.0006267886279096959,0.2132397326989377,0.5914440641427654
0.34135,341.34999999999997,0.31974477701477455,2.1021811217621424,0.013280927090424348,1.7948772417331966,0.0006267909231283269,0.2132397729124011,0.5914450981185311
0.3414,341.4,0.31982106025473367,2.102254485520104,0.013283869233569901,1.7948772633804102,0.0006267919231063668,0.21323978686644093,0.5914426165766935
0.34145,341.45,0.3199370355710063,2.1023646493011556,0.013289721990306282,1.794877302562878,0.0006267939290193949,0.21323981999998556,0.5914417893960809
0.3415,341.5,0.3198828613565087,2.102312271940738,0.013287942607689335,1.7948773192448648,0.000626794708120183,0.2132398303725795,0.5914393078542433
0.34155,341.55,0.31971925439795135,2.1021565999747964,0.013280085421507158,1.794877393337718,0.000626798363792872,0.21323988827813706,0.5914370331075587
0.3416,341.6,0.31967378737817226,2.1021141506286485,0.013277083595931438,1.7948774083865182,0.0006267991479674651,0.21323990335825802,0.5914362059269461
0.34165,341.65000000000003,0.3197826614623134,2.1022181050415654,0.013282039367385659,1.7948774428329302,0.0006268007770689724,0.2132399280792084,0.5914407554203152
0.3419,341.9,0.31972378263727597,2.102162086341149,0.013279336690551258,1.7948775928619245,0.0006268080757331344,0.21324004821197473,0.5914453049136843
0.34195,341.95,0.31971848307115214,2.102156350804772,0.01327978036745784,1.794877600210763,0.0006268084277937861,0.21324005396806187,0.5914473728652156
0.342,342.0,0.3195829104237164,2.102027372223807,0.013273243938816974,1.7948776552158252,0.0006268110194614158,0.21324009506648062,0.5914455117088374
0.34205,342.05,0.3194996705643277,2.1019489746424385,0.01326842949180168,1.7948776817040397,0.0006268123370665136,0.2132401202529853,0.5914467524797562
0.3421,342.1,0.31956348064637813,2.1020100609417915,0.013271169291932991,1.794877697031436,0.0006268130168318043,0.21324013052418,0.5914457185039905
0.34215,342.15000000000003,0.3196386480639757,2.1020810718324863,0.01327534646348431,1.794877716691656,0.0006268139837024996,0.21324014808173303,0.5914455117088374
0.3422,342.2,0.3195769623395846,2.102021923295595,0.013272826803287532,1.7948777334638641,0.0006268147281185297,0.21324015876406507,0.5914490272264408
0.34245,342.45,0.3194294680277961,2.101882200640089,0.013265184567582034,1.7948778570537949,0.0006268204597433396,0.21324025779065758,0.5914541971052693
0.3425,342.5,0.31932715270769974,2.101785723519904,0.013259384614010128,1.7948778935559293,0.0006268221713651221,0.21324029037381304,0.5914537835149629
0.34255,342.55,0.3193454368924812,2.1018036119718606,0.013259785901227294,1.794877898876272,0.0006268224014194917,0.21324029436771166,0.5914521291537378
0.3426,342.6,0.319418225046034,2.1018724204681085,0.01326378440518618,1.7948779168825557,0.0006268232267057895,0.213240309456389,0.5914572990325663
0.34265,342.65000000000003,0.3193982124975817,2.1018529082537833,0.013263290393329706,1.7948779229405272,0.0006268234868889329,0.21324031357285164,0.5914577126228725
0.3427,342.7,0.31928619562028265,2.1017468649047824,0.013257361417517518,1.7948779655622908,0.0006268253842416153,0.21324034694379465,0.5914587465986383
0.34275,342.75,0.3192240312816218,2.101688652321698,0.013253427848942616,1.7948779829178823,0.000626826198494321,0.21324036410113467,0.5914589533937914
0.3428,342.8,0.31927125134864137,2.1017336560553375,0.013255653909651189,1.7948779922482097,0.0006268265890015922,0.21324037059614817,0.5914601941647102
0.34285,342.84999999999997,0.31931718694419275,2.1017767360508204,0.013258519264263973,1.794878001561225,0.0006268270217523319,0.2132403793759362,0.5914616417307822
0.3429,342.9,0.31925745116104537,2.1017198400579344,0.0132556957469969,1.7948780171703735,0.0006268276751077576,0.21324038986794216,0.591462882501701
0.34305,343.05,0.31918825611747165,2.1016553600307772,0.013251039650791947,1.7948780735617051,0.0006268301555495809,0.21324043831405037,0.5914711543078265
0.3431,343.1,0.3191984479958622,2.1016645172919617,0.0132520779501638,1.7948780770827157,0.0006268303134239088,0.21324044162250258,0.5914986580631939
0.34315,343.15000000000003,0.3191145057632832,2.101585117381064,0.013247564131898693,1.7948781044232645,0.0006268314557721539,0.21324046211148526,0.5914686727659889
0.3432,343.2,0.31903394846708993,2.1015096034073815,0.013242548381549516,1.7948781308183732,0.000626832608386855,0.2132404865473625,0.5914661912241512
0.34325,343.25,0.319044973345865,2.101520448548133,0.013242731336043489,1.794878133906382,0.0006268327343366929,0.2132404890622266,0.5914692931514482
0.3433,343.3,0.31909216707109317,2.101564772175356,0.013245610813977874,1.7948781428946174,0.000626833118151272,0.21324049694823577,0.5914765309818081
0.34335,343.34999999999997,0.3190671644603311,2.1015407801166806,0.013244605945701959,1.7948781483607263,0.0006268333322603395,0.21324050054237628,0.591477771752727
0.3434,343.4,0.318976164177978,2.101455155284439,0.013239264811562417,1.7948781812902406,0.0006268346917825765,0.2132405274773053,0.5914767377769613
0.3436,343.6,0.3189297292818434,2.101411659295498,0.013236362723064833,1.7948782166327073,0.0006268361376581301,0.21324055784268484,0.5914887318958433
0.34365,343.65000000000003,0.3188463391415508,2.101333601208909,0.013231061704212814,1.794878246432816,0.000626837345940148,0.21324058418479938,0.5913694110924825
0.3437,343.7,0.31882500326866975,2.1013140677607747,0.013229264119613268,1.7948782510692256,0.0006268375445364346,0.21324058939558674,0.5914395146493964
0.34375,343.75,0.3188602195499305,2.1013471682523113,0.013231385639928147,1.7948782565819748,0.0006268377579919887,0.21324059383829144,0.5914959697262031
0.3438,343.8,0.31886082150617795,2.1013473619084597,0.013231796044321299,1.7948782586052572,0.000626837837280753,0.21324059556696648,0.5915019667856442
0.34385,343.84999999999997,0.3187920983394817,2.101282816278164,0.01322764109282272,1.7948782803416494,0.0006268386686548624,0.21324061266819327,0.5914678455853764
0.3439,343.9,0.31872600099334125,2.1012213059359377,0.013223075973004652,1.7948783013705427,0.0006268395037527086,0.21324063275962904,0.5914537835149629
0.34395,343.95,0.3187272873441317,2.101222894717419,0.013222775365612699,1.7948783031234183,0.0006268395724129915,0.21324063452513814,0.5914562650568006
0.344,344.0,0.3187557298833882,2.1012493919697217,0.013224724796660576,1.7948783071094425,0.0006268397268619011,0.21324063816507982,0.5914754970060424
0.34405,344.05,0.3187317717632684,2.1012266437168123,0.013223519744221727,1.7948783117563052,0.0006268398916334217,0.21324064130974574,0.5914825280412491
0.3441,344.1,0.31865865898127205,2.10115838078847,0.013218696595864311,1.7948783374783581,0.0006268408528699684,0.2132406632537287,0.5914198691098482
0.34415,344.15000000000003,0.31861381835156705,2.101116961191156,0.013215287651145125,1.7948783491019424,0.0006268413048171567,0.21324067534999874,0.5913754081519236
0.3442,344.2,0.3186284321908251,2.1011308345534574,0.013216029960120952,1.7948783508709953,0.0006268413665134849,0.21324067670834054,0.5914637096823135
0.34425,344.25,0.3186425085735954,2.1011437312722507,0.01321721146078148,1.7948783526382277,0.0006268414342606478,0.21324067851024026,0.5915617305849011
0.3443,344.3,0.31859960373002194,2.1011034933405095,0.013214555574831801,1.7948783632846084,0.0006268418057270725,0.2132406865077056,0.5915236802767236
0.3446,344.6,0.31841189324273267,2.1009296915256694,0.013200716945966794,1.7948784308757808,0.0006268441955813383,0.21324074895701117,0.5914153196164792
0.34465,344.65000000000003,0.31840308358797975,2.1009218767755318,0.013199723813097728,1.7948784325825193,0.0006268442584595191,0.2132407510806403,0.5914099429424976
0.3447,344.7,0.3184179288448722,2.1009355762121844,0.013200871039987279,1.7948784339421398,0.0006268443043732445,0.21324075234963186,0.591563178150973
0.34475,344.75,0.31839830321091755,2.1009171419716064,0.013199683268423346,1.7948784374520272,0.0006268444138223306,0.21324075484478738,0.5915822033050617
0.3448,344.8,0.3183404968156923,2.1008637222861593,0.013195317493523519,1.7948784577065737,0.0006268450759896689,0.21324077288351206,0.5914566786471068
0.345,345.0,0.3182730854601813,2.100801797173339,0.013189853047371606,1.7948784788009022,0.0006268457579593809,0.21324079318230413,0.5915143744948325
0.34505,345.05,0.31821779437029435,2.1007510777068665,0.013185302394320348,1.794878499118873,0.0006268463909051338,0.21324081254595473,0.5914316564335771
0.3451,345.1,0.31818883218109156,2.1007248378800627,0.013182587088647325,1.7948785059483852,0.0006268466103212943,0.2132408203470139,0.5914345515657211
0.34525,345.25,0.3181492719777981,2.1006884191611572,0.013179459331837487,1.7948785192804515,0.0006268469943751077,0.2132408318456254,0.5914757038011956
0.3453,345.3,0.31810043805422245,2.100643986588298,0.013175076264342821,1.7948785370238607,0.0006268475161293461,0.21324084987690345,0.5914482000458282
0.34535,345.34999999999997,0.318082324738716,2.1006277728758342,0.013173180178727453,1.7948785404329777,0.0006268476202133501,0.21324085410371343,0.591449440816747
0.3454,345.4,0.3180866506247298,2.1006317556435934,0.013173523472686488,1.7948785406038612,0.0006268476249178078,0.21324085426469136,0.5914936949795186
0.34545,345.45,0.3180725672330249,2.10061871427372,0.013172483769521098,1.7948785428620238,0.0006268476837795155,0.2132408559704164,0.5915575946818383
0.34585,345.84999999999997,0.31787268261144225,2.100438524054436,0.013152855574415222,1.7948786073135858,0.0006268493731035776,0.21324092224988705,0.5915305045167772
0.3459,345.9,0.31786828582132953,2.1004344806155455,0.013152502601429148,1.7948786076837684,0.0006268493810426808,0.21324092251124915,0.5916771222803522
0.34595,345.95,0.31784065329440325,2.1004095506593248,0.013149808209202592,1.7948786156734546,0.0006268495623925974,0.21324092990731852,0.591630386575743
0.346,346.0,0.3177995310622352,2.100372869333245,0.01314538488434521,1.794878632844397,0.0006268499543954054,0.21324094819090253,0.5916283186242116
0.34605,346.05,0.31777373409961457,2.1003501387634094,0.01314232625126737,1.79487864042107,0.0006268501281683161,0.21324095745486743,0.5916308001660493
0.3461,346.1,0.3177683882574455,2.1003455134444713,0.013141606181114316,1.7948786408628719,0.0006268501387716676,0.21324095812304156,0.5916264574678334
0.3462,346.2,0.3177284137377144,2.100309798963771,0.013137358459957886,1.7948786529232708,0.0006268503844145745,0.2132409699870023,0.5916580971262635
0.34625,346.25,0.31769106056751917,2.1002769100690575,0.013132910854221014,1.7948786692434913,0.0006268507154033278,0.21324098848020978,0.5916154973247171
0.3463,346.3,0.3176702480123943,2.100258825575624,0.013130188661080691,1.7948786749882633,0.0006268508317604191,0.21324099591074183,0.5916235623356895
0.3466,346.6,0.3175608595419677,2.1001636448415075,0.013116018758942792,1.794878712127069,0.0006268514840127263,0.21324103919348428,0.5917927207709566
0.34665,346.65000000000003,0.31754445132657677,2.100149335462524,0.013113924292901867,1.7948787164281372,0.0006268515488898715,0.21324104366953134,0.5918477282816913
0.3467,346.7,0.31751353882324984,2.100122698121122,0.013109664184214297,1.7948787312451369,0.0006268517679021567,0.21324106082418978,0.5917767975441649
0.34675,346.75,0.3174832512215392,2.1000969565321084,0.013105133341218505,1.794878746183087,0.0006268519803724062,0.21324108009461068,0.5917664577865079
0.3472,347.2,0.3173068871736839,2.099950618168255,0.013075189348921185,1.7948788269642828,0.0006268527821451967,0.2132411888346278,0.5917701800992644
0.34725,347.25,0.3172786788406728,2.0999282533601646,0.013069366492544986,1.7948788474735768,0.000626852909694664,0.21324122052879696,0.5917637694495171
0.3473,347.3,0.31725909726160195,2.0999130650873097,0.013064984099881357,1.7948788583126762,0.0006268529659788808,0.2132412386997653,0.5917658374010486
0.34735,347.34999999999997,0.31724447647223464,2.099901782552432,0.01306165223499718,1.7948788646648643,0.0006268529930244676,0.21324124907021538,0.5917641830398235
0.3474,347.4,0.31722465468583627,2.099886571613936,0.013057054297432917,1.7948788775123081,0.0006268530357115011,0.2132412692749408,0.591762115088292
0.34795,347.95,0.31254621581878467,2.0973519237831035,0.011242727084557928,1.7952078515444325,0.0006268531731493399,0.21373092297310026,0.5916783630512711
0.348,348.0,0.3110710402076799,2.096535463659217,0.010785274561827398,1.7954089191154645,0.0006268531731495519,0.2139263164213018,0.5916709184257581
0.34805,348.05,0.3093346973226162,2.0955646979315548,0.010301915100076423,1.7956909187204135,0.0006268531731496663,0.214144407123228,0.5916715388112175
0.3481,348.1,0.3073285113632794,2.094434352128173,0.009804705968233516,1.7960693190031791,0.0006268531731497312,0.2143751484790321,0.5916806377979555
0.3485,348.5,0.28119823999484084,2.0797073550501084,0.006126613770963317,1.8037929142416944,0.0006268531731498325,0.21596200317806902,0.5917916867951908
0.34855,348.55,0.27669804480483007,2.07721422716977,0.0057408854807914364,1.805414114370199,0.0006268531731498335,0.21610089419900938,0.5918165022135674
0.3486,348.6,0.2719454164010801,2.074596287052733,0.0053723865414581,1.8071801769564815,0.0006268531731498349,0.21622765526198673,0.5917827946036059
0.34865,348.65000000000003,0.26695200067780556,2.0718614720735378,0.0050205436830829875,1.8090868192808776,0.0006268531731498359,0.21634321656281116,0.5917747295926334
0.3487,348.7,0.26173144074005406,2.069018498327952,0.004684740834218098,1.8111284973589759,0.0006268531731498368,0.21644848178579376,0.5917956159031005
0.34875,348.75,0.2562994027979832,2.0660769189562815,0.004364356428704308,1.8132984757029607,0.0006268531731498375,0.21654430263721594,0.5917449510905816
0.3492,349.2,0.20141595079427166,2.0372050091613763,0.002086669425079714,1.8370317838859553,0.0006268531731498403,0.21709132484988686,0.591771007279877
0.34925,349.25,0.19512789543324133,2.0340094651463154,0.0018930953143117201,1.8399306861389384,0.0006268531731498408,0.21712630683269046,0.5915350540101463
0.3493,349.3,0.18890816130563556,2.0308816555530393,0.001710207946505291,1.8428396920786714,0.0006268531731498408,0.21715753343317604,0.5913456296498716
0.34935,349.34999999999997,0.1827867205570501,2.027841368842053,0.0015377490956653248,1.8457483594978417,0.0006268531731498408,0.2171853009445466,0.5912680814674448
0.3494,349.4,0.17679312992407348,2.024908758710682,0.0013754780914211923,1.848647044410807,0.0006268531731498408,0.21720988525614912,0.591183088659505
0.34955,349.55,0.1598629934783093,2.016960791975062,0.0009476127837634071,1.8572012916633291,0.0006268531731498408,0.21726703568636743,0.5916494117298318
0.3496,349.6,0.15465853341025407,2.014662286021537,0.0008239807735170726,1.8599835994941247,0.0006268531731498408,0.21728130826701986,0.590741994597861
0.34965,349.65000000000003,0.1497141745659831,2.0125721353504713,0.0007095444202016964,1.8627233590855619,0.0006268531731498408,0.21729353735961326,0.5913811984162114
0.34995,349.95,0.12657893055151107,2.005396423224596,0.0002077295927334362,1.878181035726251,0.0006268531731498408,0.21733395832897817,0.5919110075985516
0.35,350.0,0.12394232888574866,2.0052346619814982,0.000153746093313853,1.8806018899243493,0.0006268531731498408,0.21733668356219,0.5919974479725634
0.35005,350.04999999999995,0.12167685544101156,2.0053992490892427,0.00010797493052558303,1.8829861773534422,0.0006268531731498408,0.21733864409202655,0.5919271376204964
0.35025,350.25,0.1163444345256171,2.009438477590848,5.742885070434772e-6,1.8922555919649642,0.0006268531731498408,0.21734140397625526,0.5917885848678938
0.3503,350.3,0.1159261436001608,2.0113035009362212,1.7078001621135773e-7,1.894533334096783,0.0006268531731498408,0.2173414378647797,0.5917207560576644
0.35035,350.35,0.1158582378223215,2.013506375319606,2.5330735314582683e-6,1.896806476541446,0.0006268531731498408,0.21734144795707322,0.591736472489303
0.3504,350.4,0.11612895036202864,2.0160406830907127,1.2811095588861345e-5,1.8990803496913744,0.0006268531731498408,0.2173415514159226,0.5916669893178484
0.35045,350.45,0.11672444393045948,2.0188974837419726,3.098916511124041e-5,1.9013598345305402,0.0006268531731498408,0.2173418646734688,0.5917385404408343
0.3506,350.6,0.12029406150988961,2.0292754098193018,0.00013274286319908638,1.908269893375963,0.0006268531731498408,0.21734521529116108,0.5917923071806502
0.35065,350.65000000000003,0.12201562696181976,2.033282192131228,0.00018230239722986558,1.910604667473019,0.0006268531731498408,0.21734751238966435,0.5919201065852897
0.3507,350.7,0.12396884313019406,2.037529074011053,0.00023959561172904294,1.9129556233307519,0.0006268531731498408,0.21735058067337254,0.5919875218052127
0.35075,350.75,0.12613207805373206,2.041992361256133,0.0003045331839539309,1.9153206092843817,0.0006268531731498408,0.2173545209152877,0.5920917465623945
0.35085,350.85,0.13100076241633402,2.051462592986654,0.0004567933617382196,1.920074405977806,0.0006268531731498408,0.21736537330730576,0.5922050703063142
0.3509,350.9,0.13366251019491815,2.056411846494813,0.0005437163660190546,1.9224488276561607,0.0006268531731498408,0.21737242900337428,0.5923994577502641
0.35095,350.95,0.13644739538449635,2.0614625205650263,0.0006374620302031716,1.9248083539948895,0.0006268531731498408,0.21738063480926745,0.5921149076195459
0.35125,351.25,0.1546462294972857,2.092002681031201,0.0013149145428721322,1.9378270611044646,0.0006268531731498408,0.21745238783550064,0.5886618421524433
0.3513,351.3,0.15775801956352284,2.096809034557523,0.0014398837637201924,1.9396465792082174,0.0006268531731498408,0.21746696411919197,0.5877660055490483
0.35135,351.35,0.16084479527915385,2.1014449980912566,0.001565523223854748,1.9413213917526786,0.0006268531731498408,0.2174816970438045,0.5869148366987313
0.3514,351.4,0.16388751380572467,2.1058802822139167,0.001690529610928605,1.9428389491499474,0.0006268531731498408,0.21749628200409601,0.5859805361968526
0.35145,351.45,0.16686587612039896,2.1100869851776647,0.0018135176994854422,1.9441902637698554,0.0006268531731498408,0.21751040025160912,0.5865057958858239
0.3515,351.5,0.16975815922326334,2.1140400364020278,0.0019330541100586096,1.9453705549636788,0.0006268531731498408,0.2175237379661389,0.5859718508004209
0.35155,351.54999999999995,0.1725412534934534,2.1177175889206987,0.0020476997685417507,1.946379646603661,0.0006268531731498408,0.2175360077942418,0.5888177656979096
0.35195,351.95,0.18806213274788217,2.1358355569350405,0.0026536308367365803,1.9495826196220736,0.0006268531731498408,0.21758284169451178,0.6130227247824362
0.352,352.0,0.1888843328244413,2.136671256556209,0.0026822630526151603,1.9496247506105975,0.000626853173149841,0.21758361512265023,0.6144868344666551
0.35205,352.04999999999995,0.18943146275472184,2.137217299453027,0.0027009011487912284,1.9496423013420114,0.0006268531731498408,0.21758394658351204,0.6146481346861029
0.3521,352.1,0.18970885694925807,2.137489765093976,0.0027102949938288675,1.949646766545548,0.0006268531731498408,0.21758403499927426,0.6151498197276164
0.35215,352.15000000000003,0.18972664853297816,2.1375068050386368,0.0027113306707741407,1.9496470505776244,0.0006268531731498408,0.2175840408340013,0.6151754623266055
0.3522,352.2,0.18949934192252632,2.137288363427207,0.00270498643833405,1.9496495713029642,0.0006268531731498408,0.21758408207345614,0.6151725671944616
0.35255,352.54999999999995,0.1829304823361306,2.1311153827775358,0.0025391262949084684,1.949879586189338,0.0006268531731498408,0.21758798914176125,0.6153156694404333
0.3526,352.6,0.1816106664907204,2.129876719321391,0.002509156000996191,1.9499307674465294,0.0006268531731498408,0.21758882749314706,0.615505093800708
0.35265,352.65000000000003,0.18028573451514035,2.1286303946035754,0.0024799233816296556,1.9499801412872388,0.0006268531731498408,0.2175896251556845,0.6154794512017188
0.3527,352.7,0.17898651554296519,2.1274046299926486,0.00245203046852251,1.9500257020092069,0.0006268531731498408,0.21759035150756076,0.6156581222140302
0.35275,352.75,0.1777435994764075,2.1262278430383317,0.0024260202150558686,1.9500658202361978,0.0006268531731498408,0.21759098329406637,0.6156614309364804
0.35285,352.85,0.17554677591216303,2.1241352178964887,0.002381563857675353,1.9501255613740796,0.0006268531731498408,0.2175919105454585,0.6157735139094813
0.3529,352.9,0.17465131376308304,2.1232762195454957,0.0023639694877490933,1.9501444305124696,0.0006268531731498408,0.21759220037864052,0.6158359660457291
0.35295,352.95,0.17392875073529643,2.122579633052616,0.0023499758932543397,1.9501564132688975,0.0006268531731498408,0.21759238425641422,0.6157300869273223
0.35305,353.04999999999995,0.17310900957138053,2.1217838888481997,0.0023341840267592008,1.9501646182338153,0.0006268531731498408,0.21759251208494054,0.6154720065762058
0.3531,353.1,0.17306212380538769,2.12173831101413,0.002333047768447889,1.9501647899044188,0.0006268531731498408,0.2175925150646906,0.6154422280741538
0.35315,353.15000000000003,0.173288421472499,2.1219619892012114,0.0023368498469587135,1.950165972487376,0.0006268531731498408,0.21759253058025385,0.6154347834486409
0.3532,353.2,0.17380931011573517,2.122479471408873,0.002345916967335134,1.950171633093158,0.0006268531731498408,0.21759260960638493,0.6154414008935413
0.35325,353.25,0.17464440741292558,2.123314094989194,0.002360585852589213,1.950185828058125,0.0006268531731498408,0.21759281303141303,0.6154488455190543
0.3533,353.3,0.17581136544120324,2.1244877997037204,0.0023812097422995114,1.9502131982342352,0.0006268531731498408,0.21759321295082293,0.6155183286905087
0.35335,353.35,0.1773256870597765,2.126020933156062,0.002408165019590997,1.950258964663388,0.0006268531731498408,0.21759389441358543,0.6150741327015677
0.3534,353.4,0.17920053485219983,2.1279320489029923,0.0024418580967160964,1.9503289246314368,0.0006268531731498408,0.217594957714924,0.6147928912932997
0.3539,353.9,0.21859626859206854,2.1701941192743273,0.003277536862749174,1.9540308661335197,0.0006268531731498412,0.21766884732967579,0.6089910464768528
0.35395,353.95,0.2244351467422137,2.176753103268291,0.003430117002707544,1.9549035303661706,0.0006268531731498415,0.21769059828583384,0.6088214744512794
0.354,354.0,0.23053829474886134,2.1836909238296456,0.0036005651383410604,1.9559086239134553,0.0006268531731498417,0.2177177416410981,0.6091205002427174
0.35405,354.04999999999995,0.2368718969564935,2.190981933060426,0.003790961164909132,1.957056393095573,0.0006268531731498419,0.21775161022239703,0.6101036044007366
0.3541,354.1,0.24339813529215532,2.1985954601067395,0.00400377440132173,1.9583564527300736,0.000626853173149842,0.21779392445573545,0.611773268467175
0.3544,354.4,0.2840962108794967,2.2486717618206735,0.005978234950218335,1.969708504943983,0.000626853173149847,0.218428416515248,0.6422528060882225
0.35445,354.45,0.29069081324613494,2.2572461936140837,0.0064905288976091265,1.9722003828919776,0.0006268531731498503,0.2186738431651911,0.642735052385341
0.3545,354.5,0.2971145595777399,2.2657149434828865,0.007092621637662621,1.9748471400000949,0.0006268531731498572,0.2190130122635812,0.642699070028695
0.3546,354.6,0.3093586966150383,2.282053887363449,0.00871375663506493,1.9805618359943882,0.0006268531731499176,0.22025885824861532,0.6423111223214076
0.35465,354.65000000000003,0.31520533191099165,2.2897895374298796,0.00989336635636081,1.9836291512332347,0.0006268531731501247,0.22156810908103938,0.6402171146007296
0.3547,354.7,0.3210297023439563,2.297165987775133,0.011625206995935227,1.9869102206687899,0.000626853173154634,0.22441922503011713,0.6398630812985568
0.35475,354.75,0.3275561956225577,2.30394189971868,0.013388174233635256,1.9889072956428533,0.0006383021805063851,0.22828114980699385,0.6434092045845717
0.3548,354.8,0.328989269556694,2.305294747404728,0.013528077595880147,1.9889622733782144,0.0006429581461436734,0.22832456297958345,0.6434236802452914
0.35485,354.85,0.3225019250823518,2.299484875693758,0.013117083314445412,1.9892167999390833,0.0006547308208329118,0.22850380869204331,0.6427565590812674
0.35495,354.95,0.31042532551070834,2.292009293193299,0.010678728461854007,1.9913758429542265,0.0006547978753848243,0.23205596378195065,0.648948419556533
0.355,355.0,0.30967466926817083,2.2914670438599978,0.010507863981178428,1.991413346295037,0.0006547978753848433,0.23209505173114187,0.6491477700841584
0.35505,355.04999999999995,0.3107907633043252,2.2924636501507307,0.010678938679833293,1.9914648983162424,0.0006547978753848676,0.2321299838395608,0.649228006603576
0.3552,355.2,0.32171648250035156,2.3024297405622716,0.013254775547258662,1.993075807173842,0.0006575397525759947,0.2346873366443461,0.6538837926813307
0.35525,355.25,0.32395484191706886,2.30453858859653,0.01342735763519589,1.9931163179985256,0.0006600626652926156,0.23472430475864403,0.6539197750379768
0.3553,355.3,0.3207034387992586,2.30152901764532,0.013248812873652814,1.9931764403841483,0.0006631899028580562,0.23476208651692526,0.6538093464262009
0.35535,355.35,0.3161047843445199,2.2980585109402987,0.01248092763167124,1.9935346714918416,0.0006645303672370235,0.2354530227395379,0.6543681069299805
0.3554,355.4,0.31492970396781805,2.297365511362096,0.012086036896971422,1.9936216401173839,0.0006645303672436513,0.23567446147166496,0.6548499396367926
0.35545,355.45,0.31672093539725726,2.2988754806395213,0.012489645110761895,1.9937437933376587,0.0006645303672564858,0.23586730290783223,0.6547970000775892
0.3555,355.5,0.3203625815523444,2.302067338193841,0.01322791659180229,1.9940302366492069,0.0006659516329792096,0.23648560836448398,0.6572516585453404
0.35555,355.54999999999995,0.32248632680328465,2.304066350451319,0.013384013408719147,1.9940599256298477,0.0006675987954835355,0.23651328870169006,0.6572793690958609
0.3556,355.6,0.3202472445391189,2.3019728182225703,0.013268415439188313,1.9940884096027016,0.000669049285893745,0.23653089124750376,0.657203268479506
0.35595,355.95,0.3170903414269416,2.299599531849344,0.012909476440212755,1.9945067573033783,0.0006746409052635843,0.23726931454178726,0.6605690663919843
0.356,356.0,0.3196847198817948,2.3019448300067213,0.013221752822579237,1.9945690373800853,0.0006754530394348621,0.23737318942806612,0.6614425691188403
0.35605,356.04999999999995,0.32164032443180807,2.3037888159962705,0.013354877891309853,1.994589462922523,0.0006765150674754571,0.2373921272615083,0.6614876504622245
0.3561,356.1,0.32010823215633455,2.3023420458804544,0.0132833470510394,1.9946025843095296,0.0006771770295305448,0.23740009753327757,0.6614338837224085
0.35615,356.15000000000003,0.31748807542598756,2.299946179961419,0.013094039190783592,1.9946364804311527,0.0006782303138340196,0.23743364264983996,0.6614214760132202
0.3562,356.2,0.31775721020459863,2.3002322502801467,0.013088721950599494,1.9946480229005532,0.000678287477586195,0.23745230951053922,0.6615025397132503
0.35625,356.25,0.3204222468787394,2.3027442786190457,0.013277301568960908,1.994682443043524,0.0006794053340039348,0.23748559327292945,0.6615335589862211
0.3563,356.3,0.3214581057786323,2.30371411868963,0.01335234504148476,1.9946909608602716,0.0006799041101385943,0.2374936436413659,0.6615687141622546
0.35635,356.35,0.3193069036916141,2.3016953331020713,0.013240622459714276,1.994710706061517,0.0006808393399097487,0.23750713027698667,0.6615323182153023
0.3564,356.4,0.31733953429304773,2.299904916191405,0.013085131349191008,1.9947315641532442,0.0006814193111167415,0.237530444670021,0.6614822737882429
0.35645,356.45,0.3185514371856208,2.301052145161816,0.013161807798997019,1.9947433401423889,0.0006816344749391341,0.23754181936901927,0.6615046076647818
0.3566,356.59999999999997,0.3185527832288884,2.3010741317370402,0.013196995406853138,1.994796759326812,0.0006839986942970068,0.23758655540987528,0.6615145338321324
0.35665,356.65000000000003,0.31751846054728566,2.300142371999618,0.013103592253122602,1.9948056821901163,0.0006842244623527954,0.23759771445252537,0.6614665573566043
0.3567,356.70000000000005,0.3194437665101887,2.301963083091238,0.013226466721922141,1.994823441604855,0.0006847290581970819,0.23761330143088658,0.6615112251096822
0.35675,356.75,0.3213415174950057,2.3037606014511227,0.013342772690800453,1.994838720590409,0.0006855096838061284,0.23762703422872825,0.6615265279510144
0.3568,356.8,0.3203183291641368,2.3027842756337606,0.013302429618881624,1.994844916413036,0.0006858296228925555,0.2376307140774126,0.6615000581714128
0.35685,356.85,0.3180176908068905,2.3006439958887217,0.0131634478189782,1.9948654608067908,0.0006866439333423234,0.23764882215463737,0.6614785514754863
0.3569,356.9,0.31802995221402286,2.300678541125243,0.013145233255476478,1.9948694391121073,0.0006867304013505306,0.23765331470583795,0.6614673845372169
0.35695,356.95,0.3202830941311849,2.3028172976172145,0.013280386288304918,1.9948894396488746,0.0006874802567346439,0.23767053021046786,0.6614851689203868
0.357,357.0,0.32130288363621945,2.3037773702945437,0.013346615369701735,1.9948955892268332,0.0006878371766393663,0.23767628605374702,0.661500471761719
0.35705,357.04999999999995,0.31954976068610563,2.3021189708065615,0.01326391193511051,1.9949070387105994,0.0006884001260743912,0.2376838803608197,0.6614686253081357
0.3571,357.09999999999997,0.31781132432483694,2.3005082670186368,0.013149432225255185,1.9949198110864135,0.0006888678285956295,0.23769666549247948,0.6614467050219031
0.35715,357.15000000000003,0.31878173494853596,2.3014371723958704,0.013197236111733446,1.9949259368389383,0.0006890357954514926,0.2377015861435194,0.6614657301759918
0.35725,357.25,0.32093446146612503,2.3034739393356793,0.01333297229190515,1.9949448015542204,0.0006899316623010482,0.23771760642383072,0.6614859961009993
0.3573,357.3,0.3188574693111987,2.3015183735259006,0.013226683011468064,1.9949592548081743,0.0006906045691458255,0.23772851031835893,0.6614686253081357
0.35735,357.35,0.3179739206988527,2.3007072365813968,0.013159672614859192,1.994964469774605,0.0006907849793988562,0.23773440484102487,0.6614413283479215
0.3574,357.4,0.31962930230872977,2.3022839738458565,0.013249376642252567,1.9949751454477895,0.0006911605228652886,0.23774287018875961,0.6614640758147666
0.35745,357.45,0.32123855278139896,2.3038123433497124,0.013340286424356628,1.994984661082429,0.0006916653193364268,0.2377512523855503,0.661481033017324
0.3575,357.5,0.3203362147756685,2.3029479939162534,0.013306600265717698,1.9949887490452018,0.0006918773423996649,0.23775368016886694,0.6614682117178294
0.35765,357.65000000000003,0.32040745801490944,2.303060560218067,0.01329391340619686,1.9950162061828236,0.0006930332331803207,0.23777685482024993,0.6614698660790546
0.3577,357.70000000000005,0.321205264682662,2.303812860611474,0.013343247446463419,1.995019816793046,0.0006932470269065233,0.23778021680831005,0.661485582510693
0.35775,357.75,0.3196608814677209,2.3023454112167854,0.013274410685959786,1.995027521458159,0.0006936342981361101,0.2377853401889475,0.6614603535020102
0.35795,357.95,0.32086099231592735,2.3035135805057303,0.013330661149835018,1.9950507675957523,0.0006946773193907025,0.23780508596568978,0.6614706932596671
0.358,358.0,0.31907534689095024,2.3018239590447465,0.013244509651170293,1.9950601764636362,0.0006951338322865694,0.23781217050593118,0.6614620078632353
0.35805,358.04999999999995,0.3184528133745179,2.3012486188850803,0.013200180279851493,1.9950629261801933,0.0006952451393221546,0.23781513234886906,0.6614500137443533
0.3581,358.09999999999997,0.3199465153431436,2.3026767532801595,0.01327330699607082,1.9950701839003784,0.0006955410863241075,0.23782060785308995,0.661469038898442
0.35815,358.15000000000003,0.3212184560181877,2.303886626334057,0.01334113503605376,1.9950756363526445,0.0006958442748275941,0.237825385926792,0.6614760699336487
0.3582,358.20000000000005,0.32031986051245415,2.303024914591749,0.013307560276798887,1.9950787798117036,0.0006960079385762088,0.23782726727880082,0.661464489405073
0.35845,358.45,0.31973717339613583,2.3024949817792075,0.013280744907985864,1.9951035063581963,0.0006972007012023186,0.23784689312039203,0.6614620078632353
0.3585,358.5,0.3186698858421375,2.3014922808265403,0.013220341703727179,1.9951075029123269,0.0006973837257149419,0.23785071152535395,0.6614371924448587
0.35855,358.54999999999995,0.31960925589128647,2.3023949715585887,0.013260398927599663,1.9951107487728796,0.0006975135193738247,0.2378529640973584,0.6614491865637407
0.3586,358.59999999999997,0.3210693064873768,2.3037892541690113,0.013332526574428828,1.995116784846524,0.0006978321265060568,0.23785794448823352,0.6614558040086411
0.35865,358.65000000000003,0.3207922581617392,2.303517682679284,0.01332827948178366,1.9951179493244071,0.0006978966330416657,0.23785870332947887,0.6614500137443533
0.3587,358.70000000000005,0.31926875131621035,2.3020713411304397,0.01325761252316676,1.9951241327766203,0.0006982068075844552,0.2378634146367401,0.6614454642509843
0.35875,358.75,0.31892886321731995,2.3017584189378453,0.013232059657151652,1.9951254844234494,0.0006982668106020495,0.23786480506994886,0.6614446370703717
0.3588,358.8,0.32028977767186223,2.303062467475683,0.013294350983028919,1.9951306703133789,0.000698502498715314,0.23786863621051796,0.6614549768280286
0.35885,358.85,0.32121937880910434,2.303947014896446,0.01334244934335692,1.9951335451398124,0.0006986697724235926,0.23787117992090578,0.6614582855504788
0.3589,358.9,0.320299862354434,2.3030650429637474,0.013307655177982516,1.9951361566510457,0.0006988070169710619,0.23787278072482504,0.6614454642509843
0.35915,359.15000000000003,0.3198108074511964,2.3026147260654506,0.013285639579705258,1.9951520629034567,0.000699610771443313,0.23788518050547328,0.6614467050219031
0.3592,359.20000000000005,0.3190770956140819,2.3019238538498934,0.013244885176737959,1.9951540488003938,0.0006997081778735286,0.23788709571675806,0.6614351244933273
0.35925,359.25,0.32002740650565653,2.3028375067554,0.013284327596348705,1.995156712745329,0.0006998268434478301,0.23788891875380438,0.6614384332157776
0.3593,359.3,0.32116102639126454,2.3039208213235565,0.013338256445862227,1.9951601421082474,0.0007000181653522263,0.23789176599964376,0.6614450506606779
0.35935,359.35,0.3207272200509364,2.303500416635446,0.0133259259405802,1.995161157941443,0.0007000728748396295,0.23789237024855042,0.6614417419382277
0.3594,359.4,0.3194604717563752,2.3022951790081483,0.013268589180191644,1.9951651237897214,0.0007002778489727284,0.23789545470696913,0.6614363652642461
0.35945,359.45,0.3193819724206214,2.3022280679403164,0.013257928211595242,1.995165818377729,0.0007003099202741953,0.23789609471896211,0.6614318157708771
0.3595,359.5,0.32060111256483825,2.3033977362352336,0.013311291937667358,1.9951695247005934,0.0007004927436360186,0.23789882527127618,0.6614384332157776
0.35955,359.54999999999995,0.3212073241368317,2.3039738097989737,0.01334289080520202,1.995170901017871,0.0007005760428549332,0.23790006806238023,0.6614442234800654
0.3596,359.59999999999997,0.3202870758041964,2.303091118523881,0.013307655633693703,1.9951731041236356,0.0007006934223689983,0.23790146881834784,0.6614442234800654
0.35965,359.65000000000003,0.3193369491445899,2.3021899776877945,0.01326124223880201,1.99517554861951,0.0007008192246550736,0.2379035992745648,0.661433056541796
0.3597,359.70000000000005,0.31986037940312056,2.302696507843656,0.013279302785554796,1.9951766593439124,0.0007008682260921393,0.23790431752478153,0.6614388468060838
0.35985,359.85,0.31989347989150957,2.302725859862763,0.013290100003396041,1.995183341837326,0.0007012294386366998,0.23790936012343394,0.6614363652642461
0.3599,359.9,0.31946216242344294,2.3023203129255108,0.013265277598489441,1.9951842425674386,0.0007012759548225957,0.23791023972660746,0.6614305749999583
0.35995,359.95,0.32039022532703293,2.3032128324449057,0.013303101496227003,1.9951864165839064,0.0007013809533181755,0.23791173831439574,0.6614392603963901
0.36,360.0,0.3212132791617032,2.303999175616392,0.013341722774710735,1.9951882203506546,0.00070148627270454,0.23791326747934427,0.6614384332157776
0.36005,360.04999999999995,0.32066545350755504,2.303470503397189,0.013323599087210349,1.9951891971221913,0.0007015386725723927,0.23791384351372596,0.6614326429514896
0.3601,360.09999999999997,0.3196552545215369,2.3025080700897593,0.013278378301992863,1.9951916117467174,0.0007016670110388129,0.23791577388760515,0.6614285070484269
0.36015,360.15000000000003,0.3197919490960984,2.302644744167503,0.013278887764003017,1.9951920787243065,0.0007016886505363314,0.23791612199413859,0.6614293342290395
0.3602,360.20000000000005,0.3208470601352866,2.3036576082809437,0.01332382940439339,1.9951946371970593,0.0007018229890447555,0.23791802538056683,0.6614342973127147
0.36025,360.25,0.3211672629342604,2.3039603119616574,0.01334197010277566,1.9951952407462035,0.0007018604690648632,0.2379185763392223,0.6614351244933273
0.3603,360.3,0.32028533750601473,2.3031144394381777,0.013307818825158023,1.9951970436884017,0.0007019579587040194,0.23791977165045644,0.6614351244933273
0.36035,360.35,0.3196292484611646,2.302491833117425,0.013275627118827169,1.9951982680303704,0.0007020235335767622,0.2379208725701718,0.6614297478193457
0.3604,360.4,0.3202334642557871,2.303074989907474,0.01329778643390184,1.9951993178302545,0.0007020733702185034,0.237921546545157,0.6614297478193457
0.3606,360.59999999999997,0.3198104068139369,2.3026725534507344,0.01328211155542776,1.9952040018235795,0.0007023318608601639,0.23792516921513265,0.6614297478193457
0.36065,360.65000000000003,0.32067367892707904,2.3035027812859576,0.013316941515533249,1.9952056991645593,0.0007024190101860262,0.2379263610983941,0.6614318157708771
0.3607,360.70000000000005,0.32121405930248353,2.3040182785691163,0.013342734445346827,1.9952065563214028,0.0007024709396798535,0.23792711232841457,0.6614309885902645
0.36075,360.75,0.3206074927997579,2.303434127061817,0.01332130127138968,1.99520748716451,0.0007025213473884653,0.23792768298027211,0.6614301614096519
0.3608,360.8,0.31984701327970605,2.30270923872903,0.013287149437909658,1.9952088509637285,0.0007025957734770947,0.23792881145534506,0.661427266277508
0.36085,360.85,0.3201393257783762,2.302993765988574,0.013295387004599847,1.9952092825824062,0.0007026162083260283,0.23792908549418224,0.6614285070484269
0.3609,360.9,0.3210105792343663,2.3038301002789887,0.013332062606738804,1.9952109461625682,0.0007027078025994487,0.23793034762404347,0.6614301614096519
0.36095,360.95,0.3210960980681636,2.3039083318343625,0.013339642186131375,1.9952112213979831,0.0007027246343544668,0.23793058141538886,0.6614223031938328
0.361,361.0,0.3202935546447594,2.303138758761601,0.013308140715484359,1.9952126130385024,0.0007028009107225793,0.23793154452352072,0.6614231303744453
0.36115,361.15000000000003,0.3211787545730212,2.303994279000555,0.013340476923293517,1.9952151296399792,0.0007029388511202783,0.2379335211562914,0.6614285070484269
0.3612,361.20000000000005,0.3208457174929223,2.3036715464477093,0.01333059873342437,1.995215533852545,0.0007029607396164936,0.2379337574829922,0.661433056541796
0.36125,361.25,0.3200819448369441,2.302941286102035,0.01329842024402167,1.9952167969824508,0.0007030304574355008,0.2379347306575757,0.6614314021805708
0.3613,361.3,0.32010478295369965,2.302967270996485,0.013295501476241556,1.9952170137227976,0.000703041553332755,0.2379349043286596,0.6614322293611834
0.36135,361.35,0.32086492370920355,2.303698075675698,0.013326143997125832,1.9952182526832019,0.0007031081452542587,0.23793579659703862,0.6614326429514896
0.3614,361.4,0.3211629751455738,2.30398121198463,0.013341447725369125,1.9952186182374316,0.0007031308605911964,0.23793612783444734,0.6614318157708771
0.36145,361.45,0.32055273081917374,2.303394301869966,0.01331898919011545,1.9952194479373886,0.0007031763018536335,0.23793666309880035,0.6614334701321022
0.3615,361.5,0.3200230775161727,2.3028896908885503,0.013294687577838925,1.9952201488404926,0.0007032155032871838,0.23793726786715205,0.6614297478193457
0.36155,361.54999999999995,0.3204079037223878,2.3032620507539256,0.013307615621572148,1.995220588574063,0.0007032372005580664,0.23793753992313824,0.6614342973127147
0.3619,361.9,0.32074857853689337,2.3035879538824595,0.013326722390269854,1.995224691479485,0.0007034663276724129,0.23794059011837881,0.6614396739866963
0.36195,361.95,0.32016944575151707,2.3030345031383463,0.013301820792519781,1.9952254299479655,0.0007035077093623656,0.23794118346344664,0.661442155528534
0.362,362.0,0.32032970683038725,2.303191387492275,0.013305389413561252,1.9952256126577463,0.0007035167775745149,0.23794130156698987,0.6614388468060838
0.36205,362.04999999999995,0.3209607349688679,2.303797608206318,0.013331077652976468,1.9952264465256038,0.0007035631053604928,0.2379419209016104,0.6614388468060838
0.3621,362.09999999999997,0.3210658960341082,2.3038958506996132,0.013338158760684296,1.9952265994927805,0.0007035725388637404,0.2379420559864558,0.6614409147576151
0.36215,362.15000000000003,0.3204977923386075,2.3033500972017857,0.013316524642546452,1.9952272776543059,0.0007036099965158298,0.2379425163424436,0.6614396739866963
0.3622,362.20000000000005,0.32016785754699845,2.303036423703459,0.013300606252062032,1.9952276017551978,0.0007036285052231475,0.23794280953737332,0.6614359516739399
0.36225,362.25,0.320587034507186,2.303440946841455,0.013315703687199427,1.995228023480447,0.0007036501235451828,0.23794307891212127,0.6614363652642461
0.3623,362.3,0.32107988176095,2.303913104503178,0.013336971325451403,1.9952285691395617,0.0007036820679896744,0.23794352156011359,0.6614318157708771
0.36235,362.35,0.3208745600181726,2.3037135625300924,0.013331380908930936,1.9952287486775606,0.0007036917772172137,0.23794362750399634,0.6614318157708771
0.3626,362.59999999999997,0.3206427924952969,2.303492912966278,0.013322343642625608,1.995230718370421,0.0007038013251477442,0.2379450794557197,0.6614177537004637
0.36265,362.65,0.32023434866427797,2.3031030803670034,0.013304148484235463,1.9952311117813344,0.0007038236561342572,0.2379454109042296,0.6614123770264821
0.3627,362.70000000000005,0.3204739805821316,2.303335352639711,0.013311706063281014,1.9952313001561373,0.0007038331005513766,0.23794552558450827,0.6614127906167884
0.36275,362.75,0.320965602470959,2.303807054839374,0.013332167824980253,1.995231812708843,0.0007038622254221542,0.23794592054852126,0.6614189944713825
0.36285,362.85,0.3204362027204424,2.303296790516473,0.013313660529059915,1.995232407281606,0.0007038953592698744,0.23794634563490102,0.6614202352423013
0.3629,362.9,0.3202662146105112,2.3031361248591775,0.013304483797989495,1.9952325449408632,0.0007039032924917494,0.23794647471844269,0.6614177537004637
0.36295,362.95,0.3206727772628439,2.3035277396691183,0.01331981506845837,1.9952329089508458,0.000703922467669144,0.23794671763818886,0.6614202352423013
0.363,363.0,0.32099918941854566,2.3038397186159827,0.01333453125740748,1.9952331758010162,0.0007039383705057968,0.23794694474461028,0.6614223031938328
0.36305,363.05,0.32073274725167195,2.3035822718584233,0.01332573916463216,1.9952333686609094,0.0007039487119369854,0.23794705995939858,0.6614223031938328
0.36325,363.25,0.32092214027333577,2.3037660353625475,0.01333240091801826,1.9952343456621968,0.0007040031963776394,0.23794781007309707,0.6614173401101574
0.3633,363.3,0.32052568546673216,2.3033849956268786,0.013317340668932694,1.9952346818700755,0.0007040215841524057,0.23794803626964917,0.6614185808810763
0.36335,363.35,0.3202626696561573,2.303134591791295,0.013304930378997984,1.995234872468172,0.0007040325019100916,0.23794820547037152,0.6614165129295448
0.3634,363.4,0.3205324023172442,2.3033950021224463,0.01331444744151593,1.9952350576187556,0.0007040419677626428,0.23794832161865712,0.6614189944713825
0.36345,363.45,0.32088930255281944,2.3037367895171754,0.013329862444984174,1.9952353431087646,0.0007040584105140981,0.23794855147996424,0.6614185808810763
0.3635,363.5,0.320764804711772,2.303615519331015,0.01332672159033431,1.9952354254649765,0.0007040628048456871,0.23794860117519456,0.6614198216519951
0.36355,363.55,0.3203593105760968,2.303227052893698,0.01331006169348221,1.9952357736995772,0.0007040821113389779,0.23794886158324205,0.6614160993392386
0.36365,363.65,0.32066772029583906,2.3035257101539597,0.013320175723679748,1.9952361165141532,0.000704100615718318,0.23794911334249275,0.6614136177974009
0.3637,363.70000000000005,0.32085671737410276,2.3037055878709998,0.01332941855373568,1.995236232882671,0.000704107611635395,0.23794921773955063,0.6614127906167884
0.36375,363.75,0.32057277386149285,2.3034321260279094,0.013319136970285833,1.9952364226864503,0.0007041177738799474,0.2379493377878915,0.6614156857489323
0.36395,363.95,0.32074044610853863,2.3035941626309384,0.013325410407256991,1.995237026655885,0.0007041511317144997,0.2379498034726906,0.6614156857489323
0.364,364.0,0.3203923457294742,2.303260253592064,0.013311494425613642,1.9952372876180855,0.0007041653430082105,0.23794998852462163,0.661415272158626
0.36405,364.05,0.32024307966425586,2.303118831559339,0.0133037408906517,1.995237373133473,0.0007041702454089522,0.2379500682674301,0.6614144449780135
0.3641,364.09999999999997,0.3205059825498087,2.3033719491015656,0.01331369682772621,1.9952375352350766,0.0007041786307771005,0.23795017504498817,0.6614156857489323
0.36415,364.15,0.32074432088387456,2.303599546658517,0.013324589233494749,1.9952376784493324,0.0007041869237527342,0.23795029646725205,0.6614148585683197
0.3642,364.20000000000005,0.3205729740810051,2.3034339531618855,0.013318930265889343,1.995237768058069,0.0007041916000353214,0.2379503500807386,0.661415272158626
0.36425,364.25,0.32025798532474004,2.3031327818245577,0.013305347122156948,1.995237989928571,0.0007042038306523602,0.23795052416336893,0.6614123770264821
0.3643,364.3,0.3202807887894335,2.3031562360749636,0.013304734805970086,1.9952380264624492,0.0007042057384953505,0.23795055196964782,0.6614144449780135
0.36445,364.45,0.3203936127118579,2.3032627541451456,0.013311475305569857,1.995238438489313,0.0007042280590449717,0.23795085191953325,0.6614202352423013
0.3645,364.5,0.32018499011232116,2.3030641529218414,0.013301577553913339,1.9952385554559864,0.0007042346144777276,0.23795095438984132,0.6614206488326076
0.36455,364.55,0.3203450868451246,2.303218735119947,0.013307171769921721,1.9952386313084862,0.0007042383961657206,0.23795100151049478,0.6614177537004637
0.3646,364.59999999999997,0.3205953751501461,2.3034580845953547,0.013318265448277883,1.9952387778802925,0.0007042465553589395,0.23795111925334278,0.66141816729077
0.36465,364.65,0.3205255064824638,2.3033898153917765,0.013316705625867734,1.9952388155405874,0.0007042485130883386,0.23795114292603567,0.6614210624229139
0.3647,364.70000000000005,0.32023694784462486,2.3031136403684385,0.013304519478574585,1.9952390027842688,0.0007042585970549961,0.2379512824828005,0.6614185808810763
0.36475,364.75,0.3201685606931398,2.3030495695120923,0.013300243402007349,1.995239040827486,0.0007042607362748732,0.23795131861758978,0.66141816729077
0.3648,364.8,0.32040102649958957,2.303272799784414,0.013309611830467869,1.9952391670987075,0.0007042672719823772,0.23795140602228038,0.6614198216519951
0.36485,364.85,0.3205436302677014,2.3034083680967705,0.013316715864482659,1.9952392318809022,0.0007042710099193364,0.23795146414930682,0.6614185808810763
0.3649,364.9,0.32035793348450037,2.3032296757109614,0.013309806684689786,1.995239322375962,0.0007042756752575165,0.23795152135031053,0.6614189944713825
0.36515,365.15,0.32019292945515193,2.3030723779646247,0.01330257075241682,1.9952397686244572,0.0007042994377331488,0.23795186111095987,0.6614115498458696
0.3652,365.20000000000005,0.3200611467140316,2.3029474562604944,0.01329577116449144,1.9952398267966625,0.0007043026608484044,0.23795191485518177,0.6614115498458696
0.36525,365.25,0.3202169757266839,2.3030973423528964,0.013301782997662936,1.9952398924136667,0.0007043059140661044,0.23795195755485204,0.6614123770264821
0.3653,365.3,0.32038640324313994,2.303258809479374,0.013309823702251805,1.9952399684687976,0.0007043101091184698,0.23795202198038248,0.661410722665257
0.36535,365.35,0.3202831702606015,2.3031590628548075,0.01330637964318836,1.9952400087349556,0.0007043121175325694,0.23795204631740569,0.661410722665257
0.3654,365.4,0.3200543590966077,2.3029406602932907,0.013296104548007538,1.995240135446009,0.0007043188146864958,0.23795214540668805,0.6614115498458696
0.36545,365.45,0.3200370724419237,2.3029252933550812,0.013294205045862864,1.9952401546212966,0.0007043198364853134,0.23795216265201968,0.6614136177974009
0.3655,365.5,0.3202275597509792,2.303107686330976,0.013302392506562953,1.9952402431524003,0.0007043243686095473,0.237952226960165,0.661410722665257
0.36555,365.55,0.3202991892549327,2.3031752155186824,0.013306521706602339,1.995240270465428,0.0007043259137758713,0.23795225255846914,0.6614103090749507
0.3656,365.59999999999997,0.3201207332286192,2.3030041058090447,0.013299262042877217,1.995240352892535,0.0007043300842609476,0.23795230791318964,0.6614065867621942
0.36585,365.85,0.31996846006889945,2.3028592151044216,0.013292190424065679,1.9952406482296992,0.0007043453540038896,0.23795253729244786,0.6614074139428068
0.3659,365.9,0.3198899797123857,2.3027852859504554,0.013287669623428122,1.9952406770436664,0.0007043469140490076,0.23795256518670765,0.6614036916300503
0.36595,365.95,0.32002582149379233,2.302915485487118,0.01329336464016942,1.9952407273297688,0.0007043493655417859,0.23795259959025247,0.6614053459912754
0.366,366.0,0.32013147914873313,2.303015691655721,0.013298854343278202,1.995240763553986,0.0007043513255982455,0.23795263208975675,0.6614078275331131
0.36605,366.05,0.3200175320286023,2.3029062204669333,0.01329442161177654,1.995240804729504,0.0007043533238450854,0.23795265816658595,0.6614082411234193
0.3661,366.09999999999997,0.31984150297982195,2.3027387514853386,0.01328594879045994,1.9952408876450771,0.0007043575862049334,0.23795272610074053,0.6614057595815817
0.3662,366.20000000000005,0.31999761515454267,2.302888641098872,0.013292243204942168,1.995240956032016,0.0007043609999163716,0.23795277874110538,0.661401623678519
0.36625,366.25,0.3200212703102728,2.3029103678130025,0.01329418454342774,1.9952409682647572,0.000704361652918351,0.23795278988340876,0.6614020372688252
0.3663,366.3,0.3198619745211108,2.3027581895785985,0.013287139597361297,1.995241037426277,0.0007043650509753878,0.23795283899797282,0.661401623678519
0.3665,366.5,0.31988286135759125,2.302778401304716,0.013287942635865036,1.9952411591765347,0.0007043711311861265,0.2379529366716156,0.6614024508591314
0.36655,366.55,0.3197192543987959,2.302622729338532,0.01328008544968822,1.9952412332693885,0.0007043747868588327,0.23795299457717517,0.6613999693172938
0.3666,366.59999999999997,0.3196737873775086,2.302580279990958,0.013277083624030635,1.995241248318189,0.0007043755710334645,0.2379530096573005,0.6613999693172938
0.36665,366.65,0.31978266146121764,2.302684234403484,0.013282039395446737,1.9952412827645996,0.0007043772001349098,0.23795303437824541,0.6613999693172938
0.3667,366.70000000000005,0.3198420597219647,2.3027401535642213,0.01328553555347086,1.9952412989597028,0.0007043780477120197,0.23795304971342265,0.6614007964979064
0.36675,366.75,0.31973184761416523,2.302634777530999,0.013280739715478442,1.995241337370267,0.000704379847909479,0.23795307553766545,0.661401623678519
0.3668,366.8,0.3195981635361923,2.3025081051860483,0.013273784814016542,1.995241391480037,0.0007043825233467107,0.2379531218900195,0.661401623678519
0.36685,366.85,0.3196177163459532,2.302527425378466,0.013274025939949616,1.9952413996083542,0.000704382897513047,0.23795312799572899,0.6614003829076001
0.3669,366.9,0.3197237826366657,2.3026282157035265,0.013279336718644442,1.9952414327935968,0.0007043844987991952,0.23795315451100807,0.6614012100882126
0.36715,367.15,0.31963864806382836,2.302547201195305,0.013275346491597938,1.9952415566233295,0.0007043904067686184,0.23795325438076845,0.6614041052203565
0.3672,367.20000000000005,0.3195769623403167,2.3024880526592435,0.013272826831453088,1.9952415733955366,0.0007043911511846002,0.2379532650630979,0.6614045188106629
0.36725,367.25,0.31944647156897854,2.3023644306683293,0.013266013840755448,1.9952416266377841,0.0007043936551747177,0.23795330854912408,0.661401623678519
0.3673,367.3,0.31941840988334846,2.302338505645333,0.013263886305648816,1.9952416353267188,0.0007043940848033721,0.23795331751279222,0.6614012100882126
0.36735,367.35,0.3194994931298874,2.302415584233257,0.013267913154644316,1.995241656542761,0.0007043950432248471,0.23795333343209152,0.6614036916300503
0.3674,367.4,0.3195281367818723,2.3024421993198207,0.013269949282716825,1.9952416637427781,0.0007043953988546126,0.23795334043840213,0.661406173171888
0.36745,367.45,0.319429468028437,2.30234833000366,0.013265184595736371,1.9952416969854672,0.0007043968828095771,0.23795336408969103,0.6614070003525006
0.3678,367.8,0.3192712513483043,2.3021997854179417,0.013255653937795294,1.9952418321798817,0.0007044030120677917,0.23795347689518412,0.6614119634361758
0.36785,367.85,0.3193171869442015,2.3022428654137905,0.013258519292386117,1.9952418414928974,0.0007044034448185796,0.23795348567496669,0.6614156857489323
0.3679,367.9,0.3192574511614411,2.3021859694212763,0.013255695775137903,1.995241857102045,0.0007044040981740206,0.237953496166974,0.6614127906167884
0.36795,367.95,0.3191536246403653,2.3020881317678596,0.013249747645097055,1.9952418960865204,0.0007044058181422243,0.2379535293399405,0.6614115498458696
0.368,368.0,0.31913220813422233,2.3020684872671002,0.013247981651281587,1.9952419018255318,0.0007044060845364811,0.23795353550134593,0.6614103090749507
0.36805,368.05,0.3191882561170374,2.3021214893933784,0.01325103967885081,1.9952419134933768,0.000704406578615851,0.23795354461309057,0.6614140313877072
0.3681,368.09999999999997,0.3191984479962661,2.302130646655274,0.013252077978382813,1.9952419170143947,0.0007044067364906386,0.23795354792158158,0.6614165129295448
0.36815,368.15,0.31911450576365913,2.3020512467443437,0.013247564160083462,1.9952419443549345,0.0007044078788381791,0.23795356841052234,0.661415272158626
0.3683,368.3,0.319092167071063,2.302030901538275,0.0132456108421282,1.9952419828262913,0.0007044095412174032,0.23795360324727355,0.6614156857489323
0.36835,368.35,0.31906716446054656,2.302006909479862,0.01324460597383057,1.995241988292397,0.0007044097553263551,0.2379536068414061,0.6614185808810763
0.3684,368.4,0.3189761641781595,2.3019212846475403,0.013239264839741468,1.9952420212219122,0.0007044111148486194,0.2379536337763419,0.6614148585683197
0.3686,368.59999999999997,0.3189297292830977,2.3018777886592434,0.013236362751677866,1.9952420565643767,0.000704412560723697,0.23795366414173805,0.6614185808810763
0.36865,368.65,0.3188463391417448,2.301799730571867,0.013231061732434359,1.9952420863644844,0.0007044137690053242,0.23795369048381265,0.6614169265198512
0.3687,368.70000000000005,0.3188250032687784,2.3017801971237226,0.013229264147822141,1.995242091000883,0.000704413967600807,0.2379536956946193,0.6614123770264821
0.36875,368.75,0.31886021954969346,2.30181329761521,0.013231385667896617,1.9952420965136315,0.0007044141810565075,0.23795370013733438,0.6614127906167884
0.3688,368.8,0.3188608215066142,2.301813491271691,0.013231796072632347,1.9952420985369108,0.0007044142603449012,0.2379537018660073,0.6614123770264821
0.36885,368.85,0.3187920983396356,2.3017489456410742,0.01322764112112976,1.995242120273294,0.0007044150917180189,0.23795371896722745,0.6614111362555632
0.3689,368.9,0.31872600099311893,2.301687435298641,0.013223076001134105,1.9952421413021901,0.000704415926816218,0.23795373905866954,0.6614090683040319
0.36895,368.95,0.3187272873438829,2.30168902408011,0.013222775393728741,1.995242143055064,0.0007044159954765087,0.2379537408241807,0.6614086547137256
0.369,369.0,0.3187557298836926,2.3017155213329064,0.01322472482484007,1.995242147041089,0.0007044161499254838,0.23795374446411785,0.6614247847356703
0.36905,369.05,0.3187317717629812,2.301692773079795,0.013223519772029693,1.9952421516879535,0.0007044163146970447,0.2379537476088113,0.6614160993392386
0.36925,369.25,0.3186425085737764,2.301609860635465,0.01321721148889763,1.995242192569867,0.0007044178573231926,0.23795378480930454,0.6614127906167884
0.3693,369.3,0.31859960373126356,2.3015696227042644,0.013214555603417872,1.9952422032162371,0.0007044182287890339,0.23795379280674903,0.6614148585683197
0.36935,369.35,0.31853176966231317,2.3015066693106685,0.013209699887238682,1.9952422272810044,0.0007044191011285932,0.23795381487169734,0.6614103090749507
0.3694,369.40000000000003,0.3185071554508082,2.3014841927293395,0.013207567428088336,1.995242232256871,0.0007044192905795305,0.237953820577654,0.6614086547137256
0.36955,369.55,0.31846825137469503,2.3014477758715226,0.013205100878298954,1.9952422522306956,0.0007044199688649138,0.23795383698454198,0.6614185808810763
0.3696,369.59999999999997,0.3184118932424364,2.3013958208880965,0.013200716974269196,1.9952422708073996,0.0007044206186424398,0.23795385525606078,0.6613693636346294
0.36965,369.65,0.318403083587547,2.301388006137896,0.01319972384130924,1.9952422725141412,0.0007044206815207401,0.23795385737968422,0.6613830121147365
0.3699,369.90000000000003,0.3182991597754386,2.301292294269629,0.013191551070125627,1.9952423104050812,0.0007044219279464941,0.23795389274265444,0.661454149647416
0.36995,369.95,0.31830550753216014,2.3012980020546867,0.013192191656527779,1.9952423110000266,0.0007044219472587241,0.23795389334288944,0.6615740908362362
0.37,370.0,0.31827308546059063,2.301267926537005,0.013189853075153262,1.9952423187325317,0.000704422181021152,0.2379538994813648,0.6614665573566043
0.37005,370.05,0.31821779436982733,2.3012172070692447,0.013185302422461789,1.995242339050497,0.0007044228139663697,0.23795391884498907,0.6614289206387332
0.37025,370.25,0.318149271976765,2.3011545485234013,0.013179459359580783,1.995242359212077,0.0007044234174364262,0.23795393814466456,0.6614405011673089
0.3703,370.3,0.3181004380537993,2.301110115950587,0.013175076292728561,1.9952423769554861,0.0007044239391907764,0.23795395617595308,0.6613371035907398
0.37035,370.35,0.3180823247383205,2.3010939022383767,0.013173180206817611,1.9952423803646127,0.0007044240432753047,0.23795396040275987,0.6614173401101574
0.37055,370.55,0.3179879221980455,2.3010081253261347,0.0131645875014866,1.9952424123847734,0.0007044249142933643,0.23795399200253295,0.6614930271362061
0.3706,370.59999999999997,0.3179772223713013,2.300998688968456,0.013163325663598973,1.9952424139682823,0.0007044249598227526,0.23795399413864585,0.6614897184137558
0.37065,370.65,0.31797784918998684,2.3009992154629773,0.013163426061715177,1.9952424140406602,0.000704424961487301,0.23795399418785187,0.6616299255275836
0.3707,370.7,0.3179556976628008,2.3009789881191716,0.013161506919833508,1.9952424189568954,0.0007044250824744388,0.23795399834969683,0.6615149474224387
0.37075,370.75,0.317911942229554,2.300939521872076,0.013157235329638849,1.9952424361050851,0.0007044255130399826,0.23795401549070533,0.6614553904183349
0.3708,370.8,0.31787934409840357,2.3009104455678475,0.013153724170185297,1.9952424464974523,0.0007044257761965703,0.2379540274559128,0.6614756563433424
0.3711,371.09999999999997,0.3177683882585438,2.300811642808401,0.013141606209385452,1.9952424807945002,0.0007044265618333064,0.23795406442208444,0.661512465880601
0.37115,371.15,0.3177589818059578,2.3008031556773227,0.013140688160576067,1.9952424820412404,0.000704426586743177,0.2379540654760565,0.6615190833255015
0.3712,371.2,0.31772841373794114,2.3007759283262144,0.01313735848886255,1.9952424928548889,0.0007044268074757469,0.23795407628603976,0.6615145338321324
0.37125,371.25,0.3176910605666442,2.3007430394312838,0.013132910882205674,1.9952425091751145,0.0007044271384646677,0.23795409477924795,0.661512465880601
0.3713,371.3,0.3176702480124549,2.3007249549388304,0.01313018868901742,1.9952425149198767,0.0007044272548212878,0.23795410220976945,0.6615145338321324
0.37135,371.35,0.31766439154033055,2.300719884901613,0.013129402730464567,1.9952425153861857,0.0007044272642217039,0.23795410285341467,0.6615137066515199
0.3714,371.40000000000003,0.3176508501014892,2.300707860991011,0.013127887884165815,1.9952425180188362,0.0007044273110249987,0.23795410534493658,0.6615186697351951
0.37145,371.45,0.31761941207959804,2.300680271349496,0.013124052814188481,1.9952425310829027,0.0007044275433116011,0.23795411938857036,0.6615161881933576
0.37195,371.95,0.3174100463187356,2.3005013094241265,0.01309373417395772,1.9952426149700073,0.000704428748008062,0.23795422284815831,0.661515361012745
0.372,372.0,0.3173817722781401,2.300477910713674,0.01308887494105865,1.9952426308771867,0.0007044289159220902,0.23795424499550896,0.6615120522902947
0.37205,372.05,0.31736507808672115,2.3004642969576,0.013085800600216897,1.9952426369031515,0.0007044289753310178,0.237954254126322,0.6615128794709073
0.3721,372.09999999999997,0.31735390647316625,2.3004551233479287,0.013083805321325206,1.9952426396002745,0.0007044289994720265,0.23795425785266455,0.6615116386999884
0.3722,372.2,0.317306887172984,2.3004167475307544,0.013075189376910785,1.9952426668958558,0.0007044292052048447,0.23795429513366326,0.6615132930612135
0.37225,372.25,0.3172786788402593,2.300394382722904,0.013069366520577564,1.9952426874051539,0.0007044293327543067,0.2379543268278316,0.6615137066515199
0.3723,372.3,0.31725909726196366,2.3003791944506684,0.013064984128075493,1.995242698244254,0.0007044293890385188,0.23795434499879892,0.661510811519376
0.3726,372.59999999999997,0.3169961797270787,2.30021649010379,0.012966013229207067,1.9952439375343765,0.0007044295959898377,0.23795713706198196,0.6615103979290696
0.37265,372.65,0.3168205774062157,2.300121633227274,0.012887829658941757,1.9952464935758116,0.0007044295961469016,0.23796296955069612,0.6615091571581508
0.3727,372.7,0.31653918453718877,2.299971490555416,0.012763174836588719,1.995253074235838,0.0007044295961880994,0.23797768429486468,0.661505021255088
0.37275,372.75,0.316121599579738,2.299749808633134,0.012581832083083142,1.9952676035384673,0.0007044295962010732,0.2380086633043704,0.6614934407265123
0.373,373.0,0.31107104020701437,2.2970015930218564,0.01078527458994667,1.9957727590472703,0.0007044295962091934,0.23863942272050218,0.6614111362555632
0.37305,373.05,0.3093346973215254,2.2960308272941097,0.01030191512813556,1.9960547586524926,0.0007044295962093081,0.2388575134225287,0.6614049324009691
0.3731,373.09999999999997,0.3073285113625361,2.294900481490654,0.0098047059963415,1.9964331589348916,0.0007044295962093724,0.2390882547782605,0.6614198216519951
0.37325,373.25,0.2996378471026558,2.290537366438469,0.008320520175069374,1.9982758368884384,0.0007044295962094488,0.2397736877234801,0.661488477642837
0.3733,373.3,0.2965085998052097,2.2887634312297442,0.007847606823450643,1.9991580268703737,0.0007044295962094586,0.23998244289272758,0.6614909591846746
0.37335,373.35,0.29309660779278884,2.2868351477384254,0.007390824602140678,2.000184758407891,0.0007044295962094641,0.24017720520746683,0.6615306638540772
0.3734,373.40000000000003,0.2894044263632736,2.284757107433492,0.0069514586962768415,2.0013593534290814,0.0007044295962094685,0.24035740274452105,0.6615405900214278
0.37345,373.45,0.28543630464439507,2.2825345834446717,0.006530043715203,2.0026833704015616,0.0007044295962094716,0.24052317927251074,0.6615645782591919
0.3735,373.5,0.28119823999288734,2.2801734844120576,0.0061266137989613376,2.0041567541740224,0.0007044295962094733,0.24067510947751394,0.661578226739299
0.37355,373.55,0.2766980448042926,2.2776803565316297,0.0057408855089193305,2.005777954301083,0.0007044295962094743,0.24081400049815746,0.6615343861668337
0.3738,373.8,0.25067357300585064,2.2635133068590445,0.004058786323696754,2.015952746668564,0.0007044295962094785,0.24134457356974331,0.6614529088764972
0.37385,373.85,0.24487362052575445,2.2604067816515303,0.0037674568252848047,2.018354765212852,0.0007044295962094785,0.2414238034238408,0.6614251983259767
0.3739,373.90000000000003,0.2389211238171437,2.257235818263813,0.0034898314935327846,2.0208586012505587,0.000704429596209479,0.24149575492788933,0.6614946814974312
0.37395,373.95,0.2328394589040633,2.254013747647946,0.0032254134490851474,2.0234537122344256,0.0007044295962094792,0.24156102379038424,0.6614574583698662
0.374,374.0,0.22665365009629493,2.2507548882764707,0.0029737451418859967,2.0261289342368256,0.0007044295962094796,0.24162015048227414,0.6614553904183349
0.37405,374.05,0.22039018524455348,2.2474745310015125,0.0027344064924399226,2.028872649688636,0.00070442959620948,0.24167362605149129,0.6614979902198813
0.3741,374.09999999999997,0.21407679907339242,2.244188905816868,0.0025070121418082894,2.0316729680525056,0.0007044295962094807,0.24172189778936706,0.6612204711243698
0.37415,374.15,0.20774222920616964,2.240915130125675,0.002291208288998389,2.0345179148993355,0.0007044295962094809,0.24176537448798313,0.6615298366734647
0.3742,374.2,0.2014159508015818,2.2376711385226535,0.0020866694542284047,2.037395623809166,0.0007044295962094814,0.24180443114837516,0.66122377984682
0.37425,374.25,0.195127895446267,2.2344755945075203,0.001893095342567049,2.040294526055519,0.0007044295962094819,0.24183941313154797,0.6610393185702207
0.3743,374.3,0.18890816130395766,2.2313477849143033,0.0017102079742306218,2.0432035320098048,0.0007044295962094821,0.24187063973257983,0.6611708402876166
0.37435,374.35,0.1827867205443134,2.228307498203324,0.0015377491233488209,2.046112199440186,0.0007044295962094821,0.2418984072441119,0.6612804417187799
0.3746,374.59999999999997,0.15465853337920765,2.215128415382664,0.0008239808010059756,2.0603474394551404,0.0007044295962094821,0.24199441456681514,0.6614545632377223
0.37465,374.65,0.14971417458367725,2.213038264711771,0.0007095444485972497,2.063087198997305,0.0007044295962094821,0.2420066436583258,0.6604826260179725
0.3747,374.7,0.14505164891595002,2.2111753672631504,0.0006041414686251373,2.065781413862054,0.0007044295962094821,0.24201701903286302,0.6614706932596671
0.37475,374.75,0.14069067703207108,2.2095577847677883,0.0005076207520756978,2.068428273832094,0.0007044295962094821,0.2420257202351314,0.6607452558624581
0.3748,374.8,0.13664882477584314,2.2082025616632235,0.0004198423242953495,2.071027117359661,0.0007044295962094821,0.24203291747221226,0.6616675622454548
0.37495,374.95,0.12657893055194652,2.2058625525859052,0.00020772962077864244,2.078544875655287,0.0007044295962094821,0.24204706462799375,0.661386734427493
0.375,375.0,0.1239423288816803,2.2057007913427586,0.00015374612183318082,2.0809657298588298,0.0007044295962094821,0.24204978986138193,0.6619897490940441
0.37505,375.05,0.12167685544318778,2.205865378450561,0.00010797495855038954,2.083350017280762,0.0007044295962094821,0.24205175039104515,0.6614388468060838
0.37525,375.25,0.11634443452790054,2.2099046069521395,5.742913050218826e-6,2.0926194318921496,0.0007044295962094821,0.24205451027526562,0.6613453753968653
0.3753,375.3,0.11592614359567627,2.211769630297419,1.7080862630303443e-7,2.0948971740316322,0.0007044295962094821,0.2420545441639759,0.6616369565627902
0.37535,375.35,0.1158582378244126,2.213972504680858,2.5331014879019045e-6,2.0971703164687656,0.0007044295962094821,0.2420545542560723,0.6612978125116435
0.3754,375.40000000000003,0.11612895035761628,2.2165068124518776,1.2811124222148675e-5,2.099444189626143,0.0007044295962094821,0.24205465771512924,0.6615840170035868
0.37545,375.45,0.11672444393258986,2.219363613103163,3.0989193042278754e-5,2.101723674457724,0.0007044295962094821,0.24205497097245185,0.6612903678861305
0.3755,375.5,0.11762898606500663,2.222531428159972,5.70515752852942e-5,2.1040130091258784,0.0007044295962094821,0.24205560976163043,0.661599319844919
0.37585,375.85,0.1310007624224074,2.2519287223472833,0.0004567933895991927,2.1204382459003672,0.0007044295962094821,0.2420784796062033,0.6617080940954698
0.3759,375.90000000000003,0.13366251018637249,2.256877975855711,0.0005437163946944651,2.1228126675947108,0.0007044295962094821,0.24208553530265758,0.6621895132119757
0.37595,375.95,0.136447395392445,2.2619286499254376,0.0006374620580866221,2.125172193915451,0.0007044295962094821,0.24209374110815948,0.6616894825316874
0.376,376.0,0.1393348779018568,2.2670479443082487,0.0007376530405532589,2.1275041873994933,0.0007044295962094821,0.24210311314334532,0.6619008271781947
0.37605,376.05,0.1423052142292589,2.272201964114426,0.0008438186797374787,2.129794025994572,0.0007044295962094821,0.24211363541014697,0.661286645573374
0.3761,376.09999999999997,0.14533947696714286,2.2773560523128684,0.0009553828579483245,2.1320254040141977,0.0007044295962094821,0.2421252542087432,0.6609421248482457
0.37635,376.35,0.16084479527507678,2.3019111274510062,0.0015655232525098475,2.141685231686292,0.0007044295962094821,0.2421948033429787,0.6574059277295815
0.3764,376.40000000000003,0.16388751380907662,2.306346411574021,0.0016905296388656133,2.1432027890742065,0.0007044295962094821,0.242209388303109,0.6549090830505901
0.37645,376.45,0.16686587610955012,2.3105531145374463,0.0018135177283508234,2.144554103710682,0.0007044295962094821,0.24222350655083666,0.657195823853993
0.3766,376.59999999999997,0.1751909429305166,2.321567472198102,0.002156059310152004,2.1475858995632784,0.0007044295962094821,0.2422600768596389,0.6586103027014587
0.37665,376.65,0.17768243674358808,2.3246429140730847,0.0022568342176971477,2.1482706130561606,0.0007044295962094821,0.24226956062304938,0.6657993294051571
0.3767,376.7,0.17999112420003724,2.327399461830412,0.0023488761948379216,2.148810507420853,0.0007044295962094821,0.2422774742204789,0.6660706446460745
0.37675,376.75,0.1820934921194056,2.3298305108674673,0.002431235560718135,2.1492215415738833,0.0007044295962094821,0.24228381299284357,0.6743056412343461
0.3771,377.09999999999997,0.18970885694731465,2.3379558944534073,0.0027102950221746715,2.150010606476295,0.0007044295962094821,0.2422971412984431,0.6855358588206724
0.37715,377.15,0.18972664853137164,2.337972934398086,0.002711330699251385,2.1500108905082747,0.0007044295962094821,0.24229714713312353,0.6856508369258172
0.3772,377.2,0.18949934192058354,2.337754492786672,0.0027049864665718956,2.150013411233733,0.0007044295962094821,0.24229718837253375,0.6856545592385737
0.37725,377.25,0.18904528909215204,2.337322055784104,0.002692291626046726,2.1500223320659995,0.0007044295962094819,0.24229734143102155,0.6856417379390791
0.3773,377.3,0.18838611983063266,2.3366984318120188,0.0026742905241417883,2.150039875949806,0.0007044295962094821,0.24229764565101422,0.6861392870775298
0.37735,377.35,0.18754616747817007,2.335907561571555,0.00265201294847869,2.15006668002119,0.0007044295962094821,0.24229810996331813,0.68549946287372
0.3774,377.40000000000003,0.18655192082332048,2.334974354821838,0.0026264513360438582,2.1501021577040857,0.0007044295962094821,0.24229872041198144,0.686145490932124
0.37785,377.85,0.17554677591101117,2.3246013472566416,0.0023815638859709942,2.1504894013047284,0.0007044295962094821,0.24230501684450956,0.68618147328877
0.3779,377.90000000000003,0.1746513137620306,2.3237423489055153,0.0023639695161163142,2.1505082704430962,0.0007044295962094821,0.24230530667780936,0.6863824781776203
0.37795,377.95,0.17392875073402114,2.323045762412938,0.0023499759214546416,2.150520253199731,0.0007044295962094821,0.24230549055545222,0.68612481141681
0.378,378.0,0.17340604911495888,2.322539272411379,0.0023399354857510024,2.1505264242862348,0.0007044295962094821,0.2423055859679336,0.6862410302928738
0.37805,378.05,0.17310900957025052,2.322250018208644,0.0023341840548950165,2.150528458164573,0.0007044295962094821,0.2423056183839749,0.685877898003963
0.3781,378.09999999999997,0.1730621238046072,2.3222044403745006,0.002333047796843174,2.150528629835087,0.0007044295962094821,0.2423056213638759,0.6859242201182659
0.37815,378.15,0.17328842147160697,2.3224281185615254,0.002336849875322424,2.150529812418087,0.0007044295962094821,0.24230563687951218,0.6859353870565355
0.3786,378.59999999999997,0.19047532310792495,2.340118860100452,0.0026536140401770144,2.15135040325342,0.0007044295962094821,0.24231886468990368,0.681615022717171
0.37865,378.65,0.1942542432373221,2.344120409014157,0.002728692829049253,2.1516481055568506,0.0007044295962094821,0.24232413330000785,0.6804755814233792
0.3787,378.7,0.1984121827262568,2.3485614362541267,0.0028140413788430812,2.1520165350495883,0.0007044295962094821,0.2423309409317681,0.6800164961834122
0.37875,378.75,0.20294023874992884,2.3534417358331483,0.002910531696808291,2.1524652602216667,0.0007044295962094821,0.24233964111349493,0.6789618409024072
0.37895,378.95,0.22443514674491885,2.377219232631101,0.0034301170313876628,2.1552673702940703,0.0007044295962094826,0.24240370458444455,0.6772946583778066
0.379,379.0,0.2305382947484906,2.384157053192909,0.0036005651662132624,2.15627246384345,0.000704429596209483,0.24243084794057024,0.6769683356261543
0.37905,379.05,0.23687189695923916,2.391448062422414,0.0037909611943546698,2.1574202330237933,0.0007044295962094832,0.24246471652092905,0.6789941009462968
0.37925,379.25,0.2637021931012061,2.4234522123580193,0.004809815172921385,2.1636126943116936,0.0007044295962094846,0.2427112167884021,0.6949570324073451
0.3793,379.3,0.27055535058999275,2.431944210055203,0.005149585734415389,2.165591197197399,0.0007044295962094851,0.24281910454441463,0.6985271439311239
0.37935,379.35,0.2773694172463456,2.440526626086784,0.005535794935848122,2.1677456163702447,0.0007044295962094864,0.24295851897507584,0.7091431799126294
0.3794,379.40000000000003,0.2840962109866654,2.4491378911856336,0.005978234968904757,2.170072344759546,0.000704429596209488,0.24314152281229937,0.7106949707417789
0.37965,379.65,0.31520533189448174,2.4902556667903974,0.009893366378783628,2.1839929911752196,0.0007044295962097666,0.2462812153629777,0.7120929059769936
0.3797,379.7,0.32102970233324846,2.497632117136159,0.011625207020978339,2.187274060605086,0.0007044295962142766,0.2491323312967622,0.7087080829104265
0.37975,379.75,0.3275561956204714,2.5044080290792845,0.013388174262863187,2.189271135578885,0.000715878603165036,0.25299425611352044,0.7164877165714878
0.3798,379.8,0.32898926955533053,2.5057608767660113,0.013528077625147149,2.1893261133142574,0.0007205345688042386,0.2530376692861268,0.716519563025071
0.37985,379.85,0.3225019250822546,2.4999510050561673,0.013117083343816192,2.189580639875017,0.000732307243465051,0.2532169149985318,0.7157515258263156
0.37995,379.95,0.31042532550987906,2.492475422553268,0.010678728490944128,2.191739682888011,0.000732374298016297,0.25676907008775424,0.7217820860821335
0.38,380.0,0.30967466926590864,2.491933173218819,0.010507864010095102,2.191777186228962,0.0007323742980163148,0.25680815803721674,0.7220108015215043
0.38005,380.05,0.3107907633004792,2.4929297795085907,0.010678938708043014,2.191828738250063,0.0007323742980163389,0.2568430901447342,0.7220691177546893
0.3801,380.09999999999997,0.3133050129499305,2.495216861983121,0.011175389886895405,2.192097782539957,0.0007323742980166186,0.25708280405526657,0.721942972711275
0.38015,380.15,0.3169895359313431,2.4986105186087753,0.012109833445944417,2.192740520461748,0.0007323742980230427,0.2579220855453269,0.7219396639888248
0.3802,380.2,0.32171648248158374,2.5028958699130066,0.01325477557651022,2.193439647115705,0.0007351161752543162,0.25940044295209924,0.7259787869199212
0.38025,380.25,0.3239548419056551,2.5050047179542365,0.013427357664931491,2.193480157940523,0.0007376390879738871,0.2594374110665194,0.7260503380429071
0.3803,380.3,0.32070343880264857,2.5019951470163355,0.01324881290438504,2.1935402803256507,0.0007407663255135554,0.2594751928244497,0.7259167483739798
0.3805,380.5,0.32036258156099057,2.5025334675652884,0.013227916622571233,2.1943940765857004,0.0007435280556503308,0.26119871466282146,0.7291439935338554
0.38055,380.55,0.32248632679878964,2.5045324798102087,0.013384013438612319,2.194423765566056,0.00074517521814171,0.26122639499976646,0.7291663274103943
0.3806,380.59999999999997,0.3202472445256758,2.5024389475733684,0.013268415468401943,2.1944522495390837,0.0007466257085600749,0.2612439975457085,0.7290951898777147
0.38065,380.65,0.3169116023418607,2.4995885210525386,0.012893443012751396,2.194561059584046,0.0007479004296971205,0.261402438691581,0.7290054407812527
0.3807,380.7,0.31658969756827016,2.4995381671606087,0.012673283611268517,2.194612301738275,0.000747900429856183,0.2615517652938483,0.7298177321427798
0.38075,380.75,0.3193362420303234,2.501913426277965,0.013181697753686867,2.1947484976024025,0.0007485539486474057,0.26183118156647356,0.7312884592718991
0.3808,380.8,0.32180983043905886,2.5042476287495004,0.01335562693014507,2.1947814279549305,0.0007501360537483005,0.2618619632119284,0.7313037621132313
0.38085,380.85,0.3206203648727443,2.5031200729125502,0.013305752298823725,2.194792851822955,0.0007507405846477543,0.2618686622922154,0.731265711805054
0.381,381.0,0.31968471989406316,2.502410959380273,0.013221752853477722,2.194932877314085,0.0007530294620941198,0.2620862957230659,0.7322149015579585
0.38105,381.05,0.3216403244313271,2.5042549453576552,0.013354877921411427,2.1949533028562813,0.0007540914901242678,0.26210523355631227,0.7322227597737777
0.3811,381.1,0.32010823214290024,2.502808175229882,0.013283347080299103,2.1949664242434417,0.0007547534521876708,0.2621132038281736,0.732176851249781
0.38125,381.25,0.32042224688845033,2.503210407990121,0.013277301599629263,2.1950462829772937,0.0007569817566566282,0.26219869956776315,0.7322182102804087
0.3813,381.29999999999995,0.3214581057736973,2.5041802480467537,0.01335234507132765,2.1950548007939075,0.0007574805327825723,0.2622067499360775,0.7322421985181727
0.38135,381.35,0.3193069036788838,2.5021614624521216,0.013240622488971478,2.1950745459952823,0.0007584157625587012,0.26222023657181665,0.732203734619689
0.3814,381.40000000000003,0.3173395342913524,2.500371045551861,0.013085131378911999,2.1950954040868615,0.0007589957337606638,0.2622435509647442,0.7321660979018179
0.38145,381.45,0.3185514371961416,2.5015182745336513,0.013161807829695154,2.195107180076134,0.0007592108975879182,0.2622549256638118,0.7321809871528439
0.3815,381.5,0.3210278403805169,2.503864463937304,0.013319393318050593,2.195133407646785,0.00076033141412739,0.2622785461503319,0.7322244141350028
0.38155,381.55,0.3209993927610479,2.5038254500243164,0.013334004623887567,2.19513722500179,0.0007605561060932546,0.26228151149013473,0.7322169695094899
0.3816,381.6,0.3185527832188246,2.501540261089518,0.013196995436214264,2.1951605992604595,0.0007615751169397168,0.26229966170461827,0.7321962899941761
0.38165,381.65,0.31751846055038957,2.5006085013643626,0.013103592283289653,2.1951695221236682,0.0007618008849931801,0.26231082074716444,0.7321458319768104
0.3817,381.7,0.3194437665205215,2.50242921246284,0.013226466752573279,2.195187281538493,0.0007623054808403167,0.2623264077256094,0.7321665114921242
0.38175,381.75,0.3213415174960603,2.50422673081381,0.01334277272094708,2.1952025605239376,0.0007630861064450412,0.2623401405233483,0.732209524883977
0.3818,381.79999999999995,0.32031832915372493,2.50325040498571,0.013302429648375963,2.195208756346643,0.0007634060455359359,0.26234382037208476,0.7321904997298881
0.38195,381.95,0.32028309413959377,2.503283426986902,0.013280386318821643,2.1952532795824324,0.0007650566793748343,0.26238363650512825,0.7321830551043752
0.382,382.0,0.3213028836327653,2.5042434996528904,0.013346615399610885,2.1952594291603162,0.0007654135992759789,0.2623893923483295,0.7322045618003016
0.38205,382.05,0.3195497606757007,2.502585100158491,0.01326391196456258,2.1952708786441635,0.0007659765487147319,0.26239698665546496,0.7321809871528439
0.3821,382.1,0.3178113243231764,2.500974396378864,0.01314943225506875,2.195283651019879,0.000766444251231928,0.2624097717870492,0.7321416960737476
0.38215,382.15,0.3187817349573599,2.5019033017659296,0.013197236142258545,2.1952897767724635,0.0007666122180897066,0.2624146924381466,0.7321627891793676
0.3824,382.40000000000003,0.3196293023175795,2.5027501032158925,0.01324937667276368,2.195338985381272,0.0007687369455015706,0.2624559764833521,0.7321805735625375
0.38245,382.45,0.32123855278221164,2.504278472712024,0.013340286454468876,2.1953485010158347,0.0007692417419691551,0.2624643586800843,0.7322029074390765
0.3825,382.5,0.3203362147668313,2.5034141232694864,0.013306600295310667,2.195352588978655,0.0007694537650351066,0.26246678646341554,0.7321880181880506
0.3826,382.6,0.318464947847244,2.501674900734989,0.013190123011332894,2.195367519607385,0.0007700772321037575,0.26247979176601755,0.7321764376594748
0.38265,382.65,0.32040745802180853,2.5035266895862036,0.01329391343659151,2.195380046116241,0.0007706096558145406,0.26248996111478873,0.7321834686946815
0.3827,382.7,0.3212052646794614,2.504278989969944,0.013343247476369214,2.195383656726411,0.000770823449537093,0.2624933231027903,0.73219918512632
0.38275,382.75,0.31966088145926463,2.5028115405703715,0.013274410715545734,2.1953913613915708,0.0007712107207695735,0.26249844648348064,0.7321714745757995
0.3828,382.79999999999995,0.31824871006121297,2.5014915249292766,0.013189961005418442,2.1953987509647694,0.0007715200765367376,0.2625055643300422,0.7321541037829359
0.38285,382.85,0.31917375233521666,2.502379623704099,0.01323122284345192,2.1954029226966196,0.0007716636419819189,0.26250860590165875,0.7321694066242681
0.3831,383.1,0.3199465153503517,2.503142882648552,0.013273307026458297,2.195434023833732,0.0007731175089549714,0.2625337141475892,0.732176851249781
0.38315,383.15,0.3212184560181708,2.5043527556955016,0.013341135066103635,2.195439476285952,0.0007734206974554591,0.2625384922212638,0.7321942220426447
0.3832,383.2,0.3203198605051445,2.5034910439463074,0.013307560306471835,2.1954426197450423,0.0007735843612060482,0.2625403735732814,0.7321867774171317
0.38325,383.25,0.31871891708981087,2.5019809625948994,0.013224710190787383,2.1954502676844156,0.0007739419012252938,0.26254684241300774,0.7321780920206999
0.3833,383.29999999999995,0.3189463400890103,2.5022084023709104,0.013226283176237988,2.195451800584702,0.0007739975009291727,0.2625481046931183,0.7321863638268254
0.38335,383.35,0.32062194431207586,2.5038100386806743,0.013308750794591437,2.1954599130353887,0.0007743783597865766,0.26255450021079824,0.7321962899941761
0.3834,383.40000000000003,0.3211392127752433,2.5042969146230862,0.013341134529742237,2.195461788666543,0.0007744922059384902,0.2625562373072215,0.7322041482099954
0.38345,383.45,0.3197371733893787,2.502961111134265,0.013280744937676368,2.195467346291508,0.0007747771238299282,0.26255999941486036,0.7321909133201945
0.3835,383.5,0.31866988584229144,2.5019584101881955,0.013220341733690261,2.195471342845609,0.0007749601483419824,0.26256381781979166,0.7321764376594748
0.38355,383.55,0.31960925589769335,2.5028611009261876,0.01326039895790638,2.195474588706185,0.0007750899420022018,0.2625660703918273,0.7321780920206999
0.3838,383.79999999999995,0.32028977767764416,2.5035285968426666,0.013294351013307257,2.195494510246664,0.0007760789213432203,0.26258174250496513,0.7321822279237626
0.38385,383.85,0.3212193788082552,2.504413144257042,0.013342449373360543,2.195497385073072,0.0007762461950501545,0.2625842862153207,0.7321904997298881
0.3839,383.90000000000003,0.32029986234824454,2.50353117231929,0.013307655207716781,2.195499996584329,0.0007763834395988958,0.2625858870192683,0.7321851230559066
0.38395,383.95,0.31903166304844743,2.5023307941167707,0.013244523018351264,2.1955044619028983,0.000776603217992314,0.2625896979561358,0.7321718881661058
0.384,384.0,0.31942278361660176,2.5027120464776895,0.013255655718302213,2.1955056764666674,0.0007766522954433377,0.2625905494582903,0.7321789192013124
0.38405,384.05,0.3208419625829882,2.504070736924174,0.01332164457483723,2.1955109072489787,0.000776917765295421,0.262594633927132,0.7321780920206999
0.38415,384.15,0.31981080744581997,2.503080855421805,0.013285639609440385,2.1955159028367266,0.0007771871940707713,0.2625982867999053,0.7321710609854932
0.3842,384.2,0.31907709561511016,2.5023899832123364,0.013244885206760221,2.195517888733641,0.0007772846004999685,0.2626002020111708,0.7321660979018179
0.38425,384.25,0.3200274065110844,2.5033036361220353,0.013284327626600943,2.1955205526786004,0.0007774032660755767,0.2626020250482354,0.732172301756412
0.3843,384.29999999999995,0.3211610263923764,2.504386950686009,0.013338256475947982,2.1955239820414962,0.0007775945879783976,0.26260487229406365,0.7321880181880506
0.38435,384.35,0.3207272200459621,2.5039665459921108,0.013325925970381187,2.1955249978747027,0.0007776492974665274,0.2626054765429624,0.732182641514069
0.3845,384.5,0.32060111256920537,2.503863865600807,0.013311291967887651,2.1955333646338433,0.0007780691662624318,0.26261193156568924,0.7321818143334564
0.38455,384.55,0.3212073241352862,2.5044399391588685,0.01334289083516986,2.1955347409511017,0.0007781524654801721,0.262613174356788,0.7321867774171317
0.3846,384.6,0.320287075799222,2.5035572478805364,0.013307655663490322,2.1955369440568755,0.0007782698449949757,0.26261457511276093,0.7321789192013124
0.38465,384.65,0.3193369491439066,2.5026561070485767,0.013261242268743114,2.1955393885527346,0.0007783956472803003,0.26261670556895284,0.7321710609854932
0.3847,384.7,0.3198603794075258,2.503162637209287,0.013279302815754668,2.1955404992771483,0.0007784446487181484,0.2626174238191824,0.7321698202145743
0.38475,384.75,0.3210211454750261,2.5042747623452333,0.01333137485593971,2.19554375236109,0.0007786201193449784,0.2626199778899828,0.7321780920206999
0.38485,384.85,0.31989347988770384,2.5031919892205456,0.013290100033225066,2.195547181770556,0.0007788058612622141,0.2626224664178332,0.7321689930339618
0.3849,384.90000000000003,0.3194621624250942,2.502786442288515,0.013265277628542285,2.195548082500662,0.0007788523774477976,0.2626233460210116,0.732167752263043
0.38495,384.95,0.3203902253313158,2.503678961810404,0.013303101526427216,2.195550256517138,0.0007789573759441147,0.2626248446087971,0.7321756104788623
0.385,385.0,0.3212132791617578,2.504465304977806,0.013341722804747895,2.195552060283874,0.000779062695329421,0.2626263737737326,0.7321818143334564
0.38505,385.05,0.32066545350327313,2.503936632754474,0.013323599117046028,2.1955530370554226,0.0007791150951977337,0.26262694980812046,0.7321814007431501
0.3852,385.2,0.32084706013838377,2.5041237376452736,0.013323829434549215,2.1955584771302825,0.0007793994116697987,0.2626311316749575,0.7321884317783568
0.38525,385.25,0.32116726293224523,2.504426441321079,0.013341970132718688,2.1955590806794194,0.0007794368916894616,0.2626316826336038,0.7321900861395819
0.3853,385.29999999999995,0.3202853375020728,2.503580568795786,0.013307818854992177,2.1955608836216274,0.0007795343813292322,0.2626328779448489,0.7321958764038697
0.38535,385.35,0.3196292484614207,2.502957962479052,0.013275627148821498,2.195562107963584,0.000779599956201303,0.26263397886456386,0.7321971171747886
0.3854,385.40000000000003,0.32023346425959504,2.5035411192724997,0.013297786464061274,2.195563157763475,0.000779649792843382,0.2626346528395503,0.7321921540911133
0.38545,385.45,0.3211360652838657,2.504405900791234,0.013337614633570192,2.1955650574483276,0.0007797572529477219,0.2626361718568717,0.7321942220426447
0.38555,385.55,0.31998605757138393,2.503301627756325,0.013294399389423568,2.1955674450519083,0.0007798873549409432,0.26263789971461127,0.7321995987166263
0.3856,385.6,0.31981040681596073,2.50313868281403,0.013282111585503641,2.195567841756782,0.0007799082834849317,0.2626382755095168,0.732203734619689
0.38565,385.65,0.32067367893029425,2.503968910650388,0.01331694154567355,2.1955695390977654,0.0007799954328109274,0.2626394673927827,0.7322016666681577
0.3857,385.7,0.32121405930178243,2.5044844079297657,0.013342734475343093,2.1955703962546,0.0007800473623043685,0.2626402186227753,0.7322008394875451
0.38575,385.75,0.32060749279625783,2.5039002564198056,0.013321301301253946,2.195571327097715,0.0007800977700134049,0.26264078927466067,0.7322012530778513
0.38595,385.95,0.32109609806600753,2.5043744611936063,0.013339642216070317,2.1955750613311826,0.000780301056979028,0.26264368770977853,0.7322020802584639
0.386,386.0,0.32029355464196957,2.503604888120267,0.013308140745372813,2.1955764529717,0.0007803773333473057,0.26264465081790367,0.7321954628135635
0.38605,386.05,0.31989542762041345,2.5032277122184676,0.013287773457705182,2.1955770056762893,0.0007804079455490726,0.26264516611375954,0.7321925676814196
0.3861,386.1,0.3205234622288608,2.5038330698289593,0.013311445647202604,2.1955779526161243,0.0007804555742727443,0.2626457891046813,0.7322004258972388
0.38615,386.15,0.32117875457332495,2.504460408362156,0.013340476953327721,2.1955789695731704,0.0007805152737448618,0.26264662745066797,0.7322066297518329
0.3862,386.2,0.32084571749010987,2.5041376758063447,0.013330598763318078,2.195579373785738,0.0007805371622413059,0.2626468637773739,0.732203734619689
0.38635,386.35,0.32086492371141007,2.5041642050391335,0.013326144027236952,2.19558209261639,0.000780684567879056,0.2626489028914151,0.7322000123069325
0.3864,386.40000000000003,0.3211629751444387,2.504447341344856,0.01334144775534391,2.1955824581706187,0.000780707283215735,0.262649234128829,0.7322024938487702
0.38645,386.45,0.32055273081654095,2.503860431228789,0.013318989220001201,2.195583287870579,0.0007807527244783975,0.2626497693931806,0.7322012530778513
0.3866,386.6,0.32108685041275425,2.5043794974683733,0.013336302215852745,2.1955854279386755,0.000780870638436415,0.26265142656389423,0.7322033210293828
0.38665,386.65,0.3209969154018072,2.504290002576802,0.013336053363368171,2.195585608806446,0.0007808809143508281,0.2626515497714868,0.7322053889809141
0.3867,386.7,0.3203059946446209,2.5036277599421575,0.013308428958105006,2.19558660650108,0.000780936216105984,0.2626522706613097,0.7322058025712204
0.38675,386.75,0.3201192286543614,2.5034521831631507,0.013297485476362253,2.195586838938373,0.0007809492889522331,0.2626524900316903,0.7322053889809141
0.3868,386.79999999999995,0.32071945424338344,2.5040301617625964,0.013320561804954383,2.1955876263865295,0.0007809906439440453,0.26265302589991724,0.7322062161615267
0.38685,386.85,0.3211515036744267,2.5044429999598052,0.01334029144712941,2.1955881148687175,0.0007810201501763388,0.26265344582206274,0.7322078705227518
0.3869,386.90000000000003,0.32074857853463545,2.504054083241633,0.0133267224201837,2.195588531412681,0.0007810427502972628,0.2626536964127524,0.732209524883977
0.3872,387.2,0.32016785754746924,2.503502553065257,0.013300606282067756,2.195591441688391,0.0007812049278478358,0.2626559158317542,0.7322153151482648
0.38725,387.25,0.32058703450907383,2.5039070762046105,0.013315703717265674,2.1955918634136453,0.0007812265461699015,0.2626561852064948,0.7322190374610212
0.3873,387.29999999999995,0.32107988176123486,2.504379233864769,0.013336971355474172,2.195592409072759,0.0007812584906142457,0.26265662785449034,0.7322190374610212
0.38735,387.35,0.3208745600164223,2.504179691889729,0.013331380938868018,2.1955925886107566,0.000781268199841907,0.2626567337983738,0.7322215190028589
0.3874,387.40000000000003,0.3203130449280396,2.5036419058232986,0.013308348562590168,2.195593247905625,0.0007813050528259472,0.26265723161496646,0.7322169695094899
0.3875,387.5,0.3208183514254745,2.504130867387525,0.013325439877559405,2.1955939554373534,0.0007813433872163541,0.26265774725853824,0.7322182102804087
0.38755,387.55,0.3210624921701074,2.504363202230034,0.013337467632253184,2.195594164252294,0.0007813562369954186,0.26265793511158875,0.7322202782319401
0.3876,387.6,0.32064279249365424,2.5039590423260267,0.013322343672555411,2.1955945583036205,0.0007813777477725267,0.26265818575009425,0.7322149015579585
0.38765,387.65,0.3202343486642125,2.503569209728263,0.013304148514220524,2.195594951714533,0.000781400078758876,0.2626585171986089,0.7322190374610212
0.3877,387.7,0.3204739805836664,2.5038014820024967,0.01331170609334031,2.1955951400893383,0.0007814095231760822,0.2626586318788823,0.7322227597737777
0.3879,387.90000000000003,0.3202662146112014,2.5036022542211676,0.013304483827998101,2.1955963848740594,0.0007814797151163265,0.26265958101282805,0.7322244141350028
0.38795,387.95000000000005,0.3206727772641652,2.5039938690316985,0.013319815098506401,2.1955967488840407,0.0007814988902937979,0.2626598239325597,0.7322277228574531
0.388,388.0,0.3209991894183905,2.5043058479771325,0.013334531287408519,2.195597015734206,0.0007815147931302778,0.26266005103898415,0.7322248277253092
0.38805,388.05,0.3207327472503328,2.504048401218449,0.01332573919457584,2.1955972085940982,0.0007815251345614944,0.26266016625377214,0.7322211054125527
0.3883,388.29999999999995,0.32052568546562166,2.503851124987125,0.013317340698875161,2.195598521803263,0.0007815980067769323,0.2626611425640192,0.7322252413156154
0.38835,388.34999999999997,0.3202626696564198,2.503600721152853,0.013304930408999587,2.195598712401358,0.000781608924534587,0.26266131176473234,0.7322240005446966
0.3884,388.40000000000003,0.3205324023183919,2.5038611314848516,0.013314447471558452,2.1955988975519434,0.0007816183903872275,0.262661427913031,0.7322256549059217
0.38845,388.45000000000005,0.3208893025530114,2.504202918878648,0.013329862475000747,2.1955991830419497,0.0007816348331385534,0.26266165777433265,0.7322252413156154
0.38855,388.55,0.320359310575498,2.5036931822544286,0.013310061723447248,2.1955996136327562,0.0007816585339635176,0.2626619678776069,0.7322194510513276
0.3886,388.6,0.32030620020768547,2.503644247707616,0.013305950395664838,2.195599674645717,0.000781661959120607,0.2626620229750411,0.7322169695094899
0.38865,388.65,0.3206677202966656,2.503991839516045,0.013320175753711331,2.1955999564473294,0.0007816770383427467,0.2626622196368602,0.7322182102804087
0.3887,388.7,0.3208567173737427,2.504171717231938,0.013329418583731033,2.1956000728158465,0.0007816840342598113,0.26266232403392414,0.7322132471967334
0.38875,388.75,0.320572773860531,2.50389825538829,0.013319137000243312,2.1956002626196245,0.0007816941965045212,0.26266244408226,0.7322086977033644
0.389,389.0,0.32039234572888015,2.5037263829527943,0.013311494455594139,2.1956011275512584,0.0007817417656325084,0.2626630948189905,0.7322020802584639
0.38905,389.05,0.32024307966462945,2.503584960921003,0.01330374092066293,2.1956012130666456,0.0007817466680333537,0.2626631745617865,0.7322041482099954
0.3891,389.1,0.3205059825504785,2.503838078463524,0.013313696857740576,2.195601375168249,0.0007817550534014133,0.26266328133935535,0.732203734619689
0.3892,389.2,0.3205729740802938,2.5039000825225046,0.01331893029586094,2.1956016079912386,0.000781768022659631,0.26266345637510785,0.7322016666681577
0.38925,389.25,0.3202579853245364,2.5035989111856636,0.013305347152146282,2.1956018298617392,0.000781780253276687,0.2626636304577393,0.7322000123069325
0.3893,389.29999999999995,0.3202807887899951,2.5036223654368106,0.013304734835983203,2.195601866395617,0.0007817821611196764,0.2626636582640241,0.7322020802584639
0.38935,389.34999999999997,0.32057971616040765,2.5039091727575364,0.013317062513624276,2.195602063293642,0.000781792747329712,0.2626638019819745,0.7322004258972388
0.3894,389.40000000000003,0.32066440182678185,2.5039889743169215,0.013321996957604932,2.195602110766804,0.0007817955674399272,0.26266384570113266,0.7322004258972388
0.38945,389.45000000000005,0.3203936127113089,2.5037288835059224,0.013311475335555618,2.195602278422485,0.0007818044816698608,0.2626639582138995,0.7321995987166263
0.3895,389.5,0.3201849901124653,2.503530282283291,0.013301577583914665,2.1956023953891535,0.0007818110371020381,0.2626640606842085,0.7321995987166263
0.3898,389.79999999999995,0.3204010264999597,2.5037389291460617,0.013309611860494912,2.1956030070318784,0.0007818436946065815,0.2626645123166451,0.7322049753906079
0.38985,389.84999999999997,0.3205436302675039,2.503874497457881,0.013316715894476408,2.1956030718140744,0.0007818474325435093,0.26266457044365993,0.732208284113058
0.3899,389.90000000000003,0.3203579334840761,2.5036958050718523,0.013309806714679686,2.195603162309133,0.0007818520978817624,0.26266462764467585,0.7322033210293828
0.38995,389.95000000000005,0.3201244666202863,2.5034731484134918,0.013299136949713915,2.19560329539017,0.0007818593476483345,0.26266473730574064,0.7322045618003016
0.39,390.0,0.3201884537264882,2.5035356263847985,0.013300677874895667,2.195603325672047,0.0007818608363229283,0.26266475703645414,0.7322004258972388
0.39005,390.05,0.32042003912479944,2.5037572499104943,0.013310771646356072,2.195603450786567,0.0007818675250009831,0.26266485268227946,0.73219918512632
0.3901,390.1,0.3204326752266471,2.503768153512581,0.013312527970917396,2.19560347333847,0.0007818687790204484,0.2626648715578935,0.7321971171747886
0.39015,390.15,0.3201929294549276,2.503538507325712,0.013302570782408311,2.195603608557622,0.0007818758603573694,0.2626649674053252,0.7321921540911133
0.39025,390.25,0.3202169757271707,2.5035634717146804,0.01330178302766963,2.195603732346836,0.00078188233669026,0.26266506384922617,0.7321958764038697
0.3903,390.29999999999995,0.32038640324305445,2.5037249388405884,0.013309823732254318,2.195603808401963,0.0007818865317426011,0.26266512827475025,0.732191740500807
0.39035,390.34999999999997,0.3202831702603341,2.5036251922158463,0.013306379673181204,2.1956038486681195,0.0007818885401566476,0.2626651526117736,0.7321942220426447
0.39055,390.55,0.3202991892547542,2.5036413448797914,0.01330652173660253,2.195604110398592,0.0007819023363998941,0.26266535885283315,0.7322049753906079
0.3906,390.6,0.32012073322847506,2.503470235170176,0.013299262072887565,2.195604192825701,0.0007819065068851305,0.262665414207552,0.7322053889809141
0.39065,390.65,0.3199538317140991,2.5033115863952875,0.013291090394716517,2.1956042697126414,0.0007819106146830284,0.2626654807855231,0.7322049753906079
0.3907,390.7,0.3200327231029231,2.5033878768047,0.0132937194471152,2.1956042964942526,0.0007819118892127347,0.26266549763302444,0.7322066297518329
0.39075,390.75,0.3202015148860819,2.503548882838229,0.013301581935927781,2.1956043693426435,0.0007819157215279688,0.26266555611120945,0.7322078705227518
0.3908,390.79999999999995,0.3201699481285399,2.503517754063527,0.013301161555278943,2.1956043860943892,0.000781916560591351,0.2626655674905036,0.7322049753906079
0.39105,391.05,0.3200175320285465,2.5033723498281715,0.013294421641771883,2.1956046446626694,0.0007819297464690732,0.26266576446094925,0.7322020802584639
0.3911,391.1,0.3198415029799388,2.5032048808467375,0.013285948820469295,2.1956047275782433,0.00078193400882892,0.2626658323951091,0.73219918512632
0.39115,391.15,0.3198512941533214,2.50321514495235,0.013285488341206034,2.195604739435949,0.0007819345945122398,0.26266584197129345,0.7321979443554012
0.3912,391.2,0.3199976151544585,2.503354770460068,0.013292243234952891,2.1956047959651874,0.00078193742254034,0.262665885035463,0.7322012530778513
0.39125,391.25,0.32002127031015887,2.503376497174178,0.013294184573423051,2.195604808197929,0.0007819380755423087,0.26266589617777425,0.7322070433421393
0.3913,391.29999999999995,0.3198619745211421,2.503224318939962,0.013287139627313543,2.1956048773594485,0.0007819414735995469,0.26266594529233583,0.7322070433421393
0.39135,391.34999999999997,0.3197447770147735,2.5031133804863672,0.013280927148563038,2.195604921598039,0.0007819437688182283,0.26266598550580667,0.7322062161615267
0.3914,391.40000000000003,0.3198210602533672,2.50318674424304,0.013283869291630987,2.195604943245253,0.000781944768796207,0.2626659994598429,0.7322053889809141
0.39145,391.45000000000005,0.31993703557044983,2.503296908024854,0.013289722048411801,2.19560498242772,0.0007819467747092777,0.262666032593377,0.7322066297518329
0.3915,391.5,0.319882861357586,2.503244530666005,0.0132879426658638,2.195604999109707,0.0007819475538100032,0.26266604296597557,0.7322004258972388
0.3916,391.6,0.31967378737754315,2.5030464093522715,0.01327708365404078,2.1956050882513622,0.0007819519936573569,0.2626661159516536,0.7322024938487702
0.39165,391.65,0.3197826614610102,2.503150363764566,0.01328203942544861,2.1956051226977733,0.000781953622758705,0.2626661406726072,0.7321995987166263
0.3917,391.7,0.31984205972185153,2.503206282925407,0.013285535583463024,2.1956051388928763,0.0007819544703358545,0.26266615600777865,0.7322008394875451
0.39195,391.95000000000005,0.31971848307174594,2.503088609529589,0.013279780425602588,2.1956052800756067,0.0007819612734836277,0.26266626656145287,0.7322062161615267
0.392,392.0,0.31958291042476944,2.502959630949038,0.013273243997002542,2.1956053350806686,0.0007819638651512793,0.26266630765987925,0.7322086977033644
0.39205,392.05,0.31949967056418616,2.5028812333665336,0.0132684295499323,2.195605361568886,0.0007819651827564041,0.262666332846382,0.7322086977033644
0.3921,392.1,0.3195634806452711,2.5029423196649807,0.01327116935000376,2.1956053768962818,0.0007819658625217143,0.26266634311757303,0.7322070433421393
0.39215,392.15,0.3196386480636623,2.503013330556424,0.013275346521597592,2.195605396556501,0.0007819668293923675,0.26266636067512655,0.7322091112936706
0.3922,392.2,0.31957696234046545,2.5029541820206793,0.013272826861450992,2.195605413328706,0.0007819675738083658,0.26266637135745996,0.7322070433421393
0.39225,392.25,0.3194464715692206,2.5028305600298513,0.01326601387075939,2.195605466570955,0.0007819700777984766,0.2626664148434822,0.7322066297518329
0.3923,392.29999999999995,0.3194184098832717,2.502804635006554,0.013263886335636764,2.1956054752598906,0.0007819705074271369,0.26266642380715255,0.7322062161615267
0.39235,392.34999999999997,0.3194994931295298,2.502881713594226,0.01326791318460278,2.1956054964759346,0.0007819714658485952,0.2626664397264517,0.732211179245202
0.3924,392.40000000000003,0.31952813678180836,2.5029083286810465,0.013269949312711186,2.1956055036759503,0.0007819718214782651,0.26266644673275225,0.7322115928355083
0.39245,392.45000000000005,0.3194294680287396,2.502814459365222,0.013265184625763917,2.195605536918638,0.0007819733054332069,0.26266647038405505,0.7322091112936706
0.3925,392.5,0.31932715270793904,2.502717982244367,0.013259384672159685,2.1956055734207722,0.0007819750170549976,0.2626665029672089,0.7322070433421393
0.39255,392.55,0.319345436891646,2.502735870695306,0.013259785959315823,2.195605578741114,0.0007819752471093703,0.2626665069611118,0.7322086977033644
0.3926,392.6,0.3194182250454482,2.5028046791918035,0.013263784463277207,2.195605596747398,0.0007819760723956809,0.2626665220497896,0.7322115928355083
0.39265,392.65,0.31939821249810596,2.5027851669785286,0.013263290451480763,2.195605602805369,0.0007819763325788055,0.2626665261662493,0.7322107656548957
0.3927,392.7,0.31928619562103044,2.502679123629736,0.013257361475684208,2.1956056454271327,0.0007819782299314862,0.26266655953719426,0.732211179245202
0.39275,392.75,0.3192240312814536,2.5026209110457778,0.013253427907069409,2.1956056627827265,0.0007819790441841981,0.26266657669453264,0.7322115928355083
0.3928,392.79999999999995,0.31927125134780115,2.5026659147787846,0.013255653967736149,2.1956056721130537,0.0007819794346914443,0.26266658318954683,0.7322149015579585
0.39285,392.84999999999997,0.3193171869440327,2.5027089947749093,0.013258519322384234,2.195605681426069,0.0007819798674421562,0.2626665919693256,0.7322194510513276
0.3929,392.90000000000003,0.31925745116175847,2.502652098782852,0.013255695805169661,2.1956056970352185,0.0007819805207976032,0.26266660246133977,0.732214074377346
0.393,393.0,0.3191322081340427,2.5025346166282234,0.013247981681264943,2.1956057417587047,0.0007819825071601073,0.26266664179571136,0.7322149015579585
0.39305,393.05,0.31918825611690643,2.5025876187544744,0.013251039708894947,2.1956057534265487,0.0007819830012394049,0.26266665090744595,0.7322322723508221
0.3931,393.1,0.3191984479964282,2.5025967760166075,0.01325207800849016,2.1956057569475655,0.0007819831591141628,0.26266665421592605,0.7322264820865343
0.39315,393.15,0.31911450576402023,2.5025173761059882,0.013247564190081737,2.195605784288107,0.0007819843014618027,0.2626666747048826,0.7322240005446966
0.3932,393.2,0.319033948467234,2.5024418621317532,0.013242548439692981,2.1956058106832153,0.000781985454076542,0.26266669914075813,0.7322198646416338
0.39325,393.25,0.31904497334518583,2.5024527072717233,0.013242731394142648,2.195605813771222,0.0007819855800263735,0.26266670165561723,0.7322235869543903
0.3933,393.29999999999995,0.3190921670708665,2.502497030899302,0.013245610872171321,2.1956058227594557,0.0007819859638409238,0.2626667095416208,0.7322310315799033
0.39335,393.34999999999997,0.3190671644607279,2.502473038841318,0.013244606003833759,2.1956058282255637,0.000781986177949902,0.26266671313576756,0.7322256549059217
0.3934,393.40000000000003,0.31897616417854224,2.502387414009216,0.013239264869722536,2.1956058611550775,0.0007819875374721832,0.2626667400707002,0.7322240005446966
0.3937,393.7,0.3188250032685872,2.5022463264847925,0.013229264177813276,2.1956059309340485,0.0007819903902245764,0.26266680198897036,0.7322430256987853
0.39375,393.75,0.31886021955002797,2.5022794269766364,0.013231385698007983,2.1956059364467975,0.0007819906036801914,0.2626668064316818,0.7322926565355384
0.3938,393.8,0.3188608215064232,2.5022796206328866,0.013231796102476797,2.1956059384700803,0.0007819906829689598,0.262666808160362,0.7322699090686933
0.39385,393.84999999999997,0.3187920983401629,2.502215075002994,0.01322764115101138,2.1956059602064726,0.0007819915143430626,0.2626668252615886,0.732235167482966
0.3939,393.9,0.31872600099340404,2.502153564660188,0.013223076031156307,2.195605981235365,0.0007819923494408284,0.26266684535303514,0.7322190374610212
0.39395,393.95000000000005,0.3187272873435963,2.502155153441136,0.013222775423702112,2.1956059829882406,0.0007819924181011341,0.2626668471185407,0.732218623870715
0.394,394.0,0.31875572988297146,2.502181650693564,0.013224724854727655,2.195605986974266,0.0007819925725500006,0.2626668507584724,0.7322537790467485
0.39405,394.05,0.3187317717628195,2.502158902441616,0.013223519801350387,2.19560599162114,0.0007819927373225346,0.2626668539031823,0.7322182102804087
0.3942,394.2,0.3186284321910397,2.50206309327789,0.013216030018255895,2.195606030735818,0.000781994212201496,0.262666889301737,0.7322149015579585
0.39425,394.25,0.3186425085735752,2.502075989996326,0.013217211518967188,2.195606032503044,0.0007819942799482893,0.2626668911036085,0.7323778561386315
0.3943,394.3,0.3185996037303415,2.5020357520648133,0.01321455563318323,2.19560604314943,0.0007819946514148944,0.26266689910109076,0.7322910021743134
0.3946,394.6,0.31841189324259606,2.5018619502499626,0.013200717003892056,2.1956061107406017,0.0007819970412694128,0.2626669615504073,0.7321636163599802
0.39465,394.65,0.3184030835870842,2.5018541354988812,0.013199723871198069,2.1956061124473356,0.0007819971041472911,0.26266696367402104,0.7321619619987552
0.3947,394.7,0.31841792884608955,2.50186783493756,0.013200871098278309,2.195606113806958,0.0007819971500611077,0.2626669649430269,0.7322136607870396
0.39475,394.75,0.31839830321158075,2.5018494006965417,0.013199683326607245,2.1956061173168475,0.0007819972595103233,0.2626669674381896,0.7322281364477593
0.3948,394.8,0.31834049681572296,2.5017959810105093,0.013195317551639586,2.1956061375713887,0.0007819979216772096,0.262666985476908,0.7321172942456773
0.39525,395.25,0.31814927197680964,2.5016206778849632,0.013179459389477649,2.195606199145267,0.0007819998400628162,0.2626670444390223,0.7321375601706848
0.3953,395.3,0.3181004380543707,2.501576245312762,0.01317507632249377,2.1956062168886796,0.0007820003618172633,0.262667062470292,0.7320821390696437
0.39535,395.34999999999997,0.3180823247384479,2.5015600315999245,0.013173180236837398,2.1956062202977984,0.0007820004659012673,0.2626670666971047,0.7320821390696437
0.3954,395.4,0.31808665062472485,2.5015640143679723,0.013173523530739941,2.1956062204686795,0.0007820004706057,0.2626670668580737,0.7321553445538547
0.39545,395.45000000000005,0.31807256723238475,2.5015509729981344,0.01317248382697626,2.195606222726846,0.0007820005294675804,0.26266706856382954,0.7321516222410982
0.3955,395.5,0.3180285900031616,2.5015109164362688,0.013168579177063999,2.1956062383070525,0.000782000952083995,0.2626670831349571,0.7320999234528136
0.39555,395.55,0.31798792219842226,2.5014742546880093,0.013164587531572335,2.195606252317957,0.0007820013369193856,0.2626670982969082,0.7320138966691081
0.3956,395.6,0.31797722237007453,2.5014648183288233,0.013163325693485195,2.1956062539014733,0.0007820013824490796,0.26266710043299807,0.7321218437390463
0.39565,395.65,0.31797784918928196,2.501465344823736,0.013163426091686529,2.1956062539738537,0.0007820013841136373,0.2626671004822089,0.7323092001477896
0.3957,395.7,0.3179556976627203,2.5014451174809866,0.013161506949360169,2.1956062588900918,0.0007820015051010059,0.2626671046440534,0.7322103520645895
0.39595,395.95000000000005,0.3178406532946305,2.5013418093839093,0.013149808267357418,2.1956062955382754,0.0007820024080806,0.2626671425007142,0.7322206918222464
0.396,396.0,0.31779953106243514,2.5013051280577967,0.013145384942505904,2.1956063127092214,0.0007820028000834203,0.26266716078429647,0.7322211054125527
0.39605,396.05,0.31777373409949405,2.501282397487684,0.013142326309385931,2.195606320285894,0.0007820029738563298,0.2626671700482603,0.7322227597737777
0.39655,396.55,0.31756819547731685,2.501102214571417,0.01311704294058936,2.195606391199412,0.0007820043167527208,0.2626672507872554,0.7322624644431803
0.3966,396.6,0.3175608595423457,2.501095903566091,0.013116018817309366,2.1956063919918556,0.0007820043296992258,0.2626672517868668,0.7322876934518632
0.39665,396.65,0.3175444513257899,2.501081594187173,0.013113924350110013,2.195606396292927,0.0007820043945764323,0.2626672562629579,0.7322732177911435
0.3967,396.7,0.31751353882338884,2.5010549568453957,0.013109664242625442,2.1956064111099027,0.0007820046135880059,0.26266727341757307,0.7322765265135937
0.39675,396.75,0.317483251221311,2.501029215256327,0.013105133399321034,2.1956064260478625,0.0007820048260585371,0.2626672926879969,0.732272390610531
0.39725,397.25,0.3172786788404971,2.5008605120844702,0.013069366550636865,2.1956065273383514,0.0007820057553807922,0.26266743312218394,0.7322442664697041
0.3973,397.3,0.31725909726161694,2.5008453238117743,0.013064984158011975,2.1956065381774486,0.0007820058116650077,0.26266745129315167,0.7322368218441911
0.39735,397.34999999999997,0.3172444764724053,2.500834041277013,0.013061652293161901,2.195606544529637,0.0007820058387105922,0.26266746166360144,0.7322417849278665
0.3974,397.4,0.3172246546859587,2.5008188303384715,0.013057054355596788,2.1956065573770807,0.0007820058813976252,0.2626674818683277,0.7322372354344975
0.39745,397.45000000000005,0.3171948270712674,2.5007968013992268,0.013049289197875003,2.195606590765794,0.0007820059530362113,0.2626675392502642,0.7322459208309292
0.3975,397.5,0.31715560015503974,2.5007708487174454,0.013036098619314346,2.1956066741985296,0.0007820060082135815,0.2626677072203808,0.7322434392890916
0.39795,397.95000000000005,0.31254621581688835,2.4982841825065276,0.011242727142194126,2.195935531409566,0.0007820060188354653,0.26315713556679876,0.7321350786288472
0.398,398.0,0.3110710402057187,2.4974677223824506,0.010785274619514503,2.1961365989805235,0.0007820060188356769,0.26335252901494455,0.7321272204130279
0.39805,398.05,0.3093346973202945,2.496496956654599,0.010301915157718252,2.1964185985855984,0.0007820060188357917,0.2635706197169381,0.7321284611839467
0.3985,398.5,0.281198239989673,2.4806396137716487,0.006126613828927538,2.20452059410857,0.0007820060188359574,0.2653882157715561,0.7322740449717561
0.39855,398.55,0.27669804480091337,2.4781464858911653,0.00574088553848353,2.2061417942353874,0.0007820060188359583,0.2655271067927049,0.7322806624166565
0.3986,398.6,0.27194541639545744,2.4755285457740035,0.005372386599404419,2.2079078568235357,0.0007820060188359597,0.2656538678555648,0.7322769401039
0.39865,398.65,0.26695200067242997,2.472793730794684,0.005020543740814627,2.209814499147345,0.0007820060188359609,0.2657694291565588,0.7322690818880807
0.3987,398.7,0.26173144073745896,2.4699507570489088,0.004684740892363962,2.2118561772228067,0.0007820060188359619,0.26587469437899547,0.7322078705227518
0.39875,398.75,0.2562994027928884,2.467009177677182,0.004364356486308569,2.2140261555687735,0.0007820060188359628,0.2659705152310113,0.7322384762054163
0.3988,398.8,0.2506735730003561,2.46397943621824,0.004058786353380285,2.21631658660478,0.0007820060188359628,0.2660576798642204,0.7322157287385711
0.39915,399.15,0.20774222921307436,2.4413812594843387,0.0022912083197545365,2.2348817548233635,0.0007820060188359654,0.2664784807815386,0.7319621978808235
0.3992,399.2,0.2014159508034719,2.4381372678813205,0.0020866694836467383,2.237759463737147,0.0007820060188359657,0.2665175374427787,0.7319303514272403
0.39925,399.25,0.19512789542464343,2.4349417238663436,0.0018930953717391094,2.240658366007413,0.0007820060188359661,0.26655251942643743,0.7322359946635786
0.3993,399.3,0.18890816128583568,2.4318139142731265,0.001710208003849974,2.2435673719584472,0.0007820060188359662,0.266583746027162,0.7321698202145743
0.39935,399.34999999999997,0.1827867205281427,2.4287736275621112,0.0015377491532202966,2.246476039386911,0.0007820060188359662,0.2666115135384832,0.7320966147303635
0.3994,399.4,0.17679312989798762,2.4258410174306864,0.0013754781489778618,2.249374724297043,0.0007820060188359662,0.2666360978500814,0.7320531877482044
0.3995,399.5,0.16530397727886598,2.420380360776266,0.0010806141386433602,2.255108315617972,0.0007820060188359662,0.2666767312641291,0.7320287859201341
0.39955,399.55,0.15986299349701744,2.4178930506950027,0.0009476128426567658,2.2579289715048123,0.0007820060188359662,0.2666932482790843,0.7312855641397552
0.3996,399.6,0.15465853339737534,2.415594544741418,0.0008239808319449841,2.260711279367869,0.0007820060188359662,0.26670752086049027,0.7315775588959864
0.3999,399.9,0.12958126416692956,2.406807356448099,0.0002700085572668589,2.276447339006155,0.0007820060188359662,0.2667565454266775,0.7319812230349123
0.39995,399.95000000000005,0.12657893052758504,2.4063286819442107,0.0002077296503602609,2.2789087156099463,0.0007820060188359662,0.2667601709226838,0.7327190681413096
0.4,400.0,0.12394232890195586,2.406166920701563,0.00015374615179849924,2.2813295697685754,0.0007820060188359662,0.26676289615513704,0.7321615484084488
