t_s,tau_us,x1_um,v1_mm_s,Vout_mV,PR_pW,C_pF
0.35000000000000003,0.0,3.1680222789852768,-10.032056153952315,-0.1396204293325093,0.046413962588081475,5.664707325226933
0.3500041666666667,4.166666666693963,3.126199513693309,-10.042847962642893,-0.13770519127329084,0.045149332627651466,5.664252421893963
0.3500791666666667,79.1666666666857,2.3663242061133705,-10.212686570266765,-0.10346710164228212,0.025489145529177,5.657141687560717
0.35008333333333336,83.33333333332416,2.3237545322692363,-10.220731962351893,-0.1015769649447607,0.024566380493783683,5.656806235588334
0.35008750000000005,87.50000000001812,2.2811516477553884,-10.228627605870491,-0.09968798532162436,0.023661177184486654,5.656477029406151
0.35016250000000004,162.50000000000986,1.5093428570764627,-10.344598532186506,-0.06586176308793618,0.010328028183455792,5.651615400598817
0.3501666666666667,166.66666666664833,1.466229972349834,-10.349559696293765,-0.06399124997293554,0.009749714459758866,5.651404225113042
0.3501708333333334,170.83333333334227,1.4230967469186262,-10.35436199679632,-0.06212154346924023,0.009188300388096914,5.651199231980624
0.35024583333333337,245.83333333333402,0.6439840193840071,-10.413188232409507,-0.028588080034514386,0.0019459007620471432,5.648563799906709
0.35025,249.99999999997246,0.6005921140895228,-10.414898619333094,-0.026730993587056048,0.0017013000432172182,5.64847583081401
0.35025387438755534,253.87438755530843,0.5602379221328916,-10.416339820107593,-0.025004617251431153,0.0014886449616442106,5.6483995408317815
0.35028750000000003,287.4999999999961,0.20984336547432875,-10.422770379166817,-0.010039597745427687,0.00023998457830951597,5.647960175061013
0.3502916666666667,291.66666666669005,0.16641502752826043,-10.42280363154034,-0.008187309853021666,0.00015960010149853723,5.6479335254519665
0.3502938743875554,293.87438755534845,0.14340443378188103,-10.422752627193532,-0.007206018688732887,0.00012363501271992294,5.6479218871174925
0.3503041666666667,304.16666666666094,0.0361341249289659,-10.421886123251898,-0.0026329084868403968,1.65052550001814e-5,5.647890313831401
0.3503083333333334,308.33333333335486,-0.007289114224405146,-10.421240284984796,-0.0007822714363243627,1.4570204764023366e-6,5.6478881512713155
0.3503125,312.49999999999335,-0.05070930737376782,-10.42042399569243,0.0010679970331610269,2.7157563400970364e-6,5.647892107228424
0.3503291666666667,329.16666666665816,-0.2243453885463913,-10.415449160719854,0.008465341316324544,0.00017062381809969374,5.647969091759083
0.3503333333333334,333.33333333335213,-0.2677396689341908,-10.413776785896285,0.010313797099666754,0.00025327240622165313,5.648003622165149
0.3503338743875554,333.87438755538847,-0.273374024802842,-10.41354701399965,0.010553805003290612,0.00026519714297019515,5.64800855438468
0.3504138743875555,413.87438755546845,-1.1042398199874632,-10.34740914068049,0.045982002254200224,0.005034153645964939,5.649870659273053
0.3504166666666667,416.6666666666763,-1.133127847044881,-10.343938360081486,0.04721660126708304,0.005308112940987399,5.649976254523936
0.35042083333333335,420.8333333333147,-1.1762165557034743,-10.338612500343569,0.049058645392002144,0.005730358780233841,5.650138911668023
0.35049583333333334,495.8333333333065,-1.9472440866483018,-10.212577196713463,0.0821604723777734,0.016072245765092537,5.65410724136949
0.35050000000000003,500.00000000000045,-1.9897784628346777,-10.203893809633826,0.08399597525876952,0.01679839014207576,5.6543854382010865
0.35050416666666667,504.1666666666389,-2.032276288736335,-10.195033057628134,0.08583102883688276,0.01754039407428048,5.654669703767679
0.3505791666666667,579.1666666666862,-2.790144407022243,-10.00520779667825,0.11876854742898774,0.0335856377580755,5.660822284095209
0.35058333333333336,583.3333333333246,-2.831807356797702,-9.992978616418803,0.1205919145016739,0.03462478534090244,5.661221508898181
0.35058750000000005,587.5000000000185,-2.8734189832854624,-9.98057264064747,0.12241441247181568,0.03567925804957101,5.661626761098034
0.35066250000000004,662.5000000000103,-3.61281471370365,-9.727166972714409,0.15503689133481177,0.05722961351133865,5.669948148501554
0.3506666666666667,666.6666666666488,-3.6533118435031633,-9.711426353161903,0.1568366487343391,0.05856603425290113,5.670467241559996
0.3506708333333334,670.8333333333427,-3.6937430253118513,-9.695511980646796,0.158634790503267,0.05991665894765575,5.670992281488757
0.35074583333333337,745.8333333333345,-4.409407357948508,-9.379627140111916,0.19066319851287986,0.0865534649218139,5.681452758554419
0.35075,749.9999999999729,-4.4484492677420215,-9.360461545823123,0.1924198658013426,0.0881557256071588,5.682089531646675
0.35075387438755584,753.8743875558085,-4.4846805552814315,-9.342489663460327,0.19405081681396447,0.08965647501468285,5.682686841410703
0.3508291666666667,829.1666666666586,-5.174217380822724,-8.964861696781604,0.2251656012723502,0.12071320951509285,5.695277976704887
0.3508333333333334,833.3333333333526,-5.21152426487071,-8.942416104597743,0.22684969480203745,0.12252567626613702,5.696028611687908
0.3508338743875559,833.8743875558885,-5.216361805340515,-8.939489799532922,0.22706805268859162,0.12276166798045003,5.69612649164753
0.350913874387556,913.8743875559685,-5.913437706909916,-8.477984127743293,0.2583616177869941,0.1589302989178877,5.711608863034463
0.3509166666666667,916.6666666666767,-5.937086725588371,-8.460869330895818,0.2594129470677123,0.16022637406275164,5.712184633679596
0.35092083333333335,920.8333333333152,-5.972286937647986,-8.43520806416814,0.26097591884005417,0.16216292908192984,5.713048118003259
0.35099583333333334,995.8333333333069,-6.586979854611118,-7.949103424374012,0.28774124077758145,0.19713100391481456,5.7294451958026045
0.35100000000000003,1000.0000000000009,-6.620042208744657,-7.920804751688271,0.2891424182858793,0.19905556679096756,5.730401808712213
0.3510041666666667,1004.1666666666393,-6.652986379956245,-7.892375780319354,0.29053347937265184,0.20097548246756936,5.731363020530778
0.3510791666666667,1079.1666666666865,-7.22517500858637,-7.3594827274198735,0.3136383621451693,0.23421195764072467,5.749409511485868
0.35108333333333336,1083.333333333325,-7.255775565978773,-7.328766423685807,0.3148027559435316,0.23595422654676831,5.750450945181876
0.35108750000000005,1087.500000000019,-7.28624790975449,-7.297940399185929,0.31595328528778727,0.23768209162891876,5.751496181309932
0.35116250000000004,1162.5000000000107,-7.812330976680952,-6.725664326323012,0.3340647621133799,0.26571253639492637,5.770904364276297
0.3511666666666667,1166.6666666666492,-7.840286521621443,-6.69298299671462,0.33491347041011077,0.2670643634812956,5.772012240365109
0.3511708333333334,1170.8333333333433,-7.868105717194624,-6.660216869408521,0.3357441874062966,0.26839085565979615,5.773122859766746
0.35124583333333337,1245.8333333333348,-8.345164039039368,-6.0575207030331475,0.3473818177698653,0.2873193507549903,5.793511033257365
0.35125,1249.9999999999734,-8.370332669723467,-6.023412611685557,0.34783092768634843,0.28806274822653755,5.7946615321650174
0.35125387438755634,1253.8743875563086,-8.393608183890912,-5.99164704676183,0.3482286998549011,0.2887219700062734,5.795732590355932
0.35132083333333336,1320.8333333333267,-8.776270770080108,-5.436333005615361,0.35192115954814696,0.29487738699455307,5.814372872271618
0.35132500000000005,1325.0000000000207,-8.798849525247284,-5.401464887103309,0.35194285483389337,0.2949137454015023,5.815536854170161
0.3513291666666667,1329.166666666659,-8.82128294044623,-5.366570108388895,0.35193913896843637,0.29490751794724845,5.816700816680169
0.3513333333333334,1333.333333333353,-8.843570908118837,-5.33165035628856,0.3519098805114941,0.2948584857181287,5.8178646751091065
0.3513338743875564,1333.8743875563885,-8.846454392918275,-5.327114177142207,0.35190420256811317,0.2948489709169038,5.818015793562687
0.3514138743875565,1413.8743875564685,-9.245720572319545,-4.6541351356910825,0.3461351568582738,0.2852608257459567,5.840219702548539
0.3514166666666667,1416.6666666666772,-9.25868341516758,-4.630641532075148,0.3457520946236455,0.2846297879443769,5.84098569119334
0.35142083333333335,1420.8333333333155,-9.277904734423508,-4.595593743840875,0.34515721958585777,0.2836512053148572,5.842127048478656
0.35149583333333334,1495.8333333333073,-9.599006118091825,-3.96866733305732,0.3296492512706281,0.25873483062687075,5.8622277593774745
0.35150000000000003,1500.0000000000014,-9.61547034117191,-3.934167314171768,0.32852114020598333,0.2569669989577128,5.863313926301582
0.3515041666666667,1504.1666666666397,-9.631790909870965,-3.8997135142396933,0.3273652169242143,0.25516186964723303,5.864396261072994
0.3515791666666667,1579.166666666687,-9.901254051808884,-3.289375003897274,0.3019219195741719,0.2170401083794113,5.883120092749622
0.35158333333333336,1583.3333333333255,-9.914890468663856,-3.2561181795133574,0.30025976784663155,0.2146569718745549,5.88411261027292
0.35158750000000005,1587.5000000000196,-9.928388480016347,-3.2229406047312885,0.2985726907508283,0.2122515515766423,5.885099539295016
0.35166250000000004,1662.5000000000111,-10.148096232122954,-2.6410241750221206,0.2642213580767982,0.16622125253320857,5.90181943907009
0.3516666666666667,1666.6666666666497,-10.15903507086467,-2.609636354086103,0.2621096545153561,0.1635749309289508,5.902685622020057
0.3516708333333334,1670.8333333333437,-10.169843352119077,-2.5783567826689517,0.25997872741603584,0.16092604454490825,5.903544750115647
0.35174583333333337,1745.8333333333353,-10.342609788486682,-2.0352587926245356,0.21875117763452742,0.11393351837260135,5.917737470277535
0.35175,1749.9999999999739,-10.35102959023793,-2.0062678668849636,0.21632643484328293,0.11142172955239317,5.918452116067229
0.35175387438755684,1753.8743875568086,-10.35875061969704,-1.9794285411693346,0.21406155350843395,0.10910083021534316,5.919109399548204
0.3518291666666667,1829.1666666666595,-10.488752539213417,-1.4814784848889329,0.1686012717892814,0.067681878211817,5.93046478938614
0.3518333333333334,1833.3333333333535,-10.494870749409218,-1.4552870229030173,0.16603365517366092,0.06563613011982415,5.931013043091315
0.3518338743875569,1833.8743875568887,-10.49565722134655,-1.4518968317843686,0.16570004543864822,0.06537263109135735,5.931083612057732
0.3519125,1912.4999999999836,-10.59115731333784,-0.9864477545610628,0.11728939339255429,0.03275429000569847,5.939814431203276
0.3519166666666667,1916.6666666666777,-10.59521928023458,-0.9633226585313941,0.11475607928842509,0.03135466127059835,5.940193101327311
0.35192083333333335,1920.833333333316,-10.599185221535414,-0.9403555051338943,0.1122288687518335,0.029988854717419685,5.940563414990924
0.3519997220935669,1999.7220935668581,-10.6570274163612,-0.5356580505199101,0.06602229378795403,0.010378436373864082,5.94603360249053
0.35200000000000004,2000.0000000000018,-10.657176095242193,-0.5343344137033613,0.06586650123870198,0.010329514251018882,5.946047838754034
0.3520041666666667,2004.1666666666401,-10.659361267726046,-0.5145753501714391,0.06353763585921167,0.009611978977566141,5.946257185628058
0.3520791666666667,2079.1666666666874,-10.685327186217043,-0.18658175741695374,0.024148368354191353,0.001388437367070739,5.948763731157061
0.35208333333333336,2083.3333333333258,-10.686069788021262,-0.1698939268340517,0.022115432997338345,0.0011645056587137183,5.948836190103464
0.35208750000000005,2087.50000000002,-10.68674319226802,-0.15336689516142982,0.020100192158167444,0.0009619469637982285,5.948901990419459
0.352125,2124.999999999988,-10.689800208673107,-0.01183205928757362,0.002785225474954536,1.8470192729370763e-5,5.949204487734775
0.35212760068111565,2127.6006811156158,-10.689818826000097,-0.002495525848676414,0.0016407566367717267,6.409719859786828e-6,5.949206784584364
0.3521291666666667,2129.166666666682,-10.689818352460113,0.003096571247515714,0.0009552415339232962,2.172586638409838e-6,5.949207038089824
0.35213333333333335,2133.3333333333203,-10.689774624347493,0.017866488026724314,-0.0008554694196960672,1.7424474477026804e-6,5.949203606985924
0.35213750000000005,2137.5000000000146,-10.689669685179714,0.03247791871114948,-0.0026468510777549396,1.6680525304315444e-5,5.949194258334182
0.35216475081975385,2164.7508197538136,-10.687520285544387,0.12414926837874696,-0.013879594504899761,0.0004586741514772468,5.948991749389619
0.3521666666666667,2166.66666666665,-10.68727649771545,0.13034136576626584,-0.014637406790140086,0.0005101278036667596,5.948968565986337
0.3521708333333334,2170.833333333344,-10.686705536256635,0.1436940925349688,-0.016270927243763604,0.0006303406508853539,5.948914216459911
0.35224583333333337,2245.8333333333358,-10.667594734854793,0.3576508486667508,-0.042212752521027276,0.004242658274765464,5.947089553575511
0.35225,2249.999999999974,-10.666082718421478,0.3680920426192386,-0.04346072945240031,0.004497226201273179,5.946945420235143
0.3522541666666667,2254.1666666666683,-10.6645275092171,0.37838344019312925,-0.044688414752251285,0.004754891459688644,5.946797233945425
0.3523291666666667,2329.16666666666,-10.62985080193853,0.5384460185266414,-0.06336333638962675,0.009559315234345231,5.943512554256208
0.3523333333333334,2333.333333333354,-10.627591564746456,0.5459641363719724,-0.06421420457202873,0.009817771592424656,5.943299926090409
0.3523375,2337.4999999999923,-10.62530129800211,0.553340271955898,-0.06504589579298078,0.01007373466550313,5.943084554113652
0.3524125,2412.499999999984,-10.579435534475248,0.6623039465271829,-0.07683849467504365,0.014057510152206458,5.938809190809953
0.3524166666666667,2416.666666666678,-10.576665976824676,0.6670614235072837,-0.07732324330094763,0.014235437987089388,5.938553335971723
0.35242083333333335,2420.8333333333167,-10.573876874851113,0.6716852902619105,-0.07779075391710916,0.014408098559505318,5.938295940930423
0.35249583333333334,2495.8333333333085,-10.520955983391874,0.7325541450127603,-0.0833839459419884,0.016554482002039156,5.933462220204425
0.35250000000000004,2500.0000000000023,-10.517899117547753,0.7347205814166037,-0.08354509313323534,0.016618529968192776,5.933185898048027
0.3525041666666667,2504.1666666666406,-10.51483348556657,0.7367619603430272,-0.08369126222452145,0.01667673183984193,5.9329090974695475
0.3525416666666667,2541.6666666666642,-10.486933560622402,0.7495776235495292,-0.08435150729534811,0.016940897102374203,5.930404342660479
0.3525458333333334,2545.833333333358,-10.48380858198731,0.7503920271053707,-0.08435415417683223,0.01694196030211615,5.93012539693805
0.35254611242795225,2546.1124279522187,-10.483599144586393,0.7504422729288807,-0.08435383899252694,0.01694183369708847,5.930106713362819
0.3525666666666667,2566.6666666666615,-10.46814653498647,0.7526675326963457,-0.08416370779841645,0.016865546929469583,5.928732179074249
0.3525708333333334,2570.8333333333553,-10.465010173476912,0.7527663291053559,-0.08408566554800703,0.0168342836920269,5.92845414736881
0.352575,2574.999999999994,-10.461873645813851,0.7527473589917765,-0.08399454759638239,0.016797819109335588,5.928176421206146
0.3525791666666667,2579.166666666688,-10.458737441797028,0.7526110483468962,-0.083890481305754,0.016756221080264432,5.927899043383614
0.35258333333333336,2583.333333333326,-10.45560204945478,0.7523578242408995,-0.0837735762828915,0.016709552579108198,5.927622056311613
0.3525861124279523,2586.1124279522583,-10.453511488595117,0.7521241446569883,-0.08368851141531804,0.016675635578361474,5.927437548737171
0.35266611242795237,2666.1124279523383,-10.394201438348219,0.7237406557462638,-0.07894698016462097,0.01483958494550728,5.922261254529626
0.3526666666666667,2666.6666666666506,-10.393800407104616,0.7234016844846262,-0.07889953773779798,0.014821754893424305,5.922226632957802
0.3526708333333334,2670.8333333333444,-10.390791632243287,0.7207923006449848,-0.07853679820573964,0.014685782553354924,5.921967041474485
0.35274611242795245,2746.1124279524183,-10.338774304206622,0.6555584075088863,-0.07023748347463067,0.011745962106783374,5.917523238762951
0.35275,2749.9999999999745,-10.336234053782267,0.651284188311256,-0.06972399071861102,0.011574844956497512,5.917308337794516
0.3527541666666667,2754.166666666669,-10.333530079027705,0.6466071867433073,-0.06916487046641119,0.01138995073008438,5.917079799119128
0.3528291666666667,2829.1666666666606,-10.288617198324475,0.54594615465178,-0.05763043912330113,0.007907779794153613,5.913315485962079
0.3528333333333334,2833.3333333333544,-10.286355890423312,0.5394665265186871,-0.05691199542614031,0.007711845769964323,5.913127514556477
0.3528375,2837.4999999999927,-10.284121769552234,0.5328964552626353,-0.056185767398974705,0.0075162868052659265,5.9129419470512214
0.3529125,2912.4999999999845,-10.248976016569245,0.3996838848616783,-0.04183897505305192,0.004167856746404525,5.910041128144628
0.3529166666666667,2916.6666666666783,-10.247327727176794,0.3914814302586508,-0.04097390266957762,0.003997287380895286,5.909905906235251
0.35292083333333335,2920.833333333317,-10.245713784267073,0.3831976518725721,-0.04010192539907597,0.003828962906459654,5.909773569916446
0.35299583333333334,2995.8333333333085,-10.222911758417565,0.22071955214187125,-0.02326020498406491,0.0012881836569064715,5.907910355151714
0.35300000000000004,3000.0000000000027,-10.222012358547236,0.2109803799362826,-0.022262452262441595,0.0011800399541368833,5.9078370498465285
0.3530041666666667,3004.166666666641,-10.221153688301362,0.20116941472428537,-0.02125829450729387,0.0010759882984734304,5.907767067116806
0.3530791666666667,3079.1666666666883,-10.212992278599113,0.012859205033715168,-0.0021014490778810692,1.0514495778398086e-5,5.907099437661758
0.35308333333333336,3083.3333333333267,-10.212961761637075,0.0017786002475997215,-0.000977479604199042,2.274919944345514e-6,5.9070965582528405
0.35308750000000005,3087.500000000021,-10.212977542702482,-0.009363761224467772,0.00015276216750999806,5.5562571005601685e-8,5.907097418380865
0.3530916666666667,3091.6666666666592,-10.213039878036891,-0.02056736217279293,0.0012892671381129707,3.95764227004288e-6,5.907102038772107
0.35316250000000005,3162.5000000000127,-10.221460130331712,-0.21988994580554305,0.02157658661169336,0.0011084502138378695,5.907776118461755
0.3531666666666667,3166.666666666651,-10.222401770143756,-0.23210573096214998,0.022827474245312222,0.001240699001000935,5.907851999984844
0.35317049744704176,3170.4974470417314,-10.223312500744793,-0.2433818927018089,0.023983248379700808,0.001369514768672432,5.907925434589122
0.35324583333333337,3245.8333333333367,-10.250214396159883,-0.4732869856651378,0.0478547396954618,0.005452562169810493,5.9101091160179005
0.35325,3249.999999999975,-10.252213770277008,-0.4864192814096663,0.04924026610714539,0.0057728662054821215,5.910272386988494
0.3532541666666667,3254.1666666666692,-10.254267945513552,-0.49959142471149065,0.05063285900277588,0.0061040152637975775,5.910440265528726
0.3533291666666667,3329.166666666661,-10.300790098943674,-0.7428316642686005,0.07695452111586851,0.014099996000411077,5.91427742932103
0.3533333333333334,3333.333333333355,-10.303914005699541,-0.7566482777611123,0.07848951981989584,0.014668106479899577,5.914537477355979
0.3533375,3337.499999999993,-10.30709553995079,-0.7704927595578128,0.08003250716859477,0.015250481437359934,5.914802630778185
0.3534125,3412.499999999985,-10.374335737930435,-1.0237448579529262,0.10924330480190339,0.02841452296200373,5.920479788465845
0.3534166666666667,3416.666666666679,-10.378631032749515,-1.0379992352668883,0.11095017020487391,0.02930938159164402,5.920847244468745
0.35342083333333335,3420.8333333333176,-10.3829857526011,-1.052268759336403,0.11266636985511908,0.030223121181739247,5.921220379277505
0.35349583333333334,3495.833333333309,-10.471589411234257,-1.310954000169291,0.14524787655780608,0.05023082296321828,5.928944730499552
0.35350000000000004,3500.000000000003,-10.477081782621887,-1.325384597932214,0.1471575129409684,0.051560318130884006,5.929431999871353
0.3535006015576352,3500.6015576351524,-10.477879704533192,-1.327468152510643,0.14743412650379267,0.05175433728080082,5.929502873037152
0.3535791666666667,3579.166666666689,-10.592853899353104,-1.5990825880111814,0.18567906875759435,0.0820874204159225,5.939941945446676
0.35358333333333336,3583.333333333327,-10.599546601631229,-1.6134124736436792,0.1878325114411161,0.08400250560542145,5.9405638231767925
0.35358750000000005,3587.5000000000214,-10.60629898580831,-1.6277297776060384,0.18999941647866558,0.08595185300531767,5.941192872289048
0.35366250000000005,3662.500000000013,-10.737971030827877,-1.8824434895463003,0.23147197844212528,0.12756970667598025,5.953795772060916
0.3536666666666667,3666.6666666666515,-10.745843589401007,-1.896380088777963,0.23392284601616353,0.1302854711626232,5.954570193920105
0.3536708333333334,3670.8333333333453,-10.753774159862607,-1.9102890604243676,0.23639028693843428,0.13304849466389354,5.955352782557018
0.35374583333333337,3745.833333333337,-10.906295664285818,-2.1550366693334837,0.2838488643745309,0.19183375668264485,5.970902106326137
0.35375,3749.9999999999754,-10.915302571892125,-2.1682718066409037,0.2866674010695091,0.19566237818082566,5.971851114924986
0.3537541666666667,3754.1666666666697,-10.924364535684477,-2.1814635025005265,0.28950652339368776,0.19955720735119017,5.9728095217715715
0.3538291666666667,3829.166666666661,-11.096669750921812,-2.4105539784502152,0.3444170234137026,0.28243591908846427,5.991750621468689
0.3538333333333334,3833.3333333333553,-11.106739184876265,-2.422764390520969,0.34769612098094027,0.2878395060599825,5.99290166380392
0.35383486247741286,3834.862477412826,-11.110447356428676,-2.4272305445660507,0.3489060198352732,0.2898462158983144,5.99332683027183
0.35391486247741294,3914.8624774129057,-11.313647138081478,-2.648556672860172,0.41751040688097696,0.4150355710807594,6.017740570245161
0.3539166666666667,3916.6666666666792,-11.31842986685048,-2.653244776335833,0.4191880848183758,0.418377739175471,6.018343051666972
0.35392083333333335,3920.833333333318,-11.32950752098012,-2.6640162744084166,0.4230865267139236,0.4261957359210752,6.019743710522148
0.35399583333333334,3995.8333333333094,-11.53622129880116,-2.8437110766433875,0.49950354564865773,0.5940566478942397,6.047298304796445
0.35400000000000004,4000.0000000000036,-11.548089166840073,-2.852849857705887,0.504128749688831,0.6051090387210097,6.048967341554825
0.3540041666666667,4004.166666666642,-11.55999491601144,-2.861893869434925,0.5087977723112225,0.6163694597830061,6.050651841735366
0.3540791666666667,4079.1666666666893,-11.78030589780664,-3.007468916076323,0.6011111969353051,0.8603206454309411,6.083796016728676
0.35408333333333336,4083.3333333333276,-11.792851796461413,-3.0145437460787003,0.6067477204445392,0.876530467296773,6.085804958562064
0.35408750000000005,4087.500000000022,-11.805426939495113,-3.0215060861612835,0.6124434059747618,0.8930641083856354,6.087832768751906
0.35416250000000005,4162.500000000014,-12.03622623734379,-3.126596718664317,0.7262787108069485,1.2559065851700073,6.12780397464506
0.3541666666666667,4166.6666666666515,-12.049263476313238,-3.1312564217671612,0.7333069443720441,1.2803311301530098,6.130232237509685
0.3541708333333334,4170.833333333346,-12.062319860657764,-3.135786393885383,0.7404181734082586,1.3052835036029093,6.132684065754189
0.35424583333333337,4245.833333333338,-12.29997384423498,-3.1942081430373994,0.8845912904754113,1.8630994075832228,6.181194436549478
0.35425,4249.999999999976,-12.313287076653666,-3.196119248253684,0.8936254024709311,1.9013484760507946,6.184154072081572
0.3542541666666667,4254.16666666667,-12.32660796902727,-3.1978848081119815,0.9027825336174115,1.940515007153982,6.1871440654294885
0.35429583333333337,4295.833333333332,-12.460102941430248,-3.2073769204631573,1.0017626444526673,2.3893533233828594,6.2188104738281895
0.35430000000000006,4300.000000000026,-12.473467310696835,-3.207494703728487,1.0124713910175378,2.440710280069019,6.2221641732038915
0.3543041666666667,4304.166666666664,-12.486831850558938,-3.2074586709614716,1.0233421798126925,2.49340289758046,6.225553924648898
0.3543327820374936,4332.782037493544,-12.578568385127534,-3.2030077104587646,1.1026923055289803,2.895072192078138,6.24985320676541
0.3543333333333334,4333.333333333356,-12.580334146358817,-3.202849188349618,1.104306900322554,2.903556500238113,6.250339570618916
0.3543375,4337.4999999999945,-12.593676723294752,-3.201561249974405,1.116623089856383,2.96868363047718,6.254038724607865
0.3544127544074539,4412.754407453867,-12.833019783365092,-3.150481207446621,1.380140378415051,4.535208247932477,6.328757560662456
0.3544166666666667,4416.66666666668,-12.845337271418074,-3.1463614417378065,1.396423097264861,4.642851110892352,6.333104424174267
0.35442083333333335,4420.8333333333185,-12.858437692115833,-3.141812774946273,1.4141069165709192,4.761186598794555,6.337790905884886
0.3544965486877543,4496.548687754287,-13.092440907111696,-3.0301628366999727,1.8141926170638056,7.836416313830526,6.434848036903959
0.35450000000000004,4500.000000000004,-13.102887944164381,-3.0237690730343654,1.8370025030773405,8.034709991220033,6.439900502632827
0.3545041666666667,4504.166666666642,-13.115470645470317,-3.0159002753909685,1.8652266543647003,8.283501124172696,6.4460861353842125
0.3545830934896236,4583.093489623547,-13.346808467151964,-2.8369159507615467,2.602726484766682,16.12901227263317,6.585337529294401
0.35458333333333336,4583.3333333333285,-13.347488808497289,-2.836289644932628,2.605800716864232,16.16713660954796,6.585840441501491
0.35458750000000006,4587.500000000022,-13.35928390901655,-2.825335412353649,2.660360118244803,16.851228473208344,6.5946747172979565
0.35466250000000005,4662.500000000014,-13.563243362834616,-2.6079843155189106,4.2704366443119115,43.420545554957094,6.797171653669167
0.3546666666666667,4666.666666666652,-13.574083173873754,-2.595119308436285,4.421039113792113,46.53711153733274,6.811902416744109
0.35466742301745824,4667.423017458205,-13.57604511004798,-2.5927806417147976,4.449572761646003,47.139756574242945,6.814633656416994
0.3547241750043512,4724.175004351183,-13.718278234224856,-2.423604217405682,8.609616271099584,176.48926746567315,7.100961509033877
0.35472431065294924,4724.310652949204,-13.718606972164576,-2.4233060900396666,8.612117107515312,176.59181207989974,7.101897182729299
0.35472447578703,4724.475787029947,-13.719007115551355,-2.422986796211282,8.607574067791877,176.40555079172188,7.103018144057083
0.3547497323377258,4749.732337725743,-13.775762602450706,-1.8926021728664373,1.1751580529428494,3.2880867842772106,7.138010282186016
0.35475,4749.999999999976,-13.77626770282615,-1.8815430101710626,1.167154479803987,3.2434513803012273,7.138240117299695
0.35475023196000505,4750.231960005013,-13.77670302607219,-1.8718781872096424,1.160230504154571,3.205082911358977,7.138437948896553
0.3547819228711756,4781.92287117557,-13.809222963166729,-0.053682166603118746,0.1756063873699486,0.073422864964582,7.153153106523226
0.35478256250901513,4782.562509015098,-13.809243903223159,-0.011793572379914156,0.1546225707603832,0.05692414140130883,7.153186895631224
0.35478326725184195,4783.267251841916,-13.809235955873886,0.0343434425325931,0.13148717835795606,0.04116399541080226,7.153211746891525
0.35478333333333334,4783.333333333306,-13.809233543514946,0.0386681452515059,0.12931712504182308,0.03981647340257739,7.1532134117029385
0.35478409057533233,4784.0905753323,-13.80918550517071,0.08820049891599628,0.10444287244852504,0.0259721752507116,7.153224345626847
0.3547847128239257,4784.7128239256745,-13.809117970693146,0.12885744542394167,0.0839953158160689,0.016798126378669412,7.153222120386826
0.35478657956970583,4786.579569705796,-13.808763828068196,0.2504571413354399,0.022638383259834423,0.0012202295157598844,7.153154811456192
0.3547872018182992,4787.20181829917,-13.808595416596699,0.29082651337858245,0.0021900326211035173,1.1419625908327484e-5,7.153112185210913
0.35478750000000003,4787.5,-13.808505817965967,0.310136137844837,-0.007606730328227976,0.00013776749115805545,7.153088185188539
0.35483324821420886,4833.248214208829,-13.7391728511734,2.297784454756578,-1.3627769947584631,4.421812232006924,7.123891959129134
0.3548333333333334,4833.333333333356,-13.738977226459468,2.298706100991393,-1.3650610121892066,4.436646588092907,7.123794440457877
0.35483387046280224,4833.870462802203,-13.737741016437488,2.304235975304146,-1.379520641602865,4.531136191924715,7.1231753939931535
0.3548389637264378,4838.9637264377725,-13.725915077324755,2.332124134437887,-1.5238375780927373,5.528764200970332,7.116973421343253
0.3548395226033181,4839.522603318047,-13.724611580732356,2.332487804163464,-1.540978136560664,5.653841946090422,7.116253437772737
0.35484008148019835,4840.0814801983215,-13.723308029021807,2.332321605064064,-1.5585161021552374,5.783267715897987,7.115524835246893
0.354864781732482,4864.781732481949,-13.669750499906598,1.8975111860565825,-6.985874843216697,116.19630315497123,7.035617236546739
0.35486549972430753,4865.499724307499,-13.668394343638596,1.8801550440987753,-7.0138098457548805,117.12744893430501,7.031570962701983
0.35486626682217776,4866.266822177723,-13.66695913113055,1.8618066852802029,-7.01141909700183,117.04761369952848,7.027315587389465
0.3549162978304512,4916.297830451166,-13.598730088584908,0.9334408407445638,-2.2689776948936484,12.257761380773557,6.872381832491067
0.3549166666666667,4916.666666666681,-13.598386832652816,0.9278532411370207,-2.2516572916639674,12.071334664532174,6.871760323281737
0.354918000939499,4918.0009394989565,-13.597162254949207,0.9077479852223443,-2.190059060465416,11.419901638873002,6.869551406088763
0.35498890787372134,4988.907873721304,-13.566018985022836,0.022944330468825783,-0.17554628093801555,0.0733726113123064,6.8156385848480525
0.35499082024084117,4990.820240841132,-13.565994266241317,0.002934107655865477,-0.13833211851983232,0.0455613690813927,6.8154849942824445
0.3549916666666667,4991.666666666672,-13.565995511458954,-0.005871181551856202,-0.12198721877864993,0.03543067034607192,6.815434696462044
0.354992732607961,4992.732607960959,-13.566007660559363,-0.016915660365526355,-0.10150924334592762,0.02453363448729226,6.815386691037166
0.3549946449750808,4994.644975080786,-13.566058863318235,-0.0366072530395053,-0.06505433251628305,0.01007634804556934,6.815343154104642
0.35499583333333334,4995.83333333331,-13.566109595690115,-0.0487650392711486,-0.04257640919830209,0.004316072905288721,6.815343473785757
0.35499636232423687,4996.362324236836,-13.566136818826859,-0.05415777499673263,-0.03261199793748676,0.0025322438320824776,6.815350328224332
0.3549980796733929,4998.0796733928855,-13.566244807835083,-0.07158409000374635,-0.0004323544014584105,4.4507221062014376e-7,6.815400943027351
0.35499979702254897,4999.797022548935,-13.566382618352257,-0.08888772455194714,0.031500014839751955,0.002362502225963318,6.8154946874315705
0.35500000000000004,5000.000000000005,-13.566400867329294,-0.09092484402500398,0.035258539597324876,0.002959915748895539,6.815508603548282
0.3550015237491109,5001.523749110892,-13.566551036079273,-0.10616366176211682,0.0633726073907592,0.009562112779769781,6.815632133022844
0.3550825694434703,5082.569443470242,-13.604719110699985,-0.8008970281198563,1.5299297326039578,5.573059492156233,6.86936514082814
0.35508333333333336,5083.3333333333285,-13.605333058154718,-0.8065245351382583,1.545596740208347,5.687784007958735,6.87033379715681
0.3550859759046609,5085.975904660867,-13.607489968407421,-0.8258793767541217,1.6004165178748107,6.098411977825082,6.8737600300544335
0.35516638446529114,5166.3844652911075,-13.695596256659691,-1.3463435665857193,4.336970176103953,44.78407216289321,7.05427586149452
0.3551666666666667,5166.666666666652,-13.695976430945258,-1.348003809812473,4.352998394147471,45.115702427263,7.0552881630522535
0.35516797277128587,5167.972771285834,-13.697742078081523,-1.3556771636950675,4.42694621943698,46.6615543566366,7.060019695401812
0.35517810525193766,5178.105251937626,-13.711776193458272,-1.4140274285496002,4.994567563704869,59.39453606764951,7.09931833535521
0.35517831298118707,5178.3129811870385,-13.712070055348644,-1.415255683117,4.998235479234409,59.481804537803846,7.100152206019701
0.3551785207104365,5178.520710436452,-13.712364175704124,-1.4165162509625224,4.995520738192158,59.4172082040665,7.100971055256938
0.35518540372196344,5185.403721963411,-13.7222456460258,-1.4465665808941204,1.5681737152189683,5.855163812151575,7.1109441933556194
0.3551856753042555,5185.675304255455,-13.722638518579934,-1.4466331741065346,1.5234141615919612,5.525692161283186,7.111171231931055
0.3551859534627478,5185.95346274775,-13.723040912782814,-1.4466273617255356,1.4863142289406222,5.259833302741324,7.111415478290492
0.35524403914795216,5244.039147952129,-13.77714531626,-0.022091928014842346,0.10760326942025651,0.02756777045221026,7.139861740186049
0.3552447467041098,5244.7467041097925,-13.777151263842313,0.0052786399270431765,0.09266162866989491,0.020443279589898788,7.139882410566778
0.3552455281781135,5245.528178113468,-13.777135332167392,0.03549050108770658,0.07614758856112865,0.01380584581827364,7.139895457872794
0.35524583333333337,5245.8333333333385,-13.77712270314011,0.04727977308793145,0.06969659031358913,0.011565749288905443,7.139897765557785
0.3552464183128734,5246.418312873368,-13.777088438958286,0.06986279189458071,0.05732733565528249,0.007824817650793865,7.139897813939203
0.3552471037924368,5247.103792436758,-13.777031489167932,0.09629064849249247,0.04283023678729208,0.004367688531560733,7.139890555750506
0.35524848401866976,5248.48401866973,-13.776861941449162,0.14935250721820484,0.013640933039097513,0.00044303584327890985,7.139852015110812
0.35524917413178625,5249.174131786216,-13.77674974527953,0.17578861735383466,-0.0009480319259640094,2.1399155539214978e-6,7.139820769837371
0.35524986424490274,5249.864244902702,-13.776619330850535,0.20214881709154925,-0.015529693530070355,0.0005742175741378788,7.139781553665396
0.35525,5249.999999999977,-13.77659153676833,0.20732449144092746,-0.018397027481584713,0.0008058348099004362,7.13977290200014
0.3552505543580192,5250.554358019188,-13.776470753823432,0.228423622382539,-0.030101412794412655,0.0021573691719515,7.139734377713936
0.3553009326155227,5300.932615522669,-13.727715734049264,1.3830327166004688,-0.9212225023612339,2.0205973782302227,7.117115609713346
0.3553016227286392,5301.622728639155,-13.726761152096524,1.3833380839626663,-0.9303450425113526,2.0608140431558346,7.1165870705820415
0.3553023128417557,5302.312841755641,-13.725806524681952,1.3831646443966754,-0.9394502396240703,2.101349411261245,7.116053586107025
0.35533272599722016,5332.725997220123,-13.688352727363746,0.9640146227331674,-3.471873448552795,28.6997743875378,7.072925965865472
0.3553333333333334,5333.333333333357,-13.687771199499538,0.9510053993643657,-3.5438771335426127,29.902536042014777,7.0710670216301
0.3553334173041115,5333.4173041114655,-13.687691418190257,0.9492108031244345,-3.552779480766082,30.052957235601216,7.07080986879587
0.3553363340290857,5336.334029085677,-13.68501303110973,0.8876143527572792,-3.7165403843676463,32.88731530627526,7.061969137427756
0.3553371290857373,5337.129085737247,-13.684313899282579,0.8711038441113691,-3.718301956700831,32.918498669536255,7.059621385416387
0.35533750000000003,5337.499999999995,-13.683992215634824,0.8634453806498278,-3.7139186584318775,32.840932860591515,7.058539027893866
0.3553875,5387.499999999989,-13.663212485211364,0.018468973683589976,-0.41208136261000156,0.4043120224059895,6.991205443367061
0.35538858875409807,5388.588754098034,-13.663200820882068,0.0029735880975742804,-0.3631566431331002,0.31400654155167124,6.990984582746106
0.355389956238702,5389.956238701976,-13.663209988241647,-0.016356928127741113,-0.3023998390459092,0.21772776822617096,6.990765090013746
0.3553926912079099,5392.691207909861,-13.663307132395417,-0.05458692551865528,-0.18301439861846694,0.07974826214685504,6.99051697125794
0.35539405869251384,5394.058692513803,-13.663394720583092,-0.07349114339199145,-0.12429189846440886,0.03678208577115934,6.990487100551514
0.3553954261771178,5395.426177117746,-13.663508065746415,-0.09225788807764994,-0.06615657481882345,0.010420696170853774,6.990519268367673
0.35539583333333336,5395.833333333322,-13.663546761703754,-0.09781928617157251,-0.04895438584267831,0.0057060283172233875,6.990540754911684
0.3553967936617217,5396.793661721688,-13.6636469814091,-0.11088936699520291,-0.008565694014536916,0.0001746931284539846,6.990612963933412
0.35539816114632566,5398.16114632563,-13.663811284072858,-0.12938772863210152,0.048522038834387306,0.005605686315823309,6.990767718607865
0.3554155984270244,5415.598427024382,-13.668057689917076,-0.3544365186114922,0.7483298608096323,1.3333275728080085,6.997958144217293
0.3554166666666667,5416.666666666681,-13.668443358393436,-0.367616122931944,0.7903769888131117,1.4873709153459085,6.9987086889099
0.3554175897994373,5417.589799437239,-13.668787953244752,-0.37895279364800954,0.8267106383610788,1.6272630466175775,6.999386013825456
0.35547500000000004,5475.000000000007,-13.709184920122919,-1.004268049938117,3.430153411675913,28.01417244674263,7.0991196374260195
0.35547517626227765,5475.176262277614,-13.709362088409188,-1.0060142543560562,3.432418135039404,28.051176794636618,7.099605592086808
0.3554754219950082,5475.421995008167,-13.709609600225201,-1.0084696565263083,3.429857586490415,28.009340627632987,7.10026957375349
0.3554899693181032,5489.9693181031935,-13.725086702888552,-1.0929661886377546,0.8913792263471789,1.8918022027697505,7.113260977112214
0.35549059435868685,5490.594358686818,-13.725769883466233,-1.0930193288178465,0.8773748907065628,1.832825473434174,7.113666504505595
0.3554912279966172,5491.227996617165,-13.726462397776025,-1.0927650689663038,0.8653333477137115,1.7828614349176646,7.114076178842217
0.3554997031959941,5499.703195994077,-13.735622548135735,-1.0596701074866604,0.761933888498407,1.3822458343864354,7.119285609297957
0.35550000000000004,5500.000000000005,-13.735936744096358,-1.0575136345226512,0.7587220891090426,1.370617163099976,7.119457132452924
0.35550035192409246,5500.351924092428,-13.736308446224054,-1.0548701768208169,0.754926113053026,1.3569367527841674,7.119659559332698
0.35554856518625866,5548.565186258625,-13.766399999427266,-0.015217801349104504,0.08335946796019703,0.016544764044302655,7.135117477740848
0.35554931911274334,5549.319112743312,-13.766403198836885,0.006728766540539235,0.07091805943908733,0.0119746932252522,7.135134044681165
0.35555000000000003,5549.999999999999,-13.76639187296765,0.026536597657397205,0.059673864379987535,0.008478500214383677,7.135142587268868
0.3555501504286203,5550.150428620282,-13.766387552118214,0.030910413073437677,0.057188870357304085,0.007787064030344129,7.13514365302153
0.3555511108861089,5551.110886108879,-13.766344461982246,0.058809489118451054,0.04131792626276507,0.004064692930131647,7.135143450581748
0.3555525935040486,5552.593504048576,-13.766225415116653,0.1017506859525742,0.01681324515162901,0.0006730600298304198,7.135119369694924
0.355553344490441,5553.344490440982,-13.766140859799494,0.12342404653416328,0.004404601629111416,4.619170359802605e-5,7.13509618017596
0.3555540954768334,5554.095476833387,-13.766040051654045,0.14503310761560853,-0.007997729046390394,0.00015229445214161097,7.135065611807589
0.35558263295974485,5582.632959744816,-13.75127307008538,0.8341001663443498,-0.44653335667930266,0.4747429491125841,7.128705855922289
0.35558333333333336,5583.333333333329,-13.750684723365707,0.8459414352894341,-0.45585374902538645,0.49476819166785724,7.128432948669237
0.35558338394613725,5583.383946137222,-13.750641886544509,0.8467849474049521,-0.45652359026628225,0.496223305880039,7.12841303546508
0.35560516255151703,5605.162551516995,-13.729448152818534,1.0417040608252868,-0.6926855685228902,1.1424126115235227,7.117767237056373
0.35560591353790943,5605.913537909401,-13.728665667338722,1.0421117243586795,-0.69888738254586,1.1629608892423888,7.117337913185939
0.35560666452430184,5606.664524301807,-13.72788303660201,1.0420910290112941,-0.7049650605659042,1.1832755633778311,7.116905227052553
0.3556480441701358,5648.044170135758,-13.693053207236378,0.4922260382753535,-2.1957166421700207,11.478979935005691,7.078734920188548
0.35564885432498344,5648.85432498341,-13.692661006519316,0.476001169780596,-2.2072428306689353,11.599811698903368,7.0772926002754515
0.3556496914094632,5649.691409463142,-13.692269535243584,0.4593369868269134,-2.206526263951044,11.592281317870839,7.075828543556551
0.35566659562660347,5666.595626603433,-13.687216248905935,0.14548094426457325,-1.1238115470281058,3.0070295076992966,7.055063078016612
0.3556666666666667,5666.666666666653,-13.687205957837016,0.14424493927962959,-1.1185925606485074,2.979165039852821,7.055012155956209
0.35566789284281064,5667.892842810606,-13.687042127565514,0.1230063730649633,-1.0294156367837533,2.523087031559286,7.054177123667775
0.3556743789238465,5674.37892384648,-13.686601926789237,0.013504521551449624,-0.5859004392806842,0.8173317255935686,7.051082739962792
0.355675,5674.999999999985,-13.686596723780934,0.003256938214920164,-0.5457214235787226,0.7090758860780654,7.0508983252829145
0.3556756761400537,5675.676140053653,-13.686598280582453,-0.00785411913933387,-0.50238039713769,0.6009191986386265,7.050719022279611
0.3556795677886752,5679.567788675177,-13.686752041601364,-0.07091849158023399,-0.26022937708350047,0.16123649689825398,7.050113514302243
0.3556806981182191,5680.698118219085,-13.686842411092604,-0.08896074032196484,-0.1919576703830351,0.08773273147352847,7.0500711950691395
0.355681828447763,5681.828447762993,-13.686953106371687,-0.10688319196170235,-0.12448961487398193,0.03689920050350558,7.050087863221283
0.35568333333333335,5683.3333333333185,-13.687131796286014,-0.1305621359688228,-0.03580400350018012,0.003052206349145024,7.050200675628912
0.35568408910685084,5684.089106850809,-13.68723493948703,-0.14237670802081698,0.008283832997832873,0.00016338545032377327,7.050296046052254
0.35568521943639475,5685.219436394717,-13.687405815441204,-0.15995159566204198,0.07370478395580657,0.012934274233266957,7.050486616596016
0.3557282255909749,5728.225590974856,-13.707591124220132,-0.7573374852848823,2.4323112936052347,14.086043402379929,7.099049603582101
0.355728511319133,5728.511319132989,-13.707808035063346,-0.7609674179132241,2.4333416135999864,14.097979543993773,7.099604309091517
0.35572879704729116,5728.797047291123,-13.708025985329042,-0.7646127353105056,2.426742702535495,14.021619391212566,7.100140341037939
0.35574979995361344,5749.79995361341,-13.72617292239342,-0.9193805187248071,0.7056012856116184,1.185412319658973,7.114082454654045
0.35575,5749.999999999977,-13.726356858023546,-0.9195449495105293,0.7042632846784127,1.1809208908238737,7.114191227286818
0.3557505658917758,5750.56589177575,-13.726877322571488,-0.919869460029997,0.7004755835543884,1.1682524837044306,7.114497765210559
0.35575118297443936,5751.182974439328,-13.72744500680595,-0.9199861515627271,0.69635247740643,1.1545399352144585,7.114830110789328
0.355751973407831,5751.973407830957,-13.728172137380493,-0.9197736150762579,0.6911009486728237,1.137191717277326,7.115252945783649
0.355809123579284,5809.123579283982,-13.761805408826202,-0.018719598788877398,0.07477174748482408,0.013311462433176897,7.133028025317508
0.35580991384642824,5809.913846428205,-13.761812565729384,0.000605751431510739,0.06362183398119367,0.009637470855072784,7.133044915373869
0.355810760699303,5810.760699302975,-13.76180328830198,0.021301406358813144,0.05166218355281738,0.0063547171653452255,7.13305522137597
0.35581192141865514,5811.921418655108,-13.76176211963846,0.0496249084629652,0.03525764844293088,0.0029597661279173963,7.1330562528833745
0.35581250000000003,5812.499999999998,-13.761729329904364,0.06371696959090076,0.027077910951502263,0.0017457458607083004,7.133051116002669
0.3558135223921508,5813.522392150771,-13.761651478716415,0.08856207263270316,0.012624259509474718,0.0003794569718156259,7.1330328571243005
0.3558143432926201,5814.343292620095,-13.76157061188068,0.10844737904221241,0.0010234105608365174,2.4937361334088455e-6,7.133009719504931
0.35581516419308945,5815.1641930894175,-13.761473448118283,0.12826540492028546,-0.010569846979706416,0.0002660039647009734,7.132979044375236
0.35583322400341455,5833.224003414517,-13.75541748493186,0.5277291944518435,-0.2567122348529999,0.1569075512457661,7.130450256471822
0.3558333333333334,5833.333333333357,-13.755359673397246,0.5298310868894104,-0.25811198205283004,0.15862332209342966,7.130424596135115
0.3558340449038839,5834.04490388384,-13.754977824582474,0.5433901257972407,-0.2671847672349696,0.16997071391048782,7.130254716261153
0.3558666666666667,5866.666666666687,-13.730157018699037,0.875426688426425,-0.5838710410153874,0.811679506039029,7.1180119146620004
0.3558668809226568,5866.880922656747,-13.729969448638425,0.8754651888524807,-0.5851563884060257,0.8152571402199608,7.117909491463853
0.3558677018231261,5867.70182312607,-13.729250800329222,0.8753411106089773,-0.589972829379364,0.8287331890616481,7.1175153287606365
0.3559158523879665,5915.852387966492,-13.698034991717009,0.25516146926853395,-1.176340202194268,3.294705407853455,7.089251954759569
0.3559166666666667,5916.6666666666815,-13.697833793439198,0.23902468975714614,-1.1945443671097065,3.3974672499845933,7.088442655859645
0.355916685986749,5916.685986748993,-13.697829179153453,0.2386426135369298,-1.1948618679234064,3.3992735319462195,7.088423594389229
0.3559175313850612,5917.531385061181,-13.697634487139226,0.22196257222294125,-1.2036241628013244,3.449312203045688,7.087598030926377
0.35591839344442466,5918.39344442463,-13.697450444243504,0.20503603373457602,-1.2025323230503406,3.4430571142401165,7.0867772632976465
0.3559289211775277,5928.921177527691,-13.69635223114439,0.0060144576995429105,-0.6834366111289372,1.1121085748366812,7.079676151851734
0.3559291666666667,5929.166666666652,-13.696351303406479,0.001545076538099909,-0.6660989000576317,1.0563993920428256,7.079585619226614
0.35593025550911106,5930.255509111026,-13.696360377641458,-0.01818836413102707,-0.5885415892858353,0.8247171483788021,7.079226541005426
0.35593470806886773,5934.7080688677,-13.69661858440922,-0.09740442679350847,-0.26796493050403664,0.17096477138103142,7.078469757623723
0.35593562546790675,5935.625467906713,-13.696715306637826,-0.11344169558210593,-0.20235966279851073,0.09749865030458803,7.0784533537416845
0.35593654286694576,5936.542866945727,-13.696826698387895,-0.12938535140119156,-0.1371190320745089,0.04476578323107191,7.078483723990538
0.3559375,5937.4999999999845,-13.696958458894184,-0.14592134593304895,-0.06948869216212654,0.011496853186673298,7.078564852190275
0.3559383776650238,5938.377665023753,-13.697093150936198,-0.16099760827772605,-0.00789056200566798,0.00014824040182212164,7.078683268009208
0.3559392950640628,5939.295064062766,-13.697248045220405,-0.1766689795109558,0.05605651376560218,0.007481744608459876,7.07885172033059
0.3559634700212704,5963.470021270345,-13.706269756622268,-0.5610906263158956,1.5962423447589127,6.066641960003408,7.098903079247863
0.35596378642776844,5963.786427768403,-13.706448042091589,-0.5658493377923851,1.5978552618324837,6.07890818515656,7.09930828364473
0.3559641028342665,5964.10283426646,-13.706627833676508,-0.5706102831285101,1.5930042961559259,6.042054018026754,7.099697792052667
0.35599384518212174,5993.845182121704,-13.728447311253149,-0.8218101648896224,0.6066645162024883,0.8762900838552363,7.115508768411311
0.35599464438986034,5994.644389860304,-13.729104198549399,-0.8219739067478993,0.6036662013643127,0.8676497206419499,7.115885591095604
0.35599544359759894,5995.443597598904,-13.729761067721668,-0.8217647386598604,0.600536391354222,0.8586760889065506,7.116260157222045
0.35599943963629194,5999.439636291903,-13.733034702107732,-0.8151203333709997,0.5828696563489709,0.8088977054580176,7.118096068164127
0.35600000000000004,6000.0000000000055,-13.733491004710613,-0.8134436196718727,0.580117351123063,0.8012765263667597,7.118348198485094
0.35600023884403054,6000.238844030503,-13.733685199545262,-0.8126734246122824,0.5789233244611213,0.7979814657264682,7.118455239325765
0.3560521881327463,6052.1881327462725,-13.759758627205063,-0.024626203415646666,0.07193515494430024,0.012320634563953532,7.1320833837001265
0.3560530062442211,6053.00624422106,-13.759771467904244,-0.006765460818500124,0.06155092624026943,0.00902027743103592,7.132102033665339
0.356053861026298,6053.861026297957,-13.75976927794945,0.011887159533779001,0.05068853296427586,0.00611744612873924,7.132114282145178
0.35605416666666667,6054.166666666638,-13.759764626069257,0.018552618816622856,0.0468020567804563,0.00521531552114537,7.132116866840601
0.35605482686537426,6054.82686537423,-13.759747627559868,0.032939874090528454,0.038403788728070765,0.0035115499730245118,7.132119223768489
0.35605579270445054,6055.792704450502,-13.759705661235506,0.05395369764565601,0.026112432938012874,0.0016234741760529038,7.132114729941307
0.3560567585435268,6056.758543526775,-13.759643423622457,0.07491396851162324,0.01381980395365146,0.00045473090789847746,7.132100810448387
0.3560577243826031,6057.724382603047,-13.759560973506495,0.09580607059976448,0.0015312470557446386,5.58266082315863e-6,7.132077479185678
0.35605833333333337,6058.333333333332,-13.759498632614292,0.10893670369605729,-0.006212047080142929,9.187983077598164e-5,7.132057939354718
0.35608278415060624,6082.784150606202,-13.750867615953782,0.569017272460098,-0.29868314383377637,0.2124086200248294,7.1283226742931465
0.35608333333333336,6083.333333333329,-13.750552915272994,0.5770297462151601,-0.3045069874121352,0.22077263186384347,7.128177396266334
0.3560836446480679,6083.644648067876,-13.750372578501494,0.5815126233275539,-0.3077877144945715,0.2255554218899806,7.1280939679018225
0.35610945957191814,6109.459571918108,-13.732015010787551,0.7810161077698412,-0.5143430581508289,0.6298780511141594,7.118940893527874
0.3561103200693798,6110.320069379782,-13.73134279678386,0.7812978617106022,-0.5185928895106242,0.6403299644070918,7.118578146764232
0.3561111805668415,6111.180566841456,-13.73067052264644,0.7811559879154344,-0.522650188272049,0.650388617382877,7.1182130215613775
0.3561267747352551,6126.7747352550805,-13.718892946952304,0.7073118774417436,-0.5610757238052623,0.7495380186752355,7.111346699456537
0.3561280090459867,6128.009045986649,-13.718026812605125,0.6959932871157418,-0.5611538471759022,0.7497467623817043,7.110796905876036
0.3561291666666667,6129.166666666685,-13.717227588397682,0.684704138753199,-0.5608182448105066,0.7488502469341363,7.110282363133244
0.3561661576105844,6166.157610584366,-13.70193171037535,0.08313157886509466,-0.3458985463661243,0.28487096280523294,7.096605714961885
0.3561666666666667,6166.666666666653,-13.701891916822207,0.07321135184283577,-0.3416781965298586,0.27796188091403967,7.0964768166561365
0.35616667676338093,6166.676763380896,-13.701891178621276,0.07301462154870828,-0.3415939051979258,0.27782475254373695,7.096474278715289
0.3561697916801601,6169.791680160075,-13.701758133815314,0.012473774950379131,-0.309567084713527,0.2281709046143619,7.09574174089902
0.35617031083295664,6170.310832956605,-13.70175426569481,0.0024308583278191305,-0.30189851275313245,0.21700645714893638,7.095633886155324
0.35617082998575317,6170.829985753135,-13.701755606609304,-0.00759338543585826,-0.2931794444923884,0.2046528254115844,7.095531886487138
0.356175149797332,6175.149797331969,-13.701967241090632,-0.09009790165666047,-0.16863831415861125,0.06771162143394871,7.0950066487666605
0.35617575511972055,6175.755119720517,-13.702025235622438,-0.10151092649641205,-0.14327695808178634,0.04887687313611896,7.09499163018622
0.3561764268570812,6176.426857081141,-13.70209766537437,-0.11412991803759122,-0.1130071496354903,0.030406228258900228,7.094994805690215
0.3561777703318024,6177.7703318023905,-13.702267871753262,-0.139219083090974,-0.04631298338733707,0.00510688673865657,7.095066906443169
0.35617844206916305,6178.442069163015,-13.7023655812453,-0.15168824514773935,-0.010212287630764769,0.000248311472984455,7.095137142424543
0.3561791138065237,6179.113806523639,-13.702471649723163,-0.1641067086761886,0.027492703301732858,0.0017996398448502685,7.095230856308849
0.35622069158504205,6220.6915850420155,-13.722953908206282,-0.7290260158746187,0.5568415493752867,0.7382678835968332,7.112341349970778
0.3562208333333334,6220.833333333342,-13.723057300363415,-0.7297857214650842,0.5568519256311709,0.7382953978074837,7.112404030758469
0.35622131264056867,6221.312640568633,-13.723407693991222,-0.7322782276212944,0.5568471949079251,0.7382828535162494,7.11261588781739
0.3562299110024519,6229.911002451849,-13.7298363545091,-0.756516324814997,0.5464275646963969,0.7109121034762739,7.116367360030436
0.3562307929960129,6230.792996012869,-13.73050374014132,-0.7567709289188773,0.5442673594898243,0.7053022823952991,7.116744056191119
0.3562316749895739,6231.674989573888,-13.731171165307632,-0.7566058976993597,0.5419079770837534,0.6992006086357282,7.1171186970024705
0.3562493148607943,6249.314860794275,-13.743962397154673,-0.6665427012151769,0.4551622261407172,0.49326821929850806,7.123978441113756
0.35625,6249.999999999978,-13.744416790337153,-0.6598457716256226,0.4503776254005871,0.48295239395588474,7.124213317740762
0.3562501968543553,6250.196854355295,-13.744546490689826,-0.6578802253562228,0.4489849693301185,0.47997024448658915,7.124280276006768
0.3562890045710402,6289.004571040146,-13.758827137378367,-0.011711085509811328,0.06008522845344933,0.00859579685310285,7.131663748923884
0.3562899045407689,6289.904540768887,-13.758829541450208,0.0063666424404422006,0.04952246548952497,0.005839225209907598,7.131677784208974
0.35629087702775647,6290.877027756436,-13.758813858683583,0.025881852104724722,0.038096117204543575,0.003455509871576955,7.131684434626648
0.3562916666666667,6291.66666666664,-13.758787172833657,0.041703872717994944,0.0288121418225422,0.0019765226581006795,7.131683330306683
0.35629284342956596,6292.843429565931,-13.758724249710292,0.06522596047004446,0.014973081851464343,0.0005337932860253593,7.1316708780580935
0.3562937131648636,6293.713164863546,-13.758659980772094,0.08255471831935356,0.004746789132056577,5.3647635867167686e-5,7.131653373592301
0.3562945829001612,6294.582900161161,-13.758580665229847,0.09982475417437833,-0.0054735869020610195,7.13336989866999e-5,7.1316288262871925
0.35633285125325626,6332.851253256222,-13.742312964963897,0.6683885067280546,-0.3942591364386064,0.3700958730126563,7.124202224720435
0.3563333333333334,6333.333333333358,-13.741989918467096,0.6718112498018803,-0.39776233878432576,0.37670209084565887,7.124042410197338
0.35633372098855387,6333.720988553837,-13.74172896786507,0.67447863416851,-0.4005440122998992,0.3819892994983377,7.123913016463138
0.3563458972827205,6345.897282720447,-13.733168709640577,0.7186512588139351,-0.4706031693269303,0.5273031975727415,7.119510100368548
0.3563467670180181,6346.767018018062,-13.73254356963452,0.7188230376927442,-0.47423157469516,0.5354656819948835,7.119175437568249
0.3563476367533157,6347.636753315677,-13.731918453769486,0.7185958542702587,-0.47766459538104417,0.5432463468584205,7.118838802275033
0.3563601233386371,6360.123338637058,-13.72315231211608,0.6722724186800847,-0.504175588696198,0.6052214862789473,7.113875606140459
0.35636143409862125,6361.434098621222,-13.722277171476259,0.6629094380287114,-0.5043529621181628,0.6056474057080119,7.113350649938701
0.3563625,6362.499999999993,-13.721574904294721,0.6546984212411111,-0.5041127476771038,0.6050706246918078,7.112924709083286
0.3564054028653648,6405.402865364785,-13.705601351351056,0.014111107132807185,-0.12705917641781064,0.038438176933267454,7.100728550644119
0.3564059912585786,6405.991258578547,-13.705596235796435,0.0032777818131067005,-0.11530307784010793,0.0316542851414333,7.1006997811413886
0.35640657965179234,6406.57965179231,-13.705597493087556,-0.00755037221813735,-0.10336577599000339,0.025439246776227532,7.1006769725973475
0.3564083333333334,6408.333333333349,-13.705638999742586,-0.039770217160053335,-0.06681244313957836,0.01062833942447474,7.10064490363751
0.35640834483143363,6408.344831433599,-13.705639458237016,-0.03998111824747372,-0.06656842648853237,0.010550846202759855,7.100644872614696
0.3564089443104528,6408.944310452746,-13.705666720380902,-0.0509690187764962,-0.053777143285849476,0.006885669380920919,7.100646513955444
0.35641073899145087,6410.738991450838,-13.70578763906091,-0.08375255166367684,-0.014809289771399113,0.0005221787226982533,7.1006897962509035
0.35641128299765495,6411.282997654921,-13.705835894112514,-0.09365026181020318,-0.002850982464154032,1.935262145455666e-5,7.100714286108763
0.35641182700385904,6411.827003859005,-13.7058895278077,-0.10352646451963365,0.009148831943316291,0.0001992883950643918,7.100744046960383
0.3564161790534917,6416.179053491677,-13.706510572785856,-0.18155624577319185,0.10465043605920428,0.0260755089699562,7.101167410607994
0.3564166666666667,6416.6666666666815,-13.706601202799433,-0.19016784954253246,0.11507513486205544,0.03152925396076249,7.1012346082996345
0.3564167230596958,6416.723059695762,-13.706611954968999,-0.19116182165067186,0.11627468374202998,0.03219000495073593,7.101242625230653
0.35645848509610945,6458.485096109412,-13.727034963032349,-0.6873342268324107,0.49954045272187597,0.5941444378704209,7.114827076896924
0.356459109866792,6459.10986679199,-13.727465062969433,-0.6894589353824703,0.49965234342879633,0.5944106292711615,7.115075113123959
0.35645974677710557,6459.746777105535,-13.727904824141975,-0.6914281319646154,0.4996472017768207,0.5943983958176358,7.115327713200186
0.3564650779857798,6465.077985779777,-13.731620196740407,-0.7000372238029839,0.49502621046793904,0.5834546405958293,7.11742423002992
0.35646599360517134,6465.993605171305,-13.7322612203974,-0.7000895855191099,0.49343477643235534,0.5797092347448772,7.117779675090227
0.3564666666666667,6466.666666666676,-13.732732359311086,-0.6998603097851052,0.49212030584722793,0.5766247510170694,7.11803983432169
0.3564998715226579,6499.8715226578515,-13.752758232902233,-0.4254941577835607,0.29816303282967666,0.21166950987188293,7.1284987876283274
0.35650000000000004,6500.0000000000055,-13.75281277611263,-0.42357628480858917,0.29701300059456104,0.21003981552901121,7.128526401616474
0.3565007871420494,6500.78714204938,-13.753141535867744,-0.411718072126887,0.28991705493205516,0.20012356842970544,7.128692893221501
0.3565236776268376,6523.677626837587,-13.758141930936699,-0.012112572260108652,0.056489789428958666,0.007597848356495454,7.13134774436007
0.3565246049368918,6524.604936891776,-13.758145174139068,0.005115943281453054,0.04639637770433878,0.005125294914484914,7.131361612292053
0.35652500000000004,6525.000000000003,-13.758141703890502,0.012451568931691461,0.04209243162593381,0.004218506667104553,7.13136525388183
0.35652560267524636,6525.602675246322,-13.758130829250362,0.02363460312279851,0.035523325493175786,0.0030045396526050304,7.13136820083494
0.3565268113653219,6526.81136532185,-13.758088725466388,0.046023870028763694,0.02234084509640314,0.0011883651419559056,7.131364618925677
0.35652767317457074,6527.673174570703,-13.75804219820316,0.06194506637495873,0.012939515901585564,0.00039864540896996585,7.131354336204288
0.3565285779143548,6528.577914354794,-13.757978611032607,0.07861028183971683,0.0030723312385219875,2.247433152190012e-5,7.131336629087335
0.3565291666666667,6529.1666666666415,-13.757929144634346,0.08942328970376642,-0.003345420769418893,2.6647238391569757e-5,7.131321309456126
0.356580148082048,6580.148082047987,-13.734741848734306,0.6641928795532877,-0.4302235478057774,0.44069595496807146,7.120303619589487
0.3565810528218321,6581.052821832079,-13.734140732683334,0.664555698414726,-0.43358291320061104,0.44760510147506816,7.119985553130463
0.3565819575616162,6581.957561616169,-13.733539469507212,0.6645181969561141,-0.43673745229880373,0.4541419100963092,7.119665634955701
0.3565828623014003,6582.862301400261,-13.73293842112221,0.6640810123277223,-0.4396846728635896,0.46029193226467086,7.119344018868469
0.35658333333333336,6583.33333333333,-13.732625704318782,0.6636954764622248,-0.44113618977599783,0.46333604269067896,7.1191759564125885
0.3565837749795093,6583.774979509294,-13.732332683737091,0.6632359336054048,-0.4424451870435936,0.46608986556676313,7.119018018597209
0.356593109161169,6593.109161168953,-13.726257021783033,0.6317023719389897,-0.45783951987714583,0.49908815705079856,7.115632550208367
0.35659411597050455,6594.115970504522,-13.725623912847842,0.6258753788345057,-0.4580393649058492,0.49952395191274673,7.1152661936666135
0.3565951227798401,6595.1227798400905,-13.724996900237123,0.6195930892756392,-0.4579423705317449,0.49931241601960463,7.114900499752475
0.3566398030865949,6639.803086594842,-13.709032527924439,0.013432064561785036,-0.09722147783856425,0.02250479941217724,7.103700618140071
0.3566404557245572,6640.455724557181,-13.709027431650464,0.002185875545042484,-0.08647017126474948,0.017802596472750256,7.1036784992929425
0.35664110836251955,6641.1083625195215,-13.709029673789477,-0.00905588144207102,-0.07562068189229285,0.01361544649965559,7.103662207265196
0.3566417610004819,6641.761000481861,-13.709039250433856,-0.020290097214440625,-0.06468239094001578,0.009961456423135798,7.1036517683529645
0.35664241363844423,6642.4136384442,-13.709056155649957,-0.03151367223013543,-0.05366519606476472,0.006857031592070569,7.10364720263707
0.3566430934543795,6643.093454379467,-13.709081548961898,-0.0431899876926068,-0.042116506721811164,0.004223333662972298,7.103648706622569
0.35664509947299017,6645.099472990135,-13.709202660898521,-0.07752448366653039,-0.007724950536145467,0.0001420830018711765,7.103690416113404
0.3566457087282508,6645.7087282507655,-13.709253057167844,-0.08790713033412292,0.0027764657265655795,1.8354195073317455e-5,7.103714085458195
0.3566458333333334,6645.833333333351,-13.709264142961143,-0.09002753990074604,0.004925650291312792,5.776673998168998e-5,7.103719555371055
0.35666642340711224,6666.42340711221,-13.714541911632821,-0.4099409385427354,0.31010519501023875,0.2289648380293767,7.107211510013035
0.3566666666666667,6666.666666666654,-13.714642027286573,-0.41317421072543575,0.31270098232383237,0.23281405796735646,7.107277787418037
0.3566670326623729,6667.032662372841,-13.714794132822481,-0.41800691243871846,0.3165554437003585,0.238588926038883,7.107378322017491
0.3566945622058891,6694.562205889043,-13.730080841181346,-0.6427222033744456,0.45294799416394554,0.488480679564623,7.116618254830421
0.35669521603514037,6695.216035140339,-13.730501559723475,-0.6441820764819359,0.453053224471717,0.4887076766767142,7.116853612877687
0.3566958333333334,6695.833333333345,-13.730899590847125,-0.6453797284866211,0.45303899181859675,0.4886769716857395,7.117075573102708
0.35669873593011775,6698.735930117717,-13.732778555599483,-0.6486478036202974,0.45152274471067505,0.48541140235967006,7.118114482704029
0.35669955470354386,6699.55470354383,-13.73330976028484,-0.6488623271578099,0.4506717563775815,0.48358340951536705,7.1184056493233285
0.3567,6699.999999999984,-13.733598696623853,-0.6488480423183753,0.45013230041177577,0.4824263996999932,7.118563571109181
0.35674933209165005,6749.332091650018,-13.756908480049944,-0.15453064032477642,0.13599571355491838,0.044035319298360506,7.130671246659727
0.35675,6749.999999999978,-13.757007936647828,-0.14327722238211882,0.12945988251585566,0.03990443138337892,7.130726072394624
0.3567501902290565,6750.190229056485,-13.757034886598728,-0.14006433034682256,0.12759359254421482,0.03876220204366455,7.1307410414374255
0.35675793156113844,6757.931561138408,-13.75760771523376,-0.007514975346840992,0.050291219672684774,0.006021920895633896,7.131104900367794
0.35675833333333334,6758.33333333331,-13.757609344961066,-0.000598014225268591,0.04623057319117274,0.005088728327581858,7.131110637024866
0.3567588444729433,6758.844472943281,-13.757607402306062,0.008198548702801404,0.04106112066030519,0.004014322928286052,7.131116054891822
0.3567598628381983,6759.8628381982935,-13.757590135881246,0.025706916579962515,0.03075290966588991,0.0022517653640913926,7.1311205735925105
0.3567609050916256,6760.90509162558,-13.757554019548895,0.04359017406189277,0.020195444325275234,0.0009710856464173612,7.131116550228412
0.35676250000000004,6762.500000000005,-13.757462737092505,0.07085308866885985,0.004038682890306442,3.8835617829652385e-5,7.131093482022874
0.3567629895984802,6762.9895984801515,-13.757426005879477,0.07919038346919678,-0.0009185635155200072,2.0089498382011298e-6,7.13108230462742
0.35676403185190747,6764.031851907437,-13.757334244160505,0.09687849199561895,-0.011463267084905294,0.00031287260061874556,7.131052117753636
0.3568141886915101,6814.18869151007,-13.735925965737014,0.6152119610016142,-0.3959224113065039,0.3732251327970392,7.120889598705498
0.3568151175218731,6815.117521873082,-13.735354355641185,0.6155397281026934,-0.3989200277611602,0.3788980679737258,7.120589544884785
0.35681605143874456,6816.05143874453,-13.73477949237877,0.6154744887661902,-0.4017243357225601,0.38424390931364805,7.120286195975539
0.3568265305359827,6826.530535982644,-13.72843143175484,0.5879880275994434,-0.417986354898665,0.4159823640035065,7.116819579715111
0.35682751660656686,6827.51660656683,-13.727854091467266,0.5829352372785251,-0.41800702108042587,0.41602349922031323,7.116492436224316
0.35682850267715105,6828.502677151016,-13.727281935623365,0.5774734135558712,-0.41775583604739247,0.4155236632182282,7.116166027497783
0.3568324469594878,6832.446959487759,-13.725053106231682,0.551632393957222,-0.41397595975847457,0.40803832204273843,7.114872182592077
0.3568333333333334,6833.333333333358,-13.724567084146871,0.5449689482885035,-0.41250332662247335,0.40514046303477846,7.11458499877839
0.356833433030072,6833.433030071945,-13.724512790804738,0.5442002830786756,-0.41232314260382635,0.4047866045873698,7.114552798548029
0.3568734513443703,6873.451344370285,-13.712197517432374,0.014762727751244036,-0.0830099478726923,0.016406312966254978,7.1061050491202735
0.356874093403147,6874.093403146986,-13.712191354693907,0.004434279860664763,-0.07393154570333448,0.01301398440496246,7.106086564578012
0.3568747354619237,6874.735461923687,-13.712191822728958,-0.005891519782945809,-0.06479380904915061,0.00999580402642331,7.106072861830787
0.3568753775207004,6875.377520700387,-13.712198918919404,-0.016211813226295467,-0.055603015492209404,0.007361179361492569,7.106063954696005
0.3568760275479525,6876.027547952468,-13.712212850677465,-0.02665166329813768,-0.046250733188365194,0.005093167429669869,7.106059832591137
0.3568767210520822,6876.721052082146,-13.712235192312543,-0.03777700495543969,-0.03622807844715318,0.0031249373046978203,7.106060872997379
0.3568789726765465,6878.972676546468,-13.712360811636943,-0.07376456458380866,-0.003471794625848882,2.8698471247793285e-5,7.106102953575379
0.3568791666666667,6879.166666666659,-13.712375420822974,-0.0768528963867489,-0.0006409042818548936,9.779959488093736e-7,7.1061093425027995
0.35687964967509034,6879.649675090304,-13.712414396624316,-0.08453230759793237,0.006409293392480445,9.780724235927023e-5,7.106127147946711
0.3569162075964575,6916.207596457447,-13.724831279754483,-0.5404944597632293,0.3839246949130557,0.3509480270573402,7.113680508722872
0.3569166666666667,6916.666666666682,-13.72508014547488,-0.543708390208884,0.3858466234823067,0.3544705163159451,7.1138253165707495
0.3569168845950013,6916.884595001283,-13.725198798417177,-0.5452056210929086,0.38673481132966436,0.35610431974807405,7.1138942442727595
0.35692977745921234,6929.777459212305,-13.732651996379124,-0.5995020744962126,0.4131048901190852,0.40632297676262247,7.11809215241114
0.35693047933346655,6930.479333466522,-13.733073116758858,-0.6004506728092034,0.413149373687046,0.4064104880428533,7.118322425551081
0.3569311934870823,6931.193487082265,-13.733502210687762,-0.6011978881063329,0.4130564442912021,0.4062276813583117,7.118556385828513
0.35693267676478785,6932.676764787815,-13.734394700535113,-0.6020457951110473,0.41242387060682895,0.40498440249123424,7.119040888841204
0.3569333333333334,6933.333333333347,-13.734790018522345,-0.6021172118465146,0.41195685684147243,0.4040677426159653,7.119254601588438
0.3569334632926854,6933.463292685349,-13.734868268845023,-0.6021092216038391,0.41185095314952014,0.4038600181194482,7.11929684084061
0.35699128170504313,6991.281705043095,-13.757185849679411,-0.009831225490522849,0.04842592960946831,0.005583501567955188,7.130909040341403
0.3569916666666667,6991.666666666674,-13.757188450605696,-0.0036816280720119833,0.044811287400625774,0.004781074948813053,7.130914691747821
0.35699222313189677,6992.223131896735,-13.75718802662536,0.005204751767574077,0.03958231595876027,0.003730380325378876,7.130920898630005
0.35699324841530045,6993.2484153004125,-13.757174302541037,0.021562483752567006,0.029938317573082657,0.002134054426444642,7.130926260935701
0.3569944195465485,6994.419546548447,-13.7571381266053,0.040208700165609144,0.018913031642991664,0.0008516732522114379,7.130922757485958
0.35699583333333335,6995.833333333312,-13.757065413045888,0.06263765779970902,0.0056009455720845295,7.469188405107928e-5,7.130904867616607
0.35699624155405413,6996.241554054094,-13.757038525092607,0.06909303813187993,0.0017585466075108831,7.363062311400087e-6,7.13089692650431
0.35699716643360724,6997.166433607204,-13.756967873332055,0.08367741208756363,-0.006941839381851799,0.00011473603334149658,7.130874343179961
0.35699994107226657,6999.941072266535,-13.756675425432933,0.12700551200699892,-0.032965502049449306,0.0025874388699339205,7.130768520557076
0.35700000000000004,7000.000000000006,-13.756667914410993,0.12791758284381677,-0.033516409605704484,0.0026746421734699048,7.130765656509634
0.3570008659518197,7000.8659518196455,-13.756551353975595,0.14127590077551078,-0.04160106927336288,0.0041205927730646125,7.130720626568273
0.3570480576194403,7048.057619440273,-13.736881230403839,0.5707144050058911,-0.3658912985586522,0.3187534341927066,7.121355597233478
0.3570490162638296,7049.016263829589,-13.736334010882683,0.5708737769990642,-0.36851863365329873,0.3233475794040338,7.121070002040926
0.3570499909843731,7049.990984373089,-13.735777650576166,0.5706386409236665,-0.3709718979732255,0.32766702163299344,7.120778170166918
0.35705869051327843,7058.690513278399,-13.73087607168528,0.5510117066001183,-0.3826839364470216,0.34868332193949536,7.1181381802817505
0.3570597705608135,7059.770560813472,-13.730283391183528,0.5464189485756714,-0.38280633231388095,0.34890640014191776,7.117809828365007
0.3570608506083486,7060.850608348545,-13.72969592139109,0.5413634938985321,-0.3826232110156338,0.3485726704950339,7.117482227010925
0.35708258913839097,7082.5891383909375,-13.719705232648844,0.35197187579381706,-0.30956888451378684,0.22817355775978643,7.111489759979127
0.35708333333333336,7083.33333333333,-13.719446632561132,0.3429854414247704,-0.3046186804555194,0.2209346201963377,7.111320124420782
0.35708336275348407,7083.362753484035,-13.719436547143042,0.34262746982593717,-0.3044195836921562,0.2206459117507279,7.111313486724273
0.35710730059823326,7107.300598233223,-13.715129809877762,0.005855031697152409,-0.06521264856245945,0.010125451267930581,7.108147133296967
0.3571079953777125,7107.99537771245,-13.71512936287157,-0.0045676795667173595,-0.05653358873729831,0.007609634894090434,7.108134129214538
0.35710833333333336,7108.333333333328,-13.715131762986841,-0.009635809115919557,-0.052295688858187,0.00651152160274358,7.10812957523081
0.3571086901571917,7108.690157191677,-13.71513615571187,-0.014985097476933353,-0.04781071554256688,0.005442534573076778,7.108126026890146
0.3571093985812697,7109.398581269688,-13.715150531406715,-0.025598083075168962,-0.03887783989479369,0.003598777225917171,7.108122820645717
0.3571101743683313,7110.174368331279,-13.715174893656446,-0.03720551382037406,-0.029058608666690678,0.0020104827086758824,7.108125169918349
0.3571117982296768,7111.7982296767805,-13.715254994894694,-0.06143149132425328,-0.008419075977218984,0.0001687639055004424,7.108149912822936
0.35711250000000005,7112.500000000022,-13.715301767466343,-0.07186293027797061,0.0005200677500333456,6.439772967255868e-7,7.108168893116298
0.35711261016034956,7112.610160349531,-13.715309773975353,-0.07349794850184771,0.0019236399605651322,8.810454042578626e-6,7.108172325553034
0.357163761580518,7163.761580517958,-13.734550029219742,-0.5578729405136051,0.37812349079862684,0.3404223197469982,7.119166756983228
0.3571645028218816,7164.50282188158,-13.734963812141732,-0.5585495934741426,0.3781995619228727,0.3405593062825067,7.119389439965462
0.35716525398508814,7165.253985088105,-13.735383561126465,-0.5590098554454289,0.37813257977896986,0.34043868545309286,7.119614764547888
0.35716602055099045,7166.020550990415,-13.735812184390927,-0.5592453177278955,0.37791610195744013,0.34004900028263396,7.119844271842386
0.3571666666666667,7166.666666666654,-13.736173535324145,-0.5592598894664308,0.3776184887928518,0.3395136263766599,7.120037309675347
0.3571668088593987,7166.808859398688,-13.736253056734306,-0.5592405071871417,0.377538943751945,0.33937060487936743,7.12007973655138
0.3572249790684406,7224.979068440552,-13.75686273188145,-0.0006470242256223441,0.04004342235659003,0.003817799223876796,7.1307673365863975
0.357225,7224.999999999982,-13.756862742175523,-0.00033657026449037194,0.039860544919877776,0.003783007241213319,7.130767565600249
0.3572259834204014,7225.983420401371,-13.756855903521886,0.014241628891948913,0.0312623546225209,0.0023269876584387,7.130774884613492
0.3572272551934012,7227.255193401172,-13.756825820025476,0.033059805238256884,0.020130469201391894,0.000964847119686161,7.130774362307427
0.3572291666666667,7229.166666666675,-13.756735682250925,0.06122356956018403,0.0033927247209889354,2.7406145315260596e-5,7.13075242011717
0.3572291690658326,7229.1690658325415,-13.756735535323163,0.06125880170052667,0.0033717232168605947,2.706789869313513e-5,7.130752376638376
0.3572301307598936,7230.130759893594,-13.756669841305992,0.07535287934244189,-0.005043151340330434,6.055565581303965e-5,7.130731736866363
0.3572493646411147,7249.364641114642,-13.752657044408487,0.33154545593527535,-0.16570697396236744,0.06537809814229695,7.129020432968483
0.35725,7249.999999999979,-13.75244410273266,0.3387406460874684,-0.17056275618811959,0.0692658423773522,7.128924115215542
0.3572503263351757,7250.326335175694,-13.752332962680585,0.34239516463547376,-0.1730407993016461,0.07129313862607752,7.128873733288856
0.35728113469318984,7281.134693189806,-13.738032267764705,0.5297971640131496,-0.33749319821216023,0.2711944258082678,7.121923040888501
0.3572821452577224,7282.145257722361,-13.73749676196897,0.5299512039187944,-0.339925252996433,0.2751170895825928,7.121645627008652
0.3572831710470173,7283.171047017257,-13.736953238269242,0.5296981187107915,-0.3421643411606952,0.2787534199093635,7.121362677278539
0.3572916617384726,7291.661738472566,-13.732511492461272,0.5119448307753405,-0.3514356859771531,0.2940643842338861,7.118994520048195
0.3572916666666667,7291.666666666641,-13.732508969542842,0.511926547254956,-0.35143610016125243,0.29406507737273774,7.118993144667484
0.3572928413377701,7292.8413377700845,-13.731910285108226,0.5073106661000191,-0.35136518834699276,0.2939464180526612,7.118665721672543
0.3573331539071009,7333.153907100876,-13.718258756240306,0.10422031690653571,-0.13340400877261155,0.04237292751572147,7.110318325679531
0.3573333333333334,7333.3333333333585,-13.718240278031587,0.10174931192233252,-0.13156927868082313,0.04121541688712405,7.110303808424623
0.3573339001751654,7333.900175165387,-13.71818481760975,0.09392955895931432,-0.1257382008252317,0.037643083682776905,7.110259750520644
0.3573398703196815,7339.870319681474,-13.717871778148657,0.010761199971961937,-0.06162237067975255,0.009041229924268633,7.109966096555844
0.357340616587746,7340.616587745985,-13.717867643234234,0.0003206432110175086,-0.053338432374629895,0.006773781829007064,7.10995168321172
0.35734136285581053,7341.362855810496,-13.71787129868082,-0.010116310738011834,-0.04501363885070645,0.004824351625194831,7.109942285314115
0.3573416666666667,7341.666666666691,-13.717875017303054,-0.014363306465457538,-0.04161424716507052,0.004123203731227571,7.109939897882315
0.3573421144092806,7342.114409280564,-13.717882849080047,-0.020619452994605734,-0.036594742162372344,0.0031885122712631245,7.109937897876223
0.3573429211222613,7342.921122261259,-13.71790402622467,-0.03188014774482098,-0.02752587390948151,0.001803985082096845,7.109938862765025
0.35734460011737856,7344.60011737853,-13.71797718701862,-0.05525081852399227,-0.008578574529772473,0.00017521890705443096,7.109959703935772
0.35734534227869685,7345.34227869682,-13.718022013131115,-0.06554356176424865,-0.00018697263724902106,8.323515971393814e-8,7.109977010182707
0.35734583333333336,7345.833333333329,-13.71805586742436,-0.07233826743414004,0.005366349604661595,6.856597161774205e-5,7.109991180822372
0.3573972959327763,7397.295932776271,-13.736258378974536,-0.5191970821320114,0.3470949185480917,0.2868449582902534,7.120119941519101
0.3573980453536781,7398.0453536780515,-13.736647651181382,-0.5196291789336658,0.3471813267617709,0.28698779440967503,7.120326647524458
0.3573988028505709,7398.8028505708735,-13.737041366599536,-0.519851855770091,0.34713156266750433,0.28690552809519876,7.120535266720421
0.3573995722934322,7399.572293432188,-13.73744137934572,-0.5198575651164193,0.34694110507621073,0.286590786646434,7.12074677058046
0.35740000000000005,7400.000000000017,-13.737663708414201,-0.5197646318487945,0.34677472077825644,0.2863159689781851,7.120864131237515
0.35741664952845287,7416.649528452835,-13.745990935570841,-0.4637722295131833,0.3091868771870915,0.22761077386834666,7.125173338350087
0.3574166666666667,7416.666666666682,-13.745998882870648,-0.4636639360685743,0.30911947744230983,0.22751155079573018,7.125177383714975
0.3574176254699885,7417.625469988476,-13.746440490583122,-0.45744943917608016,0.30526381379283407,0.2218714190746335,7.125402018722703
0.35745666313141417,7456.663131414132,-13.75660513766089,-0.01586517935640492,0.04624615718688398,0.005092159653699952,7.130638453319336
0.35745764869994756,7457.648699947527,-13.75661407603767,-0.0022741298928912637,0.03824463124127021,0.0034825043304303376,7.130652480097941
0.3574583333333334,7458.333333333345,-13.756612402510488,0.007161904096017652,0.03267801026631501,0.0025425056070604514,7.13065851747293
0.3574586854071034,7458.685407103371,-13.756609027214965,0.012011504381861297,0.029813278480821704,0.002116265651845301,7.130660439151184
0.3574599371847411,7459.937184741083,-13.756583210083978,0.02923018064420907,0.019619889398606524,0.0009165239524132206,7.130660766754453
0.35746095357500285,7460.953575002815,-13.756546411570755,0.043173365331715174,0.011338680817406006,0.0003061087682833594,7.130653569826784
0.3574619699652646,7461.969965264548,-13.756495463460057,0.05707123734217739,0.0030584880106455186,2.227225931252948e-5,7.130639695324002
0.3574625,7462.499999999983,-13.756463297994825,0.06429725731110619,-0.0012575329500879413,3.765212191802096e-6,7.130629815394485
0.3574629863555263,7462.98635552628,-13.756430417247875,0.07091309854944106,-0.005215912403156676,6.47755766604849e-5,7.13061915740082
0.3574991673785568,7499.16737855677,-13.746151028863437,0.4481956989778551,-0.2581329157285392,0.15864905281551694,7.125957973644526
0.35750000000000004,7500.000000000006,-13.745775948138352,0.4527283715785174,-0.26218509391831296,0.16366910350703476,7.125776442277033
0.35750008202686373,7500.082026863697,-13.74573879444464,0.45316212106281356,-0.2625782173474679,0.1641602862508907,7.125758428852263
0.3575141878799921,7514.187879992085,-13.738986550982926,0.49229528294400493,-0.31233559920747384,0.2322703012673613,7.122388000394684
0.35751523433326426,7515.234333264231,-13.738471335913816,0.49232625696879084,-0.31449174854083706,0.2354882378577931,7.122122597686253
0.35751636140784515,7516.361407845118,-13.737916636949583,0.49191295215521647,-0.3165584400287565,0.23859344274628524,7.1218354633437615
0.3575230266703415,7523.026670341493,-13.734668466023017,0.4800849184605215,-0.3231781929034664,0.24867653421035746,7.1201235727327825
0.357524342544411,7524.342544410978,-13.734039434108885,0.4758810857572966,-0.32331690132258406,0.24889004447818464,7.1197856638624515
0.35752500000000004,7525.000000000004,-13.733727320045286,0.4735544243166597,-0.32323809330693837,0.24876872610644044,7.119617181725289
0.35757223925880033,7572.239258800295,-13.72043387398919,0.01352872590493815,-0.0576441652033047,0.00791154709996639,7.111590175993485
0.3575729758111676,7572.975811167559,-13.720427448045672,0.003919952207929773,-0.05030471388652832,0.006025152950489226,7.111576021283414
0.35757371236353486,7573.712363534823,-13.720428099083145,-0.005687168433878051,-0.04293173062914001,0.0043884130828881875,7.11156624635135
0.3575744580261159,7574.4580261158935,-13.720435964362625,-0.015407689920292473,-0.035438301909762035,0.002990174386303437,7.111560818901006
0.35757500000000003,7574.999999999998,-13.720446228251129,-0.02246732792489571,-0.02997620556302972,0.0021394592856119376,7.111559697862244
0.35757524698450016,7575.246984500128,-13.720452174408077,-0.02568248277236616,-0.027483311008066832,0.0017984104380145893,7.111559975688991
0.35757704224140524,7577.042241405207,-13.720519227144106,-0.049000212137579116,-0.009312291251853644,0.00020647325799845215,7.111576828277715
0.35757782300963337,7577.823009633334,-13.720561431026383,-0.05910395578347971,-0.001393511612527139,4.6235109863047325e-6,7.111592282760292
0.3575786037778615,7578.603777861459,-13.72061151263575,-0.06917892050668684,0.006526437339465462,0.00010141520082373578,7.111612647709409
0.35758328838723025,7583.288387230214,-13.721075848768828,-0.1287850263873884,0.05373472498372981,0.006874811116850183,7.111836838789061
0.35758333333333336,7583.333333333331,-13.721081649810177,-0.12934816951407802,0.05418263570874889,0.006989900029397596,7.111839825453807
0.3575840691554584,7584.069155458339,-13.72118021186401,-0.13853926277563286,0.06149546394282843,0.009004028775104075,7.11189094145273
0.3576309161781275,7630.916178127445,-13.738033324710324,-0.4834626181832897,0.3193936825662482,0.24288648681721273,7.121092125697892
0.35763170281641143,7631.702816411401,-13.738413694517725,-0.4835780863995638,0.31939777773164835,0.24289271528551298,7.121291567745225
0.35763249856260537,7632.4985626053385,-13.738798473482145,-0.48347467411746203,0.319261752253899,0.24268587250530954,7.121492944660752
0.3576666551623165,7666.6551623164605,-13.752939738496316,-0.2856173435394605,0.20036894376349274,0.09558979434499454,7.128705467875514
0.3576666666666667,7666.666666666655,-13.752943023645464,-0.2854968993984426,0.2002990329816793,0.09552310146046632,7.128707130998827
0.3576676819863422,7667.681986342156,-13.753227462291644,-0.27476271442861583,0.19407173008867235,0.0896758009990726,7.128851244155193
0.3576892452908818,7689.245290881774,-13.75642237224222,-0.013776892250006527,0.04246862117153982,0.004294247105266096,7.1305569983857815
0.35769027714260737,7690.277142607338,-13.75642975979565,-0.0005431237885001719,0.03467068374445551,0.0028620388364477417,7.130570050937777
0.357691367722513,7691.367722512943,-13.756422730228909,0.013431428120049733,0.026414027513676688,0.0016611924987934977,7.130576862636736
0.3576916666666667,7691.666666666652,-13.75641814293245,0.017258227615471137,0.02414880761072598,0.0013884878786187074,7.130577476746857
0.35769276196419786,7692.761964197825,-13.756391569319765,0.031259056944753595,0.015844877528171923,0.0005977622473399227,7.130575122789645
0.357693773304405,7693.773304404961,-13.756353433611107,0.04415046293574614,0.0081749951879815,0.0001591203483893349,7.130566532329436
0.3576948048431449,7694.804843144887,-13.756301128332055,0.057253035072387604,0.00035426124073829613,2.9881196830818336e-7,7.130551434624715
0.3576958333333334,7695.833333333346,-13.756235550039897,0.07026007130237606,-0.007436320931232515,0.0001316639737911591,7.130530026581872
0.35774646526297066,7746.465262970625,-13.740142335919689,0.4576374730460919,-0.288336531669471,0.19794751308376152,7.122955454996493
0.35774758346794816,7747.583467948127,-13.739630511269768,0.45773144969304996,-0.29041092130058654,0.20080596002537018,7.122693728205818
0.35774873522049644,7748.735220496405,-13.739103474655794,0.45738422660223305,-0.29229107498164414,0.20341445836648836,7.122422949875916
0.35774997200268654,7749.972002686512,-13.738538276767857,0.4565107831872931,-0.29401638344170167,0.2058229374574708,7.122131105481225
0.35775,7749.999999999979,-13.738525496052365,0.4564850228193551,-0.29405188839763924,0.20587265016718495,7.1221244883742925
0.35775121849485425,7751.218494854217,-13.737970059698975,0.4551077334595772,-0.29544351677606906,0.20782588477383665,7.121836150189075
0.35775524743310905,7755.247433109013,-13.736150945122585,0.44701623047823835,-0.2978698216756725,0.21125340634546894,7.120881005765099
0.35775648218565287,7756.482185652835,-13.735601133507345,0.4434622949424292,-0.29793184034598486,0.2113413845046319,7.1205889295240565
0.3577577169381967,7757.716938196657,-13.735056016922538,0.43941226194037697,-0.29766857651776396,0.2109680510621712,7.12029772361288
0.3578045304726473,7804.530472647286,-13.722828774800197,0.013570748056083406,-0.05258977589765542,0.006584963164203855,7.1130530955083255
0.35780532887133687,7805.3288713368365,-13.722821817189429,0.0038580491813282615,-0.04539007384675001,0.004905378104317667,7.113039122027238
0.3578061272700264,7806.127270026386,-13.722822613879101,-0.005853153330880286,-0.038157719835693105,0.003466694245379159,7.113029798544049
0.357806934639978,7806.934639977947,-13.722831301992919,-0.01566748172488077,-0.030816180661543312,0.0022610404537258956,7.113025105902205
0.3578078005948866,7807.80059488656,-13.722849423007986,-0.02618213183778603,-0.022916861916519225,0.0012504346669066884,7.113025369508455
0.35780966033974715,7809.660339747115,-13.72291906763405,-0.048696647035339276,-0.0058955559596854685,8.275614303281628e-5,7.11304445691978
0.35781047291548423,7810.472915484202,-13.722962619911494,-0.05849424013739657,0.0015522966216903072,5.737201908836049e-6,7.113060715341448
0.3578112854912213,7811.285491221287,-13.723014121335776,-0.06826119468497537,0.00899858306334151,0.00019279642178061113,7.113081773075597
0.35783322503612264,7833.225036122604,-13.727226620049738,-0.3044070419396665,0.19014362117240363,0.08608237302989175,7.115325772811274
0.3578333333333334,7833.3333333333585,-13.727259638710573,-0.30537112784351805,0.1908661210351849,0.08673780037861394,7.115343861511253
0.3578340376118597,7834.03761185969,-13.727476896932325,-0.31157718560725195,0.1955094996392553,0.09100943916474279,7.115462869376981
0.3578632903383948,7863.29033839478,-13.739228045850908,-0.4499730842383946,0.29431365771475004,0.20623935504151203,7.121747630206273
0.35786410367273436,7864.1036727343235,-13.739594072002728,-0.4500541628044751,0.2943915573735502,0.2063485453638674,7.121937846850215
0.3578649219519369,7864.921951936887,-13.739962301171502,-0.4499180739783816,0.2943310886144369,0.2062637850594274,7.122128896018169
0.3579158655798878,7915.865579887771,-13.75602918002548,-0.07986813003167899,0.07877720127465127,0.014775827239683135,7.130326836249464
0.3579166666666667,7916.666666666683,-13.756089371069054,-0.07040042912741701,0.07326233485387408,0.012779451686288508,7.130362062893346
0.3579168979189722,7916.897918972154,-13.756105334751089,-0.06766210327402856,0.07166589624339836,0.012228573058022715,7.130371568352859
0.3579210272753097,7921.027275309689,-13.756283373749488,-0.018506439716530827,0.04288712247001542,0.0043792982708526235,7.130491005452833
0.3579220596143941,7922.059614394073,-13.756296117896193,-0.0061835965738808,0.03563156022667885,0.0030228763909224813,7.130505927424967
0.35792313107052487,7923.131070524836,-13.756295893929638,0.006599658558626477,0.028084938664265122,0.001878008999465557,7.130515082468796
0.35792432461874446,7924.324618744427,-13.756279528568458,0.02081851097491951,0.01966514427850798,0.000920756903558417,7.130517686723035
0.35792500000000005,7925.0000000000155,-13.756262755554076,0.02884906408346161,0.014897084087785584,0.0005283883674251297,7.130515616843328
0.35792551816696405,7925.518166964019,-13.756246212769561,0.03500058392959601,0.011238158400741336,0.00030070524819084056,7.130512294142415
0.35792671171518364,7926.71171518361,-13.756195999424783,0.04913081636025699,0.0028109799485584934,1.881335302666169e-5,7.130498917932406
0.35792790526340323,7927.905263403201,-13.756128959364418,0.0631942130660883,-0.005609395020727872,7.491741071087299e-5,7.1304775779201375
0.35797877484462026,7978.774844620229,-13.741121383032976,0.42573379696812325,-0.26693436090784844,0.16965226912686068,7.123431406619063
0.3579791666666667,7979.166666666648,-13.740954556577638,0.4258000504123449,-0.26760121175287993,0.1705009726943088,7.123346717793754
0.3579799923379406,7979.992337940555,-13.740602978931108,0.42578049369310245,-0.2689142994003086,0.17217833433799712,7.123167821249132
0.35798723952945793,7987.239529457901,-13.73754129805361,0.41641015310468854,-0.2749192319900392,0.1799537717095071,7.121584895761201
0.3579875,7987.499999999981,-13.737432918468686,0.4157694298601717,-0.2749458248305833,0.17998858712326143,7.121528002835511
0.3579885233443737,7988.523344373666,-13.737008806679166,0.41305135926647857,-0.27492032594296334,0.17995520384901237,7.121304775155371
0.35799993222923326,7999.932229233231,-13.732552487696143,0.3619513718146061,-0.26029393906682036,0.16131651122600382,7.118896569795077
0.35800000000000004,8000.000000000007,-13.732527971919948,0.3615396129981096,-0.26012734167448537,0.16111008068246302,7.1188829705261405
0.35800084947993904,8000.849479939009,-13.732223073322753,0.3562767916290242,-0.2579588858710591,0.1584352066662812,7.118713478026766
0.3580375,8037.499999999975,-13.725063161744876,0.0032130991248975026,-0.040801016921718364,0.00396362614725321,7.114369024919623
0.3580376987892633,8037.698789263248,-13.725062747189732,0.0009577207961910133,-0.03916562947701162,0.003652253648406099,7.114366595040132
0.3580385236788709,8038.523678870868,-13.725065816561242,-0.00839880798154798,-0.03236281090755036,0.002493694118661573,7.114359312386009
0.358039376377135,8039.376377134977,-13.725077099344185,-0.018063223855555702,-0.025306368276501397,0.0015247911317759911,7.114356531537002
0.35804034583408106,8040.345834081031,-13.725099930989742,-0.029035374935517708,-0.0172606336160623,0.000709355887685571,7.114359234518622
0.3580416666666667,8041.666666666669,-13.725148134181687,-0.043944870955410144,-0.006273470296981662,9.370578468359806e-5,7.114372953066873
0.35804228474797317,8042.284747973138,-13.725177446301918,-0.050901447250851994,-0.0011272686572978577,3.025558632681227e-6,7.114383341832673
0.3580432542049192,8043.2542049191925,-13.725232069961914,-0.06178076527378497,0.006943899694128787,0.00011480414990981398,7.114404720280845
0.3580832452856351,8083.245285635087,-13.735355018266494,-0.39434650897430873,0.25378731108843716,0.1533523792130933,7.119753191831877
0.35808333333333336,8083.333333333331,-13.735389754335698,-0.3946815661125803,0.2540241799573147,0.15363877143568141,7.119771498252071
0.35808402046447185,8084.02046447182,-13.735661832214403,-0.397220009645943,0.2558181508797994,0.1558164912370472,7.119914791684614
0.3580956481470228,8095.648147022794,-13.740446542765214,-0.419028595157689,0.27163441549606865,0.1756791801949782,7.122407263787257
0.3580958333333334,8095.833333333358,-13.740524142939753,-0.41904645902636284,0.27166806887916917,0.17572271344889762,7.122447272859075
0.35809642371078937,8096.423710789336,-13.740771539999766,-0.41903380237839905,0.2717308557191303,0.17580394749964479,7.122574741856302
0.35809720317272353,8097.2031727235,-13.74109810312618,-0.4188547867272631,0.271710413358602,0.17577749697024372,7.122742806567253
0.3581541666666667,8154.166666666684,-13.756206996473733,-0.005017611298850577,0.03274997051788704,0.0025537156402915965,7.1304675208069845
0.3581544333472038,8154.433347203782,-13.756207939445513,-0.0020543924275100997,0.03100174248528461,0.002288352469342621,7.130470112186155
0.3581555370583244,8155.537058324391,-13.75620344194515,0.010201592150623707,0.023757777685313536,0.0013438857155828139,7.1304768791356965
0.35815690077352735,8156.90077352732,-13.756179220192497,0.02531449004821799,0.01479425492339032,0.0005211189969958541,7.130476438012389
0.35815833333333336,8158.333333333323,-13.756131616898665,0.04113279605392117,0.005372828298731,6.873162839915394e-5,7.130465509408179
0.358159057132164,8159.057132163972,-13.756098962137981,0.04909501637274179,0.0006141404552426456,8.980202351562951e-7,7.130455918334811
0.35816013531148233,8160.135311482297,-13.756039654408596,0.060909761244974034,-0.006468533540674786,9.962363373055876e-5,7.130436578707273
0.3581666043873923,8166.604387392251,-13.755419993418675,0.13010159407209052,-0.048553817952921505,0.005613031518584387,7.1301949051026074
0.3581666666666667,8166.666666666655,-13.755411870608743,0.13074947932792733,-0.04895356159902065,0.005705836174355023,7.130191545276481
0.3581676825667106,8167.682566710577,-13.755273694766158,0.14125791882649902,-0.05545428120331105,0.007321850723275947,7.130134002861074
0.3582098672692741,8209.867269274086,-13.74245581592392,0.39591704766374936,-0.24568877708202816,0.14372136948586314,7.124085397831107
0.358211041026579,8211.04102657899,-13.741990848540626,0.39628690319807247,-0.24758119907752044,0.1459439288968162,7.123851151349651
0.3582123401866441,8212.340186644074,-13.741475996614879,0.3962220858549836,-0.249400233770178,0.14809637286814153,7.123590614792266
0.3582178568638316,8217.856863831585,-13.739302061023652,0.39042719904629536,-0.25381279962368397,0.15338318393526748,7.122476638454229
0.3582190754400972,8219.075440097145,-13.738827758952187,0.387954459883748,-0.2540477699251248,0.15366730810459317,7.122230497455885
0.35822029401636274,8220.294016362706,-13.738356729586062,0.3850564294448433,-0.2540098453796917,0.15362143226146396,7.121984908845957
0.35824963404553295,8249.634045532917,-13.729249356878801,0.2031505715363258,-0.1695155959689882,0.06841794589695534,7.116947096708736
0.35825,8249.99999999998,-13.729175627132943,0.19979116625695587,-0.16750067173632904,0.06680113102886064,7.116902937200405
0.35825050488292826,8250.504882928222,-13.729075932304708,0.19512546791050345,-0.16468713851049085,0.06457584188279429,7.11684305978718
0.3582687924682297,8268.792468229647,-13.727165872294302,0.009770444690457633,-0.04190109519791909,0.004180242330440663,7.115593321845325
0.358269663305625,8269.663305624952,-13.727161376825961,0.0005540637989803126,-0.03537086405185398,0.0029788048185112764,7.115582106212164
0.3582705341430203,8270.534143020259,-13.727164906505532,-0.008659596364748048,-0.02881386761864801,0.001976759445583268,7.115575476819284
0.35827083333333337,8270.833333333338,-13.727167970713008,-0.011823568220447417,-0.02655584260339353,0.0016790780389909778,7.115574258655634
0.35827144049168225,8271.440491682213,-13.727177097872977,-0.01824069709080491,-0.021966534440676203,0.0011488777031747946,7.115573452714764
0.3582725296596861,8272.529659686057,-13.727203227152895,-0.029735375573785066,-0.013715115901402857,0.00044786762902122255,7.115577600458841
0.35827342815057567,8273.428150575635,-13.727234195804636,-0.03919558485885589,-0.006896152807862803,0.00011323077035570005,7.1155864247777725
0.35827432664146525,8274.326641465213,-13.727273653161019,-0.04862993912256634,-7.235437282488988e-5,1.2464655397340865e-8,7.115600125189294
0.358275,8274.999999999976,-13.727308773250908,-0.0556801353792771,0.005041363363364454,6.0512725146365155e-5,7.115613582091804
0.35832695690159216,8326.956901592132,-13.741259585522533,-0.3902146281680377,0.2507916656179865,0.149753475103438,7.122851560829203
0.3583277651488372,8327.765148837152,-13.741575039630346,-0.3903426401068726,0.25102194297850416,0.15002860918262714,7.123013075632513
0.3583285733960822,8328.573396082173,-13.741890522338107,-0.39028539725628525,0.25113387574509627,0.15016243701607968,7.1231744191723605
0.3583291666666667,8329.166666666666,-13.742122024685896,-0.3901255011477043,0.25114111910900605,0.15017109930315228,7.123292696761968
0.35832938262773917,8329.382627739134,-13.742206267885987,-0.3900425288731116,0.25112807264317083,0.15015549730827066,7.1233357133905635
0.35833270301929776,8332.703019297727,-13.743497348845048,-0.38710635339960087,0.24988564674521818,0.14867342011732376,7.12399338896589
0.3583333333333334,8333.33333333336,-13.743741067008576,-0.38619803278961307,0.24943156596064645,0.14813358594661982,7.124117215368245
0.3583335807805388,8333.580780538752,-13.743836583098478,-0.3858109770836402,0.2492345217227341,0.14789963528180958,7.124165717334931
0.3583854591999446,8385.459199944546,-13.756147009450753,-0.010414266387669282,0.03389419781169808,0.002735277726901235,7.130437926551839
0.3583865646753514,8386.564675351372,-13.75615219700183,0.001027939358824883,0.027145341003122325,0.0017544512813709382,7.130448663897373
0.3583875,8387.499999999993,-13.756146711351011,0.010700040862680981,0.02142473519742417,0.001092903043523205,7.130453094888542
0.3583877483189747,8387.748318974653,-13.756143735761654,0.01326563785262631,0.01990477082864168,0.0009433330993827255,7.130453554799931
0.3583892543103217,8389.25431032167,-13.75611205646734,0.028796022820579584,0.010680148299624766,0.00027158468500470905,7.130449908384355
0.3583902453614151,8390.245361415084,-13.756078468938702,0.03897998542695742,0.0046078543169168025,5.0553146204592414e-5,7.130441487955572
0.3583913308579927,8391.330857992652,-13.756030121186225,0.05009122581715869,-0.0020397980848976863,9.906610064648257e-6,7.130426793520934
0.3583916666666667,8391.666666666686,-13.756012724601609,0.053517974979403436,-0.004094899614742648,3.992429251147497e-5,7.130421091432348
0.35841629727927676,8416.29727927673,-13.751834989597628,0.2719813770954882,-0.14331797679400823,0.048904863029352104,7.128597578634482
0.3584166666666667,8416.666666666684,-13.751734055607018,0.27450780647256834,-0.14509607726715007,0.05012588485313042,7.128551079051305
0.35841738277585433,8417.3827758543,-13.751535747324237,0.279323269102191,-0.14850593547178398,0.05250955445321348,7.128459545811959
0.3584416666666667,8441.66666666668,-13.74336182180019,0.36864947878110543,-0.22770128440974507,0.12344732124249432,7.124521823379821
0.358442723132896,8442.723132895957,-13.742972152110632,0.36898438763176117,-0.22924706050931412,0.1251290827432408,7.124326587223826
0.35844400533107945,8444.00533107942,-13.742498996651396,0.3689781761692577,-0.23088233154556118,0.12692059766646294,7.124088581732764
0.35845000000000005,8450.000000000013,-13.740300184221514,0.3629788327035911,-0.2349327623220153,0.1314128638386965,7.122968575978479
0.3584507048267673,8450.704826767242,-13.740044813314045,0.36163350008767803,-0.2350114934799988,0.1315009573040465,7.122836955203331
0.3584520935379354,8452.093537935356,-13.739544659522196,0.35859456125808775,-0.2349175029660073,0.13139579333281914,7.122578201665857
0.35849937948696975,8499.379486969716,-13.729147150974125,0.020601548546583453,-0.046213002738820765,0.005084861005091085,7.116727004029132
0.35850000000000004,8500.000000000007,-13.729136267035871,0.014478319503575197,-0.04198203965761284,0.00419640869955566,7.116715323658059
0.3585002590991618,8500.259099161744,-13.729132847052307,0.011920646279275525,-0.04021069247637081,0.0038497614034030095,7.116711074906825
0.3585011387113538,8501.138711353773,-13.72912618102181,0.003235858309777575,-0.03417855471360233,0.0027813657197874003,7.116699417347914
0.35850201832354583,8502.0183235458,-13.729127154171566,-0.0054479751644009285,-0.02812115848390359,0.0018828560820876733,7.116692039769506
0.35850292647978355,8502.926479783513,-13.729136170765425,-0.014407475123127263,-0.02184558524746445,0.0011362609400100865,7.116688918742812
0.35850394849445666,8503.948494456627,-13.729156042197193,-0.024476253560679704,-0.014763276650566167,0.0005189388987170291,7.1166908712563455
0.3585049705091298,8504.970509129738,-13.729186193414959,-0.03452292631252959,-0.007666910210631395,0.00013995598137591414,7.116698607933015
0.3585059925238029,8505.992523802852,-13.72922659797319,-0.04453995705509986,-0.000563857803015308,7.56989576241071e-7,7.116712119740846
0.358507014538476,8507.014538475965,-13.72927722173753,-0.05451983659859779,0.0065384898158159606,0.00010179011683697389,7.1167313916147
0.3585585455660518,8558.54556605179,-13.742213158040316,-0.3635824635021643,0.2318773086109042,0.12801687202056308,7.123362985446141
0.3585593720681434,8559.37206814339,-13.742513730814325,-0.3637244117078349,0.23215686802327107,0.12832574135803454,7.123515859938237
0.358560198570235,8560.198570234988,-13.74281434622185,-0.3636856282652285,0.23232120109256693,0.12850747732641174,7.123668606392709
0.3585610250723266,8561.025072326589,-13.743114854896922,-0.36346615040624647,0.2323709034077159,0.12856246845361438,7.123821150810169
0.35856185278961367,8561.852789613633,-13.743415548737849,-0.36306538553927564,0.23230643722487765,0.12849114470503814,7.123973643343448
0.3585823132623159,8582.313262315844,-13.750352119753856,-0.2977378125705093,0.19695013682461923,0.09235561046484816,7.127459082928562
0.35858333333333337,8583.333333333332,-13.750652869908052,-0.2918904468080161,0.19365313949544558,0.08928937722962502,7.1276093805718554
0.35858339944884215,8583.399448842121,-13.750672155618433,-0.2915038481047416,0.19343502571126964,0.08908835517123702,7.12761901875193
0.35861707123115677,8617.071231156737,-13.75611681716286,-0.010303088995426507,0.03193728333700737,0.0024285477784483063,7.130426214286896
0.35861818611414975,8618.186114149717,-13.756122309069516,0.00045010358726705035,0.02559598621402417,0.001559891691115513,7.130436596982082
0.35861937912946495,8619.379129464922,-13.75611491374897,0.01194448005168035,0.01879598109089943,0.0008411640599272595,7.130441451610321
0.3586208333333334,8620.833333333356,-13.756087376153324,0.02592063543188462,0.0104957085792108,0.00026228547280885523,7.130438627369769
0.35862198215234914,8621.982152349106,-13.756051275133421,0.03692126633268548,0.0039361795906233425,3.688930897533272e-5,7.130429615720166
0.35862309643009893,8623.096430098898,-13.756004210619071,0.04754583340288292,-0.002422607540301315,1.3973874510297116e-5,7.13041517092789
0.3586242107078487,8624.21070784869,-13.755945336863402,0.058115859889930635,-0.008773035623857313,0.00018325274775587974,7.130395126043301
0.3586665532623408,8666.553262340782,-13.746513213177126,0.33463538078808297,-0.19843423398344362,0.09375272670618107,7.126063147453573
0.3586666666666667,8666.666666666655,-13.746475250263874,0.3348784553763017,-0.19870156759179844,0.09400550705580486,7.126044641861387
0.3586676675400906,8667.667540090573,-13.746139055071922,0.3368829585261207,-0.20098446974656464,0.09617799304597086,7.125880476945216
0.3586748943314038,8674.894331403782,-13.743671516140804,0.3437751532114399,-0.21323336748466368,0.10825825954488005,7.12465996123766
0.358675,8674.999999999989,-13.743635189801013,0.3437766056620721,-0.2133554179178295,0.108382224654504,7.124641784949184
0.35867626323107127,8676.263231071234,-13.743201006540218,0.3435722101647271,-0.21468331199422297,0.1097355344019259,7.124424058480445
0.358680682589709,8680.682589708944,-13.741689472566877,0.3396507692770243,-0.21739216355227786,0.11252226850938171,7.123659055664073
0.358681932978328,8681.932978327977,-13.74126599103697,0.337643636390949,-0.21760242231233237,0.11274003380046346,7.1234427133719285
0.35868318336694704,8683.18336694701,-13.740845264115089,0.335245275368936,-0.21756386452352539,0.11270008368193071,7.123226876534185
0.35873246358624844,8732.463586248407,-13.730964480331735,0.005450159704681689,-0.03296227361696288,0.0025869320999988735,7.1177257519104415
0.35873333333333335,8733.333333333316,-13.730963224720746,-0.0025625856112987608,-0.02747018636822005,0.0017966931883446253,7.117717923641845
0.35873336352784185,8733.36352784182,-13.730963306295775,-0.00284071606536794,-0.02727915608485903,0.0017717913254811936,7.117717720873106
0.3587342859994448,8734.285999444757,-13.730969845046081,-0.01133469175588612,-0.021432816910512867,0.0010937277159989672,7.117713759101649
0.3587352952662828,8735.29526628275,-13.730985969984557,-0.020616571692127567,-0.015017687075901256,0.0005369783931183133,7.117714379817402
0.3587373130701321,8737.313070132092,-13.731046246783922,-0.0391115753518434,-0.0021580136078226185,1.1088149360827605e-5,7.117731133626296
0.35873750000000004,8737.50000000001,-13.731053717536387,-0.0408193110975392,-0.0009657467811932981,2.220635346155276e-6,7.117733730654355
0.3587382227468457,8738.222746845659,-13.731085602724592,-0.04741099044322526,0.0036435752008591267,3.1608667248370535e-5,7.117745434720256
0.3587491388674085,8749.138867408468,-13.732133831812469,-0.1432013417775701,0.07165047233764746,0.012223309967161868,7.11823619977352
0.35875,8749.99999999998,-13.73226021961452,-0.15032375033445333,0.07676209222664755,0.014029568578600821,7.118299048400618
0.35875004854412207,8750.048544122035,-13.732267526636656,-0.15072283420622437,0.07704865278361105,0.01413451165659394,7.118302691375509
0.35879007431951904,8790.074319519003,-13.743149196662197,-0.3388937720505029,0.21462576665426908,0.1096767135998399,7.123860483530707
0.3587909839962326,8790.983996232571,-13.743457558430523,-0.3390312016043475,0.21494930158912653,0.11000762441346018,7.124016340017545
0.3587916666666667,8791.666666666642,-13.743689000952468,-0.33900014358735947,0.21510682445017223,0.11016891886913623,7.124133228377666
0.35879189367294617,8791.893672946138,-13.743765952289102,-0.3389643266264053,0.2151430575358139,0.11020603620442505,7.124172075035844
0.35879280334965974,8792.803349659705,-13.744074192409853,-0.33869321847794714,0.2152076874360528,0.11027225888469956,7.124327596645144
0.3587937130263733,8793.713026373272,-13.744382093086404,-0.33821807342058574,0.21514390892275947,0.1102069084442015,7.124482813553693
0.3588330642103317,8833.064210331642,-13.754889076752661,-0.1451529181854227,0.10827115752375091,0.027911056075078298,7.129750476330028
0.35883333333333334,8833.333333333305,-13.754927843272503,-0.14294105605551305,0.10700715475205619,0.02726316944792977,7.129770463729985
0.3588341076316077,8834.10763160769,-13.755036046959402,-0.13653766772586098,0.10334522009744465,0.02542912980235542,7.129826397764705
0.358848744616827,8848.744616826942,-13.756107664841968,-0.008212675728066325,0.028949145142583545,0.001995364296396115,7.130425709592489
0.3588498559278793,8849.85592787929,-13.756111239767566,0.0017778243773343232,0.023055810331067378,0.0012656437857670316,7.130434637360523
0.35885000000000006,8850.000000000024,-13.756110890376606,0.003072364899470818,0.02229083549226403,0.001183050826055185,7.130435411701772
0.3588510742252333,8851.074225233291,-13.75610240849115,0.012716605420006766,0.016581843502236637,0.0006546607950777796,7.130438413750408
0.35885254089073604,8852.540890736005,-13.756074120467169,0.025849993642737826,0.008777901869668415,0.00018345609817506725,7.130434625485762
0.35885363473321163,8853.634733211602,-13.75604050445523,0.035607932738666456,0.0029563291659924894,2.0809243184994877e-5,7.130425882000996
0.3588541666666667,8854.166666666662,-13.756020304691326,0.040338819175033395,0.00012636306036676784,3.801815006013194e-8,7.130419806382711
0.3588547690646071,8854.769064607082,-13.75599439417186,0.045683355949439425,-0.00307681096236505,2.2539918328880345e-5,7.130411487686986
0.35890512782147643,8905.127821476399,-13.744918453448046,0.3201406036182216,-0.19643846250473077,0.09187635607433932,7.125265649021969
0.3589064699928913,8906.469992891241,-13.744488570025306,0.3203665077109491,-0.19795672628124136,0.09330206066663407,7.125051976727788
0.35890825315462016,8908.253154620126,-13.743917518726379,0.3199997774491928,-0.19957943170966283,0.09483797514655232,7.124766790196915
0.3589128252171478,8912.825217147758,-13.74246262562218,0.3156023419857345,-0.20164106330595744,0.09680742478846936,7.124033082669532
0.35891397288610793,8913.972886107902,-13.742101466457402,0.31372502485376497,-0.20167648352054857,0.09684143810765262,7.1238493155210705
0.3589151205550681,8915.120555068046,-13.741742637931669,0.3115412122575416,-0.2015161185749753,0.09668749058457979,7.1236660700739645
0.3589162682240282,8916.26822402819,-13.741386490407265,0.3090533808377822,-0.20115908178883532,0.09634518139554128,7.123483527132563
0.3589166666666667,8916.666666666684,-13.741263535293978,0.30811906870296946,-0.20098899698584521,0.09618232597470498,7.123420350103124
0.35891741589298837,8917.415892988334,-13.741033371235927,0.3062642997460298,-0.20060465248789403,0.0958148252375922,7.1233018678395235
0.3589634325121838,8963.432512183788,-13.732684253033339,0.009167791491204974,-0.033014560383443275,0.002595145707885767,7.118672271517379
0.3589643573128341,8964.35731283407,-13.732679451308773,0.0012164306276400165,-0.027652720749685267,0.0018206499163335099,7.11866272930243
0.3589652910623135,8965.291062313474,-13.73268206318734,-0.006810102403444001,-0.022217656848028813,0.0011752958948018132,7.118657146204443
0.35896627823821703,8966.278238216995,-13.732692971593519,-0.015288353235658626,-0.016453167665608167,0.0006445398243633668,7.118655674841067
0.3589666666666667,8966.666666666679,-13.73269955733177,-0.018620924447867674,-0.01418091096930179,0.0004788053236172948,7.11865634470735
0.3589685169354436,8968.516935443593,-13.73274867168144,-0.034455330810166954,-0.0033376510360393786,2.652360580565414e-5,7.118669208866446
0.3589694856633827,8969.485663382682,-13.732786050152372,-0.04271005986705689,0.0023442440242258766,1.3084476297901744e-5,7.1186823095519065
0.3589704543913218,8970.45439132177,-13.732831410291055,-0.05093305660349717,0.008022918546835182,0.00015325529049798082,7.118699770159786
0.3589996036013839,8999.603601383855,-13.737575368550328,-0.2573444397184119,0.1543519237338841,0.056725038953216116,7.121056292544738
0.35900000000000004,9000.000000000007,-13.73767776745961,-0.25929675544425973,0.15576003047231066,0.05776473117317892,7.1211084191265295
0.35900047495648146,9000.47495648143,-13.737801470016962,-0.2615966718034318,0.1574199217472193,0.05900245657833487,7.121171389984036
0.3590213874788233,9021.387478823252,-13.744006461543622,-0.31594368360229674,0.19879571997883339,0.09409461495691128,7.124313706672574
0.35902225883392086,9022.258833920827,-13.744281835604236,-0.31608648973599823,0.19912996428836874,0.09441129208925476,7.124452109095169
0.35902313018901844,9023.130189018402,-13.744557257873193,-0.31605433503907526,0.19935340991072265,0.09462329057864909,7.124590441223127
0.359024001544116,9024.001544115978,-13.744832575911763,-0.3158472686538562,0.19946651309036315,0.09473069010578097,7.124728627651297
0.3590248728992136,9024.872899213555,-13.745107637366804,-0.3154654378765169,0.19946978334363777,0.0947337963503757,7.124866593435144
0.35902500000000004,9025.000000000005,-13.745147728844561,-0.3153951500201608,0.1994611140918208,0.09472556198750084,7.124886695007964
0.35908021686123337,9080.216861233337,-13.75611049389036,-0.006871831022065503,0.02652685917656641,0.001675414899460442,7.130430168733362
0.3590813886590651,9081.388659065049,-13.75611279110561,0.002949624572634117,0.020732145859462994,0.0010233854093763062,7.130438372357037
0.35908268034494534,9082.680344945304,-13.756101996732681,0.013760192021718546,0.014331195349961447,0.0004890075241875156,7.130441131985287
0.35908333333333337,9083.333333333332,-13.756091230104722,0.01921488127573392,0.011092041283840722,0.0002929366186724451,7.130440020908388
0.3590840834152243,9084.083415224264,-13.756074470944922,0.02546907223140264,0.007370026550528458,0.00012932688417974857,7.130436669664239
0.3590852252140153,9085.22521401528,-13.756039968316818,0.03495998188943428,0.001704606678499679,6.918295067585019e-6,7.130427315520555
0.3590863736644226,9086.373664422554,-13.755994357474108,0.04446211045050215,-0.003989215122386568,3.789008879208971e-5,7.130412740707965
0.35913750000000005,9137.50000000002,-13.745380964816343,0.29864066759630603,-0.183501455577739,0.08017329571225933,7.125480770586484
0.3591377278765864,9137.727876586343,-13.745312909922294,0.2986534625871014,-0.18372131930641844,0.08036553135164515,7.125447043403746
0.3591393443061807,9139.344306180685,-13.744830274709402,0.29841140897371504,-0.18508332079329592,0.08156151341874783,7.125207219941852
0.35914259811155785,9142.59811155782,-13.743862326190975,0.29616108452296097,-0.18676084511142463,0.08304669825412747,7.124722835084905
0.3591442250142464,9144.225014246387,-13.743382050939344,0.29415871246077857,-0.18705875615718204,0.08331185298826689,7.124480767017838
0.35914565020363626,9145.650203636224,-13.74296435551936,0.29192885470900926,-0.18702013932473113,0.08327745836438533,7.124269284624506
0.35916606972938253,9166.069729382498,-13.737654110959362,0.2148277662288266,-0.15558239519862757,0.057633051656528406,7.121490642283035
0.3591666666666667,9166.666666666657,-13.737526879960395,0.21144231554698537,-0.1538200815706021,0.05633480355806353,7.121421536263239
0.35916699000477437,9166.990004774334,-13.737458812340416,0.20958562698427016,-0.15284676510861445,0.05562412762897133,7.121384500288009
0.3591955185419213,9195.518541921243,-13.734281065976987,0.0023580518248964132,-0.026255656366413183,0.001641332121978984,7.1195301871629795
0.3591958333333334,9195.833333333347,-13.734280721301658,-0.00016815640722048304,-0.024569963727293337,0.001437340756096453,7.119527838587844
0.35919645247544185,9196.452475441818,-13.734282363347996,-0.005135814523946403,-0.02124848983433857,0.0010749960005714033,7.11952446354793
0.3591974368656094,9197.436865609365,-13.734291304434377,-0.013028428795937925,-0.015953683457102342,0.0006060000377367165,7.119522495739413
0.3591986290045438,9198.629004543767,-13.734312526061174,-0.022570487472121113,-0.009524515624316901,0.00021599142351870655,7.119525699095255
0.3591998211434782,9199.821143478172,-13.734345107994823,-0.0320854867641448,-0.0030846673021378127,2.265517229732898e-5,7.119535016423049
0.3592,9199.999999999985,-13.734350974104899,-0.033510080005762805,-0.002118093550786221,1.0681714975909955e-5,7.119536941008238
0.3592010132824126,9201.013282412574,-13.734389012125602,-0.04156361709264326,0.003357488634437357,2.683983316756197e-5,7.119550434037372
0.35924951013667783,9249.510136677796,-13.743911480337676,-0.29279334668009777,0.18222459259472643,0.07906143368170004,7.124286271994301
0.35925,9249.99999999998,-13.744055015438231,-0.2932191082445553,0.18263785439199418,0.0794204425164554,7.124358184522035
0.35925047124617154,9250.47124617151,-13.744193280768613,-0.29358019092422677,0.18300440004848736,0.07973954865977811,7.12442743615886
0.3592533545746527,9253.35457465265,-13.745041886340182,-0.29475118283865037,0.18458648489224716,0.08112421524970427,7.1248520250625464
0.3592541666666667,9254.166666666675,-13.745281263933935,-0.29475835279733936,0.18482788316814389,0.0813365390390882,7.124971657551548
0.3592543156841464,9254.315684146364,-13.745325187090419,-0.294744264768666,0.18486247694829455,0.08136698900823507,7.1249936023337
0.3592552767936401,9255.276793640078,-13.745608385718363,-0.29453869338069466,0.18501352128536314,0.08150000728192743,7.125135045701697
0.3592562379031338,9256.23790313379,-13.745891291374981,-0.2941346547337146,0.18504017552531957,0.08152349180581209,7.12527626136706
0.35925719901262754,9257.199012627503,-13.746173713455237,-0.29353247052357495,0.18494307158341067,0.08143795173025371,7.125417156160773
0.3593114860565301,9311.486056530093,-13.7561198658943,-0.0062737483358838615,0.024657335320129512,0.0014475813930697771,7.130437034920693
0.35931250000000003,9312.500000000002,-13.75612220813529,0.0016527911600550998,0.019982314235441733,0.0009506973385808033,7.130443885153153
0.3593127115668031,9312.711566803078,-13.756121683584935,0.003305864024506408,0.019005628417356334,0.0008600331227110064,7.130444836999055
0.35931406532545634,9314.065325456311,-13.756110054088232,0.013871105026675731,0.012748902269802213,0.000386986926392781,7.13044702561455
0.3593154840067408,9315.48400674076,-13.756082540849848,0.024908773091784846,0.006184586062507203,9.106929705847227e-5,7.130442082736314
0.3593166666666667,9316.66666666664,-13.756047660006377,0.034071587917847104,0.0007124619515126694,1.2085762675077172e-6,7.130432313137964
0.35931690268802524,9316.902688025208,-13.756039403155704,0.035895084064566436,-0.0003791203823846343,3.422196769987413e-7,7.130429749870623
0.3593183213693097,9318.321369309657,-13.755980725555716,0.04681357436684258,-0.006933775181909028,0.00011446961493632757,7.130410052570734
0.3593328281324712,9332.82813247116,-13.75452627309707,0.15084321436200265,-0.0714864452479881,0.012167409176651428,7.129799189647994
0.35933333333333334,9333.333333333305,-13.754449241666364,0.15410536297835573,-0.07359372447942937,0.012895324482748003,7.12976509672105
0.3593339614980913,9333.961498091292,-13.754351175175975,0.15811832326161795,-0.0761954922720677,0.013823221529958882,7.129721575418452
0.3593677124168515,9367.712416851471,-13.746402629020606,0.27830436187989605,-0.16953467523010435,0.06843334786994515,7.125972178094782
0.35936931453563736,9369.31453563733,-13.745956522588767,0.27850200111942913,-0.17100209750441825,0.06962313654978705,7.125752171451861
0.35937083333333336,9370.833333333328,-13.745533706393246,0.27819546016759583,-0.1720999971427324,0.07052002146792502,7.125542760058092
0.35937500000000006,9375.000000000022,-13.744380181679437,0.27489874647752566,-0.17362109592310626,0.0717721070227154,7.1249669450281505
0.35937574889822466,9375.748898224623,-13.744174667012668,0.27392754573680184,-0.17365993181329856,0.07180421885095119,7.124863649592227
0.35937708639075117,9377.086390751132,-13.74380960037962,0.2719090236551919,-0.17354982092998456,0.07171319129721358,7.124679619433752
0.35941603500458963,9416.035004589596,-13.736220203553712,0.08115475067694977,-0.07492281380600548,0.013365304830022299,7.120630126065558
0.3594166666666667,9416.666666666684,-13.73617037791091,0.07660200634390142,-0.07208060521372087,0.01237050868565782,7.1206000240264995
0.35941699952132866,9416.99952132863,-13.736145281132629,0.07419423564288574,-0.07057285815848262,0.011858400734898349,7.120584760514174
0.35942568017197996,9425.680171979922,-13.735778484780345,0.009957002311037796,-0.029303322247936338,0.00204448736849143,7.120336793931972
0.359426644688719,9426.644688718954,-13.735772365330405,0.002731809252213604,-0.024550337184702675,0.0014350453711490354,7.12032746139433
0.3594276202134449,9427.620213444843,-13.73577326481061,-0.0045754125748148034,-0.0197234294657269,0.0009262230235464381,7.120321777723695
0.3594286482989844,9428.648298984377,-13.73578192500836,-0.012270310107448258,-0.014619531156400354,0.000508882598173716,7.120319879596696
0.3594291666666667,9429.166666666655,-13.735789290190553,-0.01614594384910871,-0.012041021439496005,0.0003452052316819105,7.12032051531803
0.35943094146657245,9430.941466572418,-13.735829700476613,-0.029381925863714683,-0.003196852272877109,2.4333010606189374e-5,7.120330772499157
0.35943197681283295,9431.976812832921,-13.735864103601596,-0.03707055404993411,0.0019665656276270692,9.208048494676784e-6,7.1203425221670456
0.35943301215909346,9433.012159093423,-13.735906451316449,-0.04472765986335231,0.007126852985230099,0.00012093341303115042,7.12035850630669
0.3594842953804163,9484.295380416286,-13.745743367646268,-0.274894710539491,0.17119389117765105,0.06977940089653674,7.125219552235558
0.35948522560220536,9485.225602205328,-13.745999111100144,-0.2749311156214309,0.17149335586383058,0.07002374072723437,7.125346775548655
0.3594861558239944,9486.15582399437,-13.746254807594845,-0.27479375978612297,0.17168382107804994,0.07017936766657112,7.125473920819954
0.35948708604578344,9487.08604578341,-13.74651029554674,-0.27448277459621107,0.171765682052035,0.07024630840666851,7.125600908640598
0.3594875,9487.499999999982,-13.746623879846922,-0.27428861891265177,0.17176731017365862,0.07024764010546154,7.12565734764649
0.3594880162675725,9488.016267572451,-13.746765413546306,-0.2739984027839127,0.17173939689556608,0.07022481058583992,7.125727660066278
0.35949983251209405,9499.832512094019,-13.749905904154534,-0.2530442572670559,0.1622868115217505,0.06270716474737183,7.127284495719752
0.35950000000000004,9500.00000000001,-13.749948245174268,-0.2525558050619408,0.16203608290958893,0.06251355277305518,7.127305456834856
0.3595010917850021,9501.09178500208,-13.750222194870465,-0.24924617654813658,0.1603257361825339,0.06120081352969396,7.127441072792808
0.3595426477909681,9542.647790968083,-13.756131332907694,-0.005674775588655898,0.022894044683818636,0.0012479459094873436,7.130444752266158
0.35954394243354226,9543.94243354223,-13.756132567793735,0.0037654789520095997,0.017324650286933866,0.0007146273989632325,7.130452178425164
0.35954538058238994,9545.380582389906,-13.756119621994015,0.014233394697138926,0.01112392560420318,0.0002946231448758264,7.130453676902971
0.35954583333333334,9545.833333333308,-13.756112433142347,0.01752229832369735,0.0091700666923999,0.0002002145789120525,7.130452679030007
0.3595468252467148,9546.825246714741,-13.75609148439548,0.024713121980768513,0.004888386125117538,5.689599740057536e-5,7.130448035924701
0.3595482699110396,9548.269911039575,-13.756048242688582,0.03514088341534629,-0.0013454871262740251,4.310322873736034e-6,7.130435249670819
0.35954971457536444,9549.714575364409,-13.755989983662694,0.04550047709610084,-0.007569286286469903,0.00013641451163462221,7.1304153449013485
0.35958312899564143,9583.128995641398,-13.750989406580297,0.23170414699633837,-0.12983714473162142,0.040137343219190484,7.128172545976833
0.35958333333333337,9583.333333333332,-13.750941993447224,0.23236106780503182,-0.13035716106949533,0.040459498671662736,7.128150213091369
0.3595842899358512,9584.289935851142,-13.750718279468037,0.2353378822712872,-0.13274064245252556,0.04195256704454579,7.128044676126503
0.35959943479556394,9599.43479556391,-13.746914345064296,0.2597340687651398,-0.158175661389006,0.05957033299011781,7.126211791268758
0.35960000000000003,9599.999999999998,-13.746767523242248,0.25979084529422647,-0.15864159794360289,0.059921801424047016,7.126139628781433
0.35960124599222376,9601.245992223729,-13.74644385332185,0.25969645194674484,-0.15953851618122908,0.06060128129835308,7.125980170518977
0.3596048683855434,9604.868385543363,-13.745505958997985,0.2577117200482009,-0.16111536311053515,0.06180514340533236,7.125515153734511
0.3596064776586079,9606.477658607893,-13.745092526095775,0.25601885604423996,-0.16131761042337306,0.06196040817311228,7.125308745767165
0.3596078970371327,9607.897037132661,-13.744730443788804,0.254115749368608,-0.16123903841473383,0.06190006549740003,7.125127240905467
0.3596577892516195,9657.789251619475,-13.73715754626002,0.0021867001771326395,-0.022427555694911443,0.0011976077486865588,7.121059246730796
0.35965833333333336,9658.333333333325,-13.73715739171933,-0.001618520591048518,-0.019940587852381484,0.0009467310569012953,7.121056002334802
0.3596588288560611,9658.828856061064,-13.737159052210593,-0.005083265482685985,-0.017671332196072552,0.0007435142418665484,7.121053992863639
0.35965993102320587,9659.931023205836,-13.737168899310548,-0.012783573048540511,-0.012611943184462812,0.0003787169306859952,7.121052756248232
0.35966150612769365,9661.50612769362,-13.73719768590013,-0.023761955605828604,-0.005361865920259003,6.845144320674981e-5,7.121058729498079
0.35966250000000005,9662.500000000018,-13.737224734646944,-0.03066543530192511,-0.0007815449746160688,1.4543155889229322e-6,7.121067178714318
0.3596625360477203,9662.536047720272,-13.737225844571352,-0.03091539726168647,-0.0006154007637809468,9.01709762052792e-7,7.121067553106124
0.3596636224923686,9663.622492368573,-13.737263519012714,-0.03843281676384386,0.004390816397424516,4.5903020561647624e-5,7.121081064255451
0.3596657953816652,9665.795381665177,-13.737363270870697,-0.05335402225387726,0.014380420568893278,0.0004923726089005925,7.121120968714064
0.3596666666666667,9666.666666666657,-13.737412343795212,-0.05928544270583044,0.018370119719370463,0.0008034792821523893,7.121141763330889
0.3596668818263135,9666.881826313478,-13.737425256686446,-0.06074499292205975,0.019353441181746166,0.0008917992513697817,7.121147318370607
0.35971521735956563,9715.217359565599,-13.746419674159792,-0.2564181135182442,0.15888976283776593,0.06010942079676549,7.125571773444983
0.35971619490966916,9716.19490966913,-13.746670377245549,-0.2564732169568762,0.15921579755568338,0.060356357598315126,7.125695960145294
0.3597166666666667,9716.666666666652,-13.74679136307185,-0.2564357021717228,0.15933304147080926,0.06044528120080624,7.125755876607971
0.3597171724597727,9717.17245977266,-13.746921046611076,-0.25634913701040096,0.15942980574465948,0.060518721332809194,7.125820090246369
0.3597181500098762,9718.150009876192,-13.74717150715367,-0.25604601352003004,0.15953215338241988,0.060596447530552246,7.1259440778223215
0.35971912755997976,9719.127559979723,-13.747421583969233,-0.25556411296624837,0.15952327950674322,0.06058970643949173,7.126067837433221
0.35974980815123675,9749.808151236717,-13.754137399511361,-0.157047709273781,0.108251171119173,0.02790075249683922,7.129392745647533
0.35975,9749.999999999982,-13.754167428487758,-0.1560000304286874,0.10766751125517932,0.027600697571152775,7.1294077971620995
0.35975098954779255,9750.989547792522,-13.754319101288452,-0.1505319128258954,0.10461701625614422,0.02605885735794844,7.129483914161506
0.35977345567179014,9773.45567179011,-13.75613872546326,-0.006832499286552676,0.02226365311914547,0.0011801672624038948,7.13044914174465
0.3597747040182421,9774.704018242042,-13.756141951813294,0.0016624377508386947,0.01725647547242295,0.0007090141565007972,7.130456819143521
0.359775,9774.999999999978,-13.75614116186136,0.0036752872166250605,0.01606734887997751,0.0006146659524545585,7.130457906808868
0.35977607636687015,9776.076366870113,-13.756133269255708,0.010987763498626832,0.011738434977770282,0.00032807346601747815,7.130459494891769
0.3597776406393472,9777.640639347163,-13.75610778802757,0.02158383933204601,0.005439902842643885,7.045843556525005e-5,7.130455188231908
0.35977887179414625,9778.871794146216,-13.756076100223789,0.029886345862869552,0.00048237296971284486,5.540087664514026e-7,7.130446298215803
0.3597791666666667,9779.166666666672,-13.756066995205963,0.031868854427472004,-0.0007044282720371896,1.181474262965002e-6,7.130443451419273
0.35982956924986675,9829.569249866721,-13.747757567689979,0.24215211005767626,-0.14641612757970707,0.05104210098913585,7.12661378766976
0.3598311836999984,9831.183699998359,-13.747366351743198,0.24241190238059868,-0.14769260292986308,0.05193596419094811,7.126422312801699
0.35983333333333334,9833.333333333305,-13.746845522762557,0.24202308816571097,-0.14895574537943534,0.05282812876557899,7.126166203943553
0.35983341488612214,9833.414886122106,-13.746825786370628,0.2419918427161243,-0.14899376237473694,0.05285509815852281,7.126156471810899
0.3598363763339823,9836.376333982267,-13.746111634453229,0.24004396150544777,-0.14987883325838697,0.053484915854512774,7.125802969279698
0.35983750000000003,9837.499999999998,-13.745842530860862,0.23889278895384078,-0.14996061105982428,0.0535432973081807,7.125669073120176
0.3598378570579124,9837.857057912346,-13.745757305346727,0.23847985174169756,-0.1499571607889946,0.05354083350451519,7.1256265878594345
0.3598880312893549,9888.031289354893,-13.7384444059125,0.006987304607554075,-0.023928769525097267,0.0013633000261552945,7.121736889620239
0.359889080012786,9889.08001278599,-13.738440669279452,0.00013866152974433926,-0.019501444216895866,0.0009054912536778599,7.121729324476913
0.35989015491542076,9890.154915420724,-13.738444292150874,-0.006878619076882487,-0.014945582197630062,0.000531834350538373,7.121725445230729
0.35989132889670866,9891.328896708628,-13.738456861965162,-0.014533093955735212,-0.00995426590777014,0.00023592240419665454,7.121725693135413
0.35989264973984264,9892.649739842607,-13.738481734417327,-0.02312376939796427,-0.004326399226068807,4.4566024436497076e-5,7.121731567261511
0.3598937175372281,9893.717537228064,-13.738510123299758,-0.030044927159418214,0.0002270970927907033,1.227930703666412e-7,7.121740639804735
0.35989478533461355,9894.78533461352,-13.738545888443166,-0.03693865505511808,0.004779143085557474,5.438144912436146e-5,7.1217535675400425
0.3599161412823227,9916.141282322655,-13.740716991206991,-0.1605644613184385,0.08883276954708118,0.01878871653667817,7.122773895356329
0.3599166666666667,9916.666666666684,-13.74080201090464,-0.1630776526985491,0.09058776730074748,0.019538437106034225,7.12281547079725
0.35991720907970814,9917.209079708111,-13.74089116217202,-0.16563734133304084,0.0923775484145123,0.02031812250256087,7.122859104433863
0.3599460396091155,9946.039609115442,-13.747043673186223,-0.23920643263743763,0.14754312938647013,0.05183089292655397,7.125895580725111
0.35994710740650093,9947.1074065009,-13.747299154156046,-0.23927985049198458,0.14790450826451038,0.05208510372611099,7.126021643887635
0.3599481752038864,9948.175203886356,-13.747554606918722,-0.23915361539582386,0.1481414844948124,0.05225214149601605,7.126147665091625
0.35994924300127185,9949.243001271812,-13.747809818363878,-0.23882790250142674,0.14825444000482382,0.052331854717009296,7.12627353995224
0.35995000000000005,9950.000000000015,-13.747990484024337,-0.23847633850858074,0.14825965057766122,0.052335533308119526,7.12636263157802
0.3599503107986573,9950.310798657269,-13.74806457565809,-0.23830305537187563,0.1482438552915614,0.052324382456441415,7.126399164684459
0.3599987464235706,9998.74642357057,-13.756003592753942,-0.042134558634938334,0.04164746548374746,0.00412978900290461,7.130361528274971
0.36000000000000004,10000.00000000001,-13.756051468113565,-0.03424146440117388,0.037067153035904646,0.0032713662718742258,7.130389801814959
0.3600000503799707,10000.05037997065,-13.756053185188982,-0.03392352984840813,0.03688234801693089,0.003238827607719062,7.130390840986234
0.3600041666666667,10004.166666666648,-13.75613918286055,-0.007832283071101613,0.02163112283516263,0.0011140606550235571,7.130450244657375
0.3600052831731466,10005.283173146585,-13.756143968455863,-0.0007406591060533152,0.017455352419569036,0.000725450781169892,7.130457638114645
0.3600066911022912,10006.691102291188,-13.756138720887957,0.008192199702187507,0.012175650660811253,0.0003529677833669369,7.130461645312912
0.3600083333333334,10008.333333333341,-13.756116730921,0.01858139819482527,0.006006214574771932,8.589193694810185e-5,7.130458831163684
0.36000867830129496,10008.678301294927,-13.756109945471708,0.02075779107824405,0.004709700470778732,5.281256791536525e-5,7.130457216504968
0.36000997044226407,10009.970442264037,-13.756077867738155,0.028886019700167832,-0.00014548626172099615,5.039583892750044e-8,7.130448016654414
0.3600113313179874,10011.331317987371,-13.756032759575195,0.03739747671329188,-0.005252520916938604,6.568803805447037e-5,7.130432962248752
0.3600614114059526,10061.41140595257,-13.748114575825914,0.22620101485056968,-0.13698879757873744,0.04468078729063881,7.126777895161584
0.3600625,10062.499999999975,-13.747868291865418,0.2262462931711752,-0.13770568427193627,0.0451496559066719,7.126657526070422
0.3600636611515107,10063.661151510694,-13.747605664069503,0.22607312968729634,-0.13833850529112493,0.04556557630043477,7.126528824117695
0.3600666666666667,10066.666666666668,-13.74692808016038,0.2245667071728239,-0.13933765915822977,0.04622615061832146,7.126195107456804
0.36006795468961295,10067.954689612912,-13.746639518341624,0.22345642501421362,-0.1394811543113505,0.04632141049530182,7.126052248682417
0.36006938586898035,10069.385868980318,-13.746320786422833,0.22189844469395184,-0.13943878846454005,0.0462932755439494,7.125893929992457
0.3600828290546324,10082.82905463237,-13.743511965204677,0.19130722145776616,-0.12864967443554542,0.039406520791361505,7.124472844962554
0.36008333333333337,10083.333333333334,-13.743415914256733,0.1896307333702279,-0.12788454869725355,0.03893918522738147,7.124423328050626
0.36008397683909227,10083.976839092235,-13.74329458762824,0.18743984972088948,-0.12687142174779062,0.03832466108644227,7.124360680592107
0.3601192377911037,10119.237791103686,-13.739627655185322,0.004756568795500275,-0.02101893627224932,0.001051894480992567,7.122349170521652
0.36012027860567214,10120.278605672107,-13.739626007599071,-0.0015904664995250307,-0.01694335378809269,0.0006835172323535117,7.122343166082631
0.3601208333333334,10120.833333333356,-13.739627827909198,-0.004972205382407658,-0.014764982650974194,0.0005190588397227833,7.122341357695648
0.36012136758124563,10121.367581245599,-13.73963135394512,-0.008227469397958383,-0.012663657390912663,0.0003818290917009927,7.122340531418787
0.3601226153384057,10122.615338405694,-13.739646358509903,-0.01582018806825391,-0.00774593569025629,0.00014285599932758618,7.122342100015154
0.3601238630955658,10123.863095565788,-13.739670824666703,-0.02339178758864797,-0.002819519615219969,1.8927835382405148e-5,7.1223485640378215
0.36012500000000003,10124.999999999995,-13.739701328655663,-0.030265037185722477,0.0016712534170382934,6.650209485624218e-6,7.122358707670495
0.3601251108527259,10125.110852725882,-13.739704720678628,-0.030933641866260075,0.00210903058178671,1.0590499987884737e-5,7.122359913298507
0.36016594531549656,10165.945315496527,-13.745243729891449,-0.211766310509685,0.1267998401715278,0.03828142730363093,7.125024719475544
0.3601666666666667,10166.666666666657,-13.745396976536696,-0.21310791275146893,0.1278501632506529,0.03891824819813952,7.1251001133471705
0.36016694775638747,10166.947756387435,-13.745456949646599,-0.21360864893470718,0.12824551026870498,0.039159311676382175,7.125129619534641
0.36017697216529654,10176.972165296505,-13.747659858915698,-0.2231956604765592,0.13714483087251503,0.04478263008345418,7.126213258954386
0.36017797460618745,10177.974606187412,-13.74788364349022,-0.223256287037086,0.13747340627908555,0.044997470080891715,7.1263232927573945
0.36017897704707835,10178.977047078319,-13.748107406464179,-0.2231525766414667,0.13769992348964746,0.045145878402511344,7.126433304945051
0.36017997948796926,10179.979487969225,-13.748330983156315,-0.22288466305512583,0.13782463067855366,0.04522768767066599,7.126543214989545
0.36018098192886017,10180.981928860134,-13.748554209080742,-0.2224528022644492,0.13784784840090739,0.04524292692561797,7.126652942761405
0.3601819843697511,10181.98436975104,-13.74877692006938,-0.22185737233306846,0.13776996827590768,0.045191819425582404,7.1267624085835095
0.3602353598373175,10235.359837317492,-13.75613288709216,-0.005310349900465486,0.019012490159800072,0.0008606542430392727,7.1304505844747785
0.3602366678726079,10236.667872607852,-13.756134761985749,0.002442446800030434,0.01444205209757552,0.0004966020685454416,7.130457087564474
0.36023750000000004,10237.500000000011,-13.756130679414094,0.007368905203705085,0.011528404368972173,0.0003164383507012779,7.130458738252771
0.3602381353789089,10238.135378908886,-13.756124803611979,0.011125709402536503,0.009301478188861699,0.0002059940392806426,7.130458697246937
0.3602396603627187,10239.660362718672,-13.756100975459818,0.020118135353307674,0.0039527210495441676,3.720000879883226e-5,7.130454005315698
0.3602411853465285,10241.185346528458,-13.756063467798752,0.029063649562904262,-0.0013948352544458733,4.632298540583533e-6,7.130442842524776
0.3602416666666667,10241.66666666665,-13.756048802079544,0.03187483586574557,-0.0030810728387787862,2.260240437585802e-5,7.130437979723171
0.36024968910598154,10249.689105981508,-13.755608588804915,0.0773767543953776,-0.030810741595471553,0.002260242375387907,7.130263684120682
0.36025,10249.999999999982,-13.755584269054188,0.07907265117225293,-0.03186231944090235,0.0024171604765573897,7.130253452823417
0.3602510525539399,10251.052553939877,-13.755498037262887,0.08476764264345057,-0.03540463919504188,0.0029844963726930857,7.130216936000134
0.3602916666666667,10291.666666666644,-13.748766435378963,0.21107410704398571,-0.12717371220162674,0.0385075073217671,7.1270858833594035
0.36029339995121573,10293.399951215699,-13.74840038985297,0.21121867456242877,-0.12826257500657504,0.039169733684088784,7.126907579924554
0.3602948257823099,10294.82578230989,-13.748099358922387,0.21098101255891952,-0.12894612113874235,0.039588338468398133,7.126760414016281
0.3602977538345679,10297.75383456788,-13.747483452946064,0.20948747158768755,-0.12974219567648432,0.04007866033084558,7.126457800370333
0.3602992178606969,10299.217860696874,-13.747177632595204,0.20823672629281256,-0.12983105517576649,0.0401335783048879,7.1263067733859025
0.3603,10299.999999999976,-13.74701507102998,0.20743189776378154,-0.12979356632418837,0.04011040442655116,7.126226282451323
0.36033249856122734,10332.49856122731,-13.741658119139833,0.10060366396898915,-0.07816086411473676,0.014545525426577008,7.123466808442664
0.36033333333333334,10333.333333333305,-13.741575898862468,0.0963766493888276,-0.0757097566272215,0.013647541067983595,7.123421656315307
0.36033354609111506,10333.546091115031,-13.741555509363028,0.09529148971262832,-0.07507814040255334,0.013420778967394078,7.123410425639453
0.3603503065693186,10350.306569318567,-13.740716680124873,0.0031587845544154333,-0.01866063307444957,0.0008290933969981934,7.122908757450397
0.36035137703308917,10351.377033089137,-13.740716561668185,-0.0029371230986401965,-0.014770023900397998,0.0005194133476626859,7.122903792980595
0.3603525133593255,10352.513359325467,-13.740723573609818,-0.009402921310396006,-0.010625746524822987,0.0002688249743090186,7.1229021802664825
0.3603539382974669,10353.938297466892,-13.740742739806402,-0.01749419551675358,-0.005414882383831497,6.98117886445921e-5,7.122905481115607
0.3603541666666667,10354.166666666664,-13.74074688274513,-0.01878848761908504,-0.004578852295415532,4.991878176960021e-5,7.122906560439994
0.3603550857370936,10355.08573709354,-13.74076654145794,-0.023988595924251385,-0.0012131234185551554,3.5039724491593974e-6,7.122912439227093
0.3603562331767202,10356.233176720187,-13.740797780932109,-0.03045736093490867,0.002988651543087684,2.1266757252381893e-5,7.122923224162573
0.3604081670236609,10408.167023660875,-13.748288806324364,-0.2082996981751103,0.12765399952981082,0.038798913323706996,7.126535042755187
0.3604083333333334,10408.333333333352,-13.74832344947549,-0.20830977555230473,0.12770728343144658,0.038831310098666263,7.126552022881508
0.3604091984985642,10409.198498564143,-13.748503673285605,-0.2082940368891505,0.12794226598006106,0.03897434148598259,7.126640358389133
0.36041022997346744,10410.22997346741,-13.748718450605471,-0.2081259076984837,0.12813000182785048,0.03908880325810707,7.126745630043769
0.3604112614483707,10411.261448370678,-13.748932970791111,-0.2077955039567257,0.12821745173114807,0.039142178401022104,7.126850776083728
0.360412292923274,10412.292923273946,-13.749147066615118,-0.2073031469640751,0.12820493625685037,0.03913453733481683,7.126955715285432
0.3604164247063553,10416.424706355287,-13.749997077002961,-0.20371814978822997,0.12716160960236803,0.03850017846825013,7.1273723845113715
0.3604166666666667,10416.666666666686,-13.75004633388628,-0.20342885188256749,0.12705173095343725,0.03843367223396335,7.127396533118191
0.36041747621085185,10417.476210851817,-13.750210607713084,-0.20239771911935492,0.12664531296466267,0.038188179275993696,7.127477073733852
0.3604666666666667,10466.666666666679,-13.75611202739659,-0.0020417463056946763,0.016031667610440763,0.0006119389675515606,7.130444472377104
0.36046716768731835,10467.167687318313,-13.756112355888055,0.0007302779102999444,0.014396968167741758,0.0004935064105308797,7.1304466368224135
0.36046859793807073,10468.597938070701,-13.756105656958288,0.00863439273474121,0.009722028066177803,0.00022504245171321173,7.1304492153391115
0.3604703024065584,10470.302406558385,-13.75608293256017,0.018022978530603168,0.004141629652819535,4.0840705193128734e-5,7.130445329375617
0.36047083333333335,10470.833333333318,-13.756072589716691,0.020937583576977472,0.0024029467134971797,1.3747983114064041e-5,7.130442575684053
0.3604716120323803,10471.612032380284,-13.756054624502092,0.02520180776271176,-0.00014639341866357663,5.1026269114307685e-8,7.130437213601721
0.36047295501748455,10472.955017484519,-13.75601585845109,0.03252146136831391,-0.004538262200634657,4.903767571835552e-5,7.13042427766075
0.36049981471956927,10499.814719569235,-13.753359807627449,0.15578177147133776,-0.08329561092088558,0.016519425711151316,7.129257151457917
0.36050000000000004,10500.00000000001,-13.753330887166271,0.15639796118552732,-0.08373101171964521,0.01669257696094134,7.1292438366476585
0.3605011577046735,10501.15770467347,-13.753147634486163,0.16015424086783478,-0.08640454366526835,0.017775583728579205,7.129159318010115
0.3605221691570913,10522.169157091255,-13.749286795223282,0.1970413601159192,-0.11832197139664193,0.03333354503616131,7.127329699781195
0.36052409329465135,10524.093294651315,-13.748907376476096,0.19724532589518642,-0.11946162144473363,0.033978759519535336,7.127145399502735
0.36052500000000004,10525.000000000007,-13.748728566383475,0.19715162247399978,-0.11988597603545198,0.03422058869041183,7.127058272335475
0.3605291666666667,10529.166666666644,-13.747910356450951,0.19516406478604853,-0.1208958104368246,0.03479951662184911,7.126657343827947
0.3605299711569133,10529.971156913287,-13.747753614659473,0.1944875973603986,-0.12091143065368,0.03480850967314207,7.126580111662161
0.36053154829441497,10531.548294414939,-13.747448094135079,0.1928892711495476,-0.12077252709744755,0.034728579289294535,7.1264291667903095
0.3605800553063273,10580.055306327275,-13.741720271825185,0.008432220986225742,-0.020771042422446144,0.0010272290555120415,7.123426282352729
0.3605811721454731,10581.17214547305,-13.741714170933324,0.00249260121410537,-0.017018678011957444,0.0006896080982730568,7.12341844289949
0.3605823109839007,10582.310983900667,-13.741714781289737,-0.003564019272243771,-0.013175433032912671,0.000413314370487539,7.123413922141057
0.36058333333333337,10583.333333333334,-13.741721202432528,-0.008996404573456315,-0.00971411100606957,0.00022467607771009984,7.12341285419244
0.36058352868542637,10583.528685426336,-13.741723061209706,-0.010033560095868903,-0.009051775330757197,0.00019508246818691566,7.1234129721414075
0.36058532113322656,10585.321133226522,-13.741749562776148,-0.01952990879640768,-0.002965506753073328,2.093864357743693e-5,7.12341887450952
0.36058637409173605,10586.374091736017,-13.741773053739958,-0.025085703483013977,0.0006130972214323823,8.949719117335894e-7,7.123426388877666
0.3605875,10587.499999999973,-13.741804630919388,-0.031001487187348856,0.004437699550016397,4.688851737194222e-5,7.123437727252134
0.36063767031558575,10637.670315585712,-13.748535232709433,-0.19417034531108313,0.11828771809154472,0.033314248217392275,7.126667812339917
0.36063883613885506,10638.836138855024,-13.748761729661211,-0.19435871912925137,0.11872366043255211,0.03356025606310462,7.126778509733035
0.36064000196212437,10640.001962124335,-13.74898833317647,-0.1943531567040747,0.1190398153516903,0.033739232473725046,7.126889270522752
0.3606416666666667,10641.66666666666,-13.749311642295297,-0.19400925962678575,0.11928398993356443,0.033877786320168336,7.127047319683435
0.360642333608663,10642.333608662957,-13.749440955874075,-0.19376078465896684,0.11931358688916353,0.03389460003894756,7.127110541350408
0.3606434994319323,10643.499431932269,-13.749666523823725,-0.1931747437106341,0.11927190893455623,0.0338709244306978,7.127220832268412
0.3606661913806735,10666.191380673485,-13.753634184294949,-0.1455226589423663,0.09621181971299243,0.022039795839250857,7.12916728107945
0.3606666666666667,10666.666666666657,-13.753702954773047,-0.14385908369744987,0.09531933292545604,0.021632798165128402,7.129201285563713
0.3606670563157394,10667.056315739388,-13.75375874072482,-0.14247776109555207,0.09457677142435708,0.02129706117394068,7.12922888430019
0.36069700336542987,10697.003365429835,-13.756070784864765,-0.0038465438815922857,0.016111448422768713,0.0006180446911417535,7.130424947016172
0.3606983770625427,10698.377062542675,-13.756071194639373,0.003248632664441558,0.011926387327348601,0.0003386636063855745,7.130430285045216
0.36069996986681874,10699.969866818703,-13.756059478324737,0.011458747495872676,0.00706139311899502,0.00011872207804997667,7.130430724398141
0.3607,10699.999999999987,-13.756059130700057,0.011613801710494457,0.006969277650089504,0.00011564483562865973,7.130430673230363
0.36070156267109477,10701.562671094733,-13.756034708975836,0.01963605391483584,0.0021910435598789238,1.1430171145921207e-5,7.130424996764557
0.3607031554753708,10703.155475370762,-13.755996951169053,0.027765098819729928,-0.0026763106073990173,1.7053901112563085e-5,7.13041312053167
0.36074940244719744,10749.40244719741,-13.750335832824677,0.18239623469420635,-0.10765793687948913,0.02759578898368587,7.127828037840548
0.36075,10749.999999999982,-13.75022671896748,0.18279797992515157,-0.1081826316718877,0.027865432846322195,7.127775610965783
0.3607510378506608,10751.037850660783,-13.750036687645453,0.18337896263027467,-0.10902665948145365,0.02830193447067821,7.127684146391269
0.36075273299644,10752.732996439972,-13.749725244025994,0.18400841347619143,-0.1102197568790588,0.02892474953923531,7.1275338093080265
0.3607541666666667,10754.166666666675,-13.749461243188012,0.18423094515242447,-0.11104721189422108,0.02936067445114294,7.1274059497735
0.36075511975852215,10755.119758522114,-13.749285648604026,0.1842217216551658,-0.11150428821324126,0.029602872118908507,7.127320690881753
0.3607583446861897,10758.344686189692,-13.748692710203688,0.18326167999887277,-0.11249396467052526,0.030130695445936634,7.127031508296098
0.3607599571500235,10759.95715002348,-13.748397978082943,0.18224655953466293,-0.11266352925364109,0.03022159719972867,7.126887016889929
0.3607615696138573,10761.56961385727,-13.748105168376455,0.18087769585950964,-0.11261471810883751,0.030195416035078415,7.126742966896483
0.3608115087267303,10811.508726730257,-13.742623620148876,0.0042548981121653725,-0.01701126779859331,0.0006890076955129945,7.123882172356477
0.36081250000000004,10812.500000000002,-13.742621843191026,-0.0006696252202619983,-0.013909131751514692,0.00046062844304998606,7.123877375111445
0.3608126693969305,10812.669396930485,-13.742622027891604,-0.0015110464772644303,-0.013377907237746232,0.0004261152430041501,7.123876802307945
0.3608138902626382,10813.890262638182,-13.74262757310962,-0.0075717639729114185,-0.009541504711198637,0.0002167626479852995,7.123874807529919
0.3608153522360581,10815.352236058063,-13.742643939754911,-0.01481447759634581,-0.0049342876936039485,5.796951200774136e-5,7.123877348796641
0.3608166666666667,10816.66666666664,-13.742667679892861,-0.02130350839457707,-0.0007861274132140996,1.471419785254028e-6,7.123884215148974
0.360816814209478,10816.814209477943,-13.742670876683668,-0.02203016600368599,-0.00032042876700331854,2.444633207696834e-7,7.123885256222577
0.36081827618289786,10818.276182897824,-13.742708336097417,-0.029207500872710037,0.0042919048465271,4.385820764676861e-5,7.123898513406902
0.3608329875902498,10832.987590249753,-13.743648394427431,-0.09683436006976101,0.04882321626821393,0.005675491539935213,7.124319233242169
0.36083333333333334,10833.333333333307,-13.743682123488032,-0.09827472630513168,0.04979311864424438,0.005903225391237611,7.124335067040564
0.36083414254074075,10834.14254074072,-13.743763001394212,-0.1016112297689508,0.05204360911403599,0.006448898213368023,7.124373114806966
0.36086879105546976,10868.791055469728,-13.749061978821246,-0.18126466452217954,0.11023028060909154,0.028930273245616814,7.126936261540702
0.36086994600596073,10869.946005960695,-13.749271409785829,-0.18137226838713408,0.11060193585461607,0.029125686225687158,7.127038367019057
0.36087083333333336,10870.83333333333,-13.749432337220203,-0.1813341710995309,0.11081310512805406,0.029237010162193242,7.1271168387223955
0.36087225590694266,10872.25590694263,-13.74969013127295,-0.18105427880932903,0.11101699142148097,0.0293446961530409,7.127242569388093
0.36087341085743363,10873.410857433597,-13.749899011550815,-0.18062916239450286,0.11106081654202615,0.0293678689785276,7.127344466893773
0.3608745658079246,10874.565807924564,-13.750107298683686,-0.1800272420865327,0.11099596510155937,0.02933358159244425,7.127446096528209
0.3609155927854479,10915.592785447847,-13.755618876327787,-0.06083685168800586,0.048174858295156796,0.005525754694662946,7.130171637938965
0.3609166666666667,10916.666666666686,-13.755681558425113,-0.05589487141033717,0.04535840515530142,0.00489853551960113,7.1302048055211005
0.3609168286733277,10916.828673327662,-13.755690553072524,-0.05514542846316967,0.044930579903488005,0.0048065643106279055,7.1302095933041505
0.36092680897898666,10926.808978986624,-13.75600566180341,-0.007675052618918005,0.017446737952651403,0.0007247349171154449,7.130392565520282
0.36092815883926016,10928.158839260126,-13.756011626358495,-0.0011624577676250336,0.013614869385473757,0.000441344448532168,7.130400097728911
0.3609291666666667,10929.166666666657,-13.756010348896595,0.0036966985760957705,0.010745546264186695,0.00027492086789470625,7.130403020826741
0.3609296201258993,10929.620125899264,-13.756008177291815,0.005880990705752994,0.009452793989470775,0.00021275074811279713,7.130403582813951
0.3609317510717178,10931.751071717788,-13.755984729173367,0.016116999788757257,0.003369725694620968,2.7035836326163722e-5,7.130399968696135
0.3609331406396164,10933.140639616367,-13.755957717568187,0.022754749601544052,-0.0005978112699903621,8.509007488749752e-7,7.130392066868729
0.3609333333333334,10933.33333333335,-13.755953244461246,0.0236722362513627,-0.0011476814634504475,3.1361255751137163e-6,7.1303906264674515
0.3609839677604977,10983.967760497648,-13.749983208050992,0.17202949484844646,-0.10313818991514845,0.025327348140412455,7.1276508094783875
0.36098604247605515,10986.042476055114,-13.749626133344927,0.17209351211102203,-0.10410035915523588,0.025802106610116914,7.127477864801264
0.3609875,10987.499999999984,-13.749375478784703,0.17180661977261388,-0.10457831408547927,0.026039580421336073,7.127356021584917
0.3609898118615187,10989.81186151865,-13.74897932662248,0.17079196874914673,-0.1049981062073228,0.02624905311220057,7.127162700810211
0.36099150653142476,10991.506531424722,-13.748690836483956,0.1696148544010104,-0.10504054514036773,0.0262702764842515,7.127021331226762
0.3609916666666667,10991.666666666677,-13.74866368553934,0.1694847844789624,-0.10503290883743449,0.02626645699726863,7.127008000542206
0.36099995081126734,10999.950811267312,-13.747299676664106,0.15841963044795412,-0.10189291678136135,0.024719444024317687,7.126332296978443
0.36100000000000004,11000.00000000001,-13.747291886427432,0.15832914895388583,-0.10185826222652355,0.024702632342398174,7.126328402341702
0.361001306442589,11001.306442588953,-13.747086654178133,0.1558226212853029,-0.10086945843756256,0.024225351536874194,7.126225643216691
0.3610416666666667,11041.666666666672,-13.743447256073315,0.006385824379975619,-0.01731247043914938,0.0007136229350152884,7.124300255893491
0.3610425672878036,11042.567287803562,-13.743443386563614,0.00220695877766223,-0.014698469134734167,0.000514392845011269,7.124295022605973
0.361043803254231,11043.803254230988,-13.743444202849604,-0.003527285945286443,-0.01109684943136365,0.00029319063643418045,7.124290922774402
0.3610451351025866,11045.13510258659,-13.743453011726674,-0.00969881537351059,-0.00720204144551424,0.00012349857376882107,7.124290499831841
0.36104583333333334,11045.83333333331,-13.74346091156103,-0.012928516439176765,-0.005156299081709413,6.330338147627938e-5,7.124291933695315
0.3610468700344222,11046.870034422174,-13.743476796012478,-0.017713382381172687,-0.0021161853965046204,1.0662477696141468e-5,7.124296161274444
0.36104810827813755,11048.108278137513,-13.743502257431638,-0.023407365194253415,0.0015157980262955873,5.4705801345752335e-6,7.1243044914681
0.36104937138807275,11049.371388072715,-13.743535476402576,-0.029185734908756127,0.0052171844469532025,6.480717512745332e-5,7.124316656722339
0.3610822826537038,11082.282653703756,-13.746674824029547,-0.14849888312165432,0.0855663853348583,0.01743239595065108,7.125789402122787
0.36108333333333337,11083.333333333334,-13.746832045416236,-0.15075630956745492,0.08721998386735304,0.018112679966241246,7.125865378185409
0.36108341651034664,11083.416510346611,-13.746844592095304,-0.1509297744638901,0.08734768274386338,0.01816575638267288,7.125871443597816
0.36110000000000003,11099.999999999998,-13.749544859064157,-0.1691983947509717,0.10278916687980606,0.025156221018677663,7.1271817711319585
0.36110042435998946,11100.424359989425,-13.749616666357484,-0.16922418111268311,0.10291282167481958,0.025216783012079084,7.127216706048266
0.3611015582166323,11101.558216632278,-13.749808534148857,-0.169183096094932,0.10317566090185772,0.025345754767940785,7.127310069161176
0.361103825929918,11103.825929917988,-13.750191676648386,-0.16862133011050653,0.1034068336951205,0.02545946013059597,7.127496584362459
0.36110416666666667,11104.166666666637,-13.750249108765786,-0.168481781783918,0.10340771782937797,0.02545989549209584,7.127524551640841
0.3611049597865609,11104.959786560841,-13.75038258928764,-0.16810133355506982,0.10337563456334914,0.02544409957470263,7.1275895611085724
0.36115833333333336,11158.333333333325,-13.75592736985943,-0.0029968599802717316,0.013843250134734105,0.0004562751768876568,7.1303600017469595
0.3611584976319518,11158.497631951757,-13.755927801434211,-0.0022566888345609544,0.013407223446911434,0.000427984858465266,7.130360742082619
0.36115998908068336,11159.98908068333,-13.755926158571874,0.004458071269435056,0.009441500176981307,0.00021224267998080486,7.130364840545191
0.36116182439302685,11161.82439302682,-13.755910409572289,0.012698484651728443,0.004549107270798129,4.927232609816287e-5,7.1303634027537335
0.36116250000000005,11162.50000000002,-13.755900808709866,0.015721873955749,0.002746778441965994,1.7963790022021744e-5,7.130361075016507
0.36116333649479015,11163.336494790121,-13.75588609508409,0.019455411486659892,0.0005155195820766473,6.327629512011454e-7,7.1303568546412945
0.36116484859655346,11164.848596553422,-13.755851593368556,0.026170835291079143,-0.0035138144587161155,2.939736202448197e-5,7.130345477952626
0.36116636069831676,11166.360698316725,-13.755806975829007,0.03283333486540153,-0.007532593959789525,0.00013509517086442299,7.130329296569883
0.3611666666666667,11166.666666666659,-13.755796724696332,0.03417401676719887,-0.008343934358577113,0.0001657648585243897,7.130325440526651
0.36116787280008006,11167.872800080026,-13.755752331064821,0.0394315900960276,-0.011534536965716782,0.0003167751024130641,7.130308341880857
0.3612138814986756,11213.881498675582,-13.750406568262877,0.16062348871657148,-0.09588498599010825,0.021890310805531558,7.127847875228725
0.3612160209814023,11216.020981402286,-13.75006256566991,0.16086002758434464,-0.09690128576127019,0.022356807576636533,7.127681744035972
0.3612166666666667,11216.666666666653,-13.74995870995757,0.1608230454430355,-0.09714374030012358,0.022468824474994892,7.127631449287146
0.3612206819798209,11220.681979820845,-13.749315026855793,0.15946901152773132,-0.09797496072976827,0.022854983166665798,7.127318276050908
0.3612208333333334,11220.833333333347,-13.74929089734258,0.15938026350938045,-0.0979833545125453,0.022858899432216983,7.127306487041106
0.3612223563135254,11222.35631352536,-13.749048924734183,0.15833591031527916,-0.0979746040861433,0.022854816775801257,7.1271880659975455
0.36124938297263276,11249.382972632726,-13.745416535852646,0.09828139150062591,-0.07052348587969459,0.011841814430055912,7.125357055399895
0.36125,11249.999999999982,-13.745356554335673,0.09613505079852719,-0.06934783314551489,0.011450290385662316,7.125325599802193
0.3612505872127827,11250.587212782659,-13.745300708426537,0.09406769857417506,-0.06820979199860229,0.011077561248791877,7.12529624891105
0.3612722635354815,11272.263535481441,-13.744183364561682,0.0061478846222468835,-0.016210828543799967,0.0006256927668487614,7.124670409633077
0.36127346938461974,11273.469384619706,-13.744179102117133,0.0009215083313678141,-0.012953931928342438,0.00039953417239078486,7.124664187491278
0.36127471968745445,11274.719687454415,-13.744181337150751,-0.0044959113929734975,-0.009562307079668568,0.0002177088492520943,7.124661069695073
0.361275,11274.99999999998,-13.744182767530122,-0.005709620841552119,-0.008800302818855703,0.00018439364215133247,7.124660836792869
0.3612761063188004,11276.106318800383,-13.744191731916008,-0.010494606561047264,-0.005788589336862194,7.97803964543683e-5,7.124661584076939
0.36127760490610916,11277.604906109129,-13.744212304539301,-0.016956994982361244,-0.0017022704589376195,6.899344560408795e-6,7.124666833511935
0.3612791034934179,11279.103493417875,-13.744242539076343,-0.023387526241822543,0.002384975224657694,1.3543111481502422e-5,7.124676946542628
0.36133058408372537,11330.584083725336,-13.749866481548008,-0.15785629284503555,0.09570068475887136,0.021806240626944938,7.127347586353703
0.3613317787122259,11331.778712225849,-13.750055086803226,-0.15787153545246005,0.09600072931881265,0.021943190547009366,7.127439187931058
0.3613329733407264,11332.97334072636,-13.750243611146571,-0.15772085928661997,0.09619907324988827,0.022033956414612782,7.12753078416016
0.36133333333333334,11333.333333333307,-13.750300375918362,-0.15764295356000133,0.0962389202914125,0.022052213759182974,7.127558370512254
0.3613341679692269,11334.167969226872,-13.750431856494595,-0.1574045076532235,0.09629586015811822,0.022078315913313953,7.127622279005294
0.3613353625977274,11335.362597727382,-13.750619625159322,-0.15692289925802336,0.09629133962252301,0.02207624306261921,7.127713576869028
0.3613881753084344,11388.175308434389,-13.755815579636765,-0.005787587626074753,0.014691286049518575,0.0005138902042589979,7.13030607892656
0.36138960401382336,11389.60401382333,-13.75581955458256,0.00022276661456647142,0.011150393503079191,0.0002960268458893111,7.130312315251259
0.3613911798456301,11391.17984563004,-13.755813985039698,0.006843475717768604,0.007231611629608071,0.00012451477800353027,7.130314497151967
0.3613916666666667,11391.66666666669,-13.755810156437011,0.008885156421092867,0.006019175675367297,8.62630376450794e-5,7.130314175313784
0.3613931211822282,11393.121182228184,-13.755792804597364,0.01496981136209005,0.002394437059311553,1.3650782930963235e-5,7.130310416560386
0.36139458145518777,11394.581455187736,-13.755766502513971,0.021047759251356036,-0.0012438901461282942,3.6839587991311173e-6,7.130302435476681
0.36139583333333336,11395.833333333327,-13.75573690831378,0.026226459175812636,-0.004358344602536987,4.522658970110308e-5,7.130292249585794
0.3614155812891575,11415.581289157484,-13.75446306956902,0.09944125710027828,-0.05031427405716675,0.006027443271189721,7.129743686744831
0.3614166666666667,11416.666666666686,-13.75435332110765,0.10277436386319622,-0.052532565183001256,0.006570643820729228,7.129694115799992
0.3614170812772982,11417.08127729818,-13.75431045041965,0.10402310438867936,-0.05336811566024036,0.006781323259820936,7.129674706593411
0.36144542244967237,11445.422449672338,-13.750511797948912,0.15030306128496987,-0.08999461890652698,0.019283408171740526,7.127891729421951
0.36144583333333336,11445.833333333321,-13.750450032380751,0.15034124806007293,-0.09017220025433363,0.019359584996922967,7.127861932052727
0.3614472356164225,11447.23561642247,-13.75023919449607,0.15032845824626562,-0.09069333946960757,0.019584004343213043,7.127760040002895
0.36145086194992276,11450.86194992273,-13.749695524472392,0.1492715710925726,-0.09142646693511598,0.01990190203866156,7.127496018378945
0.3614526751166729,11452.67511667286,-13.749425793049525,0.1481928734291393,-0.0914578917585945,0.019915585630778065,7.127364333598539
0.3614541666666667,11454.166666666653,-13.749205590382699,0.14703325243373397,-0.09131542779012601,0.01985358893450885,7.127256479573722
0.36149879520121586,11498.795201215828,-13.744893335371405,0.022189458125834487,-0.025188985285838034,0.0015106785231670597,7.125038416312821
0.36150000000000004,11500.000000000011,-13.744869517741309,0.017345351679388527,-0.02222970370301297,0.0011765707779136873,7.125022772030345
0.361500077705159,11500.077705158985,-13.744868182079905,0.017032313607086114,-0.02203795669944523,0.0011563607987776735,7.125021862426948
0.3615039252169885,11503.925216988453,-13.74483254737058,0.001478471698885573,-0.012435611186157918,0.00036820101326975223,7.124991985384043
0.3615041666666667,11504.166666666648,-13.744832308410691,0.0005009139324170586,-0.011827331200165563,0.00033306134123430904,7.124991105328477
0.36150524238998705,11505.242389987014,-13.744834111590047,-0.003852846173550714,-0.009111596067397542,0.0001976694830843199,7.124988616291387
0.3615066888976108,11506.688897610751,-13.744843914222095,-0.009698336899544522,-0.005448591179819188,7.068368058286537e-5,7.124988957223244
0.3615082914885035,11508.291488503464,-13.744864632306014,-0.016152594976922376,-0.0013822224382833935,4.548902068795451e-6,7.124994270299051
0.3615083333333334,11508.333333333343,-13.744865311725963,-0.016320705549524542,-0.0012760051231946628,3.876640653378635e-6,7.124994478424789
0.36150961277363985,11509.612773639821,-13.744889475977953,-0.0214481951248387,0.0019710035630694346,9.249654870553348e-6,7.125002543105512
0.36156097488403927,11560.974884039233,-13.750109116224158,-0.14724427887899438,0.08907520515785947,0.01889140993789227,7.1274740762770055
0.3615621628831973,11562.16288319728,-13.750284078828548,-0.14728021149890294,0.08937333358211454,0.019018077989476006,7.127558920156577
0.3615625,11562.499999999976,-13.75033372682056,-0.1472624801985676,0.08944084571932528,0.019046821149971783,7.127583002578472
0.3615645388815134,11564.538881513376,-13.750633676884958,-0.1468923954841936,0.08968828948604901,0.019152355406984116,7.127728561827997
0.36156572688067146,11565.726880671424,-13.750807948653096,-0.14646921110929018,0.08970539664124653,0.019159662348960396,7.127813183590762
0.3615666666666667,11566.66666666667,-13.750945397827246,-0.14602658493414095,0.08965286386973945,0.01913722857153817,7.127879952639199
0.3615831204965202,11583.120496520161,-13.753199812063086,-0.12345673400357998,0.07962552094828386,0.015095770443537122,7.128979707457003
0.36158333333333337,11583.333333333334,-13.753226038823769,-0.12299206549306349,0.07938910997496094,0.01500626376813439,7.128992576268618
0.3615842358302764,11584.235830276346,-13.75333613485152,-0.12097681715967631,0.07835867021287435,0.014619240946500005,7.12904662650504
0.3616191377180572,11619.13771805717,-13.75568141828151,-0.0036370977880127832,0.012686341463284897,0.0003831982374358609,7.130245025234236
0.36162065921883024,11620.65921883021,-13.75568240501701,0.0023390831861508535,0.009158653588449642,0.00019971651322195596,7.13024983152291
0.3616208333333334,11620.833333333358,-13.75568193825258,0.0030224718817065347,0.008754181148289034,0.00018246592280252163,7.130250107847923
0.36162240994467226,11622.40994467223,-13.755672299584857,0.009201478009118184,0.005086826510869829,6.160905702782886e-5,7.130250051718761
0.3616241606705143,11624.16067051425,-13.755650204065953,0.01603375167028085,0.0010097172799358439,2.4274499652405698e-6,7.130244597025165
0.36162500000000003,11624.999999999996,-13.755635377454627,0.019294011097696535,-0.0009442601969499013,2.1229221893901586e-6,7.130239974646095
0.3616259113963563,11625.91139635627,-13.755616184856729,0.022820313471737342,-0.003064024733634959,2.2352970400778056e-5,7.130233486693175
0.3616656093653168,11665.609365316743,-13.752148771603244,0.1337917993881053,-0.07655750310648943,0.013954884004524139,7.128667207319966
0.3616666666666667,11666.666666666659,-13.752006671517991,0.13498701512275757,-0.07761290515344911,0.014342292967519734,7.128600012421278
0.36166717546022714,11667.175460227108,-13.75193785385566,0.1355216891954948,-0.07809820406555898,0.014522213043489744,7.128567421189459
0.361675,11674.99999999999,-13.750854326574414,0.1403722064049372,-0.08364417894625005,0.01665797302760071,7.128050158875087
0.361676393344114,11676.393344113967,-13.750658582406054,0.14056408164977074,-0.08424213918917134,0.016896995274208848,7.127955902906155
0.3616782976065005,11678.297606500466,-13.750390915681873,0.14049618442390593,-0.08486356927069522,0.017147203308004965,7.127826615084854
0.361680201868887,11680.201868886963,-13.750123740791619,0.14004772614048747,-0.08525687889981999,0.017306512856520406,7.127697102272679
0.3616821061312735,11682.106131273462,-13.749857780924106,0.13922045185144716,-0.08542042726412305,0.017372974747584136,7.127567714406178
0.36168333333333336,11683.333333333323,-13.749687362904824,0.1384878354326631,-0.08540356868870713,0.01736611796373028,7.127484560325093
0.36173379867259564,11733.798672595607,-13.745406774331334,0.004073740956933001,-0.013243602208913966,0.00041760237968559735,7.125280571190509
0.36173504080640384,11735.040806403807,-13.745404631770004,-0.0006238245091372309,-0.01033194856032822,0.0002541646691744486,7.125275864950353
0.36173635502814705,11736.355028147016,-13.745408715879334,-0.005590277420424754,-0.0072391060551182515,0.00012477299161249935,7.1252740462325885
0.36173750000000005,11737.500000000011,-13.74541759001365,-0.009909153538994223,-0.004537625490570112,4.902391688731345e-5,7.12527511131874
0.36173792451701237,11737.924517012332,-13.74542213597727,-0.011507667264457162,-0.003534971914357655,2.9752443893565296e-5,7.125276132797648
0.3617394940058777,11739.494005877648,-13.745444825057161,-0.017399955040050666,0.00017370860902135913,7.18444782098462e-8,7.125282847726483
0.361741063494743,11741.063494742964,-13.745476735318519,-0.023256443605256968,0.003879588949202316,3.583621527326841e-5,7.125294174674727
0.36174979329980206,11749.793299802024,-13.745818680773864,-0.05469499170857916,0.02410616168319523,0.0013835881692770237,7.125439704975214
0.36175,11749.999999999982,-13.745830059902923,-0.055407447697869344,0.024571142132650617,0.001437478632625996,7.125444802127436
0.36175119100663417,11751.191006634132,-13.745898479919504,-0.05947659569050772,0.027232714490943142,0.0017657636632029158,7.125475610083801
0.3617916666666667,11791.666666666644,-13.75034434574414,-0.1373517098350271,0.08301012244772188,0.016406381973299477,7.12759611280961
0.36179257633021994,11792.576330219907,-13.750469306627407,-0.13737517405754485,0.08322598133754444,0.016491818975231658,7.127656637936912
0.36179383043093466,11793.830430934626,-13.75064153956447,-0.1372698598422667,0.0834394633520923,0.016576533439250366,7.1277400981137315
0.3617950845316494,11795.084531649347,-13.750813540460362,-0.13700517299884904,0.08355551423602348,0.01662267609344362,7.12782349079472
0.36179583333333337,11795.83333333334,-13.750916046136371,-0.13677130152018438,0.08357842134202773,0.01663179170006075,7.127873211088275
0.3617963386323641,11796.338632364068,-13.750985109675854,-0.13658151143460417,0.08357431361527827,0.016630156895868782,7.127906719500938
0.3618325062414717,11832.506241471641,-13.754929750983754,-0.06393096039297122,0.04663506141770121,0.005178164174839915,7.129846480406111
0.36183333333333334,11833.333333333307,-13.754981502855776,-0.06120577089905203,0.045108689577984126,0.0048447473224831755,7.129872965671489
0.36183391275537236,11833.912755372323,-13.75501640929235,-0.05927893773323235,0.044027016074165023,0.004615186058082823,7.129890890504365
0.36185,11849.99999999997,-13.755516400152947,-0.0019894458694824793,0.011025659178428808,0.0002894408579020748,7.130168865936842
0.3618510478173881,11851.04781738805,-13.75551647083815,0.001854052598416234,0.008754582182603233,0.00018248264093322384,7.130171693261675
0.3618528245908695,11852.824590869448,-13.755507394087472,0.008359669089881953,0.004893188221255458,5.7007835639602746e-5,7.130172139580803
0.3618541666666667,11854.166666666666,-13.755492887061928,0.013255906366712656,0.0019722730452187477,9.261573725943886e-6,7.130168853832093
0.3618546098893425,11854.60988934245,-13.755486654331534,0.014868264733918841,0.0010075470565400271,2.4170263598630308e-6,7.130167085038686
0.3618563951878155,11856.39518781545,-13.755454331527204,0.021333139964789784,-0.0028752281586661666,1.9683183248540085e-5,7.130156532761598
0.3619061641490773,11906.164149077247,-13.750913843943618,0.13138125979987328,-0.07845321325320986,0.014654539689889582,7.1280725933322495
0.36190802714192344,11908.027141923405,-13.75066895400532,0.1314614188989576,-0.0790984744334305,0.01489659204213347,7.127954563096383
0.3619083333333334,11908.333333333354,-13.750628704388792,0.1314419838512665,-0.07918512587894622,0.014929248001106092,7.1279351254415735
0.36191175312761575,11911.75312761572,-13.750180311873171,0.13060106583661216,-0.07977765077515483,0.015153508483815628,7.127717844971947
0.3619125,11912.499999999993,-13.750082891425391,0.13026565929852701,-0.07981494947025802,0.015167681330809146,7.127670456254589
0.3619136161204619,11913.616120461878,-13.749937823984277,0.12966369928087484,-0.07980889575692368,0.015165380576046451,7.1275997688566015
0.36191527739821394,11915.277398213908,-13.749723308703865,0.12854551854849738,-0.07966260250064458,0.015109833898037389,7.127494971617218
0.3619166666666667,11916.666666666686,-13.749545493381625,0.12740802452915537,-0.07941414643133993,0.015015730127186426,7.12740785512759
0.36191693867596597,11916.938675965937,-13.749510870258682,0.1271638936492692,-0.07935206146300608,0.014992261091496891,7.127390865743489
0.36196436516653596,11964.365166535928,-13.74589973951462,0.0038180190909446426,-0.012343628195400788,0.0003627741833959365,7.1255255555066395
0.3619657177155659,11965.717715565872,-13.74589780678768,-0.000959913841654914,-0.00938924238672026,0.00020989969665853424,7.125520906856529
0.3619666666666667,11966.66666666668,-13.745900307423865,-0.004309851900683853,-0.007309092800355136,0.00012719723229572208,7.125519559199387
0.361967149072899,11967.149072898976,-13.745902796960955,-0.006011264019102109,-0.00624987231988638,9.30021524163856e-5,7.125519479392065
0.36196896526703276,11968.965267032727,-13.74591952186147,-0.012401575758861121,-0.0022553734285503035,1.2111212624311314e-5,7.125522836239477
0.36197040670401565,11970.406704015613,-13.745941038558845,-0.01744852208578056,0.0009172519885155019,2.0032171677039105e-6,7.12552960647175
0.36197083333333335,11970.83333333332,-13.74594880018411,-0.018936821890105204,0.001855808834463508,8.200062928744771e-6,7.125532305194318
0.3619987433334365,11998.74333343648,-13.747715992974907,-0.10137360036434483,0.056216440400120346,0.007524495645857817,7.126341204944309
0.36200000000000004,12000.000000000011,-13.747845049478554,-0.10400113284573471,0.058063711697259046,0.00802713003824385,7.126402589065149
0.3620000360360179,12000.036036017847,-13.747848798590708,-0.10407467990786812,0.058115625785264496,0.008041490381935476,7.126404373785413
0.36202201197990114,12022.011979901104,-13.750478894068442,-0.1280757722993704,0.07728611874730006,0.014221771788147061,7.127668631879544
0.3620233046824825,12023.304682482472,-13.750644492814764,-0.12810330894790734,0.07757533944347154,0.014328412594690075,7.127748769770603
0.3620245973850639,12024.59738506384,-13.750810024784027,-0.12797248459640015,0.07776791031349076,0.014399637796493194,7.127828925190721
0.36202500000000004,12025.000000000007,-13.750861534226205,-0.12789943228524903,0.07780815521525865,0.014414545280956623,7.127853877757499
0.36202589008764524,12025.890087645208,-13.750975285406387,-0.12768355449238938,0.07786389710213355,0.014435205885551531,7.1279089991509474
0.3620271827902266,12027.182790226576,-13.751140070568752,-0.12723696995144007,0.07786348482938452,0.014435053023275697,7.127988893074486
0.36207989668165225,12079.896681652213,-13.755317142772263,-0.0037576647026613752,0.011425493100850406,0.0003108140299942386,7.130073849557272
0.36208149476445967,12081.494764459632,-13.75531877225833,0.0017176975612645986,0.00819080130254423,0.00015973625232800062,7.1300786030441365
0.36208331617223344,12083.316172233404,-13.75530996814266,0.00794639888526222,0.004490961720819226,4.8020802804437115e-5,7.13007897700622
0.36208333333333337,12083.333333333334,-13.755309831271063,0.008004979047619923,0.0044560614843369645,4.727734274331273e-5,7.130078954987923
0.3620851498932597,12085.14989325965,-13.75528966714085,0.01418953997214509,0.0007603366709647428,1.3764567933660656e-6,7.130073931824902
0.36208698361428593,12086.983614285895,-13.7552579553269,0.02038933104619056,-0.002967338302946433,2.0964515724126227e-5,7.130063465451425
0.3621361592493174,12136.15924931738,-13.751072389348844,0.12282184403448115,-0.07317181899483371,0.012747893083363588,7.128142897438924
0.36213750000000006,12137.500000000024,-13.75090759741403,0.1229710684339062,-0.07365779949509342,0.012917789110617582,7.128063616220812
0.36213885213342145,12138.852133421418,-13.750741316399006,0.1229545485678927,-0.07404877189942964,0.013055287190032763,7.127983426738505
0.3621416666666667,12141.666666666662,-13.750395890772866,0.12238334016061425,-0.07454059062388449,0.013229284882279847,7.127816224822215
0.3621436292478322,12143.629247832188,-13.750156456261386,0.12155804425657485,-0.07462434100872423,0.013259029216634188,7.127699831047245
0.36214545434848816,12145.454348488127,-13.749935540235755,0.12047847520646132,-0.07451031291938873,0.013218539836536255,7.127592072079581
0.3621655541846079,12165.554184607852,-13.747765324244748,0.09008733215521152,-0.061320891090390406,0.008952980200284575,7.126511646099206
0.3621666666666667,12166.666666666659,-13.747666523851786,0.08752087301187592,-0.059991043031413595,0.008568869628564088,7.126461247450806
0.36216685875967647,12166.858759676436,-13.747649755002765,0.08706967046277393,-0.059755648687646434,0.008501756071622431,7.126452678799093
0.3621955683603754,12195.568360375386,-13.74631352891943,0.0014515188485235242,-0.010200136422807888,0.0002477209120092669,7.125728918643047
0.3621958333333334,12195.83333333335,-13.746313260145913,0.0005771793003106922,-0.009660431536948118,0.00022219985114300424,7.12572811226847
0.36219693417545096,12196.934175450924,-13.746314623624375,-0.0030537954708367973,-0.007413549424265715,0.00013085884539531075,7.125725990022885
0.3621984464708743,12198.446470874258,-13.746323008797928,-0.008033306481591987,-0.004317717108683575,4.438733578718774e-5,7.125726302409405
0.3622,12199.999999999989,-13.746339450848332,-0.013130196471733871,-0.001131836715695377,3.050129407133566e-6,7.125730509826736
0.3622001478678139,12200.14786781387,-13.746341428156613,-0.01361402989671054,-0.0008285208525086603,1.6343971500992314e-6,7.125731115246362
0.362201555014474,12201.555014473952,-13.746363817807207,-0.018204281103644904,0.0020567372819288825,1.0071829159229063e-5,7.125738654551037
0.36224939800091677,12249.398000916734,-13.750209543137423,-0.11874412385267079,0.07097330188449309,0.011993356143779504,7.127545345377252
0.36225,12249.999999999984,-13.750281087544593,-0.1189399677839943,0.07121295945592963,0.012074489510647327,7.127579883026595
0.36225080514757685,12250.805147576815,-13.750376940920887,-0.11915186768902167,0.07150308815051597,0.012173075273953466,7.127626173496502
0.36225221229423693,12252.212294236897,-13.750544789313018,-0.11938452171989529,0.07192640309597846,0.012317636815059952,7.1277072809227455
0.362253619440897,12253.619440896979,-13.750712841746324,-0.1194418581691867,0.07224296675100375,0.012426300583301506,7.127788547902707
0.3622541666666667,12254.166666666677,-13.750778197763559,-0.11941680691873191,0.07233721460582455,0.012458744326021705,7.127820169208398
0.3622550265875571,12255.02658755706,-13.750880851514076,-0.11932390695448829,0.07245265923546385,0.01249854245307201,7.127869854840261
0.3622564337342172,12256.433734217142,-13.75104857213294,-0.11903095560582262,0.0725555191760964,0.012534055625983078,7.127951082470602
0.36225784088087726,12257.840880877224,-13.751215757705163,-0.11856354880508581,0.07255174199232355,0.012532750633620676,7.128032112032319
0.3623093134527434,12309.313452743387,-13.755081072591159,-0.006748404929683915,0.012587410791995024,0.000377245024872459,7.129960303441364
0.3623110353766473,12311.03537664724,-13.75508794921795,-0.0012382633115918871,0.009339260521372413,0.00020767092163348881,7.129967568487732
0.36231250000000004,12312.500000000004,-13.75508633139657,0.003446445598892064,0.006563755447487254,0.00010257829898671095,7.129970215807713
0.3623128663192007,12312.866319200644,-13.755084854496832,0.004616900010315798,0.005868271401963861,8.199192677882593e-5,7.129970370069994
0.36231539225481735,12315.392254817314,-13.755063021044101,0.012661524323315134,0.0010655327423268978,2.7032381546920928e-6,7.129965907032591
0.3623166666666667,12316.666666666642,-13.755044312687529,0.01669495585775115,-0.0013577913550407755,4.389517532913013e-6,7.129959999646785
0.36233306856260256,12333.068562602522,-13.754363449562781,0.0648504970202897,-0.03127198337905388,0.00232842129633291,7.129672767150197
0.36233333333333334,12333.333333333307,-13.754346187440053,0.06554189871829574,-0.031718536135828715,0.002395394129999696,7.129665087672417
0.36233483766418734,12334.837664187304,-13.754244672641434,0.06940189513131619,-0.034223803708264514,0.0027887350958614755,7.129619764077493
0.36236666666666667,12366.666666666637,-13.751108877977838,0.1149236912135729,-0.06847186641758639,0.011162848787399511,7.128154741667985
0.36236764921344417,12367.649213444132,-13.750995896133501,0.11504005968434584,-0.06881034996704746,0.011273486339494163,7.128100409211602
0.3623700163976543,12370.016397654283,-13.75072355064026,0.11498076661607338,-0.06942395021538768,0.011475440151211014,7.12796905786741
0.36237238358186447,12372.383581864433,-13.750451912805572,0.11444251215662728,-0.06974977599421742,0.011583407741055974,7.127837507450694
0.36237446727550016,12374.467275500123,-13.750214289975956,0.11357473982708664,-0.06979679878961921,0.0115990312411395,7.127721981567136
0.36237500000000006,12375.000000000025,-13.750153859631075,0.11329406643290406,-0.06977268234380224,0.011591017146307458,7.127692534237639
0.3624153593391546,12415.359339154553,-13.7468452994796,0.03412607044329167,-0.02927656739819788,0.0020407557110029115,7.126016750812455
0.3624166666666667,12416.666666666686,-13.746803222581747,0.03023849367633515,-0.026978668461112968,0.0017329727427015512,7.1259930220545895
0.3624166775334541,12416.677533454045,-13.746802894162881,0.030206024529370015,-0.02695941847499715,0.001730500582166709,7.125992835188613
0.36242500000000005,12425.00000000002,-13.74665651922987,0.0048399339223220515,-0.011651773674909962,0.00032324721374124956,7.12590113576863
0.36242591451368317,12425.914513683134,-13.746653381838447,0.002021295609072979,-0.009919855064768543,0.00023429410596670028,7.125897420837378
0.36242729175592,12427.291755919945,-13.746653520796428,-0.0022224954482247617,-0.007301281466477303,0.00012692550250648795,7.125894227971975
0.3624287972449759,12428.797244975864,-13.746660354382323,-0.0068537847727006915,-0.004428800797300261,4.670065833849387e-5,7.125894042422565
0.3624291666666667,12429.166666666657,-13.746663095878475,-0.007988145838065565,-0.0037229026231869753,3.300000938507729e-5,7.125894524126956
0.36243071522914444,12430.715229144407,-13.74667914083479,-0.012730463051741242,-0.0007619851927549093,1.382431985661277e-6,7.125898801012913
0.3624321541834225,12432.154183422472,-13.746700615861796,-0.01711321363957333,0.0019884558383640233,9.414182431247548e-6,7.125906034778619
0.3624833333333334,12483.333333333347,-13.750662838619684,-0.1113226272220911,0.0671573163132981,0.010738345558105655,7.127770523961983
0.362484214428955,12484.214428954976,-13.750760932014815,-0.11132898571687476,0.06732842608396432,0.01079313561653297,7.127817955595443
0.36248566054688647,12485.660546886435,-13.750921854642936,-0.11120031377980705,0.06752447394414275,0.010856082336745744,7.127895819414263
0.3624871066648179,12487.106664817893,-13.751082466354216,-0.11089905892020989,0.06761518516505491,0.010885269678344429,7.1279735975103184
0.3624875,12487.499999999985,-13.7511260653002,-0.11078733510564119,0.06762165715070052,0.010887353609064017,7.127994722061309
0.3624885527827494,12488.552782749352,-13.751242517964386,-0.11042580644681649,0.0676007519433555,0.01088062300787401,7.128051169527907
0.3624992876345754,12499.287634575363,-13.75238902694402,-0.10166065773810082,0.06426581474219378,0.009833559391614219,7.128608978035185
0.36250000000000004,12500.000000000011,-13.752461128850742,-0.10076258539991469,0.06384891573486881,0.009706390572662805,7.128644205330632
0.3625012141592431,12501.214159243045,-13.752582499825332,-0.09914528372404115,0.0630844325457365,0.009475346737184706,7.128703553089119
0.36254099061753653,12540.990617536496,-13.754821283665573,-0.002523847863529861,0.009539762477633919,0.00021668349554683822,7.12984051775589
0.3625416666666667,12541.666666666673,-13.754822306892255,-0.000503274861646896,0.008344752017390324,0.00016579734817080924,7.129842475731492
0.362542709437008,12542.70943700797,-13.754821207246533,0.0026119063112295467,0.006497312660546474,0.00010051207573547025,7.129844227011698
0.3625447466485819,12544.74664858185,-13.7548096969086,0.008684084518259135,0.002878272681304172,1.9724889590337873e-5,7.12984320659538
0.36254583333333334,12545.833333333312,-13.754798506053596,0.011910390829553974,0.0009454703910781768,2.1283672866798112e-6,7.1298402619843175
0.36254678386015576,12546.78386015573,-13.754785847677757,0.014722299642993035,-0.0007448479311343902,1.3209486678932887e-6,7.129836320370686
0.36254882107172964,12548.82107172961,-13.754749747751791,0.020707917211362323,-0.00436146941793319,4.529146543706306e-5,7.12982359546021
0.36258170510288507,12581.705102885033,-13.75268874326101,0.09586587987640231,-0.05342236856912733,0.006795117770323056,7.128898445995547
0.36258333333333337,12583.333333333336,-13.75253092299641,0.09795686490311072,-0.055028305679960324,0.0072097962523979845,7.1288245473582155
0.36258350570338554,12583.505703385512,-13.75251402003592,0.09816686786088683,-0.055192131524730854,0.007252789005340926,7.128816619027527
0.3625969071743497,12596.907174349692,-13.751120130969436,0.10752099000180748,-0.06401692051592739,0.009757538362720393,7.128154654886565
0.36259929121006085,12599.291210060814,-13.75086349452043,0.10769901712233527,-0.06472796351968205,0.009975498241441165,7.128031126949805
0.36260000000000003,12600.0,-13.750787168487662,0.10766425429099181,-0.06488714661253132,0.010024623322657465,7.127994292095608
0.3626040592814831,12604.05928148306,-13.75035165559191,0.10669364655940607,-0.06533333412973835,0.010162963210733417,7.127783260646062
0.36260416666666667,12604.166666666639,-13.750340200598863,0.10665021624562353,-0.06533432936116647,0.010163272840650902,7.127777690235604
0.36260591253378155,12605.912533781517,-13.750154696180552,0.10581677544020213,-0.06527214348890369,0.010143935037228647,7.127687338154208
0.362655665641692,12655.66564169196,-13.746920777782805,0.004243446163514572,-0.010698949384783985,0.00027254170937659436,7.126031006701467
0.36265715159816514,12657.151598165106,-13.746917650460833,-3.416809300728088e-5,-0.008069866202476954,0.00015505414410923763,7.126026183007495
0.36265833333333336,12658.333333333327,-13.746919699769139,-0.003433406333564163,-0.005970541096463147,8.487466901084607e-5,7.126024584999255
0.362658711836273,12658.711836272985,-13.746921205180394,-0.004521034361863459,-0.005296967569543613,6.6804441506659e-5,7.126024492579588
0.36266059592636785,12660.595926367812,-13.746934814824519,-0.009921624560183036,-0.0019390697117857528,8.952360350392576e-6,7.1260270579054845
0.3626624800164627,12662.480016462641,-13.746958571174245,-0.015289615782291661,0.0014202953194926786,4.8029495108876435e-6,7.126034650090139
0.36266250000000005,12662.500000000022,-13.746958877281491,-0.015346325865837649,0.0014559003815288298,5.046776002228075e-6,7.126034757472676
0.36266605852964307,12666.05852964303,-13.74703134178766,-0.025345242864985636,0.007771290140346604,0.00014379273915582935,7.126062802789648
0.3626666666666667,12666.666666666659,-13.747047268008785,-0.027030532847040607,0.008843137669281588,0.00018619305675682612,7.126069358403775
0.36266775295272863,12667.752952728595,-13.747078257340558,-0.03002052699989731,0.010750100496002675,0.00027515395398608803,7.1260823348917794
0.36271277525476764,12712.775254767605,-13.750541205409956,-0.10364735629409695,0.06232930787204774,0.00924986338049646,7.127717356637689
0.36271413355494364,12714.133554943608,-13.750682069226396,-0.10374079867951877,0.06263038047631883,0.009339439425258235,7.12778543544009
0.36271549185511964,12715.49185511961,-13.750822963174409,-0.10369173324921015,0.06284469412565595,0.009403465666064896,7.127853585929746
0.36271685015529564,12716.850155295611,-13.750963693772011,-0.1035003197503275,0.0629721997306359,0.009441661759321667,7.127921714417363
0.36271820845547165,12718.208455471613,-13.75110406788663,-0.10316691283783738,0.06301296765603938,0.009453890697193011,7.127989727509062
0.36271956675564765,12719.566755647615,-13.751243892999499,-0.10269206154385357,0.06296718658884505,0.009440158540272447,7.128057532231814
0.36274910970398955,12749.109703989514,-13.753795580643837,-0.06069493351704328,0.0422544313738633,0.004251040406496484,7.129310994560953
0.36275,12749.999999999984,-13.753848707814274,-0.05864654961889922,0.041129046945044226,0.00402761548239917,7.129337780605698
0.3627507552500011,12750.755250001077,-13.75389233593556,-0.05688239533003261,0.04015648397067715,0.0038393885830648837,7.129359831932787
0.3627708333333334,12770.833333333343,-13.754517532408022,-0.00391767871995644,0.009842017760802044,0.00023063169905700686,7.129695501191357
0.36277226792042466,12772.267920424629,-13.754520280596294,8.634946492785382e-5,0.007472702026768827,0.00013295541804970223,7.129699728328946
0.36277417276756097,12774.17276756093,-13.754515056002967,0.005397129816881425,0.004313262170004826,4.4295787017130335e-5,7.129701130132257
0.362775,12774.99999999998,-13.754509639276865,0.007698170837204885,0.0029382483442242104,2.0555484124610276e-5,7.129700242812498
0.362776507940835,12776.507940834957,-13.754494875989725,0.01187925076930865,0.0004301136515071548,4.404708409829004e-7,7.129696297727548
0.362778279903003,12778.279903002953,-13.754469494757993,0.016762024512960213,-0.002515226234600163,1.5062769074335507e-5,7.129687831184688
0.3628274756106806,12827.475610680594,-13.751041412343685,0.10067325279206493,-0.05999222582859674,0.008569207523498452,7.12811149863028
0.3628291666666667,12829.16666666667,-13.750871009383042,0.10082551108141712,-0.06048068359802286,0.008709316877343219,7.1280294816871885
0.362829927068988,12829.927068987945,-13.750794339143088,0.10082432693944403,-0.06065888057264823,0.008760713791254288,7.127992504244972
0.36283237852729533,12832.378527295295,-13.750547445760777,0.10052673332172504,-0.06105705307805673,0.008876104120420563,7.127873111492246
0.36283333333333334,12833.333333333308,-13.750451569953812,0.10028980669307255,-0.061138956101327746,0.008899933221809715,7.127826616242559
0.3628348299856027,12834.829985602648,-13.75030182991868,0.09978257413237883,-0.06118445490219643,0.008913184575425972,7.12775385054158
0.3628367240302531,12836.724030253044,-13.750113627470176,0.09890434174177115,-0.06109672634298301,0.008887642785307983,7.127662133350709
0.36288750000000003,12887.499999999996,-13.747109434414716,0.0006021535724278149,-0.007920636784284672,0.00014937258825848434,7.126120981936044
0.36288751675745695,12887.516757456919,-13.747109424701595,0.0005571059409422777,-0.007892917168929994,0.00014832890817997592,7.126120942623867
0.3628890978159657,12889.097815965644,-13.747111902289037,-0.0036899129237517726,-0.005272073016505044,6.617798545562047e-5,7.126118907292764
0.36289093377754783,12890.933777547798,-13.747123193548212,-0.008606560810069686,-0.002219681034661376,1.1730914037227137e-5,7.126120698966868
0.3628916666666667,12891.66666666669,-13.747130218097851,-0.010562108017210258,-0.0010002077270790796,2.381941660258806e-6,7.1261226592308615
0.36289276973913,12892.76973912995,-13.747143487847293,-0.013495315859159482,0.0008346830917163784,1.6587996752314578e-6,7.126126945427116
0.36289460570071214,12894.605700712103,-13.747172722794037,-0.018344013243129363,0.0038829399290498793,3.589814879192829e-5,7.126137624481018
0.3629164803258848,12916.480325884771,-13.748157980788081,-0.06892499872770673,0.03695384283380496,0.0032513964290132344,7.126582904205073
0.3629166666666667,12916.666666666688,-13.748170856577657,-0.0692708494227834,0.03719060506716999,0.0032931931077671674,7.12658894932105
0.3629179413502251,12917.941350225059,-13.748260640484043,-0.07158709610576941,0.03878218885291156,0.0035810908862449952,7.126631163953457
0.36294277876401,12942.778764009954,-13.750432518872087,-0.09648190523686478,0.05794256932764682,0.007993669857831329,7.1276698995505985
0.3629442397883503,12944.239788350242,-13.750573602017317,-0.0966215154200832,0.0582760488883931,0.00808594731914853,7.127738082479166
0.36294570081269056,12945.700812690531,-13.750714776648827,-0.09660714268232551,0.058515839440288916,0.00815262729857541,7.127806375209625
0.36294716183703085,12947.161837030819,-13.750855817860437,-0.09643891887575527,0.05866183081267066,0.008193358081653326,7.127874668756867
0.36294862286137114,12948.622861371106,-13.750996501116706,-0.09611721956570704,0.058714062561543816,0.008207955101144955,7.127942854450699
0.36295000000000005,12950.000000000016,-13.751128578236479,-0.09567403261186776,0.0586776231784286,0.008197770147308717,7.128006929315288
0.3629996025564286,12999.602556428568,-13.754168751068377,-0.007895215664094792,0.011701281918631068,0.00032599999652210083,7.129526856433923
0.36300000000000004,13000.000000000011,-13.754171683516502,-0.0068612203548759805,0.01109282899741471,0.00029297822658543965,7.129529005467988
0.36300144076079277,13001.440760792737,-13.75417886618328,-0.0031085472562745937,0.00887814048415659,0.00018766994870576237,7.129535161533752
0.36300335544388784,13003.355443887809,-13.754180040663924,0.0018813140046830923,0.005917515418175317,8.33737826770062e-5,7.129539369358486
0.3630041666666667,13004.16666666665,-13.754177657656241,0.003993421218807659,0.004658827012951102,5.167778365857831e-5,7.129539782847902
0.3630055299009817,13005.529900981694,-13.754169797774164,0.007536122063479567,0.0025400799296399733,1.5361919164190027e-5,7.1295386422911315
0.3630077043580756,13007.704358075578,-13.754147289853512,0.013159012605149236,-0.0008425702346633125,1.6902966674775936e-6,7.129532068063439
0.3630083333333334,13008.333333333345,-13.75413850417789,0.014776701369383586,-0.0018203834921253661,7.88999061524415e-6,7.129529079598888
0.36305833333333337,13058.333333333338,-13.750883523772593,0.09432541867968645,-0.056334818080632704,0.007556218400423764,7.128030379481115
0.36306051425587105,13060.514255871014,-13.750677646822341,0.09441730651384402,-0.05686551746692397,0.00769925494471675,7.127931123161896
0.3630625,13062.499999999976,-13.750490316079917,0.09421254365092405,-0.05717589416400035,0.007783530651078499,7.127840501799759
0.3630636692659629,13063.669265962862,-13.750380292775153,0.09396374218031789,-0.05728107786368163,0.007812194955297994,7.127787141051735
0.36306596642759975,13065.966427599718,-13.750165250832762,0.09319967529224378,-0.057319639911334284,0.007822716951345302,7.1276825507256305
0.3630666666666667,13066.666666666672,-13.750100093622265,0.09289463267744229,-0.0572870163815609,0.007813814871193397,7.127650781827713
0.3630826687673489,13082.66876734887,-13.748717576586024,0.07719538842618019,-0.05098475651097509,0.006189155705912897,7.126967133172957
0.36308333333333337,13083.333333333336,-13.748666602382032,0.0762065196192969,-0.05050129989038256,0.006072336406234175,7.126941517832441
0.36308411704966415,13084.117049664112,-13.74860734512442,0.0750090672480229,-0.04990979391182437,0.00593092268647805,7.126911694640608
0.36311743264244656,13117.432642446525,-13.747230173263803,0.0022551469023772775,-0.008434106342119193,0.00016936702330994097,7.126181352647667
0.3631189351050384,13118.935105038365,-13.747229618544099,-0.0015160900137685851,-0.006113547320861058,8.898919248668433e-5,7.126178190354817
0.3631205726450026,13120.572645002549,-13.747235461563585,-0.005618182261693815,-0.003575300012779017,3.0435167098518188e-5,7.12617792295617
0.36312083333333334,13120.833333333303,-13.747237011116022,-0.006269906647417899,-0.003170691678103054,2.3936394565695145e-5,7.126178186200275
0.3631227659733297,13122.765973329675,-13.747253786876165,-0.011085323766405366,-0.00016981632756591058,6.866091692374439e-8,7.126182752504731
0.3631243482099144,13124.348209914371,-13.747274427264625,-0.01499996792427516,0.002284391149352069,1.2424864102947778e-5,7.126189910434191
0.3631657224972555,13165.72249725545,-13.74964780272914,-0.0868778323089573,0.050963445850743715,0.006183982888051634,7.127296038088553
0.3631666666666667,13166.66666666666,-13.74973010690759,-0.087454396294292,0.05146392962536587,0.006306038220201454,7.127335606494417
0.36316731381599937,13167.313815999338,-13.749786821371139,-0.08781573796060635,0.05178665147547603,0.006385374454862914,7.127362889686849
0.363175,13174.999999999993,-13.750472613786462,-0.08997278181124148,0.05433118558900677,0.007028280303588327,7.127693825418091
0.3631752704097188,13175.270409718776,-13.750496943902732,-0.0899764105800828,0.05437688397029272,0.007040108357901613,7.127705599227528
0.3631768617284627,13176.861728462663,-13.750640085282763,-0.08989801730607812,0.054585023682088736,0.007094106691367114,7.127774912744856
0.3631784530472066,13178.45304720655,-13.750782966379683,-0.08964935521330293,0.05468921015860858,0.0071212135899344185,7.127844176507888
0.3631791666666667,13179.166666666686,-13.750846884464531,-0.08948269241860507,0.05470219457502429,0.007124595455532895,7.1278751866209324
0.36318004436595047,13180.044365950438,-13.750925316676955,-0.0892310247863141,0.05468955931854285,0.007121304520134326,7.127913259547233
0.3632311667513054,13231.166751305367,-13.753798300230237,-0.0045332592587171245,0.009267682483410122,0.0002044998538412067,7.1293528497279
0.3632329185564052,13232.918556405182,-13.753802508199032,-0.0002704199462234886,0.0067409609240802575,0.0001081917956666118,7.129357975526991
0.36323333333333335,13233.33333333332,-13.753802411022617,0.0007389620557361783,0.006140583953877809,8.977802689195625e-5,7.12935866900532
0.3632348458336609,13234.845833660858,-13.753798511261973,0.004416682914877467,0.003946244964760821,3.7078212671190804e-5,7.129359509062515
0.363237329603008,13237.329603007942,-13.753780062022914,0.010432581858055545,0.0003331604607808478,2.642759348278735e-7,7.129355141619592
0.36323750000000005,13237.500000000013,-13.75377824931547,0.010843660272573349,8.517370400975989e-5,1.7272761558909967e-8,7.129354580577793
0.3632391686091101,13239.168609110064,-13.753756805553094,0.014854061928115345,-0.0023417194417164424,1.3056309389792304e-5,7.129347318616708
0.3632485201101095,13248.520110109463,-13.7535153874874,0.03648561127621992,-0.015695004412123646,0.0005865075321347158,7.1292482761749945
0.36325,13249.999999999984,-13.753458991425017,0.03972032865570853,-0.017735803080936054,0.0007489493117279544,7.129223791372974
0.3632503904103094,13250.390410309343,-13.753443319586415,0.04056283203591694,-0.01826953238144849,0.0007947043177066546,7.12921694488721
0.36328902051067774,13289.020510677707,-13.750692561808869,0.08837991671874215,-0.052877119921629946,0.0066571185981105585,7.127933378757402
0.36329163924349106,13291.639243491027,-13.750460973158184,0.08841640903283622,-0.053429287768487425,0.00679687807487581,7.127821551067344
0.3632916666666667,13291.666666666646,-13.750458548526568,0.08841442858819588,-0.05343365326721887,0.0067979888130508806,7.127820377810798
0.3632942579763044,13294.257976304347,-13.750229873258416,0.08800693776105933,-0.05371288239319153,0.0068692231785352975,7.127709492576094
0.3632958333333334,13295.83333333334,-13.750091572283061,0.08754689264679363,-0.05375326573126815,0.0068795561351817315,7.127642206055042
0.36329658403936316,13296.584039363124,-13.75002595140125,0.08727152887659816,-0.05373800554153326,0.006875650570432999,7.127610220211449
0.36333307099284057,13333.070992840534,-13.747571160173601,0.036358299548832074,-0.028295025287409334,0.0019062106095598418,7.126374583797515
0.36333333333333334,13333.333333333308,-13.747561696277703,0.035791131163662525,-0.027968031550196573,0.0018624066399828352,7.126369503406346
0.36333453513350195,13334.535133501913,-13.74752025308173,0.033171719002304985,-0.026452279025653776,0.0016660072991691493,7.126347148611437
0.3633477147591283,13347.71475912827,-13.747280099854843,0.002938610111620022,-0.008387162767746962,0.0001674869030778116,7.12620595952517
0.36334922542229214,13349.225422292111,-13.747278335800845,-0.0006026862742886254,-0.006210435629623976,9.183216835643559e-5,7.126202378307621
0.36335,13349.999999999973,-13.747279505264126,-0.002416611245776556,-0.005090920824622424,6.170827343470061e-5,7.126201563786792
0.36335084704629106,13350.847046291026,-13.747282391461303,-0.004397574116304886,-0.0038648204304992224,3.5563897523819505e-5,7.126201465887887
0.363353046607138,13353.046607137987,-13.747297705471187,-0.009521220072005971,-0.0006767724161709845,1.0905259602140763e-6,7.126205074324787
0.3633541666666667,13354.166666666666,-13.747309823305391,-0.012114516768269763,0.0009460466898090018,2.130962712615642e-6,7.126209048983375
0.36340435747585503,13404.357475855,-13.750193979500564,-0.0836687143772787,0.05038502177798356,0.0060444057608759,7.127563069674235
0.36340584200744747,13405.842007447432,-13.75031825771233,-0.08373905773460669,0.050653387151557455,0.006108965785537062,7.127623238282194
0.3634073265390399,13407.326539039865,-13.750442537473626,-0.08367081870700645,0.05083729332447137,0.006153405696567479,7.127683472683277
0.36340881107063233,13408.811070632299,-13.750566613185219,-0.08346421111469997,0.05093666461025107,0.006177485241945723,7.127743673122783
0.36341029560222476,13410.29560222473,-13.750690279733266,-0.08311967496665477,0.050951564315434655,0.006181099776642557,7.127803740169091
0.3634117801338172,13411.780133817163,-13.750813332824551,-0.08263787565713841,0.05088219349118538,0.006164280034462924,7.1278635748737305
0.3634162372544931,13416.237254493091,-13.751177071133371,-0.0803766404759774,0.05017164557076698,0.005993319093520623,7.128040844367198
0.3634166666666667,13416.666666666688,-13.751211525791875,-0.08009511580308178,0.050063787781530436,0.005967578207224087,7.128057668855062
0.36341774399290755,13417.743992907515,-13.751297413994823,-0.07934033413216247,0.049763077607375736,0.0058961045070421445,7.128099635144066
0.3634625,13462.499999999989,-13.75338368621983,-0.0021154676710731894,0.00741254036837955,0.00013082322550680105,7.1291566481716595
0.36346334023720345,13463.340237203414,-13.753384661573863,-0.00020611671509740442,0.006277303681243197,9.38203369203557e-5,7.129158515162512
0.36346535143802317,13465.351438023132,-13.75338048200538,0.0043609631330513874,0.0035492920735344436,2.999398624584388e-5,7.129159876604509
0.3634666666666667,13466.666666666682,-13.753372786301568,0.007340067389593493,0.0017600846011115738,7.375947150166876e-6,7.1291583960332146
0.36346791116130683,13467.9111613068,-13.753361902405434,0.010149369918150917,6.565366623301265e-5,1.0262866404371015e-8,7.129155271083133
0.3634698242159739,13469.82421597387,-13.753338374260753,0.014442150807189897,-0.002537429786694178,1.532988076762586e-5,7.129147208138241
0.36349880581870075,13498.805818700721,-13.75207365193262,0.06818825590678121,-0.03725582888363454,0.0033047542519206124,7.128582197232625
0.36350000000000005,13500.000000000013,-13.751991322811634,0.06968334342688608,-0.038330084644169184,0.0034980842591170814,7.128543823237497
0.3635007379255492,13500.737925549178,-13.75193957266721,0.07057036831033608,-0.038974195164732967,0.003616637830330225,7.128519655458339
0.36351920295178236,13519.202951782328,-13.750493241797075,0.0827832594781462,-0.04953049672637295,0.005841119299907716,7.127832351749782
0.36352083333333335,13520.833333333316,-13.750358165628128,0.08288863714618755,-0.049900309049263576,0.005928668674314325,7.127767134353491
0.3635218261951248,13521.826195124764,-13.750275871168895,0.0828736091991137,-0.05007810640554764,0.005970992240869884,7.127727319447398
0.36352500000000004,13525.00000000001,-13.750013398060444,0.08242434100227644,-0.050403972975702566,0.006048953551750845,7.1275999178132246
0.36352707268180967,13527.072681809637,-13.749843158192089,0.08180281011465879,-0.05041637110522248,0.00605192970337979,7.127516943987912
0.36352909535052697,13529.095350526932,-13.749678520883311,0.08094884425896404,-0.05027546981221527,0.006018149678188022,7.12743643994786
0.36357849342436893,13578.493424368899,-13.747259280354665,0.002518358291757318,-0.0076969447992956625,0.00014105466486524892,7.1261947617352215
0.3635791666666667,13579.166666666642,-13.747258081019297,0.001044567846650993,-0.006791508009042153,0.0001098204310401993,7.126193041695062
0.36358014448289827,13580.144482898238,-13.74725810571046,-0.0010947262628980528,-0.005473335271522579,7.132714046307892e-5,7.12619141363582
0.3635819293360577,13581.929336057674,-13.747263539150438,-0.004991329422405145,-0.003060653571266377,2.2303810198346733e-5,7.1261910995475235
0.36358333333333337,13583.333333333336,-13.74727269144686,-0.008043867654941517,-0.0011601064380147906,3.2043974941032506e-6,7.126193262478422
0.3635843880372635,13584.388037263472,-13.747282380093552,-0.01032673480284577,0.00026724052933903714,1.700416679081161e-7,7.126196279376743
0.363586112792223,13586.112792222993,-13.747303394407693,-0.014035622909762973,0.002597179411384782,1.6060335464097624e-5,7.126203775224254
0.36363431787016903,13634.317870169,-13.749918765668383,-0.07776676750365889,0.04679317326316232,0.005213335866753164,7.127433342214409
0.3636358657465866,13635.86574658654,-13.750039248928642,-0.07788534329718001,0.047087385472008074,0.005279099691879707,7.127491715769676
0.3636374136230041,13637.41362300408,-13.75015980685609,-0.07786324838535907,0.04729586820057769,0.005325950354396228,7.127550194453895
0.36363896149942165,13638.96149942162,-13.750280221792659,-0.07770063140167502,0.04741847822072217,0.005353600182783577,7.127608672499947
0.3636405093758392,13640.509375839161,-13.750400276503663,-0.07739789067368544,0.047455226192615774,0.005361901173791253,7.127667044425
0.3636416666666667,13641.666666666662,-13.75048967214615,-0.07708037301128019,0.047426697467724654,0.00535545626832162,7.127710554796062
0.36366623040492424,13666.230404924207,-13.752154007672175,-0.05329558559336326,0.03615919150513535,0.0031130645959644102,7.1285301988271135
0.3636666666666667,13666.66666666666,-13.752177110158058,-0.05261428984141846,0.03579333595234086,0.0030503878538027072,7.128541786173833
0.3636680660466668,13668.06604666676,-13.75224918239538,-0.050379171986326535,0.03458676601712132,0.0028482009131502338,7.128578006920379
0.3636919589843779,13691.958984377861,-13.752922491434397,-0.0039945144926407505,0.00813273579837283,0.00015747950372889275,7.1289344949459625
0.36369389970872357,13693.899708723533,-13.752926250212688,0.00012162725632300948,0.005684345671684398,7.693282313142178e-5,7.128939320036163
0.3636958333333334,13695.833333333352,-13.752922050400532,0.004221136276878811,0.003230471998409755,2.4847498410736942e-5,7.128940330729146
0.36369603213948226,13696.032139482228,-13.75292116936669,0.004642085199611036,0.002977620105145164,2.1110051168011186e-5,7.128940219639361
0.36369859814814953,13698.598148149498,-13.752902301592671,0.010057479459212834,-0.00029021973745162725,2.0054165715831297e-7,7.128935191533631
0.3637,13699.999999999989,-13.752886140790595,0.012995967393937291,-0.002075320493793024,1.0254655123707907e-5,7.128929633462447
0.3637494417323236,13749.441732323565,-13.75023419969172,0.0775652253456825,-0.0464295489070055,0.005132626218352418,7.127702456530905
0.36375,13749.999999999984,-13.75019087968139,0.07762623302446477,-0.0465636980969226,0.005162328524907985,7.127681536502261
0.3637524798920651,13752.479892065072,-13.74999823200718,0.0776833699881087,-0.047031682939169935,0.005266617143072877,7.127588285992244
0.3637541666666667,13754.166666666679,-13.74986731034342,0.07752291941456044,-0.04722985417244008,0.005311093155118941,7.127524710840153
0.3637555180518066,13755.51805180658,-13.74976270070137,0.07727830675680915,-0.04731800506001139,0.005330937149664912,7.127473793975769
0.3637579645339071,13757.964533907041,-13.749574433466714,0.0765743507550419,-0.047317305177392646,0.005330779450596451,7.127381889200897
0.3638086860277505,13808.686027750484,-13.747171887505154,0.003433876638674315,-0.007857213501220345,0.00014699000953276013,7.126151671238392
0.36381027525766724,13810.275257667205,-13.747169011210227,0.00018623228864230945,-0.0058603891377393144,8.17718115374594e-5,7.12614776246052
0.36381196262230636,13811.962622306328,-13.74717160249585,-0.0032560344331766587,-0.0037315820733762033,3.31540589770063e-5,7.126146395767852
0.36381250000000004,13812.500000000005,-13.747173646183079,-0.004349871166255084,-0.003052483696291782,2.2184896943159858e-5,7.126146562203999
0.36381401067563457,13814.010675634536,-13.74718253504213,-0.007415683314776458,-0.001142355032501277,3.1070833816214126e-6,7.126148584732075
0.3638160587289628,13816.058728962744,-13.74720195584428,-0.011542991172779517,0.0014448412287953155,4.970395658158945e-6,7.126154976998014
0.3638327863828771,13832.78638287705,-13.7476625030756,-0.04246748005127657,0.02145375979427482,0.0010958662126439112,7.126357727801115
0.36383333333333334,13833.333333333308,-13.74768597337823,-0.043353243872580084,0.02204621401550075,0.001157227505755385,7.126368576823374
0.36383442605180005,13834.42605180002,-13.74773430009562,-0.04509211879797103,0.023213377173974065,0.0012830020948123339,7.1263909765470235
0.36386666666666667,13866.666666666639,-13.749765012760513,-0.07241151166744951,0.04386675873220346,0.004581648861117498,7.127361891766612
0.36386721943025946,13867.219430259425,-13.749805040215143,-0.07241236530816161,0.04394205979826749,0.004597391950748849,7.127381332244677
0.36386885909918243,13868.859099182395,-13.7499237139935,-0.07231644556673594,0.044105230999970754,0.004631598575144716,7.127439019572294
0.3638704987681054,13870.498768105366,-13.750042109935206,-0.07207354844378687,0.04417832112696711,0.004646962041898639,7.127496646613269
0.36387083333333337,13870.833333333332,-13.75006621210545,-0.07200598155910337,0.044182174480027,0.004647772718532261,7.12750838711497
0.36387213843702837,13872.138437028336,-13.750159987503435,-0.07168428059924795,0.04416142789263903,0.004643408841706562,7.127554096412221
0.3639147178969276,13914.717896927554,-13.752336632064955,-0.018705784141811392,0.016395887574294967,0.0006400598317831431,7.128642501754523
0.3639166666666667,13916.666666666688,-13.752369434203077,-0.014950776335771897,0.014213061021355973,0.0004809788180875917,7.12866099089596
0.36391673196357566,13916.731963575623,-13.752370406309339,-0.014824170740687766,0.0141392195801711,0.00047599411984831854,7.128661550084588
0.36392277812415885,13922.778124158818,-13.752424266198767,-0.002952075859029398,0.0071455395934622795,0.00012156841924223114,7.128696110702394
0.3639248810403237,13924.88104032369,-13.752426096386396,0.001211877200145484,0.004660188643917204,5.170799570689254e-5,7.128700059275328
0.36392500000000005,13925.00000000002,-13.75242593821128,0.0014474268302381399,0.004519086837631567,4.8624156776321126e-5,7.128700157303934
0.36392724424569695,13927.244245696913,-13.752417707251569,0.005885386452759279,0.0018502767605234087,8.151247834602379e-6,7.128699489640742
0.3639291666666667,13929.166666666659,-13.75240275202747,0.009669744526297158,-0.00044128241258869144,4.6364325633356215e-7,7.1286951194478245
0.36392963379022786,13929.633790227825,-13.752398021079946,0.010585636832743467,-0.000998127674426135,2.372044891560297e-6,7.128693529432808
0.36398061572018064,13980.61572018061,-13.749852869776888,0.07279746525820335,-0.04375569591742974,0.004558478393377566,7.127513291687327
0.3639833333333334,13983.333333333348,-13.749654892847747,0.07283644881213415,-0.04422120513474869,0.004655988056117913,7.127417268944536
0.363983469109228,13983.469109227986,-13.749645003966886,0.07282813771809092,-0.044238274494473456,0.004659583167258049,7.127412462319869
0.3639863224982754,13986.322498275362,-13.749437665310262,0.07242829913628224,-0.044459932744132784,0.004706394332411453,7.127311455008743
0.3639875,13987.499999999985,-13.749352544363786,0.07213848712193488,-0.044474911933259774,0.004709566170169554,7.12726986062842
0.36398885836328365,13988.858363283618,-13.749254831375701,0.07171421213015994,-0.04443657194699873,0.004701449824763798,7.127222020838827
0.3639985950853553,13998.59508535528,-13.748580894242995,0.06592912185611792,-0.042430386008987624,0.0042865182306468875,7.126889213703805
0.36400000000000005,14000.000000000013,-13.748489113385395,0.06471233196935981,-0.041894615429595945,0.004178949528556521,7.126843469820282
0.36400037092160814,14000.370921608108,-13.74846517240958,0.06437574967466766,-0.04174307155917441,0.004148771483796084,7.126831519168952
0.36403939420147474,14039.394201474708,-13.747015769391464,0.003337627420230378,-0.007425961650630706,0.00013129739627770935,7.126073779153609
0.36404102753639395,14041.027536393913,-13.747012862637026,0.00022210780842597434,-0.005507817689935845,7.222870406088151e-5,7.126069951397933
0.3640416666666667,14041.666666666675,-13.747013109932043,-0.000995778656652454,-0.004754970691957073,5.383272924135888e-5,7.126069136755173
0.3640427627961537,14042.762796153685,-13.747015344899296,-0.0030813795905721172,-0.0034618129858806704,2.8533688450504866e-5,7.126068634243345
0.3640448739665314,14044.873966531368,-13.747026077038909,-0.0070811068558078736,-0.0009679998861805516,2.2310089991560968e-6,7.12607084661659
0.36404583333333335,14045.833333333312,-13.747033737922134,-0.008888338802796466,0.0001647581643487458,6.463155409421033e-8,7.12607323159163
0.3640469851369091,14046.985136909052,-13.747045220045777,-0.011047160953843223,0.0015227678688521074,5.521004720019974e-6,7.126077228872348
0.36408283428956695,14082.834289566914,-13.748473682874327,-0.061773115318735514,0.03564769104623847,0.0030256139926858813,7.126739587124863
0.36408333333333337,14083.333333333336,-13.748504601158231,-0.062135019578770136,0.035929357231944604,0.0030736159788111663,7.1267544312891244
0.3640845253661419,14084.525366141854,-13.748579161421485,-0.06295128408602596,0.03657360319465333,0.0031848296443808487,7.126790261371553
0.36409636290216646,14096.362902166426,-13.749356665452648,-0.06723795642575918,0.0406822379008874,0.00394058209672476,7.127166252579565
0.3640980539787414,14098.053978741365,-13.749470418078449,-0.0672704554572548,0.040917805056374414,0.0039863494538844284,7.127221581675123
0.36409974505531634,14099.745055316303,-13.749584102023663,-0.06715676483543728,0.0410638696147157,0.004014860446986597,7.127276954260583
0.36410000000000003,14100.000000000002,-13.749601219555288,-0.06712696274220438,0.04107811901094082,0.004017647289230994,7.127285298446147
0.3641014361318913,14101.436131891243,-13.749697470337605,-0.066897252178962,0.04112036078097615,0.004025914454184861,7.127332249968633
0.3641031272084662,14103.127208466181,-13.749810276952674,-0.06649259405277687,0.04108739833892672,0.0040194626244324716,7.127387348917809
0.3641536016372331,14153.60163723306,-13.751883457833447,-0.0020597762341792703,0.006269358097011603,9.358297844896417e-5,7.128436434083859
0.3641541666666667,14154.16666666669,-13.751884326714421,-0.0010156783898959037,0.005645667600401968,7.588943489102027e-5,7.1284376237225375
0.3641556831102517,14155.683110251672,-13.751883741636044,0.0017872798635818073,0.003965634366438821,3.7443466495906256e-5,7.128439416268253
0.3641581405299041,14158.14052990405,-13.751873774453566,0.006321768476365617,0.0012299641225579064,3.601932720903906e-6,7.128437984415279
0.36415833333333336,14158.333333333328,-13.751872521381753,0.006676641899343128,0.0010149248440938625,2.4525534265689307e-6,7.128437645205814
0.36416059794955646,14160.59794955643,-13.75185269353539,0.01082894627269639,-0.0015116335673394407,5.440562004541341e-6,7.128431195307711
0.3641655127888612,14165.51278886119,-13.75177760759322,0.019680897730303248,-0.006965247076477855,0.00011551111151519835,7.128401681010639
0.3641666666666667,14166.66666666666,-13.751753723073879,0.021714433976153774,-0.008231999493899167,0.0001613471801608479,7.128391711884929
0.3641679702085136,14167.970208513569,-13.7517239336794,0.023986133596961258,-0.00965372990804356,0.00022189166937489218,7.128379080884551
0.36421051574631275,14210.515746312713,-13.74951312788548,0.06822194741121133,-0.04098634368832835,0.003999715164137555,7.127343944465759
0.36421250000000005,14212.500000000016,-13.74937759190015,0.06835715685719841,-0.041368179975654375,0.0040745864630907895,7.1272781767467865
0.364213790757061,14213.790757060973,-13.749289361238327,0.06834061096052227,-0.04155362483996291,0.004111199374619958,7.127235259538911
0.3642166666666667,14216.666666666655,-13.749093200260335,0.06800815249111501,-0.04178706632782307,0.004157521219728298,7.127139547718322
0.36421706576780927,14217.065767809234,-13.749066073487414,0.0679298844467462,-0.04179977538049162,0.004160050528237032,7.127126279645365
0.3642196290305978,14219.629030597758,-13.748892764817738,0.06724183653099905,-0.041766802452438044,0.0041534899692880585,7.127041324295936
0.3642485982564135,14248.598256413447,-13.747265650317333,0.03947684548573066,-0.028368540739745988,0.00191612881833959,7.126223483712791
0.36425,14249.999999999985,-13.74721178195632,0.03737364650561225,-0.027191965950048046,0.0017604833624489816,7.126195369804411
0.3642502305363567,14250.230536356656,-13.747203206378607,0.037022878208804295,-0.026994761697701007,0.0017350408550372983,7.126190881120667
0.3642708333333334,14270.833333333343,-13.746791594219005,0.002050713379376115,-0.006288248176591835,9.414777412002506e-5,7.125961183539502
0.3642714783507789,14271.478350778854,-13.746790641801953,0.0009025300897398315,-0.005579702222382414,7.41263735487125e-5,7.12595982879869
0.3642732259833211,14273.225983321092,-13.746791780093568,-0.0022037190185779324,-0.0036547354083726075,3.180259739336308e-5,7.125957996356825
0.364275,14274.999999999982,-13.746798477563914,-0.00534417515508838,-0.0016966113549619249,6.853547832823188e-6,7.125958880104168
0.36427523857259864,14275.238572598602,-13.746799802760346,-0.00576513956882371,-0.0014332208346168561,4.890766573285328e-6,7.125959209434511
0.36427725116187615,14277.251161876115,-13.746814967655359,-0.009299502038964303,0.0007867042030762548,1.4735797693758217e-6,7.12596396680202
0.3642791666666667,14279.166666666677,-13.746835975498048,-0.012628588858151543,0.002891744473935894,1.9909966910806618e-5,7.125971764375798
0.3643271424361905,14327.142436190488,-13.748967356147745,-0.062428326909511105,0.03785876980607023,0.003412586788640512,7.126979059692761
0.36432894318565,14328.943185649978,-13.749079812577017,-0.06244546417325553,0.03808572719060147,0.003453625275326,7.1270338795083426
0.3643291666666667,14329.16666666667,-13.749093767028855,-0.06243679833507903,0.0381072770030826,0.0034575346680706383,7.1270406878317125
0.3643307439351095,14330.743935109469,-13.749192160590221,-0.06230796285861896,0.03821778533501964,0.003477616942651529,7.127088730447889
0.364332544684569,14332.54468456896,-13.749304122093344,-0.062016297194198336,0.03825488611874421,0.003484372171328782,7.12714347667072
0.36433333333333334,14333.333333333308,-13.749352963668066,-0.06184021994400638,0.038241270162564046,0.0034818922467766936,7.127167385495658
0.3643343454340285,14334.34543402845,-13.749415420179854,-0.06157131155330896,0.03819720016183341,0.003473871667150396,7.1271979829602
0.36438333333333334,14383.333333333303,-13.751297088687782,-0.0031984477866918216,0.006627260408870114,0.00010457281077851731,7.128152458958297
0.36438483464171123,14384.834641711197,-13.751299948550448,-0.0006106908355396278,0.005079354735447042,6.142820125835306e-5,7.128155756360548
0.36438707456806735,14387.074568067315,-13.751296989267288,0.0032525218701786067,0.002754334545782537,1.8062759024026412e-5,7.128157197321654
0.36438750000000003,14387.499999999998,-13.751295449594716,0.00398557171794606,0.002311220960061153,1.27184341100619e-5,7.128156999649203
0.36439080181866007,14390.801818660037,-13.751272921815117,0.00965165875282008,-0.001135156273019976,3.068047057563339e-6,7.12815035341834
0.36439166666666667,14391.666666666635,-13.751263936886657,0.011125484209512615,-0.0020379486651742867,9.88865419496585e-6,7.128147119312901
0.36441574709184293,14415.7470918429,-13.750538072084789,0.047034418423256806,-0.025123607791952416,0.0015028468297234572,7.127823596709489
0.3644166666666667,14416.666666666688,-13.750494328082313,0.048100334256589536,-0.025858256596058584,0.001592022462351446,7.127803246650622
0.3644180198288707,14418.019828870643,-13.750428208469225,0.04961489939696716,-0.02691106861055473,0.0017242990803856765,7.127772406959677
0.36444153897687825,14441.53897687822,-13.749044913951986,0.06406449313353742,-0.03863586069525285,0.0035541184087213903,7.127111905209995
0.3644416666666667,14441.666666666686,-13.749036732821379,0.06407611231461345,-0.03866087190502273,0.003558721467753752,7.127107929170874
0.36444556065059125,14445.560650591216,-13.748787007832671,0.06406931535790093,-0.039205568190645114,0.0036597061360745813,7.126986205943817
0.36444583333333336,14445.833333333325,-13.748769540793063,0.06404266645055061,-0.039227800210528484,0.0036638578794217585,7.1269776661293935
0.3644497138879218,14449.713887921767,-13.748522249141576,0.06329440029304782,-0.03931702348491954,0.0036805436564612258,7.12685639528409
0.36445000000000005,14450.000000000018,-13.74850415153611,0.06321208862350015,-0.039306774468361616,0.00367862504549201,7.126847493030846
0.3644990375558492,14499.037555849192,-13.746515090456029,0.0064161589342186555,-0.008649808098609452,0.00017814090510183257,7.125826808197097
0.36450000000000005,14500.000000000013,-13.746509684266151,0.004817882018329732,-0.00767014901722472,0.0001400742522534127,7.12582290193462
0.3645007933107716,14500.793310771587,-13.746506385028752,0.0034997016823206492,-0.006859600948881498,0.00011203363137594273,7.125820253031279
0.3645025709525667,14502.570952566684,-13.74650278897401,0.00054671057381007,-0.005035451737597446,6.037089095636459e-5,7.125816193844238
0.3645041666666667,14504.166666666652,-13.746504028178597,-0.0020985619926210033,-0.0033916580449723783,2.738891498577585e-5,7.1258147616400125
0.364504446192076,14504.44619207597,-13.746504679421278,-0.0025610140683030845,-0.0031033463964889184,2.2930378230001798e-5,7.1258147260132105
0.3645066848190896,14506.684819089565,-13.74651454705439,-0.006249947956205006,-0.0007935033148914898,1.4991607398661496e-6,7.125816750824646
0.3645083333333334,14508.333333333345,-13.746527074103627,-0.008944354795517804,0.0009048948925017933,1.949606586847219e-6,7.125820858329387
0.3645578771601892,14557.877160189191,-13.748516684118659,-0.057910599014945614,0.035199767875097314,0.002950056329668412,7.126761116254074
0.3645583333333334,14558.33333333334,-13.74854310565609,-0.05792780795553612,0.035261984937778185,0.002960494242266895,7.126774019442284
0.3645596784124893,14559.678412489286,-13.748621030021912,-0.057924611708941455,0.03541233757677532,0.0029857944110749835,7.126812104707505
0.3645625,14562.499999999978,-13.748784174336256,-0.05765657462841839,0.035566822470236424,0.0030119020491174158,7.126891987111478
0.3645632809170895,14563.280917089472,-13.748829147791678,-0.05752006295610204,0.03557106505712277,0.0030126206411858585,7.126914043072675
0.3645650821693896,14565.082169389565,-13.748932401492855,-0.05710274414317241,0.0355173087465514,0.0030035219538044207,7.126964739254128
0.36458125058177343,14581.250581773398,-13.7497903135258,-0.04724513674533956,0.031189732371957535,0.002316189060557943,7.12738967784186
0.36458333333333337,14583.333333333338,-13.749886648023598,-0.045236254949467515,0.030159010647207572,0.002165633150519952,7.127437947370124
0.36458345714763535,14583.457147635314,-13.749892241234736,-0.04511204212000092,0.03009460665571074,0.002156393689909403,7.1274407548098315
0.36461435718029855,14614.35718029852,-13.750670861632068,-0.00214688824272539,0.005698183129011639,7.730783564703065e-5,7.127849860370104
0.3646166666666667,14616.666666666666,-13.750671529546537,0.0015692516110012863,0.0034631375769581204,2.855552827842705e-5,7.127852949037792
0.3646166766045571,14616.676604557066,-13.750671513872009,0.0015852471061600407,0.003453480548379118,2.839649499531651e-5,7.127852953369596
0.364619353676231,14619.353676230961,-13.750661506711094,0.0058884190562519525,0.0008439448724422945,1.695816542194383e-6,7.127851320990363
0.36462083333333334,14620.833333333305,-13.750651040372421,0.008256883209164524,-0.000602332429972663,8.638198957066024e-7,7.127848026677762
0.3646220307479049,14622.030747904857,-13.750640010186341,0.01016497750547252,-0.0017727844814269793,7.482773375210295e-6,7.127844117122903
0.36466553688830217,14665.536888302133,-13.748948071295752,0.05859015566599589,-0.03455974276684085,0.0028437519526433534,7.127059306583606
0.3646666666666667,14666.66666666666,-13.748881647937086,0.058987399956106884,-0.03494495907101786,0.002907500391607413,7.127027228774709
0.36466800007733824,14668.000077338205,-13.748802718879519,0.059386741492875726,-0.03535885588788036,0.0029767825945235518,7.126989042083284
0.3646708333333334,14670.833333333356,-13.74863353446398,0.05998358302665428,-0.03608951010937629,0.0031010779522256506,7.126906939109618
0.36467387121507466,14673.87121507463,-13.74845082019085,0.060240837800214546,-0.03664411112752952,0.003197121143635079,7.126817893643696
0.364675,14674.999999999993,-13.748382819237214,0.060235251912814085,-0.03678903258538933,0.003222459329925804,7.126784654342046
0.36467779855475024,14677.79855475021,-13.748214518909858,0.05998537022646403,-0.037004099622020635,0.003260246163896256,7.1267021562551305
0.3646791666666667,14679.166666666688,-13.748132610084056,0.059741282374721164,-0.03703413586067563,0.003265540997492812,7.126661885457285
0.3646807399504744,14680.739950474364,-13.748038904488759,0.05936227822859144,-0.03700756147993599,0.0032608562064077194,7.126615716712256
0.36473333333333335,14733.333333333321,-13.74615093137328,0.0008739372979280561,-0.004936612476862328,5.802414939693526e-5,7.125641017344538
0.36473357240928456,14733.572409284523,-13.746150766691708,0.0005037336080316305,-0.004706644960013366,5.2744063760998145e-5,7.125640648695831
0.3647355099586086,14735.509958608562,-13.746152693356727,-0.002490393570606175,-0.002839637455399835,1.9198906852642023e-5,7.1256392805332585
0.36473750000000005,14737.500000000015,-13.746160695501503,-0.005548100242613431,-0.0009199881594310071,2.0151862226029816e-6,7.12564087123839
0.3647378442456711,14737.844245671038,-13.746162696054148,-0.006074582503673799,-0.0005881303871157383,8.235651244021624e-7,7.125641453457055
0.36474017853273355,14740.178532733516,-13.746181022844285,-0.009620027392366164,0.001656924825229446,6.53666637252769e-6,7.125647777696107
0.3647492616916072,14749.261691607175,-13.74632910732011,-0.022784885844463774,0.01015800293611163,0.0002456786277382202,7.1257108622150005
0.36475,14749.999999999985,-13.746346303192661,-0.023795134082541892,0.010822081709587577,0.0002788510774499761,7.12571858657803
0.36475134198929343,14751.341989293398,-13.746379453291782,-0.02560304161372836,0.012015182033058748,0.00034372523639889934,7.125733583840388
0.36478750000000004,14787.50000000001,-13.747948651194395,-0.053591488765963924,0.03253434272928006,0.0025201987067291864,7.126484814471359
0.3647890889543483,14789.088954348274,-13.748033894366033,-0.0536857148565561,0.032761698904879843,0.002555545036033346,7.126526533371969
0.3647909548637751,14790.954863775074,-13.748134067879947,-0.05366251685346802,0.032946374060649646,0.002584437056533924,7.126575636500597
0.3647928207732019,14792.820773201876,-13.748234063354786,-0.05349494587355522,0.03304191882055953,0.0025994485698677275,7.126624735404136
0.3647946866826287,14794.686682628677,-13.748333611880735,-0.05318357515543505,0.033048320991804415,0.0026004560008984303,7.126673698018778
0.3647958333333334,14795.833333333341,-13.748394449630098,-0.05292128530911282,0.033008118379616515,0.0025941330451494703,7.126703662397532
0.36483217054070183,14832.170540701794,-13.749854702200189,-0.020508131174034747,0.01621583546947197,0.0006260793332690123,7.127439510619958
0.36483333333333334,14833.33333333331,-13.74987761179293,-0.01889279354815401,0.015285085558935083,0.0005562710489142043,7.12745183597352
0.3648343121133186,14834.312113318592,-13.749895431673329,-0.017517331865911753,0.014489395261395118,0.0004998632739069983,7.127461510858552
0.36484507063048743,14845.0706304874,-13.749999866732782,-0.001740389122300992,0.005172703609687565,6.370681579446372e-5,7.12752395405138
0.36484583333333337,14845.833333333336,-13.750000757835256,-0.0005961370791607761,0.00448404788208677,4.787306049725439e-5,7.1275252407456575
0.3648473888494238,14847.38884942377,-13.749999868793163,0.0017394068283927392,0.0030730576583966425,2.2484960409119654e-5,7.12752655403182
0.36485,14849.999999999975,-13.749990211279709,0.005655615290031579,0.000690784498332136,1.1361505312761449e-6,7.127524796344682
0.36485013862822135,14850.13862822132,-13.749989412871239,0.005863074194763868,0.000564006127762742,7.57387886080768e-7,7.127524564167005
0.3648528884070189,14852.888407018872,-13.74996764845931,0.00996058521227436,-0.0019522124614264962,9.07412736797357e-6,7.1275170713094855
0.36490323609146463,14903.2360914646,-13.747986826281805,0.056524930892609127,-0.03431621756667606,0.0028038161621034446,7.126586622865319
0.3649041666666667,14904.166666666662,-13.747934198080621,0.05657824621376515,-0.03446259353032271,0.002827786554372002,7.126560875790539
0.36490703890953863,14907.038909538594,-13.747771690765463,0.05652370425644186,-0.034781020177422226,0.002880284201386314,7.126481159478196
0.3649083333333334,14908.333333333358,-13.747698603714904,0.056391136992789755,-0.03485829264564606,0.0028930965861178625,7.126445201857426
0.3649108417276126,14910.84172761259,-13.747557660692266,0.05594431917353131,-0.0348903199725438,0.002898415304253545,7.1263756734034995
0.36491250000000003,14912.499999999995,-13.747465232971267,0.05551238073997489,-0.03482616996832098,0.0028877669396723386,7.126329942315649
0.3649158568963048,14915.856896304758,-13.747280779856686,0.05431004323888964,-0.03448893881145894,0.0028321116674775203,7.12623834818693
0.3649166666666667,14916.66666666669,-13.74723694317518,0.053955218442798464,-0.03436624621900686,0.0028119973313938166,7.1262165132774555
0.36491796648426117,14917.966484261136,-13.747167208182477,0.05333385003066466,-0.034135948656277094,0.002774435692057109,7.126181723721033
0.3649638620149282,14963.862014928165,-13.745736236398246,0.001626218524249533,-0.00512393301680963,6.251116562083771e-5,7.125434488796445
0.36496582180249665,14965.821802496615,-13.745735822046038,-0.0012017116798783308,-0.0033595604125065807,2.6872967060193778e-5,7.125432081118188
0.3649666666666667,14966.666666666684,-13.745737350913236,-0.0024170060105587815,-0.0025976183451326064,1.606576444516538e-5,7.125431893592887
0.3649679966739006,14967.996673900585,-13.745741834309976,-0.004323366651676608,-0.0013979110110448163,4.6527504638103345e-6,7.125432634335516
0.3649704158253141,14970.415825314054,-13.745756461256937,-0.007762238754125738,0.0007801994496751108,1.4493123363651092e-6,7.12543721605181
0.36497083333333336,14970.833333333321,-13.745759825041292,-0.008351136681294632,0.001155014404579551,3.176329225681559e-6,7.1254384269261415
0.364999969818016,14999.96981801599,-13.746535161937143,-0.04168747164803808,0.023547883613569836,0.0013202448159005495,7.1257965211817735
0.36500000000000005,15000.000000000013,-13.74653642049393,-0.04171040692116958,0.023564711266629564,0.001322132421618139,7.1257971254232455
0.365001914982194,15001.914982193943,-13.746617648432219,-0.043103132486497275,0.02459597953130448,0.0014403862121532118,7.125836182383227
0.36501942145979555,15019.421459795512,-13.747446546905355,-0.049687062675348406,0.03035801047163907,0.0021943066661813033,7.12623961655744
0.36502083333333335,15020.833333333316,-13.747516724519654,-0.04971069431772854,0.030514320878272817,0.0022169613777671343,7.126274097431568
0.3650213666239735,15021.366623973465,-13.747543232281899,-0.04969953716662311,0.030560961169163993,0.0022237436847217843,7.126287133546003
0.36502331178815145,15023.311788151417,-13.747639799502764,-0.0495656295338656,0.030673362223586204,0.0022401313097602984,7.126334678888767
0.36502500000000004,15025.000000000011,-13.747723294284777,-0.04933115330726464,0.03069745322398534,0.002243651510568495,7.126375858020771
0.3650252569523294,15025.25695232937,-13.747735964275284,-0.04928586507157631,0.03069513801829722,0.002243313090386465,7.1263821125203695
0.36507500000000004,15075.000000000005,-13.749283144275843,-0.00253125327620111,0.0053853687918461795,6.905285005759708e-5,7.1271736059381015
0.36507610666857127,15076.106668571232,-13.749285089874956,-0.0009843898121660384,0.004453250512742765,4.7217714593437366e-5,7.127175712535431
0.3650785725504718,15078.572550471792,-13.749283260897093,0.002468388467710958,0.002360356565784091,1.3264959803904923e-5,7.127177410794362
0.3650791666666667,15079.166666666644,-13.749281547267367,0.0033002198989342205,0.0018535889519735091,8.180457149710124e-6,7.127177200365322
0.36508182409018014,15081.824090180107,-13.749267840951907,0.007012083622777072,-0.00042003102296726054,4.200620482260079e-7,7.1271733120953655
0.36508333333333337,15083.333333333338,-13.74925567455084,0.009108591804500948,-0.0017132430728664905,6.988575777916701e-6,7.127168962132591
0.3650843275868948,15084.327586894764,-13.749245934576614,0.010482932338492445,-0.002564630384881137,1.5660307169179926e-5,7.127165251606324
0.36513333333333337,15133.333333333332,-13.747424758999014,0.053063383592730905,-0.032240407980880785,0.0024748664446991465,7.126306623464826
0.3651355386004653,15135.538600465292,-13.74730756355121,0.05319314459259897,-0.03257139176095913,0.0025259418124901813,7.126249104542436
0.3651375,15137.49999999997,-13.747203243751622,0.05315570266172504,-0.03277250740624555,0.0025572315278390937,7.126197756607859
0.36513931029875146,15139.31029875143,-13.747107144271276,0.05299369112536071,-0.032879633855411414,0.0025739769582521816,7.126150330920365
0.3651416666666667,15141.666666666664,-13.746982694555326,0.05260048294062896,-0.03290578233399015,0.0025780726452665193,7.126088735739842
0.36514225281408136,15142.252814081325,-13.74695190029733,0.052470835158280174,-0.03289235320878364,0.0025759688085985224,7.126073462971689
0.365165447112011,15165.447112010954,-13.7458697789911,0.03793795926019928,-0.026231324067688386,0.0016382913389144953,7.125527344353708
0.3651666666666667,15166.666666666662,-13.745824246008457,0.036727336946142344,-0.0255769371281329,0.001557570744896341,7.125503824064771
0.365167325425469,15167.325425468947,-13.74580027139379,0.036058138227312936,-0.025212465057709167,0.0015134961768719186,7.125491412548286
0.3651955231262664,15195.523126266375,-13.745257826886398,0.0008864250042144397,-0.0044018808314937935,4.613465441588689e-5,7.125194447117263
0.3651958333333334,15195.833333333352,-13.745257616679625,0.0004688801321403082,-0.004140700662927598,4.082238566659297e-5,7.125194015859721
0.3651975222444708,15197.52224447074,-13.74525874161348,-0.001799433060076607,-0.002716896145383921,1.7575058725719068e-5,7.125192801243333
0.3651998400731802,15199.840073180148,-13.745266502015438,-0.004892073785108586,-0.0007621903051305851,1.3831763362739392e-6,7.125194244202296
0.3652,15199.99999999999,-13.745267301363569,-0.005104322271271759,-0.0006274654271316639,9.374115767750511e-7,7.125194475991175
0.3652021579018896,15202.157901889557,-13.745281392803443,-0.007950047344223854,0.0011860515978267623,3.349329506446228e-6,7.125199262864549
0.3652491724128421,15249.172412842072,-13.746779279918336,-0.04587827484085472,0.028010039415038233,0.001868005495314275,7.125912044719681
0.36525,15249.999999999985,-13.746817273207894,-0.04593461659616279,0.0281230441758523,0.0018831086040879527,7.125930748680901
0.3652512562579836,15251.25625798357,-13.746875008943523,-0.04597289171911802,0.02826540559504287,0.001902221793934002,7.125959200521424
0.3652533401031251,15253.340103125069,-13.74697077181326,-0.04591077791252539,0.028423737122386248,0.0019235924571488524,7.126006467993765
0.3652541666666667,15254.16666666668,-13.7470086935849,-0.0458427927165323,0.028459597618791327,0.0019284492776750306,7.126025212002684
0.3652554239482666,15255.423948266567,-13.747066242226571,-0.04569230657377644,0.02848478999629327,0.0019318649074593552,7.1260536858254895
0.3652575077934081,15257.507793408065,-13.747161095183122,-0.04531835245153368,0.028448634396366544,0.001926963807186023,7.12610069330821
0.3653042978629842,15304.297862984151,-13.748519266674416,-0.004083841430257006,0.006074631394929644,8.785987281967828e-5,7.126798156597779
0.36530670604258086,15306.70604258083,-13.74852533383666,-0.0009518554857149815,0.004185893806136617,4.171834989584022e-5,7.126803479142486
0.36530833333333335,15308.333333333312,-13.748525155113136,0.0011720670441971693,0.0028964876382987577,1.997533485432742e-5,7.126804990443031
0.36530926945964476,15309.269459644725,-13.748523485633768,0.0023947172999040237,0.0021510783271390197,1.1016995165445722e-5,7.1268050948543005
0.36531250000000004,15312.500000000007,-13.74850894123925,0.006606116053102333,-0.0004343334350274805,4.49156030435168e-7,7.126801156969459
0.36531265608729824,15312.656087298205,-13.748507894280056,0.00680891582520681,-0.0005595425892469148,7.454474028122419e-7,7.1268007979625425
0.36533088690267734,15330.88690267731,-13.748175964784368,0.028932112268459775,-0.014677876615503202,0.0005129525284284183,7.126655115747935
0.36533333333333334,15333.33333333331,-13.74810200701779,0.031508805428515314,-0.016398512075480553,0.0006402647578325752,7.126620849327417
0.36533349130487436,15333.491304874326,-13.748097016719553,0.0316708153786727,-0.01650744343574561,0.0006487992590103351,7.126618527786745
0.3653654679500611,15365.467950061051,-13.746707523727817,0.04999071580146504,-0.030619120887134286,0.002232215628335579,7.125949359831089
0.3653666666666667,15366.666666666639,-13.74664757146049,0.050028354994880585,-0.030769964976143142,0.0022542636776977996,7.1259197977685975
0.3653691939294287,15369.193929428648,-13.746521196910692,0.04994360186100463,-0.03098712373440643,0.0022861948507890816,7.125857324578714
0.36537083333333337,15370.833333333334,-13.746439448833556,0.049769891692764766,-0.031054449153769134,0.0022961400291524586,7.125816797206631
0.3653729199087963,15372.919908796246,-13.746335944936705,0.04941446899230741,-0.031056121683796397,0.0022963873667589726,7.125765352835762
0.365375,15374.999999999973,-13.746233655707956,0.04891167673930469,-0.030964148675662502,0.0022828059600203143,7.125714365389532
0.3654156081495951,15415.608149595084,-13.744806733606195,0.014836374148860765,-0.012740910606921573,0.00038650191212753965,7.124978756793376
0.3654166666666667,15416.66666666669,-13.744791715529326,0.013537909349784799,-0.011957376274663806,0.0003404258270806973,7.124970242696449
0.36541765103994783,15417.6510399478,-13.744778986473177,0.012323278319874661,-0.011221423809561542,0.00029981036265189204,7.124962935960424
0.3654258226013587,15425.822601358663,-13.74471997724459,0.0020928613650327364,-0.004914106149579399,5.749628392698588e-5,7.124925438131303
0.36542790997504826,15427.909975048226,-13.744718343136649,-0.0005254226307742037,-0.0032699382901371183,2.5458324812630625e-5,7.1249225632084805
0.3654291666666667,15429.16666666666,-13.744719990472925,-0.0020952466842023136,-0.002278415351661141,1.2359944082583715e-5,7.124922151125121
0.36543017685217843,15430.176852178402,-13.744722742299794,-0.0033520695462992043,-0.0014814772344632927,5.225654276745251e-6,7.12492253664399
0.36543310354370045,15433.103543700421,-13.74473784460989,-0.006958673307993668,0.0008209500608905849,1.604664291610131e-6,7.124927240398773
0.3654333333333334,15433.333333333354,-13.744739475881184,-0.0072392085265693745,0.0010010182977510426,2.3858038867437974e-6,7.124927834197424
0.36547986542781935,15479.865427819317,-13.746103267918938,-0.042349114612203774,0.02591780816802041,0.001599363762462632,7.125578550688381
0.36548209218420596,15482.09218420593,-13.746197724251337,-0.04246068389444115,0.0261849371614518,0.001632502224164713,7.125625240526368
0.3654833333333334,15483.333333333348,-13.746250423310334,-0.04245046569751716,0.02628889654911837,0.0016454906708815427,7.12565133471149
0.3654843189405926,15484.318940592546,-13.746292243298457,-0.04240545890085176,0.026348472040530407,0.0016529570925490778,7.125672064937189
0.3654865456969792,15486.54569697916,-13.746386453983462,-0.042183840803287576,0.026408105340354145,0.0016604476849220026,7.125718839777358
0.3654875,15487.499999999987,-13.746426643049116,-0.042038157374861204,0.02640186197698883,0.0016596626567904013,7.125738825021508
0.3654984563572235,15498.456357223467,-13.746869943460164,-0.03824226883958472,0.024983010809733433,0.0014860734026648991,7.125960643043733
0.36550000000000005,15500.000000000015,-13.746928339202451,-0.03740550421460559,0.024589246938886113,0.0014395977738607619,7.125990078513466
0.3655010352696923,15501.035269692266,-13.74696675570965,-0.03680470715400268,0.024299394511772803,0.0014058585086637481,7.126009476075929
0.36553714004425547,15537.140044255437,-13.747720811343486,-0.0011821277245049771,0.00409379087688454,3.990267558015021e-5,7.126407398541294
0.3655375,15537.499999999982,-13.747721158165998,-0.0007448519726669167,0.0038282437641841255,3.489392932860629e-5,7.126407899334859
0.3655398551542804,15539.855154280358,-13.747719538766454,0.002121012821681737,0.002080008294449847,1.0301034535667047e-5,7.126409270897711
0.3655416666666667,15541.666666666675,-13.747713699024882,0.004325896853173649,0.0007256475858116765,1.2537248066531293e-6,7.126408071288784
0.36554320913572474,15543.209135724712,-13.747705580945969,0.006199257674560537,-0.0004315390547929349,4.4339513288471346e-7,7.126405502709263
0.36554583333333335,15545.833333333314,-13.747685148760159,0.009368054480390048,-0.002402757878754952,1.3745822437902378e-5,7.126397868588802
0.36558275453626626,15582.75453626623,-13.746629234975009,0.04333754871834714,-0.02533336612060441,0.001528046283334732,7.125903804428908
0.36558333333333337,15583.333333333338,-13.746604071199169,0.043612749153362454,-0.025555149830984197,0.0015549182925810752,7.1258915893630395
0.3655852603682527,15585.26036825264,-13.746519197554735,0.044455640653310806,-0.02625118013108114,0.0016407725197011176,7.125850311959562
0.36559583333333334,15595.833333333308,-13.746032564394136,0.04700202826115021,-0.028843902888731326,0.001980882699653722,7.125611509209625
0.36559652148337596,15596.521483375926,-13.74600020492857,0.04704310972994346,-0.028937608656680998,0.0019937742732552837,7.125595507654887
0.36560000000000004,15600.000000000004,-13.745836499089872,0.047015333000417395,-0.02926643276529156,0.002039343063822218,7.125514328843164
0.3656000776936503,15600.077693650293,-13.745832846494007,0.047010229215926784,-0.02927100100955608,0.002039979762146269,7.1255125132533
0.3656036339039247,15603.633903924663,-13.745666333790908,0.04656801003617667,-0.029349593345349104,0.0020509491179460963,7.125429542191667
0.3656041666666667,15604.16666666664,-13.74564155065585,0.04646677129258855,-0.029339339610172318,0.002049516306573872,7.125417158815431
0.36565833333333336,15658.33333333333,-13.744118506349563,0.0006915179868713763,-0.003807652476673601,3.4519565197901454e-5,7.124621493797703
0.36565863053554976,15658.630535549722,-13.744118352419159,0.0003443848035795477,-0.0035884694622705026,3.0659793051542736e-5,7.124621142049331
0.36566079344499575,15660.793444995714,-13.74412033311379,-0.0021729694333451214,-0.001992203343357306,9.449700384009587e-6,7.124620142987208
0.36566250000000006,15662.500000000024,-13.74412572562966,-0.004144176068398115,-0.0007338803491080454,1.2823342066832064e-6,7.124621285527949
0.3656635031546316,15663.503154631553,-13.744130460578655,-0.0052948432321211995,4.085502794177862e-6,3.974126924103601e-11,7.1246227477004656
0.3656662128642674,15666.212864267392,-13.744148981862757,-0.008365548479508551,0.0019860926790505216,9.39181935661447e-6,7.124629598276057
0.3656666666666667,15666.666666666662,-13.74415289352673,-0.008873631783371095,0.0023158487083296208,1.2769417237790412e-5,7.124631156124143
0.36566892257390327,15668.922573903232,-13.74417573582156,-0.011368541800444235,0.003942809666447115,3.701368587102097e-5,7.124640626003146
0.36571250000000005,15712.500000000018,-13.74544837931246,-0.03914796649299517,0.024179528076755805,0.0013920228047967199,7.125253866264973
0.36571419820419493,15714.198204194896,-13.745514882711205,-0.039158995252814056,0.024328377506858578,0.0014092141717052915,7.125286915417388
0.3657163577307312,15716.357730731157,-13.745599348138999,-0.03904256876994069,0.024436083781180236,0.0014217195013353804,7.125328973579905
0.3657166666666667,15716.666666666657,-13.745611405454795,-0.039013997560159046,0.02444401449420032,0.0014226424871254175,7.125334984891851
0.36571851725726745,15718.517257267416,-13.745683404891587,-0.03878064624145749,0.02445235286864576,0.0014236132400304014,7.12537092080692
0.3657206767838037,15720.676783803678,-13.745766739833147,-0.038374298692010624,0.02437737187452722,0.0014148958559737873,7.125412600938073
0.36574805749863787,15748.057498637836,-13.74663662843225,-0.0219433876202831,0.016091437838819497,0.0006165104088585522,7.125855807895346
0.36575,15749.999999999985,-13.74667749402622,-0.020120876456485633,0.015059241435453586,0.0005399541728840051,7.1258773743024015
0.36575065132264045,15750.651322640419,-13.746690395889974,-0.019495383408357683,0.01470276693939201,0.0005146937039859017,7.125884220152802
0.3657666666666667,15766.666666666652,-13.746869702674253,-0.002464106024434834,0.00465609203491085,5.161712627990539e-5,7.125985641513912
0.36576886171160333,15768.861711603298,-13.746872390426269,1.732479310920946e-5,0.003145475963619529,2.355718818501953e-5,7.125988851605038
0.3657708333333334,15770.833333333345,-13.74687015228196,0.002253632722595119,0.001774605157487527,7.498151107098407e-6,7.125989446215137
0.3657717363915151,15771.736391515078,-13.746867654373657,0.0032784382468941152,0.001143381735496376,3.1126709358731063e-6,7.125988992635488
0.365775,15774.999999999984,-13.74685092006138,0.006973060706419699,-0.001148219569660687,3.1390670955994595e-6,7.125983545594674
0.3658280614224836,15828.061422483552,-13.745223781557781,0.044312828783569735,-0.027421999758712748,0.0017903954065877188,7.12520584617396
0.3658291666666667,15829.166666666672,-13.745174791595193,0.04433103261534123,-0.027535964268416334,0.0018053079242654792,7.125181470097434
0.36583212190250386,15832.121902503826,-13.745043914138147,0.04419827768957924,-0.02772793767815216,0.0018305679235321192,7.125116173908851
0.36583333333333334,15833.33333333331,-13.74499044557328,0.04406778181190549,-0.027759002943498447,0.0018346720105170372,7.12508942410904
0.36583543431663285,15835.434316632813,-13.74489818403271,0.043737268278582875,-0.02774702437186249,0.0018330889559350736,7.125043164690093
0.365888591787903,15888.591787902973,-13.743460591326777,0.0020775950119695037,-0.00447231132158925,4.7622782279084235e-5,7.124290117858045
0.36589076608596666,15890.766085966623,-13.743458648378708,-0.00028840199109788863,-0.0029722831561955604,2.1034445620485342e-5,7.124287256213461
0.36589166666666667,15891.666666666637,-13.743459347702197,-0.0012641393034989192,-0.0023503632298872354,1.315287455334752e-5,7.124286830954776
0.3658931220098444,15893.122009844385,-13.743462330730248,-0.0028336167014008603,-0.0013459270907230276,4.3131422227194125e-6,7.124287081708693
0.36589583333333336,15895.833333333332,-13.743473945090537,-0.005725912429218908,0.0005184270072264173,6.399203852898566e-7,7.124290621041924
0.3658964740130228,15896.474013022744,-13.743477830307791,-0.0064019873905343345,0.0009567577494197741,2.1794890263685507e-6,7.12429203706719
0.3659131610622618,15913.16106226176,-13.743722711609887,-0.022298592111591263,0.011589687758585541,0.00031981157700358936,7.124402484687458
0.3659155449264388,15915.544926438763,-13.743778153994013,-0.024197008793386324,0.012914496563851819,0.0003971052892803344,7.124428821400309
0.3659166666666667,15916.66666666669,-13.743805777532883,-0.025049773861280458,0.013515280597850803,0.00043491145152057696,7.124442014135789
0.3659179287906158,15917.928790615766,-13.74383798219155,-0.025976916452796688,0.014173005166690452,0.000478271608226272,7.124457445306089
0.3659417674323858,15941.76743238579,-13.744606191821315,-0.03593773140086513,0.02213909753001335,0.0011669991415320074,7.1248342736037245
0.3659441512965628,15944.151296562792,-13.744692043641663,-0.03606206897046744,0.02240426283420573,0.0011951214122480288,7.124877057026973
0.36594583333333336,15945.833333333325,-13.744752702772725,-0.03604997614952786,0.022528919285784137,0.001208457629012801,7.1249073508421015
0.3659465351607398,15946.535160739795,-13.744777994139284,-0.03602052590233024,0.02256560265529762,0.0012123962457066069,7.1249199974356126
0.36594891902491683,15948.919024916797,-13.744863648202372,-0.03581349073594565,0.022622734538015957,0.001218543138041762,7.124962897050873
0.36595000000000005,15950.00000000002,-13.74490228465975,-0.03566533969439122,0.022614300824829004,0.001217634766180623,7.124982283501898
0.3659978118153402,15997.811815340157,-13.745976826360184,-0.0019271575445114866,0.004128599711708514,4.058413233218959e-5,7.125542399317864
0.36600000000000005,16000.000000000015,-13.745978524284759,0.00037728642417694623,0.002719004801128584,1.7602350258476887e-5,7.125544999813425
0.3660004899943837,16000.489994383694,-13.745978212662846,0.0008947143936445604,0.0024010823651750774,1.372665839132082e-5,7.125545240275205
0.36600352990436913,16003.529904369096,-13.745970608617013,0.004108282990766131,0.00041490313691979223,4.0986812625210436e-7,7.125543923890655
0.3660041666666667,16004.166666666653,-13.745967778438391,0.00478090651544989,-3.3791257407301544e-6,2.7186882789678846e-11,7.125543034403362
0.3660065991029429,16006.599102942886,-13.74595303040028,0.007342766547355891,-0.0016047661151928736,6.131605439217207e-6,7.125537679181884
0.3660580993248693,16058.09932486929,-13.744464977920417,0.04169646366522356,-0.025827995548420152,0.0015882984620219315,7.124823166696379
0.3660583333333334,16058.333333333341,-13.744455218874894,0.04171092074545999,-0.025857269335041635,0.0015919008987259151,7.12481829768181
0.3660625,16062.49999999998,-13.744281255498878,0.041709980769691374,-0.026218145433310074,0.0016366455951480903,7.124731253887485
0.3660629038224511,16062.90382245107,-13.744264417180396,0.04168391425183409,-0.026236883525417285,0.0016389858503007449,7.12472280362161
0.3660666666666667,16066.666666666673,-13.744108312743071,0.04122178083039999,-0.026272806336989064,0.0016434770305260302,7.124644249536312
0.366068609112008,16068.609112007969,-13.744028605804399,0.04082957698060387,-0.026193256324652782,0.0016335397068784833,7.124603988788704
0.36608123305964707,16081.233059647038,-13.743540300796289,0.03585004645187932,-0.024082047140494948,0.0013808214154214784,7.124354879772457
0.36608333333333337,16083.333333333338,-13.743466259463863,0.03463942641957316,-0.023473354213389152,0.001311900852445796,7.124316681203245
0.36608352833485097,16083.528334850938,-13.743459516165755,0.03452192464523171,-0.023413310530552893,0.0013051978809526163,7.124313195650027
0.36612083333333334,16120.833333333307,-13.742740994559224,0.0014124247947391799,-0.0038557689121241083,3.5397509294530316e-5,7.1239244606095
0.36612258623231303,16122.586232312997,-13.74274007438294,-0.00036103665806614933,-0.0027234605872635603,1.7660089453280897e-5,7.123922572826029
0.36612500000000003,16125.0,-13.742743875705372,-0.002784325797805638,-0.001165068251766854,3.2318667411311265e-6,7.123922549441308
0.3661251155412492,16125.115541249179,-13.742744204071318,-0.0028996226372850656,-0.0010905971713153315,2.8319099763833397e-6,7.123922622861891
0.36612835817556083,16128.358175560797,-13.742758816792424,-0.006101648393807817,0.0009896483169025668,2.3319137884478167e-6,7.123927437480715
0.36612916666666667,16129.166666666639,-13.742764068244135,-0.006888218820015475,0.0015042828420599064,5.387778259323403e-6,7.123929459788584
0.36616578385748105,16165.78385748102,-13.74354994005797,-0.0317307162735964,0.01909001417560218,0.000867687241011172,7.124305675679406
0.3661666666666667,16166.666666666662,-13.74357805681193,-0.03196423123661444,0.01930045189031945,0.0008869224837393706,7.124319625235396
0.3661682789029424,16168.278902942367,-13.743629900827601,-0.032337430901758266,0.01965204388925144,0.0009195305452977734,7.124345385773317
0.36617500000000003,16174.999999999995,-13.743850627246418,-0.03314073286652985,0.020651394715111328,0.0010154288182841144,7.124455591065604
0.36617576403932645,16175.764039326412,-13.74387595435576,-0.03315454262417777,0.020716564375985486,0.0010218477132008356,7.1244682887842385
0.3661782590847878,16178.25908478776,-13.743958630038309,-0.033089168307426316,0.020859754180293892,0.0010360222487197344,7.124509811343174
0.3661791666666667,16179.16666666669,-13.74398863305859,-0.03302350865920611,0.02088534813045415,0.0010385661107863444,7.12452490764101
0.36618075413024914,16180.754130249108,-13.744040932041626,-0.03285515849245213,0.02089612307005029,0.0010396379984730665,7.124551258019416
0.3661832491757105,16183.249175710456,-13.744122441077511,-0.03245381583529385,0.02082581309585946,0.001032653550246837,7.124592417677907
0.3662291666666667,16229.166666666684,-13.745039062613731,-0.0013130257746081751,0.003563932288564136,3.024193656540476e-5,7.125074426707689
0.36623135593579564,16231.355935795611,-13.745039588323717,0.0008346426013463318,0.002242996347305842,1.1978649081017502e-5,7.125076336677137
0.36623333333333336,16233.333333333321,-13.745036013997623,0.0027810851576436594,0.0010374411975138775,2.5625815197595914e-6,7.125076048859458
0.36623462834069426,16234.628340694224,-13.745031586623083,0.004056421669508989,0.0002432107034283097,1.4083677681450766e-7,7.125074820921909
0.36623750000000005,16237.500000000016,-13.745015884037194,0.0068772637771147525,-0.0015258382455269795,5.543291313125835e-6,7.125069159198352
0.36624790872832164,16247.908728321603,-13.744892154136021,0.01677801077117643,-0.007879775790535842,0.00014783539645027321,7.125015067628802
0.36625,16249.999999999987,-13.744855091462247,0.01865918457801035,-0.00911594394381597,0.00019785817615903585,7.124998024672105
0.36625086361945325,16250.863619453216,-13.744838647147935,0.019421662134034404,-0.009620040810213469,0.00022034567902422052,7.124990406301872
0.36628980582899373,16289.805828993698,-13.74358810705428,0.03933760264946228,-0.024529150580603412,0.0014325695909664683,7.124379478155
0.3662916666666667,16291.666666666648,-13.74351484490093,0.03938829940326141,-0.02471177363075644,0.0014539803713755936,7.124342676936109
0.36629442987689703,16294.429876896998,-13.743406088128793,0.039296069356747024,-0.024877959682895873,0.0014736020904376013,7.1242878839846275
0.3662958333333334,16295.833333333343,-13.743351018305217,0.0391727979168081,-0.024914070860435112,0.001477883159139957,7.1242600649007395
0.36629905392480033,16299.0539248003,-13.743225553290513,0.038696843290720886,-0.02487355522439191,0.0014730803559544624,7.12419649581969
0.3663327982477124,16332.798247712388,-13.742176457850794,0.019685837591970824,-0.014960408155874315,0.0005328900290246445,7.123650974837318
0.36633333333333334,16333.33333333331,-13.742166046921678,0.01922677304472542,-0.014688391244928638,0.000513687708009753,7.123645325197236
0.3663350652692232,16335.065269223182,-13.742134047575552,0.017720227674204957,-0.013790777539228744,0.00045282272651546673,7.123627880707819
0.36635320934972576,16353.209349725728,-13.741963729606299,0.0008614009955282469,-0.0033198832896976765,2.624196442193778e-5,7.1235278205818675
0.3663541666666667,16354.16666666667,-13.741963336163218,-3.895320662331452e-5,-0.002741056539073951,1.788902607238111e-5,7.123526892530938
0.3663555941836229,16355.594183622869,-13.741964346671907,-0.0013754634262440296,-0.0018782779272760145,8.399828504981623e-6,7.123526324557408
0.36635833333333334,16358.333333333308,-13.74197159877539,-0.003912970855054089,-0.00022836178455911343,1.2416453487386412e-7,7.12352795436615
0.36635837497658164,16358.374976581603,-13.741971762520636,-0.0039512191519562884,-0.00020337186032648547,9.847646088727502e-8,7.12352800657051
0.36636115576954037,16361.155769540337,-13.741986276397043,-0.0064780928187685785,0.0014557357530732957,5.045634720894942e-6,7.123533331906837
0.3664053385021757,16405.33850217568,-13.742940908167547,-0.030361296590999818,0.018938455383718796,0.0008539645055264462,7.123997256285924
0.36640783831807416,16407.83831807413,-13.74301690839981,-0.030417018172365626,0.019147392022948014,0.0008729110030486982,7.124035549993209
0.36640833333333334,16408.333333333303,-13.74303196363368,-0.03040930187927475,0.01917690319312372,0.0008756038478058064,7.124043148468469
0.3664103381339726,16410.33813397258,-13.743092850399197,-0.030314760898559157,0.019256209662870935,0.0008828609775724856,7.1240739212383835
0.36641250000000003,16412.499999999996,-13.74315817524463,-0.03009945114837507,0.019269404841160506,0.0008840713403155712,7.124107013996599
0.36641283794987106,16412.837949871027,-13.74316833995529,-0.03005521174058648,0.01926468908655615,0.0008836386800039896,7.124112170567352
0.3664153377657695,16415.337765769476,-13.743242985479,-0.029639780014385934,0.019173073883405188,0.0008752541955678907,7.124150099649756
0.3664166666666667,16416.66666666669,-13.743282190162269,-0.02935617840998225,0.019083846877541236,0.0008671266943939055,7.1241700648173225
0.3664179120427422,16417.912042742177,-13.7433185637101,-0.029051305253390683,0.018974862992409587,0.0008572510132874165,7.124188616638187
0.3664583333333334,16458.333333333354,-13.744052044124837,-0.002825124547640252,0.004313139675351665,4.429327109307777e-5,7.124577397114736
0.3664609800504699,16460.980050469865,-13.74405634860541,-0.000423399508667555,0.0028376613849620375,1.9172195561201593e-5,7.124581408464209
0.3664625,16462.499999999993,-13.744055937524568,0.0009651488156757898,0.0019785782088247356,9.320885067704998e-6,7.124582273953154
0.3664640794379181,16464.079437918055,-13.744053270843532,0.0024120651086481757,0.0010787077325919777,2.770500886556489e-6,7.124582053754002
0.3664666666666667,16466.666666666686,-13.744043961281953,0.004784168010036456,-0.000406900059865894,3.9420871123540037e-7,7.124579217374489
0.36646916401919927,16469.164019199234,-13.74402916085643,0.007066646660298557,-0.0018486673739635804,8.137073951327143e-6,7.12457355879958
0.3664998105936777,16499.810593677666,-13.74342183718356,0.030643383686617728,-0.017710797738553923,0.0007468389441332542,7.124286738806555
0.36650000000000005,16500.000000000015,-13.743416023487654,0.030745112790192663,-0.01778605529540906,0.0007531994356460685,7.124283892112368
0.3665027063982417,16502.70639824164,-13.743330921958645,0.03211895273187772,-0.018816310511908966,0.0008429846220966091,7.124242120737107
0.36652083333333335,16520.833333333318,-13.742692028207378,0.037097522300059235,-0.023234878452243597,0.0012853799445012707,7.123923655770169
0.36652500000000005,16525.00000000001,-13.742537233531788,0.037133304871558394,-0.023573218233206746,0.0013230871854056929,7.123845385165438
0.3665257106347826,16525.710634782587,-13.742510857431247,0.037097148473462294,-0.02360423925740658,0.001326571692668795,7.123832007294487
0.3665291666666667,16529.16666666665,-13.742383170821313,0.036746756738998104,-0.023643608560900864,0.0013310005375740588,7.123767074342535
0.3665307525292015,16530.752529201443,-13.742325091335623,0.036489782585196404,-0.023599689499400205,0.0013260603439716673,7.1237374440734245
0.36658236310997366,16582.36310997363,-13.741135873191581,0.003372483091857617,-0.004762263816278244,5.399799203769767e-5,7.123105738043013
0.36658333333333337,16583.33333333334,-13.741133015679921,0.0025181542074863596,-0.004214617791466504,4.229286459082378e-5,7.123103582111252
0.36658471771404877,16584.717714048737,-13.741130371844873,0.0013020508117329755,-0.0034318550840196837,2.8041974565980357e-5,7.123101239930244
0.36658715513884527,16587.15513884523,-13.741129795724499,-0.000825983122909892,-0.0020530033531914087,1.0035292305274208e-5,7.123099208916503
0.3665875,16587.499999999978,-13.74113013219858,-0.001125292232077457,-0.0018581297748285204,8.220586333581638e-6,7.123099136382792
0.36658988887821675,16589.88887821672,-13.741135283955403,-0.003182950787292317,-0.0005120775963428254,6.243415825624894e-7,7.123100086783486
0.3665916666666667,16591.66666666667,-13.74114228781928,-0.00469296183402796,0.00048292374424935985,5.552746256186217e-7,7.123102429560129
0.36659282610411487,16592.826104114833,-13.741148294110149,-0.005666092843545195,0.0011274810062571875,3.0266986177874286e-6,7.123104701213004
0.3666375,16637.49999999997,-13.74203254839883,-0.02781807628782156,0.017484228518878635,0.0007278529688104024,7.12353668405271
0.3666394826875449,16639.482687544893,-13.742087742913697,-0.027842967237111174,0.017629565255840925,0.0007400037407379844,7.123564663894643
0.3666416666666667,16641.666666666664,-13.742148484860657,-0.027763385162042364,0.017721432088657268,0.000747736083983075,7.1235955298023566
0.3666421220719123,16642.12207191229,-13.7421611216465,-0.027732687948838812,0.017731557745924786,0.0007485908097549173,7.1236019609135175
0.3666447614562797,16644.761456279688,-13.742233993923366,-0.027459402562574547,0.017728899230284163,0.0007483663521846912,7.123639113466682
0.3666656834641025,16665.683464102465,-13.742745190934283,-0.019880387859428937,0.014147533613661846,0.00047655406511831375,7.123903714302035
0.3666666666666667,16666.666666666664,-13.742764459215195,-0.019311786495292003,0.01383568745298052,0.0004557767792775299,7.123913892505621
0.3666684476946807,16668.447694680675,-13.742797907761801,-0.018240419751630293,0.01324185592563019,0.00041749225798844625,7.123931624029895
0.3666905928502869,16690.592850286845,-13.743026675299145,-0.0015800403443654442,0.0033833186579140593,2.725439319283188e-5,7.1240600498709945
0.3666916666666667,16691.66666666666,-13.743027885508933,-0.0006733423464681342,0.002823046606337863,1.8975219384656482e-5,7.124061364361308
0.366693519881123,16693.519881122942,-13.743027677440594,0.0008993098022157172,0.0018464043968171,8.117164753775046e-6,7.124062480469021
0.3666958333333334,16695.833333333354,-13.743023317195123,0.002871206585864912,0.0006131793909263428,8.952118225161921e-7,7.124061812001907
0.36669687172456944,16696.871724569406,-13.74301987559497,0.0037575305155963363,5.5742042335481254e-5,7.398036389834723e-9,7.124060764037501
0.3667,16699.999999999993,-13.743003948049875,0.006423487053047714,-0.0016327640251581734,6.347424671073143e-6,7.124054798848582
0.36674698955966134,16746.989559661306,-13.741917824623272,0.0343960612718001,-0.021296325897419012,0.0010798416588787612,7.123526724896466
0.36675,16749.999999999985,-13.741813569371814,0.03483248109375202,-0.021782644909188065,0.0011297229029518495,7.12347408255854
0.36675021712418027,16750.21712418023,-13.74180600381749,0.034856072142123884,-0.021812845334917525,0.0011328576704881744,7.123470254661825
0.36675384712933956,16753.847129339527,-13.741678956860456,0.035092361703434126,-0.022219053419501367,0.00117544365442537,7.123405818700188
0.3667541666666667,16754.166666666682,-13.741667742444447,0.03509884447542027,-0.022245819008409853,0.0011782772937022124,7.123400116989231
0.3667582904276392,16758.290427639156,-13.741523126733425,0.034974713677160735,-0.022459259805571584,0.001200996073843246,7.123326387763244
0.36675833333333335,16758.33333333332,-13.74152162619011,0.034971399682617595,-0.02246018749869192,0.0012010952916104687,7.123325620764651
0.36676199170366924,16761.99170366921,-13.74139439133426,0.0345368908245482,-0.022441107538943322,0.0011990554942248068,7.123260434822958
0.3668166666666667,16816.666666666646,-13.740240361269345,0.00148121435626192,-0.0033892091632009764,2.734937798077491e-5,7.122642896798898
0.36681890701359154,16818.90701359151,-13.740239083156876,-0.0003375043060457276,-0.002203133152205336,1.1556656396062427e-5,7.122640741266819
0.3668208333333334,16820.83333333334,-13.74024122727575,-0.0018858562639541528,-0.0011860528529292526,3.3493365950990933e-6,7.122640565819894
0.36682156471925154,16821.564719251503,-13.740242820009852,-0.0024690613823668893,-0.000801180880069557,1.5283114347357856e-6,7.122640902870478
0.3668249024541014,16824.902454101342,-13.740255455041483,-0.005090019944923304,0.0009408315693493522,2.107533433058012e-6,7.1226452297277625
0.3668328761510581,16832.87615105805,-13.740319929279508,-0.010980306047226765,0.004937145234822829,5.803667397555659e-5,7.122673470700312
0.36683333333333334,16833.33333333331,-13.740325022014012,-0.011298076089499533,0.005156376653603372,6.330528617577597e-5,7.122675822429958
0.36683553405004365,16835.53405004362,-13.740351540868195,-0.012792080744517202,0.006192910545575853,9.131462148929669e-5,7.1226881994104305
0.36687008673685606,16870.08673685603,-13.741077468344985,-0.02542087135184531,0.01612465520381385,0.000619058346290193,7.123049330378203
0.36687083333333337,16870.833333333336,-13.741096449850835,-0.02542519467746877,0.016173256735660998,0.0006227957938990569,7.123059015064875
0.36687274463584163,16872.7446358416,-13.741145015296627,-0.025380711985850513,0.016262040786650514,0.0006296523108254401,7.123083833151858
0.366875,16874.999999999975,-13.741202104081493,-0.025225732983545832,0.01630076734640363,0.0006326548001942352,7.123113079180715
0.3668754025348272,16875.402534827168,-13.741212250529038,-0.02518645015179122,0.016300158199324975,0.0006326075174357647,7.123118285366095
0.3669144094057925,16914.409405792474,-13.741922664142205,-0.0070222458112860955,0.006554514349787719,0.00010228966276565029,7.123494111662678
0.36691666666666667,16916.666666666635,-13.741936619126799,-0.005336070176138666,0.005532888066483017,7.288773894340519e-5,7.123502517667672
0.3669174666570946,16917.466657094592,-13.74194064576878,-0.004729965391615438,0.0051635410003540065,6.348132300556394e-5,7.123505036499499
0.36692083333333336,16920.83333333333,-13.741952225132863,-0.002138855552599363,0.0035725392638666993,3.0388182837783848e-5,7.12351294239337
0.3669236350634541,16923.63506345407,-13.741955149727938,5.575279240356357e-5,0.002210315722729405,1.1632132367011457e-5,7.123516142775813
0.36692500000000006,16925.000000000022,-13.741954338657324,0.001133401925144078,0.0015366136489948312,5.621860729231454e-6,7.12351657308459
0.3669270130172336,16927.013017233596,-13.74195045221593,0.002728803859654273,0.0005335080799553718,6.77692550899208e-7,7.123515846210056
0.3669291666666667,16929.16666666666,-13.741942733992552,0.004438858348518614,-0.0005492603920330274,7.183023291816073e-7,7.123513262873196
0.3669833333333334,16983.33333333335,-13.740743276766873,0.033064988234162096,-0.02092750864459269,0.0010427633763559565,7.122924091502757
0.3669873066890332,16987.306689033143,-13.740611560304547,0.033179348450815126,-0.021263801401413318,0.001076545833425588,7.122856713731628
0.3669875,16987.49999999999,-13.740605146644256,0.03317641436971274,-0.02127475453525846,0.0010776551917511912,7.122853424580962
0.3669916666666667,16991.666666666682,-13.740467314723276,0.03292218095494127,-0.02138789592937186,0.0010891478387753367,7.122782551487368
0.36699178059258447,16991.780592584437,-13.740463564717757,0.03291012412925098,-0.021387681528791093,0.0010891260028023611,7.122780618180978
0.3669990077682242,16999.00776822416,-13.740229809505161,0.03160038652025213,-0.021015284695072606,0.0010515290257498877,7.122659557837532
0.36700000000000005,17000.000000000015,-13.740198582913532,0.031338519305305686,-0.020909469350861375,0.0010409664488919314,7.122643300755819
0.367001863659533,17001.863659532988,-13.740140674799017,0.03079480222470533,-0.020675624819454584,0.0010178130039877294,7.122613096385946
0.36705000000000004,17050.00000000001,-13.739293312261454,0.0007483210759468099,-0.002760979646252841,1.8150020492910626e-5,7.1221514510502475
0.3670507582929749,17050.758292974864,-13.739292961323692,0.0001776082475926012,-0.002385414282252749,1.3548098328512853e-5,7.122150794076609
0.3670535177492061,17053.51774920605,-13.739295317526599,-0.0018797482105948964,-0.0010232470398863001,2.492939296752561e-6,7.122150297032879
0.3670541666666667,17054.16666666665,-13.739296692713758,-0.002358282039745743,-0.0007045169704678353,1.1817718135170873e-6,7.122150608835645
0.36705754364148857,17057.543641488537,-13.739308813236319,-0.004807885047016011,0.0009386929331514469,2.0979629113058737e-6,7.122154830231216
0.36708103940548076,17081.039405480726,-13.739596952577532,-0.01854414721201586,0.01066146670637743,0.00027063541031236766,7.122292115313538
0.3670833333333334,17083.33333333334,-13.73964055146489,-0.01945291902471445,0.01136242783431388,0.00030739230069045433,7.122313836075554
0.3670839763759798,17083.97637597975,-13.739653137457218,-0.019690970457377017,0.011548836820508323,0.0003175610283493542,7.122320125242456
0.36710000000000004,17100.000000000004,-13.740002512818513,-0.023080896698881883,0.014620423942943304,0.0005089447530271186,7.1224971392965735
0.3671015981989739,17101.59819897389,-13.74003945390639,-0.02313884521132969,0.014749894298057618,0.0005179985281044587,7.122516077128327
0.3671041666666667,17104.166666666642,-13.740098893857798,-0.023123171855241657,0.014887926571368492,0.0005277389466534761,7.122546627549147
0.36710453516947295,17104.53516947291,-13.74010741245625,-0.023109929259097897,0.01490062220834533,0.0005286393861805573,7.122551013773547
0.36710747213997197,17107.472139971935,-13.740175029033496,-0.02290614155959537,0.014937962156891018,0.0005312921747635908,7.122585900451418
0.36710833333333337,17108.333333333336,-13.740194716797172,-0.022813429855996797,0.01492741036017086,0.0005305418572879436,7.122596082298348
0.36715271920304443,17152.7192030444,-13.74083605293204,-0.0014833514898772281,0.0030198112812967223,2.1712524225349885e-5,7.122941554273617
0.36715416666666667,17154.16666666664,-13.740837440221757,-0.0004322343591591347,0.0023642519147366115,1.3308778848418414e-5,7.122943091097107
0.36715631235775426,17156.31235775422,-13.740836685283103,0.0011379638402698158,0.0013788438746025812,4.526691501259663e-6,7.122943940669238
0.36715833333333336,17158.333333333332,-13.740832883104838,0.0026258052518068438,0.00043846065161539207,4.57732721464272e-7,7.122943166730899
0.36716043335956755,17160.433359567516,-13.740825741337853,0.00417610952861039,-0.0005482560364771873,7.156778131754163e-7,7.122940733598581
0.36716455436138085,17164.55436138081,-13.740802268981307,0.007211924008761454,-0.0025008735381608256,1.4891353461602493e-5,7.122931114893749
0.3671666666666667,17166.666666666664,-13.740785403362748,0.008754820379951516,-0.0035038718081399373,2.923123249494722e-5,7.122923700032015
0.36716867536319414,17168.675363194106,-13.74076635570098,0.010207670869991551,-0.00445514378559317,4.725787178645106e-5,7.12291509677141
0.3672161141480442,17216.11414804419,-13.739651744762543,0.031333651376091905,-0.020033448421009747,0.0009555691800887092,7.122359161741351
0.3672166666666667,17216.666666666657,-13.739634425353536,0.03135793415317965,-0.020083297463508166,0.0009603305643041748,7.122350247581399
0.36722062582603193,17220.625826031897,-13.739510175085025,0.03135684838145295,-0.020328367851819875,0.0009839108083783425,7.122286123908559
0.3672208333333334,17220.83333333335,-13.739503669180527,0.03134832520351562,-0.02033575402235031,0.0009846259325179448,7.122282757935975
0.367225,17224.99999999999,-13.739373660160961,0.030999846913864138,-0.020368421976473098,0.0009877919376468387,7.122215318179687
0.36722513750401964,17225.137504019604,-13.739369398737438,0.030982621469311567,-0.02036574187394844,0.0009875320049435642,7.122213101892461
0.3672483649078443,17248.36490784426,-13.738721975345822,0.023244557631142467,-0.016615341290935465,0.0006573084909863454,7.121871399383444
0.36725,17249.99999999999,-13.738684668346695,0.02238257583211036,-0.016125442734562307,0.000619118817584877,7.121851315956179
0.3672509323033901,17250.932303390087,-13.738664036355182,0.021875875672000236,-0.015834656924173917,0.0005969913331102119,7.121840181809108
0.36728174104994005,17281.741049940014,-13.738293338194941,0.0013982488835337387,-0.0030496683707354577,2.2143993265391093e-5,7.12163028273088
0.36728333333333335,17283.333333333318,-13.738291999060536,0.0002851689114025622,-0.002311687585111602,1.27235702170455e-5,7.121628647140327
0.367284385811826,17284.385811825952,-13.738292083846686,-0.00044555564792545096,-0.0018249749255213263,7.929841616146594e-6,7.121628074937086
0.36728731241102586,17287.312411025825,-13.738296332806566,-0.0024510538533166868,-0.00047984653669582095,5.482207113785091e-7,7.121628594232763
0.36728750000000004,17287.50000000001,-13.738296804514166,-0.002578074515790713,-0.00039418017930968537,3.699476518109898e-7,7.121628732532448
0.3672906915145652,17290.691514565195,-13.738308444830166,-0.00470534013554501,0.0010492221151803358,2.6211120166273754e-6,7.121632994628047
0.36733124075703766,17331.240757037624,-13.738910389932188,-0.02089917532338653,0.013282271405877457,0.0004200446040461665,7.121931785533477
0.36733333333333335,17333.33333333331,-13.738954233553738,-0.020991015936416328,0.013455152023005236,0.00043105027610043314,7.121954405850152
0.367334619860577,17334.619860576993,-13.73898125233777,-0.021006434125931416,0.013534886627755436,0.0004361741810147451,7.121968376063051
0.36733750000000004,17337.500000000007,-13.739041677954637,-0.020927702292664562,0.013639719063017097,0.00044295699075721893,7.121999702705303
0.3673379989641164,17337.998964116363,-13.739052112958507,-0.020898188049687655,0.013647506405926008,0.0004434629311899797,7.122005124233509
0.36734145820584113,17341.4582058411,-13.739123893789403,-0.02056552573680801,0.01361730739705767,0.0004415025255856227,7.122042513172811
0.36738333333333334,17383.333333333307,-13.739673069770822,-0.0018266890673411678,0.003095540998180841,2.2815176360520084e-5,7.122340913616387
0.3673856547084905,17385.65470849046,-13.739675505796978,-0.00026860335584862234,0.00211981173097385,1.0699051844700837e-5,7.122343404650213
0.36738750000000003,17387.5,-13.73967484819742,0.00098295180344341,0.0013303046278970584,4.21359619762936e-6,7.122344058010007
0.3673898212805238,17389.82128052374,-13.7396707281227,0.002568498567806642,0.00032291822149158533,2.482766137411633e-7,7.122343191388584
0.36739166666666667,17391.66666666664,-13.739664820985926,0.003833992552161028,-0.0004868319942630945,5.642985491385279e-7,7.1223411497344475
0.36741418589249975,17414.18589249971,-13.739409217999695,0.018425555970734406,-0.010228526644648796,0.0002491018031435485,7.122220841861067
0.36741666666666667,17416.666666666635,-13.739361782755433,0.01980563850395649,-0.011199578103280053,0.00029864416593207145,7.122197436333513
0.3674174907243061,17417.49072430604,-13.739345278568262,0.020248967762399275,-0.011514181274274345,0.0003156580248020237,7.122189261692126
0.3674207955561124,17420.795556112367,-13.739275518988808,0.021945459925593776,-0.012731919365336682,0.00038595659696532197,7.12215455761273
0.36744758285907636,17447.582859076327,-13.738558341231387,0.029641282834482138,-0.019066522586011783,0.0008655530560068987,7.121788971895265
0.36745000000000005,17450.000000000022,-13.738486568012128,0.0297278656931826,-0.0192629096640349,0.0008834754493446885,7.121751730069206
0.3674518964928597,17451.896492859665,-13.738430185174165,0.029721335601460654,-0.019368942612725697,0.000893228423654908,7.121722399796934
0.3674541666666667,17454.16666666666,-13.738362801317786,0.029627575553111754,-0.019439932036681762,0.0008997879942638237,7.121687260862635
0.36745647664141223,17456.4766414122,-13.738294564503608,0.0294365516831291,-0.019449325069839575,0.0009006577277911673,7.121651581007547
0.3674583333333334,17458.333333333354,-13.738240107280562,0.029213691152097966,-0.019410942369024367,0.0008971063896513937,7.121623035720785
0.367499215845091,17499.215845090956,-13.737337313576283,0.011456688520769717,-0.009457081407602728,0.00021294378273815524,7.121136357798137
0.36750000000000005,17500.000000000015,-13.737328526623665,0.010954149357900022,-0.009139398265915128,0.00019887762062622012,7.121131325051046
0.36750183211415494,17501.832114154902,-13.737309539550532,0.009770807805581608,-0.008387440847200679,0.0001674980094411677,7.121120365902872
0.3675149134594747,17514.913459474647,-13.737237838580695,0.0011918365076770362,-0.002783284449171377,1.84444579166648e-5,7.121075456000113
0.3675166666666667,17516.66666666668,-13.73723674329303,5.945386233164448e-5,-0.00202400776939513,9.753827263266309e-6,7.121073914085991
0.36751762407354116,17517.624073541127,-13.737236980311078,-0.000553938223767176,-0.001610764609183692,6.177530062377837e-6,7.121073514138927
0.36752066000971173,17520.660009711697,-13.737241582932606,-0.002470296186652913,-0.00031058781130731855,2.296780679349298e-7,7.121074289240178
0.36752083333333335,17520.833333333318,-13.737242020447571,-0.002578207698953754,-0.00023695173195702012,1.3368124589864646e-7,7.1210744263710115
0.36752400599712104,17524.005997121007,-13.73725329793777,-0.004519888057662285,0.0010960942421227074,2.8605299705108384e-6,7.121078678565884
0.36756415784603275,17564.157846032715,-13.737800035209288,-0.018927598803403854,0.012148765341084413,0.0003514107126493664,7.121352300892016
0.3675666666666667,17566.666666666675,-13.73784762227645,-0.01898981783740435,0.012317158568680832,0.00036121998858578005,7.121377070048513
0.36756750383344206,17567.50383344202,-13.73786351919057,-0.01898602480902849,0.012357303447041319,0.00036357844876728395,7.121385362903555
0.36757083333333335,17570.833333333314,-13.73792655973488,-0.01884957455307541,0.012437178178704598,0.0003682938120210615,7.12141833996965
0.36757084982085136,17570.84982085133,-13.737926870508053,-0.018848417671327052,0.01243725606602533,0.0003682984248854378,7.121418502900315
0.36757429517158463,17574.295171584596,-13.73799127449892,-0.018503464072365774,0.012384981199766994,0.0003652089507585284,7.121452347046722
0.36758237375992536,17582.37375992533,-13.738135041098865,-0.01690842767274025,0.011734305893099496,0.0003278427018876894,7.121528514891415
0.3675833333333334,17583.33333333334,-13.738151142364291,-0.01664836880541164,0.011608989836319382,0.00032087772623753973,7.121537106809071
0.36758641305409573,17586.413054095694,-13.738201018241993,-0.015717288407640292,0.01114030487757311,0.0002954914113459029,7.121563816959232
0.3676146881132883,17614.688113288255,-13.738466930709277,-0.0017144820767574344,0.0028954997585486546,1.996171155179837e-5,7.121713318607007
0.3676166666666667,17616.666666666668,-13.738469113191204,-0.0004889862306322284,0.002124676849434776,1.0748218367914486e-5,7.121715432329852
0.36761872740745866,17618.727407458624,-13.738468792449245,0.0008025166791296624,0.0013064769641810896,4.064004899847228e-6,7.121716297811385
0.36762083333333334,17620.833333333307,-13.738465701995212,0.0021341210874580474,0.00045673326060925327,4.966792174922859e-7,7.121715755817123
0.36762320815632743,17623.208156327397,-13.738458841500126,0.0036446625229917145,-0.0005146237354819402,6.305656883842523e-7,7.121713397250316
0.3676652944226305,17665.294422630483,-13.737792067151535,0.025555096866321344,-0.015817242442121834,0.0005956789487449054,7.121383480274705
0.3676666666666667,17666.666666666664,-13.737756732058138,0.025939820420325548,-0.016134367631254712,0.0006198043306201898,7.121365327027896
0.3676688750400664,17668.875040066367,-13.737698817183208,0.02649772511317393,-0.01660748031693051,0.0006566866725648437,7.12133550437582
0.36767975926028074,17679.7592602807,-13.7373999523449,0.02809383238397691,-0.01822148127842564,0.0007905294761428956,7.121180358187294
0.36768333333333336,17683.33333333333,-13.737299313044455,0.028186515168913445,-0.018476405564836863,0.0008128037204674632,7.121127672298229
0.3676841524727005,17684.152472700443,-13.737276227334,0.02817736482832611,-0.018515032992976705,0.0008162058255500379,7.121115556017115
0.36768750000000006,17687.500000000022,-13.737182109460127,0.02802252502002663,-0.018595598418971872,0.000823324477523022,7.121066040369808
0.3676891203417802,17689.120341780163,-13.737136812815622,0.027880171314152824,-0.018589850457017523,0.0008228155714625587,7.121042141057195
0.36774867770096775,17748.677700967717,-13.736128610446174,0.0008287512850113616,-0.002416346082973121,1.3901734268332254e-5,7.120487676510787
0.36775,17749.99999999999,-13.736128035992998,4.122998860589017e-5,-0.001881794527049338,8.431311052459148e-6,7.120486690117696
0.3677516404740979,17751.640474097883,-13.73612876312052,-0.0009257188344814457,-0.0012220127089219571,3.555512049444714e-6,7.12048623605519
0.3677541666666667,17754.166666666682,-13.736132956875096,-0.0023888272143690005,-0.00021622491761509442,1.1131717856584376e-7,7.120487183892383
0.3677551048882971,17755.104888297068,-13.736135449154501,-0.0029230577130432596,0.00015334937487907402,5.59905494661971e-8,7.120488037815831
0.36775833333333335,17758.33333333332,-13.736147801680568,-0.004717261732233154,0.0014042610153663373,4.695116664946897e-6,7.120493009781458
0.3677966778586873,17796.67785868727,-13.736627611595653,-0.017037887704665033,0.011022805479348518,0.00028929104913227546,7.1207353191372444
0.3678,17799.99999999998,-13.736684344968642,-0.01708690041694037,0.011214006476223932,0.0002994141458304578,7.120765114064419
0.3678001422728865,17800.142272886453,-13.736686775839459,-0.017084992039310253,0.011219550960243128,0.00029971029464164877,7.120766393773902
0.36780360668708567,17803.606687085638,-13.736745765457147,-0.01693721425136531,0.011287300331235518,0.000303340830398832,7.12079752601507
0.3678041666666667,17804.166666666675,-13.736755238401035,-0.01689512128613262,0.011286113467723556,0.00030327704096745487,7.120802539472833
0.36783038377568533,17830.3837756853,-13.737125019080137,-0.0097054959169256,0.007644586895325873,0.0001391421638099716,7.121002523512103
0.36783333333333335,17833.333333333314,-13.73715166708942,-0.008348991141370483,0.006844348558402174,0.00011153596949738555,7.121017595639586
0.3678340710261687,17834.071026168684,-13.737157696313238,-0.007996312251357886,0.006634087819368521,0.00010478838379784233,7.1210210423620826
0.36784583333333337,17845.83333333334,-13.737216200325745,-0.001787149201097471,0.0028183926126187117,1.8912706949675542e-5,7.121056728177711
0.3678488309865901,17848.83098659007,-13.737218998122401,-7.331364096572557e-5,0.0017340360617393072,7.159240627172301e-6,7.12105957659968
0.36785,17849.999999999978,-13.737218688247705,0.0006042029050788916,0.001302133586225314,4.0370282770857075e-6,7.121059960218505
0.36785279382186953,17852.793821869494,-13.737214721252773,0.002238766979408282,0.000252841007974737,1.5221089360400246e-7,7.121059197583344
0.3678541666666667,17854.16666666667,-13.7372110928098,0.00304772976122046,-0.00027021501687601927,1.7384798891739853e-7,7.12105794693843
0.36791288418051254,17912.884180512512,-13.736173458479385,0.026691364078363974,-0.017505495395518177,0.0007296246881964476,7.120530619554166
0.36791666666666667,17916.666666666635,-13.736072333845184,0.026741215126156678,-0.017731242812686236,0.0007485642182915173,7.120477157359475
0.367917522890057,17917.522890056993,-13.736049445051782,0.026721409096654675,-0.017761844861418737,0.0007511503163835887,7.120465024838235
0.36792083333333336,17920.83333333333,-13.735961243002762,0.026537348598057276,-0.01780855435879186,0.0007551062103572492,7.1204181616043325
0.3679223126827576,17922.31268275757,-13.735922082253774,0.0264002392297233,-0.01779256657172711,0.0007537510124031928,7.1203972980431205
0.3679833333333334,17983.33333333335,-13.734966515651355,0.00020316728858225317,-0.0018702977095190587,8.328603624362468e-6,7.119866403329326
0.3679837991853724,17983.79918537235,-13.734966480324609,-5.135071752215969e-5,-0.0016949941550084232,6.840488536935045e-6,7.119866160299062
0.3679868718717044,17986.871871704392,-13.734969190481134,-0.0017050012495208162,-0.0005487792911200433,7.170445484814697e-7,7.119866148624082
0.3679875,17987.49999999999,-13.73497036584035,-0.0020370489779315245,-0.00031706186432010967,2.3935291858605625e-7,7.119866482780768
0.3679911568828943,17991.156882894265,-13.734981288505221,-0.003922441575658912,0.0010092499693893917,2.425203573124972e-6,7.119870645059049
0.3679976716577298,17997.671657729752,-13.73501717358877,-0.007035940913341224,0.003244677397450117,2.5066503365532538e-5,7.119887028922278
0.36800000000000005,18000.000000000015,-13.735034755288787,-0.008057645033492142,0.003993198722295393,3.796580008509895e-5,7.1198954974022275
0.36800092904514753,18000.929045147495,-13.735042424303282,-0.008450344707792717,0.004283278565468474,4.368208397476587e-5,7.119899237444724
0.3680302455319072,18030.245531907185,-13.735418775789338,-0.01528304655078115,0.010008828810977938,0.0002385158432558621,7.120093352824959
0.3680333333333334,18033.333333333347,-13.735466010834294,-0.01528761628016271,0.010150599379188274,0.00024532063751613666,7.120118410643632
0.36803350291932496,18033.50291932493,-13.735468603074459,-0.015283706204712231,0.010155609022545137,0.00024556284433047663,7.120119789068372
0.3680367603067427,18036.76030674267,-13.735518172425856,-0.015124829945870794,0.010195597727999725,0.0002475005072171266,7.1201462133618
0.3680375,18037.499999999985,-13.73552933914774,-0.015066658126330415,0.010189785456185077,0.00024721839915019267,7.120152183559112
0.3680782388988581,18078.238898858068,-13.735923405135887,-0.0012380549411793714,0.002354512655635885,1.319935677511797e-5,7.120372238510849
0.3680791666666667,18079.166666666646,-13.735924328037553,-0.0007508317579754054,0.002044820215026844,9.955451694720071e-6,7.12037312334822
0.36808214484068824,18082.14484068821,-13.735924209322231,0.0008358568672968388,0.0010289666626610455,2.5208866496852615e-6,7.120374351091446
0.3680833333333334,18083.33333333334,-13.735922835263038,0.0014770672318510395,0.000615361849801741,9.015957290271918e-7,7.120374145257698
0.3680866063636348,18086.606363634794,-13.73591508945752,0.0032594070088485085,-0.000543338264480629,7.028963563067188e-7,7.120371494367741
0.3680875,18087.499999999978,-13.735911958071076,0.0037489226800111373,-0.000863863499221072,1.7768098697297028e-6,7.120370234687058
0.36814583333333334,18145.833333333307,-13.734911216314876,0.025367000929310952,-0.016814362968132428,0.0006731495286288169,7.119855736844976
0.36814901908823117,18149.019088231133,-13.734830293580194,0.025411311261980936,-0.016996151748595985,0.0006877837482411959,7.119812542211836
0.36815000000000003,18150.0,-13.73480537403628,0.025395305553542094,-0.01703240857332563,0.0006907212900207057,7.119799209995739
0.36815416666666667,18154.16666666664,-13.734699937718228,0.025172472411993333,-0.01708222390257497,0.0006947675558516756,7.119742639067056
0.3681541850205497,18154.185020549663,-13.734699475719667,0.025170939414098377,-0.017082069723812016,0.000694755014402798,7.119742390606072
0.3681660494049929,18166.04940499289,-13.734410619867075,0.023202088995718965,-0.016304754828869658,0.0006329643572132106,7.1195859952653535
0.3681666666666667,18166.666666666664,-13.734396345309413,0.0230483428043515,-0.016228095945011446,0.0006270264238107069,7.1195782083299575
0.36816908473604143,18169.084736041397,-13.734341381831415,0.02240023932482829,-0.015894688598329033,0.0006015264896139309,7.119548167884061
0.3682164252164797,18216.42521647965,-13.733753087065123,0.0006428942012930555,-0.0020613368047485646,1.0116927196692909e-5,7.119212635391874
0.3682166666666667,18216.66666666666,-13.73375294659287,0.000520715094367067,-0.001976328823884277,9.299703857418596e-6,7.119212450260182
0.36821934702816994,18219.34702816991,-13.733753353350375,-0.0008188815856662676,-0.0010393854750849758,2.572195632899097e-6,7.119211468437109
0.3682208333333334,18220.833333333354,-13.733755112872824,-0.0015468476415295119,-0.000526332561794321,6.595856323927922e-7,7.119211763000593
0.3682228136943572,18222.813694357188,-13.733759121595124,-0.002497829624167717,0.00014826941245093628,5.2342425401299666e-8,7.119213068227507
0.368225,18224.999999999993,-13.733765705227626,-0.0035195837294475503,0.0008789506013556662,1.8394146657702078e-6,7.119215695694584
0.3682470803576682,18247.080357668143,-13.733940206567091,-0.011467682148943958,0.006897715686515109,0.00011328209926665859,7.119302395347034
0.36825,18249.99999999999,-13.733974654006877,-0.012111207349850798,0.007443306075520463,0.00013191144127114247,7.119320318875288
0.36825054702385546,18250.547023855423,-13.73398130894488,-0.012219578884302664,0.007537725535485636,0.00013527930059121956,7.119323795018809
0.36826250000000005,18262.500000000015,-13.73413745685098,-0.013582495354003148,0.008946151063770702,0.0001905562353709659,7.11940633604658
0.3682644136886046,18264.41368860454,-13.734163491281123,-0.013617621244226764,0.009050510102352763,0.00019502793598283192,7.119420254754902
0.3682666666666667,18266.666666666653,-13.734194157558267,-0.013593458888732554,0.009129323155077088,0.0001984393839757778,7.11943670243276
0.36826788035479185,18267.88035479182,-13.734210632163949,-0.013551131436485295,0.00915196429933247,0.0001994248822291811,7.119445561980942
0.3682708333333334,18270.833333333347,-13.73425040007618,-0.01336289297722944,0.009149072574520127,0.0001992988785091342,7.119467016693366
0.3683088008695239,18308.800869523857,-13.734584064916282,-0.001702588269985685,0.002538063677839182,1.533754103039656e-5,7.119655163634945
0.36831250000000004,18312.50000000001,-13.73458708017512,8.230601896753718e-5,0.0013961628433571446,4.641120678978825e-6,7.119658242079086
0.36831299272000095,18312.99272000092,-13.734586980044648,0.00032428071560508526,0.0012401302319592722,3.6617214100460913e-6,7.119658387265498
0.3683166666666667,18316.666666666646,-13.734582441775455,0.0021526957275116816,5.212627091166831e-5,6.46940028370628e-9,7.119657461801699
0.36831756160792645,18317.561607926415,-13.734580313739846,0.002603275600460292,-0.00024301408421179327,1.4060915506022988e-7,7.119656693696147
0.3683324528037061,18332.452803706045,-13.734485351964002,0.010118618904082397,-0.005301515234504162,6.691919948018981e-5,7.119612051710566
0.36833333333333335,18333.333333333314,-13.73447625212127,0.010549919890249827,-0.005599951272854098,7.466536728176245e-5,7.119607534255985
0.36833685474162164,18336.85474162161,-13.734436105452728,0.012242260877121682,-0.006780604617636346,0.00010946809281121745,7.119587426586346
0.3683791666666667,18379.166666666668,-13.733598929266334,0.02413972534268745,-0.016189848586774375,0.0006240742791968578,7.119147140337971
0.36838042468070986,18380.424680709828,-13.73356854179425,0.024166956791506572,-0.016264541399009957,0.0006298459688574017,7.11913076037642
0.36838333333333334,18383.333333333307,-13.733498247796835,0.024148516253101514,-0.016382623353361984,0.0006390246379479082,7.1190927834008155
0.3683864589004147,18386.45890041468,-13.733422964310577,0.024002458316223014,-0.016423896907268632,0.0006422485467156858,7.119051977237809
0.36838750000000003,18387.5,-13.733398014453247,0.0239249727046321,-0.016417919878820988,0.0006417811741604414,7.11903842272294
0.368415799050575,18415.799050574944,-13.73280012822029,0.016842644346077382,-0.01268776961178646,0.0003832845183851712,7.11870815421472
0.36841666666666667,18416.666666666635,-13.732785664265561,0.016498221971128837,-0.012477289223841998,0.000370673205655723,7.118699989298709
0.36841882246115604,18418.822461156004,-13.732751040023997,0.015618193774928844,-0.011934500400025104,0.00033912452332904617,7.118680389757901
0.36845000000000006,18450.000000000022,-13.732488198029008,0.0009721754675643074,-0.0021883871778701053,1.1402472476824487e-5,7.1185241719188665
0.3684521472035652,18452.14720356514,-13.732487181745721,-2.239791939998347e-5,-0.0014855472211978788,5.2544060628779516e-6,7.118522710345914
0.3684541666666667,18454.16666666666,-13.732488155828781,-0.0009390286088761725,-0.0008328184112195964,1.6513964430150781e-6,7.118522402500294
0.3684555146494714,18455.514649471374,-13.732489827349502,-0.0015393828304728421,-0.00040259237893114125,3.859062466034182e-7,7.118522762944319
0.3684583333333334,18458.333333333354,-13.73249589948361,-0.002761147981599858,0.00048005408786569085,5.486950649441915e-7,7.118524948562453
0.3684959197329793,18495.91973297926,-13.732821188665683,-0.012004419566774905,0.007989831755173045,0.00015199383684755139,7.118693025801474
0.3684995022881343,18499.50228813424,-13.732864262109253,-0.012014166074285817,0.008138447010271983,0.00015770076128334513,7.118716333963103
0.36850000000000005,18500.00000000002,-13.732870238909852,-0.01200241351596822,0.008150164619862954,0.0001581551984068235,7.11871957892584
0.368503131717838,18503.13171783796,-13.732907629752429,-0.011855428567972327,0.008173790485622192,0.00015907345453059014,7.118739939474724
0.3685041666666667,18504.166666666653,-13.732919861289142,-0.011779288518390467,0.008162599986850759,0.0001586381870127048,7.118746622840991
0.3685416666666667,18541.66666666668,-13.733204442029182,-0.0011266188056556043,0.002063876453983061,1.014187146977546e-5,7.118909407333543
0.36854521551825303,18545.215518253,-13.733205651871508,0.00045356955013501477,0.00104335058862999,2.591858216177492e-6,7.118911372772473
0.36854583333333335,18545.833333333318,-13.733205285181665,0.0007337063070114291,0.0008609890068360219,1.7650049283154274e-6,7.1189114069633375
0.3685497887522914,18549.78875229135,-13.73319879604643,0.0025545586718519328,-0.0003343404065665695,2.6615120824547377e-7,7.118909408930316
0.36855000000000004,18550.00000000001,-13.733198246016082,0.002652900341916184,-0.00039937984674742684,3.7977205235237656e-7,7.118909193088562
0.368581310933929,18581.31093392895,-13.732890219596959,0.016493728052617077,-0.010072703746008186,0.00024156990655916033,7.118753843257991
0.3685833333333334,18583.33333333334,-13.732856125869262,0.017216784565451032,-0.01061627898926839,0.0002683461418523367,7.118735947182451
0.36858512881656724,18585.12881656721,-13.732824658956453,0.017829735295017864,-0.0110822603849854,0.0002924202267633732,7.118719379524075
0.3686125,18612.499999999975,-13.732246718559106,0.022990842609240624,-0.015602688185032727,0.0005796282823794281,7.118409100455236
0.3686166666666667,18616.66666666667,-13.732150835034602,0.022997308480526935,-0.015782438543274033,0.0005930603961243376,7.11835674041082
0.36861708745001687,18617.087450016832,-13.732141160455447,0.02298598365029482,-0.01579242076914799,0.0005938108422614685,7.118351444419394
0.36862083333333334,18620.83333333331,-13.732055372851411,0.022788923501441342,-0.015814910751900838,0.0005955033383109255,7.118304378616018
0.3686222917555977,18622.291755597653,-13.732022223655584,0.022665749700201975,-0.015791360128994236,0.0005937310826752117,7.118286141065938
0.36866504324641036,18665.04324641033,-13.731275820992812,0.009709549174276019,-0.008126596326119652,0.0001572418282088129,7.117864870062438
0.3686666666666667,18666.666666666664,-13.731260643037261,0.008988228402044903,-0.007644552359534849,0.0001391409066134996,7.1178558530527765
0.36866808976859566,18668.08976859563,-13.731248304392048,0.00835169384348906,-0.007216667504512214,0.00012400069016829174,7.117848475369092
0.36868333333333336,18683.33333333333,-13.731173224002095,0.0015386895264041954,-0.002496741074811363,1.4842180939643335e-5,7.1178008265211234
0.3686864275305338,18686.42753053379,-13.731170517015258,0.0002173172977466043,-0.0015508756515130284,5.7267030629903815e-6,7.117798104131392
0.36868750000000006,18687.500000000022,-13.731170524972269,-0.00023127906794095444,-0.0012272759284369951,3.5862052488592582e-6,7.117797689746598
0.3686897674052691,18689.767405269064,-13.731172108696924,-0.0011613261248160003,-0.0005521113135148986,7.257783393122539e-7,7.117797692566669
0.3686916666666667,18691.66666666666,-13.731175037246201,-0.001919145066879558,2.540352229271195e-6,1.536521297324555e-11,7.117798595686213
0.36869458682981626,18694.586829816228,-13.731182293858803,-0.0030418393414446267,0.0008324280418948969,1.6498486784118387e-6,7.117801537981226
0.3687291666666667,18729.166666666686,-13.731451765591123,-0.010503606444441657,0.007051831669935995,0.00011840078547883878,7.117942450957676
0.36873218027622434,18732.18027622431,-13.731483483997955,-0.010528429675073022,0.007181086334930183,0.0001227809546421929,7.117959793337397
0.36873333333333336,18733.333333333325,-13.731495614348145,-0.010509256765035177,0.007210803501490134,0.000123799255088339,7.117966449883611
0.3687359943004713,18735.99430047129,-13.73152345860125,-0.01040465682602175,0.007237546868708398,0.0001247192492303589,7.117981780234422
0.36873750000000005,18737.50000000002,-13.731539055743164,-0.010308362014890637,0.0072268250387260615,0.00012435000033418557,7.117990399134195
0.36874993286746427,18749.932867464235,-13.73165791209837,-0.008523504625850284,0.006436915917057295,9.86521107696799e-5,7.118056952217672
0.36875,18749.99999999999,-13.731658483825704,-0.008509285496388333,0.006429354144331147,9.842046360292404e-5,7.118057277032754
0.3687541289548654,18754.12895486539,-13.731691690412134,-0.0075470328902158814,0.005899873423677891,8.287739622719212e-5,7.118076256193286
0.368775,18774.999999999985,-13.731781113259542,-0.0004950985119630311,0.0015522040546506822,5.7365176839857565e-6,7.11813109992393
0.3687751093918712,18775.10939187116,-13.731781165000118,-0.00045085988685223267,0.0015235068960078974,5.526364909960997e-6,7.118131165349311
0.3687791666666667,18779.16666666668,-13.73177961800247,0.0012238734762129778,0.00042807661517368754,4.363085439489557e-7,7.11813172394521
0.3687795287023672,18779.528702367155,-13.731779147362133,0.0013761617992981312,0.00032762482231807983,2.555667242832223e-7,7.118131594179779
0.36878333333333335,18783.333333333318,-13.731770837468066,0.0029981530587575174,-0.0007504903701580192,1.3410376088093347e-6,7.118128407462869
0.3688299382768635,18829.938276863468,-13.731191675389814,0.02004354539892658,-0.013167799376718739,0.000412835572441701,7.1178247671127615
0.36883333333333335,18833.333333333314,-13.731122519111144,0.02067572696415227,-0.013722333987743666,0.0004483391668361548,7.117787206660235
0.3688342313775716,18834.231377571563,-13.731103884818925,0.02082254934264464,-0.013855910724990105,0.00045711014766403773,7.117777061481207
0.3688458333333334,18845.83333333334,-13.730854496664147,0.021916052500366427,-0.015052655052662458,0.0005394819622248682,7.117640357343784
0.36884726696570835,18847.26696570832,-13.73082305345048,0.0219451143564705,-0.015129269128052103,0.0005449875817834058,7.117623003582389
0.36885,18849.999999999978,-13.730763070781487,0.021935162461787398,-0.015230469113285093,0.0005523028319303124,7.117589826699891
0.3688529361596768,18852.93615967676,-13.730698797105338,0.021829225207206107,-0.015273122378330133,0.0005554006361510684,7.117554171328552
0.3688541666666667,18854.16666666667,-13.730671979583862,0.021755677721468084,-0.015270609123017096,0.0005552178642570784,7.117539261992909
0.3689156221285874,18915.622128587383,-13.729811566147095,0.00262510796074226,-0.0031958699203205004,2.4318058446688952e-5,7.1170433643285556
0.36891666666666667,18916.66666666664,-13.729809044261724,0.0022041367863684267,-0.002893472530213773,1.9933769721670696e-5,7.117041557775658
0.36891859214370515,18918.592143705115,-13.729805540594064,0.0014372184531933362,-0.0023396120963697256,1.3032820860665576e-5,7.117038873896911
0.36892083333333336,18920.833333333332,-13.729803304326541,0.0005617039553821926,-0.0017024739378889197,6.900994069502392e-6,7.117036791896396
0.36892163998412075,18921.63998412072,-13.729802976461775,0.0002516752533317026,-0.0014755621907771826,5.184008997264663e-6,7.117036312996133
0.368924925915795,18924.92591579498,-13.729804186895763,-0.0009795289429968567,-0.0005673029443671818,7.66268168303985e-7,7.117035809922695
0.368925,18924.99999999997,-13.729804260468239,-0.00100665415137312,-0.0005471578841563631,7.128136909392095e-7,7.117035824950298
0.3689291666666667,18929.166666666664,-13.72981156320097,-0.0024815176838836575,0.0005578855217416259,7.410387032593477e-7,7.117038480042156
0.3689625,18962.499999999993,-13.730033585025906,-0.009080821597930768,0.006143558036304078,8.986501272722957e-5,7.1171555044147805
0.3689651058139866,18965.10581398658,-13.730057313765483,-0.009118853821593546,0.006261121991227299,9.333725854530975e-5,7.117168619404507
0.3689666666666667,18966.666666666686,-13.73007154024933,-0.009105790294501231,0.006306597567864244,9.469803067378858e-5,7.117176513510848
0.3689697232364273,18969.72323642726,-13.730099241198621,-0.009002651090884023,0.006341269168687874,9.574213016607474e-5,7.117191951272841
0.36897083333333336,18970.833333333325,-13.730109201428654,-0.008939907076919423,0.00633603425192264,9.558411914651638e-5,7.117197524099748
0.3689973662823665,18997.366282366478,-13.730292470880979,-0.003772624626320735,0.003539601213275154,2.9830420830997478e-5,7.1173034694348685
0.36900000000000005,19000.00000000002,-13.73030131214439,-0.0029335571899869505,0.0030147251918028303,2.163944757640622e-5,7.117309080766503
0.36900289489155436,19002.894891554322,-13.730308408207856,-0.0019605139357081447,0.0023966836201134057,1.367641041647595e-5,7.117313838861338
0.3690041666666667,19004.166666666657,-13.730310620901918,-0.0015176983958268032,0.0021124808288264106,1.0625179171807427e-5,7.117315440886986
0.3690083333333334,19008.33333333335,-13.7303138311283,-9.3550283893558e-6,0.00113226074628993,3.0524152323548314e-6,7.117318500190954
0.3690084235007422,19008.423500742167,-13.730313830460766,2.4167854395813252e-5,0.0011102768009622138,2.93503470179735e-6,7.117318528275279
0.3690125,19012.49999999999,-13.730310596851854,0.0015724050113075998,8.637606358893195e-5,1.7763867526474324e-8,7.1173180501633855
0.36901425196286086,19014.251962860828,-13.730307245707275,0.002254635358848898,-0.0003698727489281204,3.2572821523724856e-7,7.1173167716684125
0.3690803878296824,19080.387829682353,-13.729396648530129,0.02094024026123584,-0.014605130133848319,0.0005078805386348671,7.1168252083535055
0.3690833333333334,19083.33333333334,-13.729334927924702,0.020952799133078435,-0.014723317205473745,0.0005161334988880934,7.1167906351079155
0.3690857965274501,19085.79652745007,-13.729283377797241,0.020892858070502986,-0.01477280389166692,0.0005196088924324983,7.116761679291425
0.3690875,19087.499999999978,-13.729247850174056,0.02081407122152985,-0.014780651025111306,0.0005201610588717236,7.116741680762939
0.3690913234614446,19091.323461444543,-13.729168768426971,0.02052731956912212,-0.014719644454876776,0.0005158760306618681,7.116697039010378
0.36915524601274663,19155.246012746597,-13.728386281354878,0.0010423439681508581,-0.001967725391206803,9.218912417142776e-6,7.116237586333084
0.36915833333333337,19158.333333333332,-13.728384735298054,-3.377218124899094e-5,-0.0011647937035379119,3.230343742384678e-6,7.11623565765803
0.3691585665869862,19158.56658698617,-13.728384752456583,-0.00011330725769746792,-0.0011050573263713744,2.9075040346834532e-6,7.11623558926002
0.36916225372502115,19162.253725021117,-13.728387441816777,-0.0013334784145511882,-0.0001812072750858429,7.818113462865795e-8,7.116235908494759
0.3691625,19162.49999999997,-13.728387779936208,-0.0014123348521810325,-0.00012099145135489063,3.485459833562587e-8,7.11623602180122
0.3691666666666667,19166.666666666664,-13.728396365554861,-0.002690716478034269,0.0008651190712817709,1.781978589274842e-6,7.116239608944256
0.36916682797845934,19166.82797845931,-13.72839680341327,-0.00273797568173884,0.0009019651116934414,1.937002530267053e-6,7.116239809462784
0.3691958333333334,19195.833333333358,-13.728566797571343,-0.00772468799450025,0.005254028574600145,6.57257530064639e-5,7.116330598229787
0.3691988477525267,19198.84775252667,-13.728590194219061,-0.007783077305707019,0.005394150315352699,6.927823243957052e-5,7.116343680902905
0.36920000000000003,19199.999999999996,-13.72859916234686,-0.0077809955582119885,0.0054305286038014225,7.021581170644149e-5,7.116348717419765
0.3692035936885204,19203.59368852037,-13.728626996889108,-0.007688007335599848,0.005482584037951934,7.15683993647746e-5,7.116364425888118
0.3692041666666667,19204.16666666669,-13.728631394403818,-0.00766112370885381,0.005482278986148655,7.156043543325506e-5,7.116366918363452
0.36923757567190196,19237.57567190193,-13.728801667785708,-0.0010025928673805236,0.0016809572254630253,6.727659985324647e-6,7.1164682823430585
0.3692416666666667,19241.666666666657,-13.728803029011146,0.00034997952187065524,0.0007927524125092995,1.496324732236463e-6,7.116470209383408
0.3692432826872969,19243.282687296858,-13.728802017026384,0.0009041650788493761,0.00042430160897460195,4.2864727471056194e-7,7.116470116822263
0.3692458333333334,19245.83333333335,-13.72879857536864,0.0017981666886311895,-0.00017512974313690482,7.302482602666253e-8,7.116468950597057
0.3692498775145001,19249.87751450008,-13.72878837184928,0.003254783153247287,-0.0011642541781252313,3.2273518840049e-6,7.116464466292134
0.36925,19249.99999999999,-13.72878797044713,0.0032995001254178475,-0.0011948526899799963,3.3992213113153164e-6,7.116464279042555
0.3692541666666667,19254.166666666682,-13.728771031832025,0.0048351656542753646,-0.002253768092788684,1.20939776573151e-5,7.116456074079574
0.36931480745658246,19314.807456582428,-13.727903638022864,0.02002291877879826,-0.01417985198435369,0.000478733814995665,7.115978718350059
0.3693166666666667,19316.66666666665,-13.727866391658235,0.0200383264890424,-0.014255723770619809,0.00048387061958146346,7.115957556307844
0.3693202020058657,19320.20200586565,-13.727795626064726,0.019974675480260003,-0.014334007506179556,0.0004891994552076471,7.115917241636049
0.3693208333333334,19320.833333333343,-13.727783022921317,0.019950537192253467,-0.014338851707150043,0.0004895301625705708,7.115910046747584
0.369325,19324.99999999998,-13.727700370029286,0.019695168790885734,-0.014301284924914044,0.00048696845357993723,7.115862748064875
0.3693315160052577,19331.516005257676,-13.727574188805036,0.01896941578328257,-0.014002509571748834,0.0004668339864450421,7.115790146444556
0.36933333333333335,19333.333333333314,-13.727539956826934,0.018698617699651875,-0.013867991747532647,0.00045790760740388947,7.115770363821859
0.3693356055482325,19335.605548232492,-13.727497891542406,0.018319838435149942,-0.013669177268288198,0.00044487239807592093,7.115746000923348
0.3693916666666667,19391.66666666664,-13.726917636389283,0.0009920861972707174,-0.0018482916397986725,8.133766632737298e-6,7.115396901941403
0.3693948883241335,19394.88832413344,-13.726916075810726,-1.5444606438785253e-5,-0.0010790822377548274,2.7724249424713476e-6,7.115394989389183
0.36939583333333337,19395.833333333336,-13.72691622601199,-0.00030169649495925886,-0.0008586301569960168,1.7553470154833438e-6,7.115394785766503
0.3693986202255128,19398.620225512754,-13.726918215035525,-0.0011187563409868523,-0.00022421443014790328,1.1969550163464047e-7,7.11539509745345
0.3694,19399.999999999975,-13.726920027973447,-0.001507278561150504,8.03966173634145e-5,1.53895621035221e-8,7.115395741790462
0.36940367305543786,19403.67305543783,-13.726927386077946,-0.002485119050911927,0.000856847466951444,1.7480656705264424e-6,7.115398962172133
0.36941609114075674,19416.091140756707,-13.726975589341361,-0.005082694836029354,0.003028486559258727,2.1837454380025628e-5,7.115423888852131
0.36941666666666667,19416.66666666664,-13.726978540818155,-0.005173464127521104,0.0031095427317191578,2.302203809616058e-5,7.115425482998556
0.3694202305025297,19420.230502529666,-13.726997899569591,-0.00567219012266525,0.0035684897867984157,3.031933180591572e-5,7.115436033419392
0.3694326485878486,19432.648587848544,-13.72707504509316,-0.0065161620099862885,0.004548368329128229,4.925632013670647e-5,7.115479172041623
0.36943333333333334,19433.333333333303,-13.72707950894633,-0.006521099067550073,0.004573030701684504,4.979192809178351e-5,7.115481709188985
0.36943687885045035,19436.878850450314,-13.727102585299171,-0.006476525051974808,0.004650345435971667,5.1489792080625035e-5,7.115494889267161
0.36943750000000003,19437.499999999996,-13.727106602200585,-0.006456643676008439,0.004655174912996435,5.15967939775985e-5,7.115497194530225
0.36944143267594676,19441.432675946722,-13.72713163041662,-0.006247940026389219,0.004625459145100365,5.094017214998239e-5,7.115511634359416
0.36947083333333336,19470.833333333325,-13.727248845313868,-0.0006446301283509908,0.0013483761814587385,4.328853158869641e-6,7.11558332762952
0.36947500000000005,19475.000000000022,-13.727248960964918,0.0006022152255229461,0.0005218734233294405,6.484568332799746e-7,7.1155844784711695
0.3694763791438867,19476.37914388667,-13.72724783542512,0.0010312563605878384,0.00023387974681739524,1.3023746659849739e-7,7.115584209611772
0.3694791666666667,19479.166666666657,-13.727243728795507,0.0019196356546180258,-0.0003677123697907353,3.219342545169488e-7,7.1155826392866235
0.36949702381203453,19497.0238120345,-13.727155950514124,0.007962909888821734,-0.004622116723083766,5.086657857573956e-5,7.115537762997337
0.36950000000000005,19500.00000000002,-13.727130749260242,0.008970019543346,-0.00535725890134502,6.833386413342965e-5,7.115524232993401
0.3695039053680838,19503.905368083775,-13.727093178233272,0.010264600421146592,-0.006314102796556783,9.492355744163377e-5,7.115503872451119
0.36955000000000005,19550.00000000001,-13.726357423340783,0.019177307633255033,-0.013820477183144836,0.0004547752132614928,7.115088712044427
0.36955111397287876,19551.11397287873,-13.726336055005556,0.01918502671812957,-0.013862677513989929,0.00045755673299257616,7.115076374011923
0.3695541666666667,19554.16666666665,-13.726277522543128,0.019149125715681527,-0.013937249208823424,0.00046249265597345026,7.115042508659746
0.3695583333333334,19558.333333333343,-13.726198062509155,0.018966051743837732,-0.013941290600152036,0.00046276091332830366,7.114996372709488
0.3695584725102395,19558.472510239455,-13.726195423480256,0.018957290549912718,-0.0139394797784741,0.00046264070593925795,7.114994837185233
0.36958213833241493,19582.1383324149,-13.725782883384515,0.01519283877547978,-0.011888066935019266,0.00033649079869404374,7.1147519158564565
0.3695833333333334,19583.333333333343,-13.725764903323036,0.014897909582363799,-0.011700742849637874,0.00032596996007940916,7.114741173634757
0.3695875,19587.499999999978,-13.725705067565428,0.013807869834048735,-0.010994740394761403,0.0002878198008290432,7.114705300468405
0.3696294699767658,19629.46997676579,-13.72539784152207,0.0007616877522064453,-0.0015894969614013478,6.015477595962185e-6,7.114513070028593
0.36963333333333337,19633.333333333336,-13.725396962800637,-0.0002948255798396514,-0.0007582826798644226,1.3690300537675487e-6,7.11451145270466
0.36963735858415764,19637.358584157606,-13.725400229613347,-0.0013133816622494022,5.81118906077969e-5,8.04045673812513e-9,7.114512285142383
0.3696375,19637.499999999975,-13.72540041775759,-0.0013474971540710138,8.575477346578803e-5,1.750924088611577e-8,7.11451235877014
0.36966268497285015,19662.68497285012,-13.725492573766292,-0.005171197342550498,0.0035060877068471587,2.9268216685963733e-5,7.11456181484246
0.3696666666666667,19666.666666666664,-13.725513484421237,-0.005309541159107049,0.0037216857486133195,3.2978440027217824e-5,7.11457377209771
0.36967083333333334,19670.833333333303,-13.725535657028038,-0.005308440806464326,0.003841547984467641,3.513688313563666e-5,7.114586591704628
0.3696722101470461,19672.210147046066,-13.725542944827625,-0.005275303390221714,0.0038571799629837323,3.5423422063912346e-5,7.1145908361125025
0.36967500000000003,19674.999999999996,-13.725557514716971,-0.005158569244635899,0.0038522577458019857,3.533307080974142e-5,7.114599368505765
0.36970075530475727,19700.755304757233,-13.725649857530072,-0.0012026864791688672,0.0016120989479339394,6.187769090308843e-6,7.114656335752009
0.3697041666666667,19704.16666666669,-13.72565252374687,-0.00035035286682514244,0.001053936118651516,2.6447174814243394e-6,7.114658632588971
0.3697083233646886,19708.323364688586,-13.725651690181516,0.0007643665298245199,0.00030869231330566825,2.268832007000116e-7,7.1146591314181915
0.36970833333333336,19708.33333333333,-13.72565168254787,0.0007671303777704225,0.0003068256938167265,2.2414763425265624e-7,7.114659129426108
0.36971250000000005,19712.500000000022,-13.725646032570923,0.0019554536865194253,-0.0005033657447456205,6.032787451983647e-7,7.1146568990849985
0.3697458333333334,19745.83333333335,-13.725409684654487,0.012142713661524899,-0.007956913827746248,0.00015074399443376057,7.114528448573711
0.36975,19749.99999999999,-13.725356728207059,0.013263618297772846,-0.008838475617422844,0.0001859967886661384,7.114498576000275
0.36975093588488167,19750.935884881637,-13.725344201975972,0.013504406093944096,-0.009030152183678131,0.0001941515439533022,7.114491485191494
0.36978528127923654,19785.28127923651,-13.724772119678887,0.018388652040185662,-0.013494927465563694,0.00043360254119244123,7.114160858515999
0.36978750000000005,19787.500000000015,-13.72473130980689,0.01839142704184948,-0.013565815986315077,0.0004381699127965755,7.114136860674324
0.3697916666666667,19791.666666666653,-13.724654846451001,0.018287284693895532,-0.013618360010307959,0.000441570784215131,7.114091759837664
0.36979430636248617,19794.306362486135,-13.724606744834468,0.01814814124230227,-0.01359707877347479,0.0004401917885049492,7.114063294919159
0.36983222794858617,19832.227948586133,-13.724029035930172,0.0108981766040709,-0.009108066159534993,0.00019751635515825354,7.113714512125925
0.36983333333333335,19833.333333333314,-13.724017163728305,0.010581971532241304,-0.008885870468028028,0.00018799689041564918,7.113707145842397
0.36983535797945416,19835.357979454126,-13.723996331373225,0.009995264802955858,-0.008470788453100888,0.00017084346908854134,7.113694183908383
0.3698700081306277,19870.00813062767,-13.72382653033757,0.0001317084832455248,-0.000997368065503798,2.3684358525875907e-6,7.113582945182049
0.36987083333333337,19870.833333333336,-13.723826501679373,-6.167981033793219e-5,-0.0008397652775976645,1.6790612415682914e-6,7.113582717415816
0.3698736515079128,19873.65150791276,-13.723827578398827,-0.0006953979968412971,-0.0003184434570724398,2.414434175053496e-7,7.113582663341705
0.369875,19874.999999999975,-13.72382871139136,-0.0009832758814575825,-7.8857897947933e-5,1.4806114449444326e-8,7.113583019437063
0.3698790199117412,19879.01991174118,-13.723834294343707,-0.0017781508444490307,0.000593787702768754,8.394853237128432e-7,7.113585452958242
0.36990123206972986,19901.232069729824,-13.72390696930586,-0.004161439446302904,0.0029197744761878816,2.0297816647138618e-5,7.113625706052096
0.3699041666666667,19904.166666666668,-13.723919248225938,-0.004195619099001062,0.0030249675585881704,2.1786735072644942e-5,7.113632888032398
0.3699058242415597,19905.824241559676,-13.723926196880969,-0.0041848913460552336,0.0030621053572966266,2.2324974331392143e-5,7.113636981748017
0.36990833333333334,19908.333333333307,-13.723936635511944,-0.0041275132367838965,0.0030875878207070645,2.26980917870919e-5,7.113643171400792
0.3699107993352673,19910.799335267293,-13.723946695008161,-0.004023144996696377,0.0030765315832808043,2.253582519743879e-5,7.11364918305771
0.36991666666666667,19916.66666666664,-13.723969148660162,-0.0035871148834720856,0.002907386372677929,2.0125941714365065e-5,7.113662791960071
0.3699193329951482,19919.332995148143,-13.723978347216262,-0.0033040250791659706,0.002765092013820155,1.820412820212381e-5,7.113668463524344
0.3699364003149099,19936.400314909843,-13.724012275268185,-0.0003689307308237871,0.000961744444243913,2.202267561985793e-6,7.11369108528429
0.36993750000000003,19937.499999999996,-13.72401254566137,-0.0001218441256497169,0.0007979552815974338,1.5160300748315234e-6,7.1136914651728285
0.36994166666666667,19941.666666666635,-13.724011022998145,0.0008657611103928132,0.0001330716286997589,4.216204372572975e-8,7.113691446723221
0.36994513601583345,19945.13601583342,-13.7240065101544,0.0017434771060886641,-0.00046954542761470393,5.249354966520837e-7,7.113689564110396
0.36999862203059364,19998.622030593604,-13.723520120932696,0.015604248832012274,-0.01108041326044922,0.00029232275719604504,7.113413245162442
0.37000000000000005,20000.00000000002,-13.723498461177448,0.015830968113701712,-0.011281793933765218,0.00030304493896176585,7.113400539028897
0.3700041666666667,20004.166666666657,-13.723431186830778,0.016441614971298413,-0.011840301739721806,0.0003337922506849029,7.1133609625093115
0.3700166666666667,20016.666666666682,-13.723217592860744,0.017545054006261038,-0.013007845861389845,0.0004028667951278022,7.113234277811645
0.37002083333333335,20020.83333333332,-13.723144211009295,0.01765640834640579,-0.013212413261361845,0.00041563777187859604,7.113190412836982
0.37002500000000005,20025.000000000015,-13.72307063825305,0.017636681274776793,-0.013319765988746901,0.0004224194428451874,7.113146262148677
0.37002542941326044,20025.42941326041,-13.723063066809933,0.01762721118656847,-0.013325248253555915,0.0004227672405211785,7.1131417087718445
0.3700291666666667,20029.166666666653,-13.722997419815156,0.017486576181989188,-0.013328779722064877,0.0004229913544745902,7.113102152035486
0.3700333333333334,20033.333333333347,-13.722925094746184,0.017208395276836524,-0.013239378208118038,0.00041733603651807337,7.113058408383081
0.3700814509766797,20081.450976679684,-13.722300932571958,0.007129231105612915,-0.006442178135353416,9.881347411339431e-5,7.112671089717999
0.3700833333333334,20083.333333333343,-13.722288002881674,0.006608733550937223,-0.006048624135170514,8.710917602039823e-5,7.112662692367349
0.3700847573067637,20084.75730676368,-13.722278871907577,0.0062161288143922425,-0.005749977951642544,7.871963439136996e-5,7.112656733361429
0.3701083333333334,20108.33333333334,-13.722204643730995,0.0003558605921594944,-0.00108306097506274,2.792907323104412e-6,7.112605244264683
0.3701117155180113,20111.715518011275,-13.722204584298147,-0.00031093196963455756,-0.0005175683986090156,6.378024934254782e-7,7.112604445372657
0.3701125,20112.499999999978,-13.722204885739293,-0.00045702351780636704,-0.00039209517771699647,3.660443533069596e-7,7.112604459788426
0.37011614037025825,20116.140370258217,-13.722207724546513,-0.0010900543366685867,0.00015976953889912629,6.077691800009387e-8,7.112605444909479
0.3701166666666667,20116.66666666667,-13.722208320727239,-0.0011752435737018084,0.00023522442711339012,1.317393597876728e-7,7.112605706335885
0.3701375,20137.499999999975,-13.722257912596296,-0.003094082097603716,0.002184830410000555,1.1365437905864741e-5,7.112633279629098
0.3701398041071016,20139.80410710159,-13.722265078694752,-0.0031198086413231864,0.0022631957587314943,1.2195369148429102e-5,7.112637536791857
0.3701416666666667,20141.666666666668,-13.722270886676792,-0.003112575882292372,0.002305336916719806,1.2653757856169478e-5,7.112641015701455
0.37014504198922543,20145.0419892254,-13.722281286082673,-0.0030358090691348554,0.0023331420470851408,1.2960837647325336e-5,7.11264730845817
0.37014583333333334,20145.833333333307,-13.722283676950894,-0.003006002376466478,0.002330597204209432,1.2932579353021003e-5,7.112648767137
0.3701656596873526,20165.659687352567,-13.722326411944865,-0.0008788739926255135,0.00117926059866843,3.3110846656471998e-6,7.112676326249873
0.3701666666666667,20166.666666666668,-13.72232721041833,-0.0007060827635195928,0.0010683847198092815,2.7177283560046593e-6,7.112676961830393
0.37017083333333334,20170.833333333303,-13.72232857552661,6.568427127514494e-5,0.0005618243206757178,7.515394459588851e-7,7.112678477065244
0.37017272894846037,20172.72894846034,-13.7223280939385,0.0004452480877090533,0.00030709465138109923,2.2454077358780685e-7,7.112678528586961
0.37017500000000003,20175.0,-13.722326546221137,0.0009215368688076355,-1.6814482210954854e-5,6.731590762440887e-10,7.11267802522628
0.37017916666666667,20179.166666666635,-13.722320794075143,0.0018507837943866697,-0.0006603212312540442,1.038152686773469e-6,7.112675396752923
0.3702458333333334,20245.83333333335,-13.721655087015382,0.016426107550904134,-0.012261748861608801,0.00035797734558372553,7.112284501996392
0.37025,20249.99999999999,-13.721585967502584,0.016731905614600907,-0.012605228929156812,0.0003783138008486948,7.112242548567614
0.37025391028367205,20253.910283672016,-13.721520154754439,0.016912045719026162,-0.012849133427538684,0.00039309578533021903,7.11220245294539
0.3702541666666667,20254.166666666682,-13.721515817742786,0.01692019666784591,-0.012862404236223394,0.00039390819699051786,7.112199805619776
0.37025833333333336,20258.33333333332,-13.721445131739308,0.016989107234170617,-0.0130302994967793,0.00040425882137087356,7.112156570830239
0.3702620387815854,20262.03878158539,-13.721382223219354,0.016949736709808337,-0.013103011935492981,0.00040878314709921786,7.112117954004108
0.37026250000000005,20262.50000000002,-13.721374408293798,0.016938229147465286,-0.013106983195056694,0.0004090309725607109,7.112113147548309
0.3702666666666667,20266.666666666653,-13.721304144800884,0.016768618876680706,-0.01309170755975098,0.00040807811150009744,7.112069840601493
0.37033287619970084,20332.87619970081,-13.720560240050157,0.0036466432161059146,-0.003750245180564589,3.3486521224637924e-5,7.111596200777594
0.37033333333333335,20333.333333333314,-13.720558597232765,0.0035409040410411467,-0.00366412794149643,3.196627040870207e-5,7.1115950599473745
0.37033750000000004,20337.500000000007,-13.720545810392057,0.0026057778012654963,-0.002895300113290239,1.99589589190916e-5,7.111586045414434
0.37035,20349.999999999978,-13.720528985309508,0.00019840353197686373,-0.000839361255224146,1.6774459923129857e-6,7.1115727590162505
0.3703515251925277,20351.525192527643,-13.720528870420008,-4.573027085649077e-5,-0.0006218536766223064,9.207190360206666e-7,7.111572391096547
0.3703541666666667,20354.16666666667,-13.72052951946634,-0.00043942255175086084,-0.000265527243584678,1.6786837401351643e-7,7.111572310244091
0.37035833333333334,20358.33333333331,-13.720532514104738,-0.0009814884544520903,0.00024044117538922347,1.3764752100607458e-7,7.111573487750119
0.37037083333333337,20370.83333333334,-13.720552021249775,-0.0019761016405081596,0.0012953477175148777,3.9950612125500086e-6,7.111584209571121
0.370375,20374.999999999978,-13.72056052072148,-0.002084620132361719,0.0014790526109372032,5.2085633950479945e-6,7.111589256447811
0.3703791666666667,20379.16666666667,-13.720569234195592,-0.002078789080940285,0.0015745860159795766,5.903145527901036e-6,7.1115945563775265
0.37038036371541333,20380.363715413296,-13.720571709908372,-0.002055987679313131,0.0015855825560930803,5.985885814730159e-6,7.1115960841758215
0.37038333333333334,20383.33333333331,-13.720577685615638,-0.001958988703804417,0.0015810923072496319,5.952030676295152e-6,7.111599814111434
0.3704,20399.999999999975,-13.720599623013882,-0.0003955418398007213,0.0007366416524852401,1.2920022004194886e-6,7.111614638754834
0.37040121304091683,20401.2130409168,-13.72059999674342,-0.00021934600821409765,0.0006237257589540964,9.262710056734847e-7,7.111615026446231
0.3704041666666667,20404.166666666668,-13.72059997533136,0.00024114405019308045,0.00032204557384742614,2.469365515112334e-7,7.111615427119815
0.37040833333333334,20408.333333333307,-13.720597496697245,0.0009618779267064329,-0.00016488354622921475,6.472996146933713e-8,7.111614551818991
0.37041102217798844,20411.0221779884,-13.720594237407262,0.0014674346836038826,-0.0005147031115011042,6.307602214021858e-7,7.111613002199728
0.37041666666666667,20416.66666666664,-13.720582758872903,0.0026186498032832314,-0.001330706763707449,4.216144026135125e-6,7.111606973481639
0.37042083333333337,20420.833333333332,-13.720569957510751,0.0035341718917797126,-0.0019952564708024915,9.478686629236226e-6,7.111599912080398
0.3704916666666667,20491.666666666686,-13.719777653345437,0.01631609287747145,-0.012731780076903097,0.00038594815220625384,7.111118441971641
0.37049583333333336,20495.833333333325,-13.71970952482855,0.016367386731997752,-0.012881508032111591,0.0003950791647175129,7.111075713915455
0.3704959747301275,20495.974730127487,-13.719707210543312,0.016367210353449665,-0.012885099549235696,0.00039529950093741416,7.111074259646537
0.37050000000000005,20500.00000000002,-13.719641410078472,0.01630955557946222,-0.012945996505682445,0.0003990448226789097,7.1110328333755275
0.3705041666666667,20504.166666666657,-13.719573761942895,0.016143712948538853,-0.012924517983389526,0.0003977218216737125,7.110990085488893
0.3705807312265242,20580.731226524153,-13.718811108078278,0.002070448348735276,-0.0024036062547183375,1.3755531018383604e-5,7.11049085041095
0.3705833333333334,20583.333333333343,-13.718806311344382,0.0016209263038621932,-0.0020077251891843246,9.59752484591722e-6,7.110487236851609
0.37059809713439423,20598.0971343942,-13.718798167710025,-0.00033846753028322815,-0.00018008439491398642,7.72152125988967e-8,7.1104795105433105
0.37060000000000004,20600.000000000007,-13.718798976948962,-0.0005087144258148983,-5.043565984706197e-6,6.056561390972714e-11,7.1104797875419985
0.3706040649793895,20604.06497938949,-13.718801676469742,-0.0008036854369891477,0.00031674538434715025,2.388753297743427e-7,7.110481072455678
0.3706100328243848,20610.032824384783,-13.718807348418785,-0.001062050775516227,0.0006545906077008746,1.0202115802147623e-6,7.110484238099471
0.3706125,20612.499999999978,-13.718810031552838,-0.0011069360634961799,0.0007458466683344499,1.3244934587276163e-6,7.110485830163113
0.3706164730325634,20616.473032563365,-13.718814451980453,-0.0011025074975845046,0.0008319897754196126,1.6481118723875652e-6,7.110488541762531
0.3706166666666667,20616.66666666667,-13.718814665209427,-0.001099875006024442,0.0008342588205932869,1.6571137612802432e-6,7.110488675173701
0.37062083333333334,20620.83333333331,-13.718819053146433,-0.000989153276064055,0.000839520294339897,1.6780817252584462e-6,7.110491478081573
0.3706247485711639,20624.748571163866,-13.718822569194737,-0.0007920801039243614,0.0007688336853579966,1.4073934184313307e-6,7.110493828270354
0.3706291666666667,20629.166666666642,-13.718825385304154,-0.0004644529387004585,0.0006023235124833221,8.637943183101114e-7,7.1104958641417095
0.37063333333333337,20633.333333333336,-13.718826504622097,-5.736861435968406e-5,0.00036321875630410274,3.1411396412166477e-7,7.110496915436025
0.37063443381555333,20634.4338155533,-13.71882650077908,6.5404533265457e-5,0.0002871464586849183,1.9631687794116547e-7,7.110497019537822
0.3706375,20637.499999999975,-13.71882573837684,0.0004396793890002934,4.7609392335443726e-5,5.396795806071924e-9,7.110496867253884
0.37066398788391,20663.98788390994,-13.718755916654084,0.005216821082593164,-0.0034183633633363907,2.7821924009048763e-5,7.110457038688924
0.3706666666666667,20666.666666666668,-13.718741162538363,0.005800197931349278,-0.0038695794971198814,3.565153686792989e-5,7.110448224130489
0.37067083333333334,20670.833333333307,-13.718715080485904,0.006721249723707226,-0.004591107887983201,5.0186361045479934e-5,7.110432530505564
0.3707291666666667,20729.166666666686,-13.718001648155282,0.015740221600444814,-0.012630043103339086,0.0003798047352195314,7.109984324793964
0.37073333333333336,20733.333333333325,-13.717935913134525,0.01579606466869812,-0.012779489529295522,0.00038884607768898544,7.1099419359593234
0.3707362797870091,20736.279787009094,-13.717889388596271,0.015775699742290126,-0.012837239384736788,0.00039236836909770794,7.1099118396421055
0.37073750000000005,20737.50000000002,-13.7178701520075,0.01575279786993514,-0.012849451176028101,0.0003931152274407856,7.109899372422315
0.3707416666666667,20741.666666666657,-13.717804776244387,0.015611333778126974,-0.012839233668081061,0.00039249028853234825,7.109856899975581
0.37074643932487145,20746.43932487141,-13.717730887452035,0.015331385669007248,-0.012729377370209374,0.0003858024957933298,7.109808703030742
0.37075,20749.99999999999,-13.717676790576915,0.01504332839223654,-0.01258030203252527,0.00037681904578466536,7.109773281357564
0.3707541666666667,20754.166666666686,-13.717614953004771,0.014624372708984586,-0.012334876024668378,0.00036225992034271136,7.109732646749077
0.37083152411395,20831.524113949952,-13.71701133316361,0.001010122784929499,-0.0013505678428871186,4.342936900573249e-6,7.109321645455747
0.37083333333333335,20833.333333333314,-13.717009680418519,0.0008194956782816595,-0.0011612500226610561,3.2107181312626275e-6,7.109320292163042
0.3708349342023278,20834.934202327793,-13.717008494682672,0.0006639482833640166,-0.001003726701252786,2.398731644780475e-6,7.109319291132259
0.37084744929007035,20847.44929007032,-13.71700582852566,-0.00010169565623897399,-0.0001233856494423135,3.6247663067384465e-8,7.109316312609997
0.37085,20849.999999999978,-13.717006164322033,-0.0001557228600964896,-2.5230453062326626e-5,1.515656575548255e-9,7.1093163996051105
0.3708541666666667,20854.166666666675,-13.717006871481564,-0.00016799303861774698,7.321308887226197e-5,1.2762277100518403e-8,7.109316733513055
0.37085439610964827,20854.39610964823,-13.71700690979537,-0.0001659298055687133,7.638572943125911e-5,1.3892332525584582e-8,7.1093167546559926
0.37085833333333335,20858.33333333331,-13.717007433570277,-8.619941115471826e-5,9.410812895484981e-5,2.1086523655672957e-8,7.109317081110336
0.37086250000000004,20862.500000000007,-13.717007460845402,8.841097757513811e-5,3.74240472321132e-5,3.3346650267415226e-9,7.109317185559358
0.3709161698987279,20916.169898727854,-13.716817740373797,0.008353597842349172,-0.00615621370633451,9.023563618585923e-5,7.1092007692473285
0.3709166666666667,20916.66666666664,-13.716813565744411,0.00845354150608011,-0.006239747380064424,9.270106515957343e-5,7.109198127681652
0.37092083333333337,20920.833333333332,-13.716776607259025,0.009283800426767068,-0.006939748251961571,0.00011466691857286593,7.109174676668253
0.37097083333333336,20970.83333333333,-13.716122307945325,0.015267847124098436,-0.012731497101279927,0.0003859309962854742,7.108747451267056
0.3709724113100404,20972.411310040352,-13.71609820844629,0.015274818189269235,-0.012775415565581757,0.0003885981973174015,7.108731374208134
0.37097500000000005,20975.000000000022,-13.71605868044164,0.015258427939765234,-0.012824407500168224,0.00039158435173897854,7.108704955683257
0.37097906811611464,20979.068116114606,-13.71599677237846,0.015163244552758583,-0.01284302800632306,0.0003927223056457106,7.108663456764415
0.3709791666666667,20979.16666666666,-13.715995278197523,0.015159894824721456,-0.012842594125719536,0.0003926957711380141,7.108662453300955
0.37099902862415113,20999.028624151095,-13.715707247420434,0.013543032748142595,-0.011926301251715734,0.0003386587179682769,7.108467285414194
0.37100000000000005,21000.00000000002,-13.71569415139562,0.013420237128416683,-0.011841616925906706,0.0003338664081426671,7.108458324151597
0.37100207592256895,21002.075922568918,-13.715666573898112,0.013146043295401071,-0.011649392542536694,0.00032311511097645124,7.108439426220153
0.37108188207995824,21081.882079958203,-13.715152651329845,0.0009912288801717936,-0.001143084219492208,3.111051268695501e-6,7.108075470171365
0.3710833333333334,21083.333333333343,-13.715151262277816,0.0009247280641933381,-0.001058543248607024,2.6678900218369325e-6,7.108074403369321
0.3710854330348573,21085.43303485727,-13.715149406556213,0.0008464215377331254,-0.0009509954075204849,2.153314916964412e-6,7.108072986254143
0.3710892504730573,21089.250473057265,-13.71514636510594,0.0007588673601616797,-0.000801073030432407,1.5279000002051436e-6,7.108070702333612
0.3710916666666667,21091.666666666675,-13.715144559780796,0.0007402518137154442,-0.0007371022388373767,1.2936183583311267e-6,7.108069382950845
0.3710934327419546,21093.432741954577,-13.71514325073488,0.0007447270180216826,-0.000705674503125113,1.1856583437163691e-6,7.108068447799733
0.37109583333333335,21095.833333333314,-13.715141431945348,0.0007752401177503563,-0.0006838241150031755,1.1133700482378003e-6,7.108067179736281
0.3710981540509374,21098.154050937344,-13.715139572762862,0.0008313497762490066,-0.0006855960874997946,1.1191476076072053e-6,7.108065917865993
0.3711659011188966,21165.901118896545,-13.714820191700209,0.01027493145250997,-0.00815411786912685,0.00015830866243717571,7.107858034852335
0.3711666666666667,21166.666666666668,-13.71481227580911,0.010405227690441688,-0.008271888265490846,0.00016291460827801228,7.107852765770469
0.3711703780764422,21170.378076442175,-13.714772506606575,0.011020904752940128,-0.008833809433865364,0.00018580045027106836,7.107826237564977
0.3712112897260916,21211.28972609154,-13.714222122794318,0.014799959150677233,-0.012840428762839471,0.0003925633590798933,7.107451276083538
0.37121250000000006,21212.500000000022,-13.714204207768505,0.014803819678983986,-0.012872162265920202,0.00039450609857185693,7.107438851570779
0.3712166666666667,21216.66666666666,-13.714142577658693,0.014765271202866685,-0.012936589093860511,0.00039846508900807313,7.107396006695461
0.371217128181961,21217.128181960976,-13.71413576534298,0.014756081345858176,-0.01293943403772316,0.00039864036480140156,7.107391260989361
0.3712208333333334,21220.833333333354,-13.714081274428352,0.014647132284014272,-0.012931255815872442,0.00039813661184651155,7.107353229359614
0.3712482570338308,21248.257033830763,-13.713708135455981,0.012095745471023768,-0.011250045663926886,0.0003013417320010479,7.107089158498158
0.37125,21249.999999999993,-13.713687267560251,0.011848229971263884,-0.011058663578794727,0.00029117628606895474,7.107074181093762
0.37125091743334665,21250.917433346618,-13.713676458601645,0.011714905183484047,-0.010954638071148921,0.00028572403635682234,7.107066413244186
0.3713316247664386,21331.624766438574,-13.713220919827533,0.0016428182681206642,-0.001583728595432616,5.971895866645159e-6,7.106730002853005
0.37133333333333335,21333.333333333314,-13.713218116738378,0.0016405294819238682,-0.001549664871856152,5.717764797773676e-6,7.106727960377811
0.3713347395580133,21334.739558013294,-13.71321580538321,0.0016482315858479199,-0.0015301361761934746,5.574563613561875e-6,7.106726288747874
0.37133750000000004,21337.50000000001,-13.713211207671979,0.0016884364482479444,-0.0015142172547866965,5.459175939747045e-6,7.106722997060812
0.3713379969146137,21337.99691461369,-13.713210366036085,0.001699188519427299,-0.001514508756395803,5.461278031427527e-6,7.106722399172823
0.37141514730425007,21415.147304250037,-13.712764339737205,0.011449565515297747,-0.009728816118757585,0.00022535681683951764,7.1064152089412085
0.3714166666666667,21416.66666666664,-13.71274678548874,0.011656906245214567,-0.00993360204368998,0.00023494392752952797,7.106402868609956
0.3714192294105958,21419.229410595763,-13.71271647671457,0.011993669541850827,-0.010270005477674565,0.0002511262202653942,7.10638152350545
0.37145331617707056,21453.316177070526,-13.71225469334784,0.014385592757592979,-0.01309723626186471,0.0004084228516645331,7.10605078995817
0.3714541666666667,21454.166666666664,-13.712242457579952,0.01438737897231411,-0.013118556626602827,0.00040975363801282135,7.106041891625146
0.37145833333333333,21458.333333333303,-13.712182556836407,0.014353086909850807,-0.013184034563178355,0.00041385420800733684,7.10599822906533
0.37145900050654895,21459.00050654892,-13.712172984776247,0.014340987220993924,-0.013188477275679148,0.0004141331734550127,7.105991236342917
0.37146250000000003,21462.499999999996,-13.712122946918043,0.014247977601929456,-0.01318448083084049,0.0004138822256638103,7.105954611527223
0.3714998727271242,21499.87272712417,-13.711644946580462,0.010638045034440626,-0.010542855590074283,0.000264647152364668,7.10559826768662
0.37150000000000005,21500.00000000002,-13.711643593807604,0.010619785474095266,-0.010527331309306762,0.00026386834403788195,7.105597240307536
0.37150246473534476,21502.46473534473,-13.711617858299618,0.010261875984922285,-0.010220959598596056,0.00024873336932412587,7.105577671009843
0.37157500000000004,21575.00000000001,-13.71122147552921,0.002547372747914583,-0.002498553300130578,1.4863734746650962e-5,7.105269981262458
0.37157508821614427,21575.088216144235,-13.711221250813598,0.002547291857876439,-0.0024969247945189647,1.4844365308294223e-5,7.105269810246043
0.37157773979677244,21577.73979677241,-13.71121448704831,0.0025589295648035812,-0.0024611505013076907,1.4422051881159759e-5,7.105264682495873
0.3715791666666667,21579.16666666665,-13.71121082423285,0.0025764348274351975,-0.002452478993507396,1.4320602889512022e-5,7.105261921549169
0.37158042616604325,21580.42616604322,-13.711207566025607,0.0025983927383365934,-0.002450985046064636,1.4303161181029685e-5,7.10525947481254
0.37158315413108645,21583.154131086412,-13.711200390939855,0.0026667175349070005,-0.002467542291201342,1.449705942587421e-5,7.105254116050485
0.3715833333333334,21583.333333333343,-13.711199912569217,0.00267219357867369,-0.0024695759670992096,1.4520965374461898e-5,7.105253760147182
0.37158592901588844,21585.929015888407,-13.71119286138062,0.0027650156809573,-0.002512057215798121,1.502483679867478e-5,7.105248532467894
0.37166629577210736,21666.295772107325,-13.710624963780003,0.012286318946904275,-0.011271224011038077,0.0003024773588261935,7.104831482506115
0.3716666666666667,21666.666666666668,-13.71062039965458,0.012325065609888459,-0.011314024018870541,0.0003047789035704274,7.104828057044946
0.3716701215572834,21670.12155728337,-13.710577215825227,0.012668140086879215,-0.011698624860086392,0.00032585196099293176,7.104795590301325
0.37169583333333334,21695.833333333303,-13.710229201450861,0.01402872139525629,-0.013543730521336141,0.00043674437246326697,7.104530311455385
0.3716996627203396,21699.662720339573,-13.71017545553383,0.01403266638257155,-0.013637863521509653,0.00044283647959838976,7.104488770770633
0.37170000000000003,21699.999999999996,-13.710170722959827,0.014030470065044324,-0.013643718016664868,0.0004432167650434894,7.1044851055168
0.3717039567576566,21703.95675765657,-13.710115300676662,0.013974165786022034,-0.013682799638916717,0.0004457595379969987,7.104442092323305
0.37170416666666667,21704.166666666635,-13.71011236784816,0.013969616141079355,-0.013683343844246564,0.00044579499704733413,7.104439811519012
0.3717074185813692,21707.418581369155,-13.710067076660751,0.01387928141286894,-0.0136721505780342,0.0004450659557820021,7.10440452955306
0.371747843740799,21747.843740798966,-13.709566745591964,0.010208410557300455,-0.01079684889179087,0.0002775522523622994,7.104006676785503
0.37175,21749.999999999993,-13.709545038673445,0.009924818500795891,-0.010536217419069295,0.000264313994052141,7.103989039290765
0.3717503167868242,21750.316786824154,-13.70954190126769,0.00988284785559739,-0.010497400357149756,0.0002623700339483044,7.103986487099502
0.3718170890295042,21817.08902950419,-13.70914232387448,0.003520718784443725,-0.003704629331659274,3.267685353569105e-5,7.1036561739153505
0.3718195620755294,21819.562075529375,-13.709133640256175,0.003505330781735871,-0.0036486405881579007,3.1696614622745795e-5,7.103649093595569
0.3718208333333334,21820.833333333343,-13.709129184577176,0.0035054526953576465,-0.003627873071758129,3.133681672568515e-5,7.103645472470669
0.3718245081675798,21824.50816757975,-13.709116259651944,0.0035363990086508443,-0.003598650512689337,3.083401312495054e-5,7.103635014622385
0.371825,21824.99999999998,-13.709114518506095,0.0035439758340869974,-0.00359822266837096,3.08266818361396e-5,7.103633611038736
0.37182698121360497,21826.981213604933,-13.709107460973497,0.0035826508671928715,-0.0036048338567182254,3.0940064606052365e-5,7.103627934126172
0.37183192730565534,21831.927305655307,-13.70908939572805,0.0037354741680071957,-0.003679398449151521,3.223326892290147e-5,7.103613487593358
0.37183333333333335,21833.333333333314,-13.709084103624562,0.0037933086455675166,-0.0037156069635752484,3.2870797875640186e-5,7.103609276450158
0.3718344003516805,21834.400351680495,-13.709080030775226,0.003841361908789911,-0.0037474709071824443,3.343699571471146e-5,7.103606041254096
0.3719160109607971,21916.010960797095,-13.70843425703119,0.012522568189519925,-0.012559204964530866,0.00037555626033594457,7.1030918231784534
0.3719166666666667,21916.66666666664,-13.708426027913351,0.012577283626919272,-0.012628021600698652,0.0003796831655897899,7.103085106495956
0.3719184840109262,21918.484010926164,-13.70840303669149,0.01272332997703811,-0.012813950386167559,0.0003909460107122946,7.103066317545222
0.3719432145122169,21943.21451221687,-13.708071537434076,0.013784264407210537,-0.014490704324087451,0.000499953599543159,7.102791580203571
0.371945687562346,21945.68756234594,-13.708037439463078,0.013788206007693666,-0.01455837247150447,0.0005046338309977601,7.102762909063837
0.37194583333333336,21945.833333333332,-13.70803542956818,0.01378784511474442,-0.014561748688054441,0.000504867916319179,7.102761216606067
0.3719506336626041,21950.63366260408,-13.70796933149659,0.013739306618809722,-0.01463462024051442,0.000509933594247796,7.102705404730533
0.3719531067127332,21953.10671273315,-13.70793541459041,0.013686822592312192,-0.014643013753844348,0.0005105186947506542,7.102676649586077
0.3719541666666667,21954.166666666664,-13.70792092179871,0.013658696604611673,-0.014640540829025986,0.0005103462756342307,7.102664338096738
0.3719980586195608,21998.05861956078,-13.70738452201254,0.010141676023906507,-0.011734189384194193,0.00032783619167651355,7.102197626760747
0.37200000000000005,22000.00000000002,-13.707365048875616,0.00991913796356906,-0.011512158251697751,0.00031554711336222055,7.10218024318397
0.37200028116437023,22000.281164370193,-13.707362264517892,0.0098867639009407,-0.011479657483026817,0.00031376794268479427,7.102177754864527
0.3720669575086527,22066.957508652675,-13.70692147240474,0.004627233736304174,-0.005321347459079233,6.74208066196405e-5,7.101777416695537
0.3720691800534621,22069.18005346209,-13.706911194863393,0.004623553589758869,-0.005284154096710229,6.64816298042369e-5,7.101768153393915
0.37207083333333335,22070.833333333318,-13.70690354663751,0.004629925396090542,-0.005266615436772084,6.604104323534765e-5,7.101761273898334
0.37207140259827154,22071.402598271507,-13.706900909891523,0.004633914248014027,-0.005262584083517758,6.593997913355819e-5,7.1017589049510015
0.37207362514308095,22073.62514308092,-13.706890586338677,0.0046582582821705285,-0.0052567239713582296,6.579320693107675e-5,7.1017496435202
0.37207500000000004,22075.00000000001,-13.706884167371607,0.00468027585487323,-0.005260982860446057,6.589985870930282e-5,7.101743895765986
0.3720825153223186,22082.515322318584,-13.706848291419286,0.004892833193786449,-0.005390419920700882,6.918244505116406e-5,7.101711912943069
0.3720833333333334,22083.333333333343,-13.706844275925876,0.0049251607673996,-0.005415246049468139,6.982116613400069e-5,7.101708346692515
0.37208473786712803,22084.737867128002,-13.706837317121828,0.00498475437383139,-0.005462719759989812,7.105073137186463e-5,7.101702172003809
0.372164749480267,22164.749480266975,-13.706158577821029,0.012444763225184846,-0.014158228612349841,0.0004772748510465755,7.10109332344684
0.3721666666666667,22166.666666666668,-13.706134578507601,0.012590008681577277,-0.014373111783114376,0.0004918722436426222,7.101071107807585
0.3721669720250764,22166.972025076393,-13.706130730608214,0.012612471455912346,-0.01440674407934344,0.0004941768451611839,7.101067540843528
0.37219586510759883,22195.865107598802,-13.705744722428673,0.01377402794665647,-0.016642723182842815,0.0006594767498588897,7.100702345091032
0.37219808765240825,22198.087652408216,-13.705714102121613,0.013778176015418794,-0.01672379791930301,0.0006659176591563898,7.100672723253017
0.37220000000000003,22199.999999999996,-13.70568775807776,0.013771822138153565,-0.016782103298600984,0.0006705690264878903,7.100647157488327
0.37220833333333336,22208.33333333333,-13.705573428763518,0.013639088925698997,-0.01691118149106607,0.0006809239510089897,7.1005353206610025
0.37221006031980475,22210.060319804714,-13.70554991494108,0.013590798143694145,-0.01691245119477581,0.0006810262033706516,7.100512137044964
0.37221205576437083,22212.055764370798,-13.705522857953994,0.013526444599463162,-0.016903093330797203,0.0006802727717848592,7.100485381211508
0.3722496762590793,22249.676259079253,-13.705055329875721,0.010976887078891592,-0.014816950128835993,0.0005227190740962212,7.100008631029151
0.37225,22249.999999999993,-13.70505178092209,0.010947756965610143,-0.014786658818639286,0.0005205839976639117,7.100004899599328
0.37225146771120826,22251.467711208228,-13.705035810024663,0.01081508018687575,-0.014647654786842303,0.0005108423589392958,7.099988085112224
0.37232133434423825,22321.33434423822,-13.704471301374003,0.006419289807281671,-0.009045691303929355,0.00019482031229995996,7.0993723400708735
0.3723231257963672,22323.125796367192,-13.70445980486624,0.006416738360392349,-0.009026502342244171,0.00019399462984414173,7.099359539251043
0.3723249172484962,22324.917248496167,-13.704448306587159,0.006421266232109698,-0.009016995512412238,0.00019358620969252958,7.099346735931102
0.372325,22324.999999999985,-13.7044477752021,0.006421646279723578,-0.00901679178925108,0.00019357746231120403,7.099346144223363
0.3723267087006252,22326.708700625142,-13.704436793864193,0.006432860483419387,-0.009017269416617079,0.00019359797079013743,7.0993339160399
0.3723320830570121,22332.083057012063,-13.704402042958026,0.006509724011168825,-0.009077511973904282,0.00019619338961041814,7.099295215034277
0.37233333333333335,22333.333333333318,-13.70439388757909,0.006536555849042831,-0.00910440816528563,0.00019735773342885636,7.099286131014538
0.37233387450914107,22333.87450914104,-13.70439034675872,0.006549204552850979,-0.009117562843814906,0.00019792845764503373,7.099282186719102
0.3724162813070739,22416.28130707385,-13.703626058021388,0.01285926101651751,-0.01983272577050595,0.0009365166940192638,7.098389094746909
0.3724166666666667,22416.66666666664,-13.703621096293192,0.012891877548778947,-0.01990975230420487,0.0009438053257495026,7.0983828350990645
0.37241807275920286,22418.072759202823,-13.703602886014435,0.013009797434731374,-0.020192071148542393,0.000970761279209043,7.098359791690164
0.37249920287980975,22499.20287980972,-13.702358295881028,0.017203389752124234,-0.05068600142919978,0.006116835097335338,7.0962558274148915
0.37250000000000005,22500.00000000002,-13.702344560733849,0.01725884483056206,-0.05131082716084379,0.00626857377126187,7.096222086879091
0.3725008589585115,22500.85895851145,-13.702329709682788,0.01732073495558438,-0.05198901777508563,0.00643537611718612,7.096185273158811
0.37258140973981957,22581.409739819537,-13.700311688745476,0.0379755659567892,-0.1331623156737426,0.04221952932284159,7.090437019253056
0.3725833333333334,22583.333333333343,-13.700237804339915,0.03884641103417543,-0.13623158078951125,0.044188199058116974,7.0902241461385564
0.37258388795972736,22583.887959727323,-13.700216188655448,0.03910065346949006,-0.137128211517283,0.04477177712840168,7.090161866359822
0.37266580529310717,22665.805293107132,-13.695050938396268,0.09221575417203277,-0.3214192511365212,0.245976988098005,7.075351833086572
0.3726666666666667,22666.666666666668,-13.694971192985298,0.09294357788545193,-0.3238492923881296,0.2497103909054577,7.0751255644918345
0.3726705688464879,22670.56884648788,-13.694602011469474,0.0962872375391443,-0.334970779388743,0.2671557691530998,7.074079327809228
0.37274629523585456,22746.29523585453,-13.684444276315432,0.17724025158328635,-0.5809112140384052,0.8034710442751757,7.046232266218453
0.37275,22749.999999999993,-13.683778793989044,0.18203074900139254,-0.5940006737805057,0.8400876201230827,7.044474594103181
0.3727507012404122,22750.701240412174,-13.683650825739514,0.1829465567167755,-0.5964844834826709,0.8471279500847348,7.044137552516165
0.3728300093224498,22830.009322449772,-13.664537151314684,0.3053106155734703,-0.8812733800506998,1.8491494532999648,6.996964045878307
0.37283333333333335,22833.333333333318,-13.663512418598343,0.31126459429649017,-0.8928859027311099,1.8982029411808312,6.994597443550606
0.37283441532700745,22834.415327007417,-13.663174576575715,0.3132171816180174,-0.8966515578695698,1.9142476576903016,6.993820535079453
0.37291372340904505,22913.72340904502,-13.632144320450328,0.4755886108140523,-1.1443938541095298,3.1181840317230085,6.928698315923305
0.3729166666666667,22916.666666666642,-13.630734631389064,0.48233041846645164,-1.15222033318714,3.1609802290711526,6.925998902616712
0.3729181294136027,22918.129413602663,-13.630026641536798,0.48569942305275954,-1.1560672445027371,3.182122556695598,6.924650680776966
0.3729974374956403,22997.43749564026,-13.583792511159588,0.6857825361714287,-1.3193292753780141,4.144356516355895,6.845928222289857
0.37300000000000005,23000.000000000022,-13.582026225186025,0.6927850399141414,-1.3230834368965563,4.167975669023819,6.8432338459053375
0.37300184350019794,23001.843500197905,-13.580744416884734,0.6978422002504251,-1.3257259209509893,4.184640994003211,6.841290940437759
0.37308115158223554,23081.151582235503,-13.516382270239149,0.9297570443997304,-1.396022360014969,4.6401867372899135,6.755085647535054
0.3730833333333334,23083.333333333343,-13.514346413423691,0.9365054810350817,-1.3968579441305604,4.645743133525372,6.752666880825068
0.3730855575867932,23085.557586793147,-13.512255719083992,0.943404249111825,-1.3976557455091745,4.651051387987634,6.750199676206912
0.3731166666666667,23116.666666666675,-13.481385535823385,1.0418318262201582,-1.4034134288438478,4.689450600617252,6.715603943261976
0.37312080562325434,23120.805623254302,-13.477045811167931,1.0551921339565897,-1.403467778377407,4.68981382129432,6.71099579175218
0.37312083333333335,23120.833333333314,-13.477016570468423,1.0552817844528597,-1.4034676149380205,4.689812728999562,6.710964941311681
0.37316523239776633,23165.2323977663,-13.426923951692567,1.2022960494306978,-1.3950292906428157,4.633587432741423,6.661655153546837
0.3731666666666667,23166.666666666668,-13.42519605269398,1.2071542168681952,-1.3945097993392812,4.630137096317338,6.660069364674984
0.37316977235785204,23169.772357852,-13.421430641906772,1.2176965412334548,-1.3933376791300027,4.622356876389007,6.656637756411711
0.373246717064527,23246.71706452697,-13.317435034025815,1.488436662421342,-1.3473768452694659,4.322438959924519,6.572945523110656
0.37325,23249.999999999993,-13.312528990328227,1.5003837962096127,-1.3448410300507503,4.3061842764475315,6.5694453474551455
0.373251851598655,23251.85159865495,-13.30974463206734,1.5071360069688624,-1.3433948266984648,4.296927762857615,6.567474183806921
0.3733291666666667,23329.16666666668,-13.182089358252673,1.7979467013093335,-1.275166566915834,3.8715470794759863,6.487251445453814
0.37333333333333335,23333.333333333318,-13.174564263092346,1.814107272387976,-1.2711744806940524,3.8473441913518895,6.483051631528039
0.37333380801029975,23333.808010299716,-13.17370271047886,1.8159514830462304,-1.2707183012902674,3.8445833362714823,6.48257401885605
0.37341385293493046,23413.852934930423,-13.015650698675595,2.1362081021373824,-1.191228422743566,3.378631321790772,6.404555559204235
0.3734166666666667,23416.666666666642,-13.009623675694113,2.147802558941558,-1.1883857878080748,3.3625256682481393,6.4019056947803366
0.3734204035009387,23420.403500938657,-13.00156886926536,2.163236407585058,-1.1846095415009563,3.3411899186073954,6.398396293349917
0.37349646728100716,23496.467281007128,-12.824846669200483,2.486281594089613,-1.1081430751332748,2.923764464204359,6.329387002206698
0.37350000000000005,23500.000000000022,-12.81603611214571,2.501699597706896,-1.1046352934780224,2.905283646660182,6.326293509850985
0.37350376069595487,23503.760695954836,-12.806597055165225,2.518153238567163,-1.1009073772334912,2.885707269636011,6.323011158498818
0.37358053992635787,23580.539926357837,-12.600118429107466,2.863277257277208,-1.0264788825397457,2.5087116578572495,6.258390481782579
0.3735833333333334,23583.333333333347,-12.59210213530708,2.8761651440716545,-1.0238390290072361,2.495824660282096,6.256123996489369
0.3735875,23587.49999999998,-12.580077992432255,2.8954320669480635,-1.0199110411016568,2.4767107899072984,6.25275412031421
0.3736649747378813,23664.97473788126,-12.341628389285697,3.263076666405864,-0.9490399697864034,2.144468724409946,6.192408925368364
0.3736666666666667,23666.666666666668,-12.336100537790848,3.2713031772310623,-0.9475389443522233,2.137690597771728,6.191139061320552
0.37367083333333334,23670.833333333307,-12.322427844451864,3.291598087442919,-0.9438509894330861,2.121082595842418,6.1880203585878135
0.3737482007354557,23748.20073545569,-12.052946435097924,3.6775320348816405,-0.8775541465633966,1.8335744765490747,6.132274823101048
0.37375,23749.999999999993,-12.046321327460838,3.6867090996055594,-0.8760606617772906,1.827338769318249,6.1310261705892035
0.3737541666666667,23754.166666666686,-12.030915709679396,3.707995451136149,-0.87261035473067,1.8129734075790138,6.12814274263171
0.3738291666666667,23829.16666666668,-11.738240800021,4.099159556885712,-0.8124068644128766,1.5714402698694332,6.078147502851716
0.37383333333333335,23833.333333333318,-11.721114812736074,4.1213216428458095,-0.8091641072303865,1.5589203629284485,6.075473627918084
0.37383750000000004,23837.50000000001,-11.703896392337954,4.143527404562899,-0.8059317017582721,1.546490256902344,6.072810429759941
0.37391250000000004,23912.500000000004,-11.37795790493274,4.550360874775149,-0.7494367873132484,1.3372749956628642,6.026661117887516
0.3739166666666667,23916.666666666642,-11.35895021109996,4.573338397436023,-0.7463879460312149,1.3264165856683232,6.024194603747789
0.37391816785445203,23918.167854452,-11.352078551342187,4.581625994575325,-0.7452916727238648,1.3225230415036582,6.0233084177655885
0.3739916666666667,23991.66666666669,-11.000283758225835,4.992916712069285,-0.6929902820066045,1.1434179308466506,5.981486658867465
0.37399583333333336,23995.83333333333,-10.979430748908245,5.016532682225991,-0.6901022403465707,1.1339073860270383,5.979206084534337
0.37400000000000005,24000.000000000022,-10.958479278543436,5.04017793582375,-0.6872221071731741,1.1244624394941372,5.976935025284939
0.3740041666666667,24004.16666666666,-10.937429226085774,5.0638520029979075,-0.6843497433103438,1.1150823123069844,5.974673455429834
0.3740791666666667,24079.16666666665,-10.541544833168103,5.494354047466165,-0.633922117455484,0.9568029785696297,5.935559564324476
0.3740833333333334,24083.333333333347,-10.518601433287655,5.518481027184364,-0.6311881191873455,0.9485677185791873,5.933473631696841
0.37408507031815347,24085.070318153434,-10.509007175924825,5.528544501916729,-0.6300503391904375,0.9451510236047271,5.932606718147598
0.3741625,24162.499999999975,-10.063493757743093,5.979760130149588,-0.5804771130035346,0.8022706636212338,5.895528388433723
0.3741666666666667,24166.666666666668,-10.038527286665945,6.004147140958393,-0.5778701188717823,0.7950806530592566,5.893618624523433
0.37417083333333334,24170.833333333307,-10.013459189062429,6.02854074688862,-0.5752690060959534,0.7879391175586338,5.891717455461822
0.37424866029069553,24248.6602906955,-9.526530446505928,6.484560470587759,-0.5277230750118929,0.6630753426190664,5.857762241748369
0.37425,24249.999999999993,-9.517837767000838,6.49240310159199,-0.5269211754807238,0.6610617265952088,5.857203224540905
0.3742541666666667,24254.166666666686,-9.490735278731101,6.516790086252495,-0.5244305791648692,0.6548272199123815,5.855470045355671
0.3743291666666667,24329.16666666668,-8.985560669396367,6.953778269308107,-0.48045461828723074,0.549611048175068,5.82566122997952
0.37433333333333335,24333.333333333318,-8.956536333580813,6.977899432934876,-0.4780571653759833,0.544139650874572,5.824081297638702
0.37433750000000005,24337.50000000001,-8.927411537123763,7.001999254311959,-0.47566434307548605,0.5387061125557944,5.822509272986971
0.37441250000000004,24412.500000000004,-8.38610493944498,7.431279330283578,-0.4333549421883337,0.4471345379025096,5.795548164293735
0.3744166666666667,24416.666666666642,-8.355092201931557,7.454828627030283,-0.43104521108237986,0.44238089046917467,5.7941235990759745
0.37442083333333337,24420.833333333336,-8.32398141855282,7.478341222457947,-0.42873961579973274,0.437661090847863,5.7927066537436405
0.37449982399095294,24499.823990952907,-7.715866437448306,7.916101799091906,-0.3857849579510216,0.35435722328874164,5.767268535231335
0.37450000000000006,24500.000000000022,-7.71447304774555,7.9170581707305665,-0.38569079127752603,0.35418425351496224,5.76721483955052
0.3745041666666667,24504.16666666666,-7.681438177190923,7.93967087805781,-0.38346348379779455,0.3501053414436701,5.7659475345159
0.3745791666666667,24579.166666666653,-7.07094770638245,8.336807688763974,-0.3439857100018035,0.281728973060583,5.744381276006918
0.3745833333333334,24583.333333333347,-7.03616626919744,8.358270822114873,-0.34182540819306206,0.27820145163417503,5.743251595238512
0.3745875,24587.499999999985,-7.0012955446222245,8.379665487829284,-0.3396684568901446,0.27470157287174285,5.742129044074832
0.3746625,24662.499999999975,-6.358697425999391,8.75216099713305,-0.3013928886255454,0.2162801745572629,5.723130079713431
0.3746666666666667,24666.66666666667,-6.322188509447748,8.772104971069696,-0.29929586253443646,0.21328098411960064,5.722140977541661
0.3746680507179079,24668.05071790784,-6.310042893909976,8.778711217926253,-0.29859992371371763,0.21229027248056664,5.721813957182453
0.37474706325393353,24747.0632539335,-5.601942933126394,9.139531000670233,-0.2593943115291381,0.16020335441351324,5.704400042435626
0.37475,24749.999999999993,-5.575083706265815,9.152288725295914,-0.2579560936645283,0.15843177680634027,5.703799921559607
0.3747541666666667,24754.16666666669,-5.536911602004035,9.170304712303084,-0.25591773797233064,0.1559378300211297,5.702954210711485
0.3748291666666667,24829.16666666668,-4.837430293595819,9.476772745484327,-0.2196536427309211,0.11487553039276938,5.688874176483352
0.37483333333333335,24833.333333333318,-4.797910387527409,9.492763282301226,-0.21766148084507547,0.1128012386754075,5.688154933015667
0.37483750000000005,24837.50000000001,-4.758324090840613,9.508640127192287,-0.2156715719096174,0.11074815935706014,5.687442267992844
0.37491250000000004,24912.500000000004,-4.034973459311415,9.774204150758147,-0.1802164692060424,0.07732851374545817,5.675731120264199
0.3749166666666667,24916.666666666642,-3.994219256131851,9.787792266421683,-0.1782657432327264,0.0756635124055151,5.675142117836017
0.37492083333333337,24920.833333333336,-3.953408700190496,9.801253363896054,-0.1763169097912958,0.07401822066274272,5.674559558450439
0.37499583333333336,24995.83333333333,-3.209799788424405,10.021125270271535,-0.14153717451725104,0.04769707564363518,5.665168560773016
0.375,24999.999999999967,-3.1680222789075896,10.032056166538085,-0.13962044302491197,0.04641397169160164,5.664707325221849
0.3750041666666667,25004.16666666666,-3.1261995135550786,10.042847968343295,-0.13770521174603512,0.045149346052429436,5.664252421918338
0.3750791666666667,25079.166666666653,-2.36632420604591,10.212686579462131,-0.10346711161637016,0.02548915044341524,5.6571416875529
0.3750833333333334,25083.333333333347,-2.3237545321533113,10.220731969015148,-0.10157698874476659,0.024566392005843905,5.656806235598618
0.3750870632539339,25087.06325393384,-2.2856187813607534,10.227807029232642,-0.09988591952854897,0.023755230762056576,5.656511243585715
0.3751625,25162.499999999978,-1.5093428569820833,10.34459853855784,-0.06586178765236697,0.010328035887536852,5.651615400601122
0.3751666666666667,25166.66666666667,-1.4662299722304584,10.349559696160444,-0.06399124527401845,0.009749713027903784,5.651404225120483
0.37516706325393395,25167.06325393392,-1.462125376590675,10.350023630075482,-0.06381324360370055,0.009695547760060073,5.651384447505144
0.37524706325393403,25247.063253934,-0.6311763019700132,10.413710386590903,-0.028039837626956762,0.0018719821289192864,5.648537194381884
0.37525000000000003,25249.999999999996,-0.6005921139943541,10.414898615183654,-0.026730971986836854,0.0017012972937168018,5.648475830815023
0.3752541666666667,25254.16666666669,-0.5571934284574359,10.416442698415228,-0.024874394598082532,0.001473179777669327,5.648394000889825
0.37528750000000005,25287.50000000002,-0.20984336537979023,10.422770379795336,-0.010039586004007403,0.00023998401698062228,5.647960175061486
0.3752916666666667,25291.666666666657,-0.1664150274418514,10.42280362797554,-0.008187286056403769,0.00015959917373662756,5.647933525452063
0.3752958333333334,25295.83333333335,-0.1229869036923897,10.422667521923229,-0.006335413213263951,9.55653823399987e-5,5.647912999609667
0.3753070632539341,25307.06325393406,-0.005946826438929582,10.421455197846953,-0.0013463287704501283,4.3157170431946525e-6,5.647888162132516
0.37530833333333335,25308.33333333332,0.007289114314379065,10.421240285139174,-0.0007822565854876507,1.4569651560447577e-6,5.647888151271303
0.37531250000000005,25312.500000000015,0.05070930745838628,10.42042399248224,0.0010680180571326628,2.7158632627653036e-6,5.647892107228411
0.3753291666666667,25329.16666666668,0.22434538863394268,10.415449160759822,0.0084653599045961,0.00017062456741510305,5.6479690917586955
0.37533333333333335,25333.333333333318,0.26773966901704016,10.413776782927341,0.01031381155607772,0.0002532731162244817,5.6480036221651
0.37533750000000005,25337.500000000015,0.3111266230108072,10.411932456050804,0.01216190630922809,0.0003521713454153381,5.648044264000879
0.37541250000000004,25412.500000000004,1.0900173134667355,10.349088529577175,0.04537427839831443,0.004901964619447008,5.649819688994086
0.3754166666666667,25416.666666666642,1.1331278471277026,10.343938356283022,0.04721660583976599,0.005308113969113865,5.649976254524025
0.37542083333333337,25420.833333333336,1.1762165557643818,10.338612498459051,0.04905862389304521,0.005730353757807776,5.650138911670487
0.37549583333333336,25495.83333333333,1.947244086743118,10.212577191635283,0.0821604810220351,0.016072249147076646,5.654107241364677
0.3755,25499.999999999967,1.9897784628943656,10.203893804035694,0.08399595846846264,0.016798383426275477,5.654385438204822
0.3755041666666667,25504.16666666666,2.0322762887720884,10.195033058127546,0.08583100266215814,0.017540383376169994,5.654669703776407
0.3755070632539343,25507.06325393426,2.061798039809111,10.188768717536833,0.08710645978774675,0.018065560325605575,5.654870894870439
0.3755791666666667,25579.166666666653,2.790144407088529,10.005207788091882,0.11876853681350985,0.033585631754338194,5.660822284096968
0.3755833333333334,25583.333333333347,2.8318073568189046,9.992978614146608,0.12059188392034016,0.03462476777965903,5.661221508913988
0.3755870632539344,25587.06325393434,2.8690597216299505,9.981881322237234,0.12222343454247074,0.035568018931803884,5.661584000262278
0.3756625,25662.499999999978,3.612814713714243,9.727166966724436,0.15503685974915235,0.05722959019256747,5.669948148525484
0.3756666666666667,25666.66666666667,3.6533118435065544,9.71142636106577,0.15683665415812012,0.05856603830360424,5.670467241586847
0.37566706325393445,25667.06325393442,3.657162972724376,9.709919095932396,0.15700788258044354,0.058693988553319865,5.670516959389693
0.37574706325393453,25747.0632539345,4.420940087817306,9.373987326253806,0.1911820403928521,0.08702517278279556,5.681640117949452
0.37575000000000003,25749.999999999996,4.4484492677833645,9.36046156377459,0.19241988750184483,0.08815574549100623,5.682089531633287
0.37575416666666667,25754.166666666635,4.487410970995846,9.341128002889352,0.1941737510191699,0.08977010853536804,5.682732104893699
0.3758291666666667,25829.166666666682,5.174217380828144,8.964861719733564,0.22516561726564088,0.120713226663374,5.695277976711115
0.37583333333333335,25833.333333333318,5.211524264986159,8.942416110849521,0.22684969988745718,0.12252568175959379,5.696028611600883
0.37583750000000005,25837.500000000015,5.248737294218687,8.919811448239585,0.2285291609639104,0.12434661288302111,5.696784800470614
0.37591250000000004,25912.500000000004,5.901779896984645,8.486383966081382,0.25784296783668514,0.1582928477686425,5.711326317374229
0.3759166666666667,25916.666666666642,5.937086725709827,8.460869312674433,0.25941296365559824,0.16022639455376364,5.712184633604497
0.37592083333333337,25920.833333333336,5.97228693764822,8.435208044852802,0.26097590326782194,0.1621629097296561,5.713048118048426
0.37599583333333336,25995.83333333333,6.58697985474657,7.949103409069597,0.2877412567843228,0.1971310258471942,5.729445195679006
0.376,25999.999999999967,6.620042208762374,7.920804728088503,0.2891424178880254,0.199055566243175,5.730401808741603
0.3760041666666667,26004.16666666666,6.652986379860568,7.8923757766672535,0.2905334538182081,0.20097544711318302,5.731363020680201
0.3760791666666667,26079.166666666653,7.22517500863115,7.359482700507074,0.31363837820063356,0.23421198161981818,5.749409511471455
0.3760833333333334,26083.333333333347,7.255775565884795,7.328766412667372,0.31480273968440725,0.23595420217335397,5.750450945350489
0.3760870632539349,26087.06325393484,7.283059856151162,7.301176685979988,0.315833371728653,0.23750171118449886,5.7513864437927165
0.3761625,26162.499999999978,7.812330976607443,6.725664311792124,0.3340647545523275,0.265712524366921,5.770904364421318
0.3761666666666667,26166.66666666667,7.840286521520923,6.6929830100426555,0.3349134866677682,0.26706438940943183,5.772012240550823
0.37616706325393495,26167.06325393492,7.842940255695267,6.689867932180149,0.33499334240969997,0.267191760616244,5.772117833156087
0.37624706325393503,26247.063253935,8.352608121134283,6.047458548945784,0.34751670129670914,0.28754251828606237,5.793850488138284
0.37625000000000003,26249.999999999996,8.370332669704364,6.023412635266636,0.3478309105010904,0.2880627197619465,5.794661532136678
0.37625416666666667,26254.166666666635,8.39535906675818,5.989248772274809,0.3482578871622557,0.28877037135885336,5.7958134371194525
0.376325,26324.99999999999,8.798849525168315,5.401464885169146,0.35194286484174325,0.2949137621738418,5.815536854341307
0.3763270632539351,26327.06325393508,8.809976297572788,5.384188892545953,0.3519442234699749,0.2949160391282943,5.816113234071211
0.3763291666666667,26329.166666666682,8.821282940401078,5.3665701244218385,0.3519391293810853,0.29490750187980064,5.81670081673288
0.37633333333333335,26333.33333333332,8.843570908148035,5.331650364195153,0.3519098475988618,0.29485843056441463,5.817864674955904
0.37633750000000005,26337.500000000015,8.865713327752081,5.296707299816733,0.35185488049240216,0.2947663260150538,5.81902834408729
0.37641250000000004,26412.500000000004,9.239316039273362,4.66570063232915,0.34631908224704344,0.28556406363912956,5.839842357844528
0.3764166666666667,26416.666666666642,9.258683415155685,4.6306415310343585,0.34575208399756774,0.2846297704491932,5.840985691112947
0.37642083333333337,26420.83333333334,9.27790473440465,4.595593738897752,0.34515722737990645,0.28365121812520105,5.84212704845146
0.37649583333333336,26495.83333333333,9.599006118023057,3.9686673399280523,0.3296492217210498,0.2587347842411759,5.862227759396499
0.3765,26499.999999999967,9.615470341147324,3.934167318823104,0.3285211251688742,0.25696697543386454,5.863313926216115
0.3765041666666667,26504.16666666666,9.631790909881268,3.8997135111790326,0.3273652356237869,0.25516189879766077,5.8643962609743605
0.3765070632539353,26507.06325393526,9.643052116490152,3.8757900191967507,0.3265453223775978,0.25388535134926016,5.8651463729882956
0.3765791666666667,26579.166666666653,9.901254051755513,3.289375018030604,0.30192187267240356,0.2170400409476454,5.883120092664758
0.3765833333333334,26583.333333333347,9.914890468701186,3.2561181809191804,0.3002597805433794,0.21465699002847224,5.884112610035031
0.3765870632539354,26587.06325393534,9.926980114837331,3.2264144671224564,0.2987507040691431,0.21250472186144934,5.884996354820768
0.3766625,26662.499999999978,10.148096232163537,2.641024183951939,0.26422134855005464,0.16622124054668916,5.901819438736934
0.3766666666666667,26666.66666666667,10.159035070914761,2.6096363369919198,0.2621096705945304,0.1635749509980315,5.9026856217511545
0.37666706325393545,26667.06325393542,10.160069428135763,2.6066544332365766,0.26190766297497,0.16332291410716776,5.90276769918742
0.37674706325393553,26747.0632539355,10.345107723151857,2.0266875807897047,0.21803665123749894,0.11319043162586369,5.917949256206656
0.37675000000000003,26749.999999999996,10.351029590191784,2.0062678391017505,0.2163265205241231,0.11142181781446156,5.918452116285303
0.37675416666666667,26754.166666666635,10.35932886990634,1.9774084551108704,0.21389035646759402,0.10892639188055818,5.91915870118568
0.3768291666666667,26829.166666666682,10.48875253920155,1.4814784558209775,0.16860135714839714,0.06768194674352708,5.930464789450731
0.37683333333333335,26833.33333333332,10.494870749245885,1.4552870180622686,0.166033720208168,0.06563618153848623,5.931013043634205
0.37683750000000005,26837.500000000015,10.500880136659928,1.4292436936772543,0.1634636039267048,0.06361988049692055,5.931552796337881
0.37691250000000004,26912.500000000007,10.591157313260775,0.9864477615204442,0.11728941681675133,0.03275430308860388,5.939814431285447
0.3769166666666667,26916.666666666646,10.595219280230701,0.9633226657707479,0.11475607943516998,0.0313546613507882,5.940193101164806
0.3769194823049806,26919.48230498059,10.597909757572634,0.9477852068620286,0.11304754983894387,0.03042797267759166,5.940444255959589
0.37699583333333336,26995.83333333333,10.654908256235318,0.5542552378415967,0.06820846657260254,0.011077130743299616,5.945830794339653
0.377,26999.999999999967,10.657176095149218,0.5343344091744685,0.06586654016366913,0.010329526459838666,5.946047838934678
0.3770041666666667,27004.166666666664,10.659361267633107,0.5145753563658979,0.06353762632109296,0.009611976091711534,5.946257185728629
0.3770791666666667,27079.166666666653,10.685327186138103,0.18658176151063133,0.02414836547595261,0.0013884370360956663,5.948763731228657
0.3770833333333334,27083.333333333347,10.686069787985968,0.169893931543793,0.022115430131824994,0.0011645053569419833,5.9488361900251885
0.3770875,27087.499999999985,10.686743192240307,0.15336689357377703,0.020100168109082515,0.0009619446619366139,5.948901990291218
0.37712500000000004,27125.00000000001,10.68980020863063,0.011832056935670588,0.0027852095979972696,1.8469982154228838e-5,5.949204487655982
0.3771291666666667,27129.16666666665,10.689818352400327,-0.0030965747198026554,0.0009552689507050313,2.1727113528121225e-6,5.949207038132651
0.3771333333333334,27133.333333333343,10.689774624286054,-0.017866486720629026,-0.0008554599509342439,1.7424088753629027e-6,5.9492036070431915
0.37713396629232215,27133.96629232212,10.689762609645001,-0.0200963142286203,-0.0011288432201935598,3.0340167042308712e-6,5.949202566483994
0.3771625,27162.499999999978,10.6877914970418,-0.11683224759677058,-0.012983886231092128,0.0004013840515760565,5.9490175202986535
0.3771666666666667,27166.66666666667,10.687276497659505,-0.1303413665720976,-0.014637397447740726,0.0005101271524836351,5.948968566003632
0.3771672062936689,27167.206293668867,10.68720569285038,-0.1320794940936109,-0.0148500845497874,0.0005250595503234153,5.948961829887318
0.37724942210438406,27249.422104384026,10.666295021437133,-0.3666528572202952,-0.043288854798775804,0.004461726070927369,5.946965654393131
0.37725000000000003,27249.999999999996,10.666082718370236,-0.36809204254137284,-0.04346073029131824,0.00449722637489216,5.946945420226437
0.37725416666666667,27254.166666666635,10.664527509164976,-0.37838344037971344,-0.04468841496000453,0.004754891503898945,5.9467972339406305
0.3773291666666667,27329.166666666682,10.629850801887576,-0.5384460184176081,-0.06336333629149017,0.009559315204734466,5.9435125542552445
0.37733333333333335,27333.33333333332,10.627591564695173,-0.5459641361878685,-0.06421420612248346,0.009817772066525697,5.943299926085375
0.37733750000000005,27337.500000000015,10.625301297951458,-0.553340271868567,-0.06504589532507239,0.010073734520572081,5.943084554105233
0.37741250000000004,27412.500000000007,10.579435534422355,-0.6623039459116793,-0.07683849846595085,0.014057511539290312,5.93880919081439
0.3774166666666667,27416.666666666646,10.576665976775422,-0.6670614228252868,-0.07732324557663388,0.014235438825010547,5.93855333595991
0.37742083333333337,27420.83333333334,10.573876874806817,-0.671685290219215,-0.0777907513205961,0.014408097597673388,5.93829594091016
0.37749583333333336,27495.833333333332,10.520955983343418,-0.7325541438291385,-0.0833839513008177,0.016554484129850326,5.9334622201941
0.3775,27499.999999999967,10.517899117506435,-0.7347205811283255,-0.08354509182455491,0.016618529447555506,5.933185898021207
0.3775041666666667,27504.166666666664,10.514833485525848,-0.7367619614222621,-0.08369125897889472,0.01667673054636292,5.932909097452354
0.3775416666666667,27541.666666666686,10.48693356058425,-0.7495776236843972,-0.08435150492929985,0.016940896151994518,5.9304043426300295
0.37754583333333336,27545.833333333325,10.483808581944965,-0.7503920287788262,-0.08435415471829726,0.01694196051961531,5.930125396930734
0.37754905501840713,27549.0550184071,10.481390154431447,-0.7509392109183972,-0.08434678286903219,0.016938999477037288,5.929909740705239
0.37756905501840715,27569.055018407118,10.466348807546987,-0.7527385941439777,-0.084120570513606,0.016848262817939427,5.928572775231407
0.37757083333333336,27570.83333333332,10.46501017342642,-0.752766328836187,-0.08408566437455672,0.016834283222168088,5.92845414739313
0.37757500000000005,27575.000000000015,10.461873645765762,-0.7527473576479405,-0.08399455343136046,0.016797821443175397,5.928176421205822
0.3775791666666667,27579.166666666653,10.45873744175672,-0.7526110475902705,-0.08389048271023977,0.01675622164132628,5.927899043359398
0.3775833333333334,27583.33333333335,10.455602049417841,-0.752357824911814,-0.08377357398224432,0.016709551661329907,5.927622056285064
0.3775875,27587.499999999985,10.452467954996436,-0.7519881169445368,-0.08364393153950425,0.016657874484250653,5.927345502027971
0.3776625,27662.499999999978,10.396819829709125,-0.7259031610665053,-0.07925155524712008,0.014954307164493636,5.922487427306986
0.3776666666666667,27666.66666666667,10.393800407064587,-0.7234016859107126,-0.07889953704283986,0.014821754632320142,5.92222663295731
0.37766905501840725,27669.05501840722,10.392074432752354,-0.7219191465203324,-0.07869291406802348,0.014744225534565066,5.922077684589027
0.37774905501840733,27749.0550184073,10.336850000378865,-0.6523311186535763,-0.0698495323243223,0.011616564680777488,5.917360428042722
0.37775000000000003,27749.999999999996,10.336234053741817,-0.6512841885859523,-0.06972398722769772,0.01157484379744799,5.917308337806119
0.37775416666666667,27754.166666666635,10.3335300789873,-0.6466071861178774,-0.06916487240400243,0.011389951368242708,5.917079799122722
0.3778291666666667,27829.166666666682,10.288617198288353,-0.5459461549789154,-0.0576304363837241,0.00790777904232969,5.9133154859652715
0.37783333333333335,27833.33333333332,10.286355890387691,-0.5394665262941845,-0.056911995482224836,0.007711845785163762,5.91312751455864
0.37783750000000005,27837.500000000015,10.284121769516906,-0.5328964549567807,-0.05618576862777457,0.0075162871340328985,5.9129419470483064
0.37791250000000004,27912.500000000007,10.248976016539356,-0.3996838851417302,-0.04183897277479119,0.0041678562924993305,5.9100411281413585
0.3779166666666667,27916.666666666646,10.247327727144521,-0.3914814304193445,-0.040973901905634616,0.003997287231839448,5.909905906237936
0.3779208333333334,27920.83333333334,10.245713784233173,-0.3831976517054656,-0.040101927284842596,0.0038289632665685787,5.909773569919516
0.37799583333333336,27995.833333333332,10.222911758390238,-0.2207195528584537,-0.02326020195088265,0.0012881833209424883,5.907910355153309
0.378,27999.99999999997,10.222012358514682,-0.21098038007874387,-0.02226245372046987,0.0011800401087049114,5.907837049858197
0.3780041666666667,28004.166666666664,10.221153688269364,-0.2011694139450295,-0.02125829626326801,0.0010759884762306538,5.907767067122942
0.37808038259450555,28080.382594505514,10.212978604166135,-0.009632044123737483,-0.0017740981907254589,7.4938675960365394e-6,5.90709821220103
0.3780833333333334,28083.33333333335,10.212961761613595,-0.0017785994278457446,-0.0009774833854296605,2.2749375447405485e-6,5.907096558244496
0.3780875,28087.49999999999,10.212977542678576,0.009363761145016827,0.00015275787224931263,5.555944650985074e-8,5.9070974183689025
0.3780916666666667,28091.666666666682,10.213039878011871,0.020567361651803725,0.0012892717583318964,3.95767063531481e-6,5.9071020387696755
0.3781625,28162.499999999978,10.221460130309444,0.21988994534819672,0.021576585884480415,0.0011084501391199035,5.9077761184570985
0.3781666666666667,28166.66666666667,10.222401770112668,0.23210573070503726,0.022827472170263177,0.0012406987754384278,5.907851999991966
0.37817083333333334,28170.83333333331,10.223394415737339,0.24437264387387195,0.02408485583164078,0.001381143524835526,5.907932041639453
0.37824583333333334,28245.833333333303,10.250214396123674,0.47328698632082367,0.04785473848318108,0.005452561893556315,5.910109116055301
0.37825000000000003,28249.999999999996,10.25221377025196,0.4864192840102344,0.049240266567396544,0.005772866313400643,5.910272386982534
0.37825416666666667,28254.166666666635,10.254267945503898,0.4995914256336974,0.05063286012107557,0.006104015533429534,5.91044026547718
0.3783291666666667,28329.166666666682,10.300790098912353,0.7428316687038978,0.07695451617942868,0.014099994191452261,5.914277429341388
0.37833333333333335,28333.33333333332,10.303914005700042,0.7566482805253034,0.07848951768069896,0.014668105680354182,5.914537477273936
0.3783352472036915,28335.24720369146,10.30536821351855,0.7630040246651525,0.07919725492100267,0.01493382187386258,5.914658634334793
0.37841409846014173,28414.0984601417,10.3759765220469,1.0292114366375709,0.10989700275864515,0.028755598131746815,5.920620086231537
0.3784166666666667,28416.666666666646,10.378631032762135,1.0379992296692897,0.11095018348208642,0.029309388606449147,5.920847244427993
0.3784208333333334,28420.83333333334,10.382985752572267,1.0522687553656083,0.11266637291322036,0.030223122822430556,5.9212203793680525
0.37849583333333336,28495.833333333332,10.471589411240558,1.3109539935914654,0.14524788769699312,0.0502308306677103,5.928944730503519
0.3785,28499.99999999997,10.477081782588678,1.3253845961630308,0.1471575234641572,0.05156032550500947,5.929431999995939
0.3785041666666667,28504.166666666664,10.48263428517999,1.3398168711640253,0.14907828238608117,0.05291508161710515,5.929925625655832
0.37850833333333334,28508.333333333303,10.488246924535282,1.3542501200577592,0.15101028329040342,0.05429548966535213,5.930425644679723
0.3785791666666667,28579.166666666657,10.592853899320703,1.5990825892762084,0.1856790693947662,0.08208742097930095,5.939941945566972
0.3785833333333334,28583.33333333335,10.59954660161809,1.6134124792127873,0.18783249659921253,0.08400249233022186,5.940563823184083
0.3785875,28587.49999999999,10.60629898583248,1.6277297804215938,0.18999941916555702,0.08595185543630725,5.941192872179328
0.3786625,28662.499999999978,10.737971030828644,1.8824434939889316,0.23147197038717515,0.12756969779743166,5.953795772048775
0.3786666666666667,28666.666666666675,10.745843589430795,1.8963800902853611,0.23392285359422288,0.13028547960396247,5.9545701938205795
0.378670365043605,28670.365043604983,10.752879956819154,1.9087272358727063,0.23611212521117272,0.13273556112318213,5.955264418628627
0.378749397715669,28749.39771566898,10.913997231057156,2.16636135342059,0.2862587068216178,0.19510487435996413,5.97171335789506
0.37875000000000003,28749.999999999996,10.915302571919533,2.168271801690922,0.28666739784913753,0.19566237378475168,5.971851114889488
0.37875416666666667,28754.166666666635,10.9243645356816,2.181463499808308,0.28950653642055596,0.19955722531006354,5.9728095218903725
0.37882926141262413,28829.261412624095,11.096898154381172,2.410832288206925,0.3444912917336694,0.282557738286505,5.99177667405722
0.37883333333333336,28833.33333333332,11.106739184884919,2.4227643875235203,0.3476961250074598,0.287839512726674,5.992901663894939
0.37883750000000005,28837.500000000015,11.116859370878737,2.434914826087072,0.35100119644150896,0.2933377140556447,5.994063648518893
0.37891250000000004,28912.500000000007,11.30739725501415,2.6423961274281558,0.4153230067074273,0.4106980950011849,6.01695530161636
0.3789166666666667,28916.666666666646,11.318429866868907,2.6532447766816523,0.41918807418949444,0.4183777179588026,6.0183430517059255
0.3789208333333334,28920.83333333334,11.32950752100176,2.664016275544687,0.4230865299924603,0.4261957425263358,6.019743710533312
0.37899583333333337,28995.833333333332,11.53622129884365,2.843711075433532,0.49950353612298554,0.5940566252365874,6.047298304740594
0.379,28999.99999999997,11.548089166877002,2.852849855540549,0.5041287733482389,0.6051090955180953,6.048967341589526
0.3790041666666667,29004.166666666664,11.559994916022292,2.8618938687364546,0.5087978055916429,0.6163695404163602,6.050651841827669
0.3790791666666667,29079.166666666657,11.780305897878835,3.007468909226504,0.6011112594332287,0.8603208243271487,6.083796016721693
0.3790833333333334,29083.33333333335,11.792851796464698,3.0145437414335983,0.6067477860349367,0.8765306568054698,6.085804958825243
0.3790875,29087.49999999999,11.805426939462714,3.0215060902253503,0.6124434026580899,0.8930640987129032,6.08783276899874
0.3791625,29162.49999999998,12.036226237354159,3.126596707915257,0.7262788389597499,1.2559070283826723,6.127803975134113
0.3791666666666667,29166.666666666675,12.049263476227978,3.13125642517546,0.7333069401843089,1.280331115529699,6.130232238121048
0.37916926141262447,29169.261412624437,12.057391981803768,3.1340927209515463,0.7377254543014997,1.295806776010367,6.131756300950377
0.37924926141262455,29249.261412624517,12.310926584151876,3.1957911038008615,0.8920149647314543,1.8945016602496607,6.183627242624337
0.37925000000000003,29250.0,12.31328707656185,3.19611927866871,0.8936251393602571,1.9013473564205694,6.184154071951543
0.37925416666666667,29254.166666666635,12.326607969159094,3.197884818079281,0.9027822560566494,1.9405138139303184,6.187144063774742
0.3792958333333334,29295.833333333354,12.460102941696288,3.2073769123480282,1.0017626355094211,2.389353280720908,6.218810472049869
0.3793,29299.999999999993,12.473467310896263,3.207494674904205,1.012471841371226,2.4407124513562874,6.222164173536763
0.3793041666666667,29304.166666666686,12.486831850427047,3.2074586537845415,1.0233423594787565,2.4934037731036867,6.225553926614391
0.37932926141262463,29329.261412624597,12.567290096374773,3.203954737408406,1.0924608700698664,2.8415970300804987,6.246764009741248
0.37933333333333336,29333.33333333332,12.58033414649195,3.2028492032824567,1.1043063761397052,2.90355374376859,6.250339568504657
0.37933750000000005,29337.500000000015,12.593676723471349,3.2015612309562953,1.116623323760196,2.968684874203017,6.254038723770535
0.37941250000000004,29412.500000000007,12.832218244042322,3.150744057253899,1.3790918119669804,4.528319585319927,6.3284766603861105
0.3794166666666667,29416.666666666646,12.84533727150228,3.146361438810713,1.3964229233436558,4.642849954380099,6.333104423423912
0.3794208333333334,29420.83333333334,12.858437692056988,3.1418127608232993,1.4141070348591989,4.761187395329227,6.337790906686349
0.37949583333333337,29495.833333333332,13.090272797463486,3.0314739812875504,1.809527516781494,7.796166271403332,6.433808736527147
0.3795,29499.99999999997,13.102887944175245,3.0237690741341225,1.8370023852336526,8.034708960366974,6.439900502513082
0.3795041666666667,29504.166666666664,13.115470645460471,3.0159002743233705,1.865226708175323,8.28350160212036,6.446086135526737
0.37958042819554727,29580.428195547236,13.339238005794883,2.8438444528530056,2.5690325882451788,15.714115332061246,6.579789022463792
0.3795833333333334,29583.33333333335,13.34748880849727,2.8362896472229275,2.6058007632709215,16.16713718538885,6.585840441479978
0.3795875,29587.49999999999,13.359283909010696,2.825335409706501,2.6603599278759558,16.85122606154324,6.594674717178019
0.3796652111609325,29665.21116093246,13.570302689084974,2.5996171341798813,4.367188395700893,45.41032019891557,6.806696777258319
0.3796666666666667,29666.666666666675,13.57408317387135,2.5951193081018973,4.421038895059601,46.53710693245194,6.811902416456112
0.37967048761018624,29670.487610186203,13.583976397825696,2.5832969796298397,4.569231482207686,49.709229376185334,6.8258891078970665
0.3797241946890995,29724.19468909948,13.718325941807308,2.4235590281186927,8.610264401833623,176.51584064162694,7.101097946276454
0.3797243394196536,29724.339419653577,13.718676681829608,2.4232469584160232,8.611988908339207,176.58655466037507,7.102094064184154
0.3797245106132323,29724.51061323228,13.71909149789915,2.422925734515218,8.605322910881897,176.31329142987835,7.103251364996536
0.3797496507191983,29749.650719198275,13.775607994164458,1.895954497549184,1.1776017652434674,3.301775994058407,7.1379398670613
0.37975000000000003,29750.0,13.776267702811857,1.8815430101773112,1.1671544784206818,3.2434513726129843,7.138240117290863
0.3797501254389244,29750.12543892436,13.776503394549826,1.8763257726538534,1.1634088200194401,3.2226668630929187,7.138347255610234
0.3797820703963156,29782.070396315587,13.809230169964936,0.04402060866255923,0.17076806939027506,0.06943269886495666,7.1531618479730685
0.37978260507745754,29782.6050774575,13.809244345920167,0.00900615487162515,0.15322556348327127,0.05590017453515713,7.153188764949545
0.37978316744704077,29783.167447040738,13.809239057535082,-0.02781117282169573,0.13476445638366874,0.04324156834377559,7.153209016200921
0.3797837918840765,29783.791884076483,13.809208933131558,-0.06866881772420377,0.11425587012078676,0.031081913945376412,7.153221821700331
0.37978448796890474,29784.487968904705,13.80914529392536,-0.11417127581688553,0.09138483144307395,0.01988377956637866,7.15322409119822
0.3797850461182785,29785.04611827848,13.809071397249992,-0.15061311866608718,0.07304115586210698,0.01270240583255382,7.153216770685961
0.37978672056639984,29786.720566399803,13.808727868915076,-0.25961283825721276,0.01800452503844831,0.0007718164806193147,7.153146036510994
0.3797872787157736,29787.27871577358,13.808572861202762,-0.2958085256809491,-0.00033658600771920873,2.6973842998179816e-7,7.153106217370312
0.3797875,29787.499999999967,13.808505817958624,-0.3101361375354522,-0.007606730100834983,0.00013776748292130712,7.153088185186272
0.37983304696442316,29833.046964423127,13.739635056746131,-2.295556080818503,-1.357384177103751,4.386885248218159,7.1241218957745565
0.37983333333333336,29833.33333333332,13.738977226471262,-2.2987061007310525,-1.3650610235760385,4.436646662110624,7.1237944404309985
0.37983360511379693,29833.6051137969,13.738352091583906,-2.301565868721332,-1.372366925652372,4.484264234820341,7.1234820052104855
0.3798390720087209,29839.07200872088,13.725662543373979,-2.3322360423618136,-1.5271297718922952,5.552679381428128,7.116834584466391
0.3798395728586878,29839.572858687767,13.724494360522545,-2.332494520015236,-1.5425382016209863,5.6652954844288255,7.116188277336199
0.3798400737086547,29840.073708654658,13.723326154798151,-2.3323275424250176,-1.558269278502169,5.781436057913501,7.115535027385368
0.3798650221121275,29865.02211212749,13.669295077976301,-1.8916809880368943,-6.998686315232435,116.62288128338515,7.034256339177308
0.3798657481085361,29865.748108536096,13.667928083825673,-1.874191756501384,-7.016493460306058,117.21709637742303,7.030184958678481
0.3798665252124656,29866.525212465578,13.6664788514817,-1.855671721496261,-7.003830739766391,116.79439293165866,7.0258995482138635
0.37991529276335423,29915.292763354195,13.599675936086413,-0.9487333960796608,-2.3168397493933552,12.780348629450154,6.874099788110412
0.3799166666666667,29916.666666666646,13.598386832643163,-0.9278532416279751,-2.251657289308432,12.071334639275703,6.871760323273733
0.3799169901512554,29916.990151255373,13.598087477584501,-0.9229633836272237,-2.2365721716952964,11.910131140956702,6.871219142499098
0.37998982247434565,29989.82247434562,13.566002388500053,-0.013354160408491819,-0.15769806692770016,0.059211143601746175,6.815558197054325
0.37999166666666667,29991.66666666664,13.565995511418462,0.00587118120223634,-0.1219872155433064,0.03543066846668832,6.8154346964102706
0.3799917379847676,29991.737984767562,13.565995956546306,0.006611667332325369,-0.12061346409754839,0.03463716124192999,6.815430951666821
0.37999365349518954,29993.65349518951,13.566027615854605,0.026417617856428082,-0.08391010757931253,0.01676406227136143,6.8153589204537015
0.3799955690056115,29995.569005611454,13.566097062353222,0.04606595133713386,-0.04756493467735071,0.0053867214544300965,6.815341595909962
0.37999583333333337,29995.833333333332,13.56610959564816,0.04876503892668875,-0.0425764082630255,0.004316072715666253,6.815343473729631
0.37999748451603343,29997.4845160334,13.566203996240299,0.06555886622235339,-0.011555624252046523,0.0003179344091773471,6.815378503270994
0.3799994000264554,29999.400026455347,13.566348121867973,0.08489850168994854,0.024139455613537614,0.0013874126602808395,6.81546919955091
0.38,29999.99999999997,13.566400867285884,0.0909248436801685,0.0352585377558835,0.0029599154397215778,6.815508603487889
0.3800013155368773,30001.315536877293,13.566529147631117,0.10408693999196954,0.059541296940816654,0.008440871527129768,6.81561327265091
0.3800802804307469,30080.280430746843,13.6029052227541,0.7839456084844099,1.4834422955284927,5.239526295625819,6.866520228607703
0.3800833333333334,30083.33333333335,13.605333058086178,0.8065245348746095,1.5455967473240384,5.687784060330112,6.870333797026806
0.38008369056037955,30083.690560379517,13.605621639708902,0.809151156264499,1.5529504149000597,5.7420356931863505,6.870790113572662
0.38016531828885103,30165.318288850995,13.694164163101979,1.340064724101749,4.276325977717087,43.54039016118572,7.050483684098655
0.3801666666666667,30166.666666666675,13.695976430850214,1.3480038073601204,4.352998425740642,45.11570308214406,7.055288162091171
0.3801668891556298,30166.88915562976,13.696276492381122,1.349312211250769,4.365624188617918,45.37779656249014,7.056088780960096
0.3801781404567187,30178.140456718684,13.71182597747886,1.4142334246157109,4.995542305003124,59.41772124065697,7.099460441932852
0.38017837131179444,30178.371311794406,13.712152618156136,1.4156063073170433,4.998213974104098,59.48129269268922,7.100383931354659
0.38017860216687016,30178.60216687013,13.712479580402324,1.4170196065979466,4.992233912871728,59.339046287682294,7.101286651638234
0.3801853493836707,30185.34938367068,13.722167042505417,1.446544459012952,1.5782759672199917,5.930845306438572,7.110900270786533
0.3801856457955411,30185.645795541062,13.722595830197475,1.4466294366331196,1.527841602700043,5.557857054621513,7.111145984300585
0.3801859536854809,30185.953685480883,13.723041234843572,1.4466273252645074,1.4862876584815663,5.259645247034803,7.111415678030142
0.38024429016690287,30244.290166902832,13.777149642784313,0.012380616146665207,0.10230375540144636,0.02491918659342611,7.139870036833868
0.38024489529045874,30244.895290458706,13.77715005250884,-0.011024853355791772,0.08952253769438782,0.019081630369626398,7.13988568180539
0.38024553623878343,30245.5362387834,13.777135044751555,-0.03580197763644481,0.07597720317093815,0.013744131908757173,7.139895538918096
0.38024583333333334,30245.833333333307,13.777122703058138,-0.04727976877371863,0.06969659256499285,0.011565750036120516,7.139897765519947
0.38024628570672736,30246.28570672733,13.777097363851704,-0.06474572190085756,0.06013152094356878,0.008609047169016311,7.139898306911469
0.3802470351746713,30247.035174671255,13.77703800564637,-0.0936471130334408,0.04428149379521513,0.004668692125561134,7.139891637675075
0.38024853411055914,30248.53411055911,13.776854411909637,-0.15127371832079342,0.012581806213964689,0.0003769091609660963,7.1398500156430575
0.3802492835785031,30249.28357850304,13.77673027664504,-0.17997445057019934,-0.0032611257130019324,2.532128789524372e-5,7.139815081971356
0.38025000000000003,30250.0,13.776591536704764,-0.20732448691509955,-0.01839702456513849,0.0008058345544054978,7.139772901971681
0.380250033046447,30250.033046446966,13.776584664557364,-0.20858387717242705,-0.019094950561234687,0.000868136040323802,7.139770749316934
0.3803011616649231,30301.161664923082,13.72739893268219,-1.3831872149407685,-0.9242528735554053,2.0339127958938668,7.116940734360572
0.3803017677805098,30301.76778050975,13.726560495979777,-1.3833413341516372,-0.932259893765228,2.069305975055129,7.116475350928283
0.38030237389609645,30302.37389609641,13.725722077781372,-1.383126281247259,-0.9402553204613734,2.1049525420379043,7.1160061500402545
0.3803330771950073,30333.077195007274,13.68801549026842,-0.956485765751912,-3.5151502029239374,29.419716545514763,7.071851348278812
0.38033333333333336,30333.333333333325,13.687771199669767,-0.9510054001020349,-3.543877083289299,29.902535193959686,7.071067022106545
0.38033379568591086,30333.795685910824,13.68733378239061,-0.9411373062788232,-3.5897798375809096,30.68218876738672,7.069651454930693
0.38033602428779445,30336.024287794415,13.6852889630783,-0.8940808733705767,-3.7114172750454926,32.796709975014544,7.0628931019768855
0.38033681184052115,30336.811840521117,13.684591295014894,-0.8776765540232173,-3.7194891917563573,32.93952344664847,7.060553837601065
0.38033750000000005,30337.50000000002,13.68399221580175,-0.8634453813373923,-3.7139186597559313,32.84093288400784,7.058539028364131
0.38038774322517427,30387.743225174236,13.663208415305427,-0.014999194289275184,-0.4011077411759425,0.38306528578873067,6.991152536827912
0.38038912179417317,30389.121794173134,13.663201249816511,0.004578709192463831,-0.33938448307714547,0.2742424460798601,6.990891390477649
0.38039050036317207,30390.500363172036,13.6632209712665,0.024008256274024364,-0.27842904515951417,0.18457793616294949,6.990695544986999
0.38039325750116987,30393.257501169835,13.663340267250652,0.062432230486935435,-0.15862260860685964,0.05990745705058329,6.990497041216304
0.38039463607016877,30394.636070168734,13.663439446329651,0.08143145426009879,-0.09967695918221699,0.02365594331384131,6.990493146115245
0.3803958333333334,30395.833333333343,13.663546761852047,0.09781928608483512,-0.048954384198391765,0.005706027933913688,6.990540755261566
0.38039601463916767,30396.014639167635,13.66356472124667,0.1002919217788016,-0.04130952264985282,0.004063039670377864,6.99055207492707
0.38039739320816657,30397.393208166533,13.663715902264512,0.11901586848822206,0.01652283850611224,0.0006500099816644414,6.990673322912544
0.38039877177716547,30398.771777165435,13.66389280268627,0.13760547021972586,0.07386183052464257,0.012989452401073858,6.990856428299897
0.380416476184452,30416.476184451978,13.668373557543815,0.3652708206842033,0.7828799537648761,1.459288147635463,6.9985722441453735
0.3804166666666667,30416.666666666646,13.668443358540891,0.3676161229389168,0.7903770018621714,1.4873709644586546,6.998708689263466
0.3804185030437095,30418.503043709465,13.669139132854626,0.39012047903683433,0.8626631724884521,1.7718755932567642,7.000082322086448
0.380475,30474.999999999975,13.709184920290614,1.0042680506980697,3.430153402784877,28.01417230151588,7.0991196378715244
0.38047511811000123,30475.118110001196,13.709303603355671,1.005436771983832,3.4320029694134067,28.04439138586295,7.099446020707803
0.38047533825983804,30475.338259838,13.709525191179603,1.0076302227510996,3.4315788561048626,28.037460584918946,7.10004539293856
0.3804899353853121,30489.935385312085,13.725049615857456,1.092954647184152,0.8922049728676603,1.8953088419280535,7.113238911930684
0.3804904298763699,30490.42987636985,13.725590099736708,1.0930346460711542,0.8808429493681462,1.8473435748847014,7.113559938281751
0.38049092719706173,30490.9271970617,13.726133668985428,1.0929243957621686,0.8708015358390843,1.805465035285019,7.113881864434761
0.38049987896951504,30499.878969515004,13.735808699047547,1.0584010650437403,0.7600304578300636,1.375348325784229,7.1193872772158775
0.3805,30499.99999999997,13.73593674425055,1.0575136325399717,0.7587220858434236,1.3706171513014176,7.119457132535479
0.3805003762902069,30500.376290206856,13.73633414719378,1.0546836807013067,0.7546636716108701,1.3559934696409506,7.119673536471569
0.38054863807465705,30548.63807465702,13.766401031257212,0.013095645290228265,0.08215713777822203,0.016070941161689903,7.135119405597812
0.38054924207690277,30549.242076902738,13.766403630804907,-0.004486808953809673,0.07218979060882182,0.01240801397177509,7.135132694524747
0.3805498792371638,30549.87923716379,13.766394865516125,-0.023024661402867234,0.06166860267359879,0.009054801323129037,7.135141516541177
0.38055,30549.999999999967,13.7663918729309,-0.02653660203689325,0.05967386178705706,0.008478499477573308,7.135142587255563
0.3805505856304785,30550.585630478465,13.766371347285675,-0.043558275739990465,0.04999829923218071,0.005951976014549242,7.135145062301283
0.3805514210731033,30551.42107310327,13.766324824259787,-0.06780774049756716,0.03619116994229219,0.0031185732899806523,7.135140797766123
0.3805527435464174,30552.74354641735,13.766209822916647,-0.10608559182360676,0.014333708890991477,0.0004891790727897336,7.135115326908279
0.3805534209744095,30553.42097440944,13.766131335502724,-0.1256279134090136,0.003141150025742531,2.349243686719596e-5,7.135093404228749
0.38055409840240156,30554.09840240153,13.766039627172471,-0.14511715514400478,-0.00804603033886469,0.000154139533842693,7.135065478289293
0.38058322780606146,30583.22780606143,13.750773900098247,-0.8441774125830922,-0.45445552758017604,0.4917376822575623,7.128474384741081
0.3805833333333334,30583.33333333335,13.750684723219473,-0.8459414370695437,-0.4558537523402267,0.49476819886348744,7.128432948597464
0.38058390523405355,30583.90523405352,13.750198220705899,-0.8553762822765674,-0.463393316914641,0.5112699194313165,7.12820644777381
0.38060558292980046,30605.582929800425,13.72901017912245,-1.0419850799956436,-0.6961725615950796,1.1539434178996544,7.117527333507511
0.38060626035779255,30606.260357792515,13.728304231911642,-1.0421553517061384,-0.7017094732257012,1.1723718686064075,7.117138504024256
0.38060693778578464,30606.937785784605,13.727598287348403,-1.0419773665523828,-0.7071461621152341,1.190608796653107,7.116746964509638
0.38064803161844263,30648.031618442594,13.693059387043638,-0.49247812893296206,-2.195437186205987,11.476058187085862,7.078757434477738
0.3806488382338323,30648.838233832244,13.692668668469095,-0.47632251059163994,-2.207134997522635,11.59867832687915,7.07732102100502
0.3806496715276363,30649.67152763626,13.692278671584853,-0.4597315666086587,-2.206681919689523,11.593916892106279,7.075862969403059
0.380666412045979,30666.412045978974,13.687243249781966,-0.1486778372171507,-1.1373244630892292,3.0797784150981036,7.0551959715019334
0.3806666666666667,30666.666666666675,13.687205957849631,-0.14424493641252922,-1.1185925564310328,2.979165017387889,7.055012155928826
0.3806675673416124,30667.567341612357,13.687083080711654,-0.1286269240992526,-1.0529203311120976,2.639621961117165,7.054390746651182
0.3806744991154127,30674.499115412647,13.686600423074015,-0.01151827732402531,-0.5780968317486539,0.7957046354234084,7.05104557162918
0.38067500000000004,30675.000000000007,13.686596723816915,-0.0032569354826225217,-0.5457214118291673,0.7090758555448086,7.050898325340986
0.38067565441104606,30675.654411046027,13.68659811382948,0.007497772826754973,-0.503766904086025,0.6042406991724245,7.050724438412934
0.3806802755935796,30680.275593579554,13.686806244280247,0.08223056283525523,-0.2173805330684119,0.11251022894549266,7.050080080113511
0.3806813150721657,30681.31507216565,13.686900319834658,0.09875785361962433,-0.15503688681699027,0.0572296101759625,7.050073017078686
0.3806823545507518,30682.354550751745,13.687011522850607,0.11518477190172662,-0.09334343469109087,0.02074523047602368,7.050115585127943
0.3806833940293379,30683.39402933784,13.687139749798511,0.13151285871491714,-0.03225260118107394,0.002476738768917648,7.050207382502476
0.38068443350792397,30684.433507923935,13.687284898723949,0.147743604248826,0.028280729705706022,0.0019042849349695313,7.050348039804842
0.38068548090887133,30685.480908871297,13.687448167986426,0.16400105770616508,0.08875487043378955,0.01875577863266374,7.050538845561401
0.3807281542289096,30728.154228909567,13.707537111478144,0.7564334681424867,2.43105240151907,14.071466140313426,7.098908787120407
0.3807284079471834,30728.407947183347,13.707729440532619,0.7596522890068592,2.433768154503914,14.102922452089015,7.099405499209879
0.38072866166545716,30728.661665457123,13.707922587887511,0.7628837703411784,2.430914365592653,14.069868221058883,7.09988902573742
0.3807495940397502,30749.594039750194,13.725983629127848,0.9191841730930598,0.7069770384916941,1.1900393641773486,7.1139702663249755
0.38075000000000003,30750.0,13.726356858208558,0.9195449491594764,0.7042632845867879,1.1809208905165975,7.1141912274028245
0.38075009498879203,30750.094988792,13.726444207995405,0.9196139382780821,0.703627616057767,1.1787900525693724,7.114242801067947
0.38075059593783384,30750.5959378338,13.726904961380436,0.9198808750343374,0.7002745357775596,1.1675819653773252,7.114513993527018
0.38075109688687564,30751.096886875606,13.727365807650358,0.9199847373580867,0.696926708591318,1.1564448503522093,7.114783865185531
0.38075159783591744,30751.59783591741,13.727826665062407,0.9199253308510329,0.6935911905266022,1.1454017608954985,7.115052436372632
0.3808094835671786,30809.48356717855,13.761810562919607,0.009915479563850162,0.06969413521459769,0.011564934484072921,7.133036589954598
0.38081011111728386,30810.11111728382,13.76181197051926,-0.00542835331552296,0.06083679929279664,0.0088121813052191,7.133048036402163
0.3808107750638398,30810.77506383978,13.761802979773128,-0.02165227383692597,0.051459237812095424,0.006304888467147123,7.133055326650453
0.3808115171511738,30811.51715117375,13.761780189054646,-0.039767183226848496,0.04097229343546103,0.003996973403241721,7.133057611422624
0.3808123531173366,30812.353117336545,13.761738426215295,-0.0601414305436845,0.029154531267478637,0.002023777841491404,7.133052775953171
0.38081373408873903,30813.734088739,13.761632186898535,-0.09369604904948287,0.009632057630824678,0.0002208965100083998,7.133027612281997
0.3808144342220166,30814.434222016574,13.761560650814776,-0.11064608034126128,-0.00026119006043932375,1.6242916112451803e-7,7.13300669264312
0.3808151343552942,30815.13435529415,13.761477264502904,-0.1275463641265364,-0.010148635192484302,0.0002452257054050736,7.13298029117419
0.3808326376872336,30832.637687233542,13.755723578911836,-0.5163739387945054,-0.24918005891892855,0.14783500419723974,7.130585852932965
0.38083333333333336,30833.333333333325,13.755359673274372,-0.5298310904552325,-0.2581119851897128,0.15862332594898695,7.130424596078009
0.38083333782051115,30833.33782051112,13.755357295634754,-0.5299172524504597,-0.25816940206788025,0.1586939051525876,7.13042354039583
0.3808666666666667,30866.666666666653,13.730157018520107,-0.8754266879865111,-0.5838710426864849,0.8116795106852454,7.118011914562445
0.3808669442178348,30866.944217834756,13.729914035538958,-0.8754709441657172,-0.5855338703745716,0.8163093175138707,7.117879197264684
0.38086764435111237,30867.644351112333,13.72930110842946,-0.8753638089516214,-0.5896412232858796,0.8278018385668299,7.117543012660039
0.3809159873153132,30915.98731531314,13.698000744127325,-0.25248319819781423,-1.1800079435517299,3.3152827305837675,7.089117173081199
0.3809166666666667,30916.666666666646,13.69783379340773,-0.23902468569049878,-1.194544363470577,3.3974672292841097,7.088442655669327
0.3809168016377504,30916.801637750345,13.697801712086525,-0.23635628487474447,-1.1966519696358322,3.40946651531742,7.088309654165533
0.3809176317403082,30917.63174030815,13.697612311106289,-0.2199877061461643,-1.2040075291510466,3.451509833934305,7.087501282582088
0.38091848326391897,30918.483263918937,13.697432106971974,-0.20327743051110647,-1.201860386095482,3.4392104468228113,7.086693184524096
0.38092825432465166,30928.25432465163,13.69636029956593,-0.01819332279876441,-0.7301636548451222,1.2693784829923496,7.079939915340795
0.3809291666666667,30929.166666666675,13.69635130342333,-0.00154507286175035,-0.6660988868423136,1.0563993501251647,7.0795856191911115
0.3809293942985123,30929.39429851227,13.696351422758326,0.002592490479202906,-0.6499668724488264,1.0058498459069265,7.079504824918259
0.3809349421974739,30934.94219747389,13.696641869908843,0.10150626691246938,-0.25119037637015634,0.15023001233566854,7.078461104288193
0.38093582239075097,30935.822390750935,13.696737983753016,0.11687189942406613,-0.18832299926397403,0.08444179059947324,7.078455943610545
0.380936702584028,30936.702584027975,13.696847584432001,0.13215165017352798,-0.12580157174873968,0.037681036796317374,7.078493763364586
0.38093758277730505,30937.58277730502,13.696970596919396,0.14734679879211995,-0.06366170322651146,0.009649553470715284,7.078574227216747
0.3809384629705821,30938.46297058206,13.697106947297046,0.1624585836787725,-0.001925278825154496,8.825472749019704e-6,7.078697011244139
0.38093934410750335,30939.34410750332,13.697256730211752,0.17750427084852546,0.05946233444592238,0.008418498137520778,7.078862005225054
0.3809633587460073,30963.358746007252,13.7062074143095,0.5594180517968312,1.5942966849306301,6.051861713287611,7.0987575090725
0.38096364413809924,30963.64413809921,13.706367679997328,0.5637088840310677,1.5978827793788506,6.079117563417812,7.099127796249046
0.3809639295301912,30963.92953019117,13.706529170691633,0.5680024936877152,1.5965048986954284,6.068637837044049,7.099486593230245
0.3809940748120438,30994.07481204375,13.728636034005499,0.8218953641835868,0.6058164092401633,0.8738417183443931,7.115617263900503
0.3809945850582545,30994.585058254477,13.72905542966549,0.8219745596159002,0.6038932921394011,0.8683026387880096,7.115857693104657
0.38099509530446524,30995.095304465205,13.729474826963147,0.8219017641364178,0.601916608730279,0.8626276282508565,7.11609720514169
0.3809996875203618,30999.687520361753,13.73323666923092,0.8144011605867406,0.581660610515508,0.8055453948220795,7.118207772434791
0.381,30999.99999999997,13.733491004884293,0.8134436186308915,0.5801173499355763,0.8012765230863712,7.118348198582026
0.3810001977665725,31000.19776657248,13.73365181438781,0.8128082466043206,0.5791295699138425,0.7985501398776002,7.118436848325503
0.3810524916458291,31052.49164582907,13.75976509594205,0.017999632310252485,0.06808428099330899,0.011036831710418703,7.132091093182019
0.3810531188080237,31053.118808023693,13.759772091148765,0.004308425655936381,0.06012115204088242,0.008606078387435477,7.132104069483305
0.3810537735685459,31053.773568545883,13.759770234134198,-0.009979403832796387,0.05180041689356428,0.0063887695008263325,7.132113368566607
0.3810541666666667,31054.16666666666,13.75976462605071,-0.018552623537631402,0.04680205401040506,0.005215314903792553,7.132116866835823
0.38105447482687727,31054.47482687723,13.759757873757804,-0.025270109737083945,0.04288249660528587,0.004378353607386558,7.132118515778568
0.3810553058654784,31055.30586547839,13.759729351549485,-0.04336729100055757,0.032308480905768495,0.0024853284248533515,7.132118173923667
0.38105696794268074,31056.9679426807,13.759627261714435,-0.07944978416809413,0.01115504540007833,0.0002962738997090684,7.132096550599099
0.3810577989812819,31057.79898128186,13.759553766395044,-0.09741646638903413,0.0005824342932216771,8.076897760015108e-7,7.1320752860806955
0.38105833333333333,31058.3333333333,13.759498632576276,-0.10893670831630048,-0.0062120497040456775,9.187990839412856e-5,7.132057939341344
0.3810823023506344,31082.30235063436,13.751140052856616,-0.5618793871618262,-0.2935361832865601,0.20515116880581197,7.1284481194961735
0.38108304979460017,31083.049794600138,13.750715942137832,-0.572909524626954,-0.30150594648485773,0.21644246610888074,7.128252705293665
0.3810833333333334,31083.33333333335,13.75055291513776,-0.5770297490897256,-0.3045069900812157,0.22077263573409905,7.128177396203149
0.38108379723856595,31083.797238565912,13.750283678492085,-0.5836941501534479,-0.30939025174525214,0.22791030446426308,7.128052793146855
0.3811099577773681,31109.95777736808,13.731625844726887,-0.7812309063891587,-0.5168269669057963,0.6359764612405835,7.118731170281059
0.3811107052213339,31110.705221333857,13.73104187764412,-0.7812866885577305,-0.5204328107654185,0.6448816917171284,7.118415005426093
0.38111145266529967,31111.452665299632,13.730457988258678,-0.7810230923398283,-0.5238928105641346,0.6534849451447338,7.118097091862827
0.38112714898858097,31127.14898858093,13.71862885819355,-0.7039592049698455,-0.5611467873553293,0.7497278975219217,7.1111798962099915
0.38112789643254674,31127.89643254671,13.718105250604546,-0.6970569076536661,-0.561165335951761,0.7497774625567921,7.110847023264896
0.3811286438765125,31128.643876512484,13.717586904082783,-0.6898822935097171,-0.5610189610543478,0.7493863682440471,7.110514579025068
0.38116636373929663,31166.363739296597,13.701914988603567,-0.07911434797828115,-0.3441946361691752,0.28207130373245454,7.096553303915747
0.3811666666666667,31166.666666666675,13.701891916818912,-0.0732113475722808,-0.3416781954943889,0.2779618792292901,7.09647681661703
0.38116708909059865,31167.08909059862,13.701862728835495,-0.06498202478479538,-0.3381144517951383,0.2721937678874451,7.096371303493278
0.38116999049580674,31169.99049580671,13.701756036422534,-0.008625621985610118,-0.30674598437176576,0.22403118792429424,7.095699791842011
0.38117071584710877,31170.71584710873,13.701754865593223,0.005391190281018293,-0.29519295211405844,0.20747352137574476,7.0955537716179995
0.38117083333333335,31170.833333333314,13.701755632151217,0.007657963335773302,-0.29311954578100197,0.2045692098068117,7.095531249323806
0.3811750679549209,31175.067954920865,13.701959930555748,0.08855181887010176,-0.17192290492480222,0.0703749648518633,7.095009941115626
0.381175803004192,31175.80300419198,13.702030118030892,0.10241208921306273,-0.1411918462264659,0.047464612954376185,7.094991156007079
0.38117662636895056,31176.62636895052,13.702120808692191,0.11786838606204342,-0.10360487187680822,0.0255570701824044,7.0949998899601185
0.3811774497337091,31177.44973370906,13.702224194927117,0.13325017014164664,-0.06292578058915725,0.009427747292273237,7.095041523637258
0.38117827309846763,31178.2730984676,13.702340214964416,0.1485564849845525,-0.019451136829247855,0.0009008255332145772,7.095117282386406
0.38117898852901994,31178.9885290199,13.702451235703908,0.16179455155287478,0.02034732078839693,0.000985746341109357,7.0952115789348404
0.38122083333333334,31220.83333333331,13.72305730052286,0.7297857222534737,0.556851923882411,0.7382953931703392,7.112404030851992
0.38122092440051275,31220.92440051272,13.723123782059025,0.7302683681188964,0.5568557545473318,0.738305550886853,7.112444294332127
0.38122164660112484,31221.64660112481,13.723652526118283,0.7339450289419996,0.5568075946510233,0.7381778510977578,7.112763408086814
0.38123031300846993,31230.3130084699,13.730140515484553,0.7566843848490921,0.5454677377475021,0.7084167926747088,7.116539301571331
0.381231035209082,31231.03520908199,13.73068704032643,0.7567674222447744,0.5436392149874693,0.7036752287433139,7.11684715064473
0.3812317574096941,31231.757409694084,13.731233523523484,0.7565690228776341,0.5416773656903221,0.698605639288588,7.11715359648287
0.3812498124249964,31249.81242499636,13.744292845590833,0.6617015185809504,0.45169720102502325,0.4857865747948578,7.1241492962195885
0.38125000000000003,31250.0,13.744416790471387,0.6598457691857753,0.45037762550968086,0.48295239418985314,7.12421331781489
0.3812505346256085,31250.534625608452,13.74476812856634,0.6544648750405687,0.4465768555191458,0.4748354473461143,7.124394612645424
0.3812888112580493,31288.811258049274,13.75882449803147,0.015595299249080605,0.06235224242143677,0.009256671749956237,7.131659745667219
0.3812895395831482,31289.539583148173,13.758830527582669,0.0009628692580287479,0.05380748016434127,0.006893440289609473,7.131673005823622
0.3812902910501586,31290.29105015857,13.758825581027196,-0.014125969431300118,0.044982401150069976,0.004817658126728135,7.131681486405218
0.381291101255631,31291.101255630947,13.758807551196684,-0.030377275976751012,0.03546021835116225,0.0029938740131240566,7.131684713495486
0.3812916666666667,31291.66666666666,13.758787172810957,-0.04170387697813773,0.028812138862502393,0.0019765222519812398,7.131683330298494
0.3812930023129879,31293.002312987872,13.758713634540614,-0.06839552745437277,0.013104665803492463,0.0004088863471933922,7.1316682066726225
0.38129381160776316,31293.811607763124,13.758651757438736,-0.08451259848810269,0.003589604179471537,3.06791861078084e-5,7.1316509483614094
0.3812946209025384,31294.620902538372,13.758576857306304,-0.10057786801492179,-0.005919967439374334,8.34428916267912e-5,7.131627593324436
0.3813329785608689,31332.97856086886,13.742227815524986,-0.669303739522525,-0.3951889761387305,0.3718436353847097,7.124160139997449
0.38133333333333336,31333.333333333325,13.741989918317204,-0.6718112509941313,-0.39776233985323817,0.3767020928702927,7.124042410123939
0.38133370681408907,31333.706814089037,13.741738527406751,-0.6743824405420269,-0.4004428616444153,0.3817963939094484,7.123917761335399
0.381346087118832,31346.087118831965,13.733032276430764,-0.7187228202965533,-0.4714116992981562,0.5291166434170839,7.11943722917639
0.3813468153720522,31346.81537205214,13.732508811532677,-0.7188208745127267,-0.47442758804581775,0.5359084197594575,7.119156772309908
0.38134754362527234,31347.543625272312,13.731985377095395,-0.7186392310756006,-0.4773064058380189,0.5424319167952564,7.118874937922517
0.38136065218323545,31360.652183235416,13.72279775135093,-0.668593080598867,-0.5043095003744615,0.6055430289712835,7.113663681560913
0.3813613804364556,31361.380436455587,13.722312755213448,-0.6633087364585082,-0.5043558987986574,0.6056544586976227,7.113372119249912
0.3813621086896758,31362.10868967576,13.721831698575329,-0.6577744646299519,-0.504241276870907,0.6053792030961971,7.113080958319998
0.38140551174824866,31405.511748248628,13.705599924058289,-0.012106097520574448,-0.12489774644794766,0.037141540637561477,7.100722780306112
0.3814060926538221,31406.09265382205,13.70559599807959,-0.0014113767532026639,-0.11325864464553335,0.0305417156831981,7.10069542376998
0.3814066735593955,31406.67355939547,13.705598283254659,0.00927791997669682,-0.10144442405469854,0.024502312313784524,7.100673888061786
0.38140833333333335,31408.333333333318,13.705638999762543,0.039770221055070526,-0.06681243885571468,0.010628338061544316,7.100644903643489
0.38140843628543447,31408.436285434436,13.70564319139015,0.04165840045341089,-0.06462572470837993,0.009944010224007878,7.100644709537372
0.38140908323714545,31409.08323714542,13.705673978089827,0.05351307023813651,-0.05079445166138844,0.00614303885614554,7.1006478085563405
0.381410971268791,31410.971268790945,13.705807584086196,0.0879811563430788,-0.009709465097096888,0.00022446122017081587,7.100699606849792
0.38141157511388224,31411.575113882205,13.705864026049065,0.09895629546528685,0.0035884398223127094,3.0659286567523027e-5,7.100729612910195
0.3814121789589735,31412.17895897347,13.705927087070116,0.10990379881710977,0.01692692842929363,0.0006821926334534021,7.100766098851193
0.38141640587461234,31416.40587461231,13.70655220848005,0.18556584044055338,0.10951109060873512,0.028553997538844265,7.101198193818284
0.3814166666666667,31416.66666666665,13.706601202851008,0.19016785320752855,0.11507513775796967,0.03152925554765642,7.10123460833237
0.3814170097197036,31417.009719703572,13.706667476995293,0.19620797654949368,0.1223515761931093,0.03564263856413864,7.101284156797387
0.38145833333333334,31458.33333333331,13.72693069263481,0.6867893363611803,0.4994956690689632,0.5940379129015505,7.114766795392886
0.38145925038277445,31459.25038277442,13.727561974955869,0.6899104901499516,0.49966151572960005,0.5944324530980984,7.115130866355961
0.38146017444474595,31460.174444745913,13.728200787761088,0.6926385351351847,0.49957675033671944,0.5942307844690403,7.115497153602396
0.38146441884940735,31464.418849407317,13.731158862981161,0.6997397879150026,0.4960300682504699,0.5858234014489663,7.117167341348071
0.3814652489350798,31465.24893507979,13.731739871529825,0.7000788658827835,0.494746409146488,0.5827952603889145,7.11749072057612
0.3814660790207523,31466.07902075227,13.732321018424361,0.7000730607840893,0.4932747212538081,0.5793332157810049,7.117812745465237
0.3814997780969338,31499.778096933773,13.752718415861057,0.426885641875911,0.29899785249542743,0.2128564661830414,7.1284786303650955
0.3815,31499.99999999997,13.7528127761915,0.42357628145904846,0.29701300056211694,0.21003981548312395,7.128526401663412
0.38150052507395066,31500.525073950626,13.753033117324764,0.4156865457748608,0.2922890361708434,0.20341162063257284,7.12863797744461
0.3815236813614731,31523.681361473045,13.758141976032684,0.012043164869143088,0.0564491665232631,0.007586924764693067,7.131347815175462
0.38152443627225563,31524.436272255596,13.75814577281956,-0.0019831996296385966,0.04823322994452151,0.005539153502097825,7.131359645079064
0.381525,31524.99999999997,13.758141703874912,-0.012451572818372843,0.04209242925509297,0.004218506191892873,7.131365253877841
0.38152521965991937,31525.219659919334,13.758138520951357,-0.01652868714685885,0.039698579811793436,0.0037523267596984125,7.131366692879991
0.38152608275388816,31526.082753888128,13.75811734611862,-0.03253445030269685,0.030288296940415193,0.0021842403132161054,7.1313682941825105
0.3815270307626071,31527.030762607046,13.758078182837862,-0.0500808809552458,0.019947456223593285,0.0009473833566480249,7.131362611256359
0.3815278074962206,31527.807496220583,13.758033711202582,-0.0644226761769022,0.011474334533394874,0.00031347703091490035,7.131352154595587
0.3815285910943377,31528.591094337644,13.757977573323883,-0.07885263868684943,0.002928625023418207,2.042105839950308e-5,7.131336318862113
0.3815291666666667,31529.166666666664,13.757929144602707,-0.08942329350902524,-0.0033454228075187912,2.664727085968312e-5,7.13132130944538
0.38158030857006364,31580.308570063607,13.734635245917822,-0.6642864660688264,-0.4308342855794759,0.441948051501851,7.120247340896761
0.3815810921681807,31581.09216818067,13.734114584568388,-0.6645623896909933,-0.43372438059824936,0.4478972341079406,7.119971677498437
0.38158187576629776,31581.87576629773,13.73359382467784,-0.6645380320517287,-0.436460746226931,0.4535666261832606,7.119694630026739
0.3815826593644148,31582.65936441479,13.733073201394463,-0.6642138033255265,-0.4390417629610731,0.4589468324380169,7.119416298380614
0.3815833333333334,31583.333333333354,13.73262570417902,-0.6636954759443884,-0.4411361876892844,0.4633360383072276,7.119175956343979
0.3815834429625319,31583.442962531848,13.732552949490247,-0.6635902536821819,-0.4414658235101361,0.4640287460178158,7.119136783431839
0.38159362973805366,31593.62973805363,13.725928936010355,-0.6287466662622666,-0.4579797087589262,0.499393841987883,7.115443055617735
0.3815944133361707,31594.41333617069,13.725438066761864,-0.6240670081082822,-0.4580417568893225,0.499529169176803,7.115158104277392
0.3815951969342878,31595.19693428775,13.724950972329932,-0.6191125273921092,-0.4579233969777451,0.49927104166580366,7.114873598169384
0.38163997412545275,31639.974125452718,13.70903048260478,-0.010484483242528533,-0.09441384497993366,0.02122374791403558,7.103694259661723
0.3816406749941236,31640.67499412354,13.709027366530984,0.0015917182461384581,-0.08283551557496473,0.016337434858500532,7.103672374189495
0.3816413758627944,31641.375862794364,13.709032712299761,0.013661602627965721,-0.07114752994498666,0.012052311945887555,7.103657219460866
0.3816420767314652,31642.076731465186,13.709046514135045,0.025721323662592638,-0.05936174853834743,0.008390040927452365,7.103648825197215
0.3816428042071917,31642.80420719168,13.70906977451879,0.038224012420258933,-0.04703853648724226,0.005268152178241956,7.103647285349399
0.3816436958034846,31643.695803484585,13.709110676509267,0.05352051264155918,-0.03183153311793985,0.0024124916681869083,7.103655382786394
0.38164507567444533,31645.0756744453,13.709200820786904,0.07711844126725793,-0.008134831015849518,0.0001575606563248269,7.103689595342979
0.38164577951289325,31645.779512893212,13.709259322310164,0.08911181077827682,0.003997320273683183,3.804421278666332e-5,7.103717166604964
0.38164583333333335,31645.833333333318,13.70926414299051,0.09002754341014411,0.004925654526883652,5.776683932907002e-5,7.103719555387589
0.3816661908278827,31666.19082788269,13.714446928994708,0.4068339341861445,0.30759800283091504,0.22527745558468482,7.107148553623498
0.3816666666666667,31666.666666666675,13.714642027380803,0.41317421330043075,0.31270098477659614,0.23281406161965007,7.107277787480789
0.38166689466633064,31666.8946663306,13.714736574965983,0.41618930565524204,0.31510934188497125,0.23641404129328494,7.107340301830042
0.3816942582648406,31694.25826484057,13.729885603877387,0.6419766903599512,0.452856610428171,0.4882835943059339,7.116508770577926
0.3816951661976622,31695.16619766216,13.73046945804314,0.6440777232118621,0.4530495743569658,0.48869980196435214,7.116835681791607
0.38169583333333335,31695.83333333331,13.730899590981394,0.6453797285356028,0.45303898979831514,0.48867696732732835,7.117075573175385
0.38169879792894856,31698.79792894853,13.732818771989951,0.6486749587826964,0.45146472975313395,0.4852866719311197,7.1181365643928105
0.38169970586177016,31699.705861770122,13.73340784184652,0.6488678244372401,0.4504946580213292,0.4832034212041771,7.118459292340961
0.38170000000000004,31700.000000000007,13.733598696757507,0.6488480419970912,0.4501322985369907,0.48242639568141554,7.118563571177012
0.3817496974841007,31749.69748410067,13.756963821032224,0.14837960900636252,0.1324234520691399,0.04175231109025666,7.1307016773160585
0.38175000000000003,31750.0,13.757007936665433,0.14327721883818248,0.12945988106798198,0.03990443049080009,7.130726072407464
0.38175051244658115,31750.512446581113,13.757079140069688,0.1346147532286815,0.12442770544788387,0.03686250924529846,7.130765742037436
0.38175784710890515,31757.847108905113,13.757607019164627,0.008969113113676416,0.0511444236920875,0.0062279811304660985,7.131103529051239
0.38175833333333337,31758.333333333332,13.757609344949007,0.0005980106844370088,0.046230571077024114,0.005088727862161377,7.131110637022382
0.381758663682377,31758.66368237695,13.757608603317294,-0.005087713310815933,0.042889962010437835,0.004379878193468574,7.131114379248545
0.38175951420720616,31759.514207206128,13.757598053933698,-0.019716238338187746,0.034282952046192416,0.00279838285952745,7.131119967188953
0.3817604950627955,31760.49506279549,13.757570451728805,-0.03656003230594433,0.024349339902264556,0.0014116436992286019,7.131119176332292
0.38176245677397425,31762.456773974212,13.757465783837615,-0.07011621037844239,0.004476437655521788,4.7710700199460474e-5,7.131094376515488
0.3817625,31762.49999999997,13.757462737065817,-0.07085309213884246,0.004038681318247019,3.8835587596089234e-5,7.131093482015143
0.3817634376295636,31763.437629563574,13.757388819845104,-0.08680450862939462,-0.005452985412637584,7.079773788199594e-5,7.1310703933370805
0.38181470932607914,31814.709326079104,13.735605599264382,-0.6154439403514792,-0.3976281212120858,0.3764479113777457,7.120721621600736
0.38181549906352774,31815.499063527706,13.735119495332274,-0.6155608746371821,-0.4000912571512171,0.3811262239258127,7.120465805846916
0.38181628880097634,31816.288800976312,13.734633410795663,-0.6153948820643474,-0.4024032374309298,0.38554372736879344,7.120208852871224
0.3818265553878082,31826.555387808152,13.728416820579112,-0.5878657414930748,-0.4179901933715895,0.4159900041781399,7.11681132742736
0.3818273451252568,31827.345125256757,13.72795413189476,-0.5838434413333057,-0.41802287428387847,0.41605505577275065,7.116549281000236
0.3818281348627054,31828.13486270536,13.72749472371969,-0.5795582726677385,-0.41788149930075214,0.41577368442343937,7.116287681380852
0.3818328768566721,31832.876856672076,13.724816644729458,-0.5484389776617121,-0.4132907008267524,0.40668857949968606,7.114732698543714
0.38183333333333336,31833.333333333325,13.724567084038885,-0.5449689464230512,-0.4125033228089116,0.40514045554379313,7.114584998723732
0.381833680530719,31833.680530718942,13.724378338492176,-0.542275388826688,-0.41186306793476984,0.4038837779253353,7.114472953152215
0.38187348991073317,31873.489910733133,13.7121969600583,-0.014142305969521327,-0.0824664220629449,0.016192168494913728,7.106103804126864
0.3818742756462763,31874.275646276263,13.71219081369369,-0.0015029892595636797,-0.07134363256929259,0.012118842638529111,7.106082188484343
0.381875,31874.999999999985,13.712193943828545,0.010144472174698355,-0.06101311997717509,0.008863335260355147,7.1060686104062185
0.3818750613818194,31875.061381819392,13.71219459679694,0.011131145980501298,-0.06013463219461142,0.008609938069479038,7.10606774038602
0.38187584711736255,31875.847117362522,13.712208303239752,0.02375486594114728,-0.04885107198375254,0.0056819696046708865,7.106060482464579
0.3818766753827051,31876.675382705056,13.712233483796188,0.03704484464524996,-0.03688935785020992,0.0032400588633353434,7.106060631726412
0.3818791666666667,31879.166666666682,13.712375420848561,0.07685289961341332,-0.0006409007618109464,9.779852059282177e-7,7.106109342516213
0.38187917095209406,31879.170952094028,13.71237575034221,0.07692109827754856,-0.000578357480255779,7.964223213519377e-7,7.106109488589227
0.3818799432098709,31879.943209870864,13.712439893831208,0.08919182175698848,0.010694003974538112,0.0002722898119224689,7.106139289463944
0.3819164504133881,31916.450413388087,13.724962729150626,0.5422045264387251,0.3849498882323796,0.3528248010717179,7.113757035505097
0.3819166666666667,31916.66666666665,13.725080145590178,0.5437083913624149,0.38584662547514065,0.35447051997750834,7.113825316640229
0.3819174923709355,31917.49237093544,13.725531407978734,0.5492838005575926,0.38913003148422953,0.3605290033402796,7.114087077763234
0.3819291666666667,31929.166666666675,13.73228612172533,0.5985040820825246,0.41295560289172367,0.40602935704682624,7.117891547590635
0.3819300515414585,31930.051541458448,13.732816364339877,0.5998977504791959,0.4131383661473118,0.40638883234016726,7.118182109197943
0.3819309787150926,31930.97871509254,13.73337311163398,0.6009963146892183,0.4130989676528771,0.40631132637112577,7.118486066207082
0.38193283306236075,31932.83306236072,13.734488801743314,0.6020797190856959,0.41232302440434726,0.40478637250939986,7.119091809815332
0.38193333333333335,31933.333333333314,13.734790018644988,0.6021172115546422,0.41195685611411426,0.40406774118910727,7.119254601655663
0.38193376023599485,31933.760235994814,13.735047055431853,0.6020635194843372,0.41159236035508495,0.4033530264349289,7.119393271076826
0.3819916283040269,31991.628304026854,13.757188297604515,0.004294393300782159,0.04517160333955854,0.004858270829205753,7.130914178369621
0.3819916666666667,31991.66666666664,13.75718845059502,0.0036816247648274398,0.04481128535961844,0.004781074513288461,7.130914691745606
0.3819924721933764,31992.472193376365,13.757186235181209,-0.009180510289834765,0.03724061857716743,0.003302056361928733,7.130922925227948
0.3819933674535558,31993.367453555744,13.757171622826858,-0.023459914704624565,0.02881800247934732,0.0019773268259515916,7.130926373472183
0.3819946698268547,31994.66982685467,13.75712756529683,-0.04418651331940915,0.016556258959501906,0.0006526421684144931,7.130920678209966
0.38199583333333337,31995.833333333336,13.757065413021564,-0.06263766104398755,0.0056009435697484755,7.469183064644474e-5,7.130904867608227
0.3819963713605707,31996.37136057065,13.757029423246045,-0.07114350795214627,0.0005369760160886722,6.865315282249095e-7,7.130894141110526
0.38199725907144294,31997.259071442906,13.756960054098997,-0.08513480557611383,-0.007812788731800989,0.00014533254230418216,7.13087173057458
0.3819999222040597,31999.922204059672,13.756677819006022,-0.1267133978066454,-0.032789088599979435,0.0025598198362316695,7.130769432188106
0.382,31999.999999999975,13.756667914373374,-0.12791758597764832,-0.033516411700698225,0.002674642507835003,7.130765656494528
0.38200080991493196,32000.809914931928,13.756559246451937,-0.1404140777644878,-0.041078558825471116,0.004017733321851645,7.130723707009084
0.3820483662987421,32048.366298742083,13.736705047074805,-0.5708080397210524,-0.36676034525752066,0.32026940679384697,7.121263801210737
0.38204916477706524,32049.16477706521,13.736249229078057,-0.5708637964300736,-0.3689066982783945,0.32402893341587247,7.121025626947033
0.38204996325538837,32049.963255388335,13.735793473857834,-0.570650858127506,-0.37090517292732417,0.3275491602482102,7.120786490748567
0.38205874651694277,32058.746516942738,13.73084521924065,-0.5507850088724512,-0.3826977408007179,0.3487084781285082,7.118121140042151
0.3820595449952659,32059.544995265864,13.7304067572511,-0.5474165244957395,-0.3828059014447749,0.34890561471653975,7.117878350837567
0.382060343473589,32060.343473588993,13.72997108624565,-0.5437945791013841,-0.38274744876445965,0.34879907032310153,7.117635941079734
0.38208203196239393,32082.0319623939,13.719903196294457,-0.35861212546916155,-0.31316669164827193,0.2335080398998187,7.111618909102548
0.38208289871483125,32082.89871483122,13.719596845927569,-0.3482497486253698,-0.3075297618007155,0.2251775104600115,7.111418791145348
0.3820833333333334,32083.333333333354,13.719446632497464,-0.34298543873779214,-0.3046186752455675,0.22093461263896316,7.111320124386221
0.3820837654672686,32083.765467268542,13.719299555772952,-0.337706993026626,-0.3016682979891963,0.21667562383737746,7.11122315910167
0.3821071677235611,32107.16772356109,13.715130720321712,-0.007848659786830532,-0.06686699570239796,0.01064570265301073,7.108150177759404
0.38210794779777896,32107.947797778925,13.715129162529049,0.003854043569184936,-0.05712941310459777,0.007770880575418543,7.108134863525991
0.3821083333333334,32108.33333333335,13.715131762998052,0.009635812200634735,-0.05229568622943623,0.0065115209481134435,7.108129575233038
0.38210873028815884,32108.730288158804,13.71513676915992,0.015586584326795574,-0.04730566406747837,0.005328156792535986,7.108125708821031
0.3821095521970323,32109.552197032266,13.715154640340069,0.027897868892442793,-0.03693630880458066,0.003248311685969864,7.10812279931595
0.38211056454469094,32110.56454469091,13.715190548042115,0.043036116494123255,-0.024108221773046914,0.0013838246596628888,7.108128667112378
0.38211212939260736,32112.129392607323,13.71527615453218,0.06635732422853195,-0.004201400826593351,4.202802120404594e-5,7.108158247563278
0.3821125,32112.49999999999,13.715301767490303,0.07186293330111047,0.0005200692805730878,6.439810871328788e-7,7.108168893124585
0.38211292485052145,32112.92485052142,13.715333637528982,0.07816470987558206,0.005933189382528416,8.381603868797125e-5,7.108182806908884
0.3821634174610958,32163.417461095745,13.73435812001579,0.5574837846292892,0.3780398113871437,0.3402716642705409,7.119063286604973
0.38216438971917255,32164.389719172515,13.734900643767443,0.5584606259547114,0.37819711694557007,0.34055490301414576,7.1193554813045825
0.3821653619772493,32165.361977249286,13.735443932530675,0.5590573504091959,0.37811110376718504,0.3404000161715214,7.119647125835353
0.3821663342353261,32166.334235326056,13.735987616443573,0.5592734054273167,0.3777847062328012,0.3398125815795331,7.119938040446019
0.3821666666666667,32166.666666666675,13.736173535438816,0.5592598891711534,0.3776184889166922,0.33951362659934764,7.120037309738745
0.38216730649340286,32167.306493402826,13.73653132523675,0.5591085055310098,0.3772208762984921,0.3387990226557197,7.120228047700006
0.38222431861121015,32224.318611210114,13.756859069172673,0.010444980595000545,0.045810400150333,0.004996649433175309,7.130758542714053
0.38222500000000004,32225.000000000004,13.756862742164799,0.00033656721897973367,0.03986054307515402,0.003783006891062403,7.130767565597929
0.382225116072461,32225.11607246098,13.756862681321621,-0.0013849038856915824,0.03884631739688826,0.0035929437507137697,7.130768780156577
0.38222594623027883,32225.9462302788,13.756856422911047,-0.013690665570931269,0.03158770257708054,0.002375673700233573,7.130774730399931
0.38222686597645683,32226.865976456796,13.756837567869564,-0.02730596040484316,0.02353829797797677,0.001319170170714346,7.130775717761635
0.382227868009583,32227.868009582995,13.756802787355076,-0.04210751816002095,0.01476402656852542,0.000518991620276487,7.130770092359146
0.3822291666666667,32229.166666666642,13.756735682227625,-0.061223572543498944,0.0033927228055768517,2.7406114370193483e-5,7.130752420108496
0.38222953621234435,32229.536212344312,13.756712055080941,-0.06664637895263778,0.00015828748047397716,5.965458684476119e-8,7.130745252837833
0.38223037148765615,32230.371487656117,13.756651278176033,-0.07887131126005997,-0.007148171844114086,0.0001216580016975842,7.130725568820555
0.3822495828198277,32249.58281982765,13.75258443711984,-0.3340280738502852,-0.16737901467378902,0.06670412988849637,7.1289876231580855
0.38225000000000003,32250.0,13.752444102654612,-0.3387406482293797,-0.1705627581174198,0.0692658439443368,7.128924115179241
0.3822504180951395,32250.418095139456,13.752301497503911,-0.34341767686244423,-0.1737356004109298,0.07186680678606255,7.128859455968687
0.3822813232816763,32281.323281676265,13.737932348212158,-0.5298563198165871,-0.3379639654238271,0.27195152839285197,7.121871379981423
0.3822821585569881,32282.158556988074,13.737489713901667,-0.5299505604522576,-0.3399557698040047,0.27516648910246067,7.121641966861708
0.3822829938322999,32282.99383229988,13.737047115127153,-0.5297712879003919,-0.3417941789349196,0.278150620842371,7.121411648632536
0.3822916666666667,32291.666666666664,13.732508969439493,-0.5119265462182089,-0.3514361014554658,0.29406507953861055,7.1189931446074715
0.3822921818607298,32292.18186072974,13.732245728908419,-0.5099652158539805,-0.35144666290429094,0.2940827544441959,7.118849435348628
0.3822930171360416,32293.017136041548,13.731821165089144,-0.5065758667807259,-0.35132538986169787,0.2938798322892238,7.118616801142828
0.3823329821771967,32332.982177196656,13.718276856900674,-0.1065833310928463,-0.13515497561345965,0.043492541507321125,7.110332476535135
0.38233333333333336,32333.333333333325,13.718240278019271,-0.10174930905923034,-0.13156927609829583,0.0412154152691181,7.110303808413449
0.38233383617995376,32333.836179953723,13.718190856922138,-0.09481337109844909,-0.12639912411199689,0.0380398537530476,7.110264586865995
0.3823398141992532,32339.814199253193,13.71787240411034,-0.011546374571632715,-0.06224351353007008,0.00922441661087623,7.109967382917173
0.3823406682020103,32340.66820201026,13.717867645326397,0.0004013747779197659,-0.0527639071365215,0.006628642610265393,7.10995087166402
0.38234152220476736,32341.522204767327,13.717873088213375,0.012344040271928447,-0.04323134674379507,0.004449879384005336,7.109940929254049
0.3823416666666667,32341.666666666657,13.717875017314608,0.014363309310165747,-0.04161424495859352,0.0041232032939853,7.1099398978848045
0.38234240717193646,32342.407171936426,13.717889484218343,0.02470790030815924,-0.03330702114567145,0.0026413277561862037,7.109937568744216
0.3823434915543724,32343.491554372384,13.717924480083395,0.03983164442810018,-0.021097365138066093,0.0010597590851640156,7.109943091291415
0.38234431704418953,32344.317044189498,13.71796210353283,0.05131824791919834,-0.01177766927151779,0.00033027022254584375,7.109954408800674
0.38234516097172055,32345.16097172052,13.718010357341392,0.0630315893107051,-0.0022373453229972114,1.1918366891279752e-5,7.109972325246846
0.3823458333333334,32345.83333333335,13.718055867447648,0.0723382702197923,0.005366352191651285,6.856603772581082e-5,7.109991180833475
0.38239701056017017,32397.010560170136,13.736110245104193,0.518977204955756,0.34702630993116756,0.2867315709153399,7.120041164819512
0.3823980116816212,32398.011681621152,13.7366301545537,0.5196142828666417,0.3471803469116331,0.286986174480195,7.120317366171533
0.3823990128030722,32399.012803072168,13.737150513670215,0.5198754605708845,0.34709352912195784,0.2868426618055605,7.120593022338282
0.3824,32399.999999999985,13.737663708519714,0.5197646315136817,0.3467747186949237,0.2863159655379607,7.120864131289237
0.382416424492624,32416.42449262394,13.745886411006031,0.46518505503604124,0.31006688977625946,0.22890827651315013,7.125120123521848
0.3824166666666667,32416.66666666665,13.74599888296048,0.46366393453647214,0.3091194787368691,0.2275115527013183,7.12517738376693
0.3824173250129489,32417.325012948862,13.746302748524444,0.45942972098447127,0.3064899349253305,0.22365733383460318,7.125331984716857
0.38245729127906064,32457.291279060606,13.75661238250765,0.007202382472092936,0.04114822490818097,0.004031372412129155,7.130648120919934
0.38245811819595765,32458.11819595762,13.756613624423766,-0.004197455496927773,0.034427870029368264,0.0028220910351406518,7.130656947704577
0.38245833333333334,32458.33333333331,13.756612402498867,-0.007161906921595217,0.03267800853478939,0.0025425053376184953,7.130658517469894
0.38245898725690425,32458.987256904216,13.756604774270151,-0.01616728484911133,0.027356275211737335,0.0017818233177626537,7.130661447022281
0.38245999760931737,32459.997609317335,13.756581418769647,-0.03006018098440256,0.019127626328296697,0.0008711097356070214,7.130660525786272
0.3824620183141436,32462.01831414358,13.756492688156955,-0.05773103973873011,0.0026647108331329726,1.690639005765767e-5,7.130638869164025
0.38246250000000004,32462.500000000004,13.756463297971537,-0.06429726007808997,-0.0012575345000618186,3.7652214734422095e-6,7.130629815386363
0.38246302866655674,32463.028666556704,13.75642740465526,-0.07148794866784336,-0.00556017066809139,7.360832823405681e-5,7.130618158208007
0.38249962732398396,32499.627323983925,13.745944297914981,-0.4507287583006105,-0.26038521861265806,0.16142967159990887,7.125857992396637
0.3825,32499.999999999975,13.74577594804091,-0.4527283724364384,-0.2621850962854819,0.16366910646244626,7.125776442226017
0.3825004394695701,32500.439469570043,13.745576480550756,-0.45502533673864637,-0.26427845485218926,0.16629309928347774,7.125679666171167
0.38251424594453404,32514.245944534003,13.738957965620864,-0.4923074762507524,-0.3124611739616501,0.2324571076987918,7.122373307495198
0.38251505809012015,32515.058090120117,13.738558107112143,-0.492349023685169,-0.314144527687065,0.23496853398983136,7.122167382747705
0.38251587023570627,32515.870235706236,13.738158312586053,-0.49214996052044635,-0.31569059553639384,0.2372870288336262,7.121960743370215
0.3825231795459813,32523.179545981275,13.734595107481601,-0.47962769037909636,-0.32321450451292033,0.24873241887507758,7.120084277309052
0.3825239916915674,32523.99169156739,13.734206606519258,-0.4770611779143586,-0.3233184641949652,0.24889245068902616,7.119875680361499
0.38252480383715354,32524.803837153504,13.733820283579588,-0.4742643241419814,-0.32327198727386497,0.2488208994190331,7.119667421831505
0.3825720041379038,32572.004137903787,13.72043741544869,-0.016595770170978286,-0.05997921810155589,0.008565491914461928,7.111595615117704
0.38257291635553115,32572.916355531113,13.720427704173606,-0.004695572113610477,-0.050898471388381515,0.00616822473731879,7.111577001483889
0.38257382857315847,32573.828573158436,13.72042884804824,0.007202544045430725,-0.041765706890957655,0.004153272076431875,7.11156510462727
0.38257475294010745,32574.75294010742,13.720441074913541,0.019249878345632302,-0.032467585925487825,0.002509866990068894,7.111559913997386
0.382575,32574.999999999964,13.720446228263798,0.022467330555702828,-0.02997620345895081,0.0021394589852676534,7.1115596978661415
0.38257579899848176,32575.798998481732,13.72046833373917,0.03286294715291942,-0.021904390500657095,0.0011423864838220874,7.111562381739042
0.3825768450568561,32576.84505685604,13.720509817030068,0.04644445396747494,-0.011311294279517775,0.0003046318530425036,7.111573703361374
0.3825778911152304,32577.89111523035,13.72056548632576,0.05998399477356494,-0.0007026199713194321,1.1754162478498089e-6,7.111593863893354
0.38257880484291296,32578.804842912923,13.720625682472043,0.07176826537520677,0.008565458080529982,0.00017468350506980084,7.111618685459935
0.38258245975364324,32582.459753643212,13.720973444384612,0.11836894769297647,0.04545411127860341,0.004919229124113481,7.111784590022385
0.3825833333333334,32583.333333333354,13.721081649844214,0.12934817198288673,0.05418263838452926,0.006989900719782533,7.111839825472509
0.3825833734813258,32583.373481325783,13.721086853008611,0.12985103367077913,0.0545826189986304,0.007093481658927735,7.111842506541099
0.3826300185673709,32630.018567370855,13.737599520246539,0.48306656606229786,0.3192193022438567,0.2426213402977494,7.120864206200419
0.38263109893267544,32631.098932675406,13.738121684192041,0.4835087427313959,0.3194069769086852,0.24290670689986987,7.121138489208932
0.38263217929798,32632.179297979957,13.73864410539908,0.4835427700724028,0.31933318616713163,0.2427944852086951,7.121412200143975
0.3826331465866781,32633.14658667804,13.739111704436233,0.4832268444478937,0.3190476387449447,0.2423604661636303,7.121656600605302
0.3826661888135461,32666.18881354605,13.752805406368731,0.2904770117017231,0.20319042743486493,0.09830083285991217,7.12863748474815
0.3826666666666667,32666.66666666668,13.752943023694854,0.28549689715751786,0.2002990331562315,0.09552310162695504,7.12870713102934
0.3826670579788527,32667.057978852667,13.753053938434642,0.2813841695139199,0.19791234075623798,0.0932602252943173,7.128763299131157
0.3826896562768247,32689.656276824684,13.756426951036046,0.00850521496317053,0.03936466284270886,0.0036894682874289127,7.130562967054476
0.3826905317755772,32690.53177557718,13.756429482452901,-0.0027212922538160773,0.03274405736878536,0.0025527935546912073,7.130572283573324
0.3826914448988195,32691.444898819478,13.756421655497588,-0.014419558302574353,0.025829295929950893,0.0015884584005642329,7.130577072793306
0.3826916666666667,32691.666666666675,13.756418142919413,-0.017258230164073806,0.024148806136167558,0.0013884877090528664,7.1305774767431895
0.3826924880666572,32692.488066657144,13.756399652123793,-0.027761283403952623,0.017921882458005325,0.0007647473115203784,7.130576389446239
0.38269353123449484,32693.53123449481,13.756363748123242,-0.04106855228594118,0.01001078797793266,0.00023860922842647877,7.130569148834181
0.3826945744023325,32694.574402332477,13.756313985073314,-0.054330570211738115,0.0021009288010068253,1.0509290064047562e-5,7.13055536168204
0.3826956175701702,32695.617570170143,13.756250415790152,-0.06753658604662977,-0.005802780546000278,8.017205253580783e-5,7.130535042779903
0.38274632508813977,32746.32508813974,13.740206482233356,-0.4575957050410037,-0.28805935225951806,0.19756712005755503,7.122988171938833
0.382747160091942,32747.16009194195,13.739824308891132,-0.4577458650121924,-0.2896541955704693,0.19976084050375162,7.122792970826031
0.3827479950957442,32747.995095744165,13.739442109116037,-0.4576590546953755,-0.29111293748301487,0.2017779580237851,7.122597081237519
0.3827496651033486,32749.66510334859,13.738678421013917,-0.4567757968384834,-0.29361684379210323,0.20526393085341985,7.122203612425998
0.38275000000000003,32750.0,13.738525495961012,-0.4564850223883024,-0.29405189018269356,0.20587265266670207,7.122124488323734
0.38275050010715084,32750.500107150805,13.738297327228725,-0.4559802932574614,-0.29465946064646337,0.20672428035348736,7.122006223031807
0.3827555101299641,32755.51012996408,13.736033608605107,-0.44630191299405203,-0.297910109586807,0.2113105557000557,7.120818809062366
0.38275634513376633,32756.345133766295,13.73566193954897,-0.443881333166415,-0.297940951477851,0.2113543108750647,7.120621311612984
0.38275718013756854,32757.18013756851,13.735292386625305,-0.4412336129960942,-0.29782318084814646,0.21118725488216136,7.120424195611497
0.3828050079918184,32805.00799181835,13.72282368146047,-0.007761684408012346,-0.04828787314559756,0.005551711173631718,7.113044179644565
0.3828059552728977,32805.95527289765,13.72282178704273,0.0037614413617449156,-0.039718266874374436,0.003756049341676261,7.113031413718462
0.3828069098657943,32806.90986579427,13.722830917583245,0.015366464624649231,-0.03104181931577667,0.002294272729603156,7.113025179036345
0.38280796439479536,32807.96439479533,13.722853874402686,0.02816921463048714,-0.02142028169737425,0.0010924487333211102,7.113026035987954
0.38280901892379643,32809.01892379639,13.722890318318727,0.04094416542890515,-0.011771979412120683,0.0003299511887604601,7.113035020959856
0.3828100734527975,32810.073452797464,13.722940214724238,0.053681285836207286,-0.0021092269167563905,1.0592471872308739e-5,7.113052122086376
0.3828110215340956,32811.02153409554,13.722996521495437,0.0650921378346898,0.0065802529596920975,0.00010309459288937288,7.113074407322576
0.3828328274039514,32832.82740395138,13.727106285098552,0.30084513831607174,0.18747161991111666,0.08368001969547188,7.115259846431273
0.38283333333333336,32833.33333333333,13.72725963877658,0.3053711294483943,0.19086612101634562,0.08673780036149115,7.115343861543129
0.3828337754852495,32833.77548524946,13.72739552502955,0.3092802889765581,0.1937924979910083,0.08941793399427372,7.11541829927112
0.38286288556113907,32862.88556113903,13.739045929700437,0.44985236200891016,0.29422329776714956,0.2061127355928018,7.121652871256743
0.38286399377971975,32863.99377971971,13.739544614155594,0.4500558101871155,0.29438909302675714,0.20634509069789683,7.12191216276143
0.38286510199830043,32865.10199830039,13.740043302197723,0.44985883006296234,0.29429919543492683,0.20621908674677444,7.122170880396619
0.38291592629048266,32915.926290482625,13.756034007126521,0.07915166883046784,0.07836012062700366,0.014619782153996586,7.130329630699511
0.3829166666666667,32916.66666666665,13.756089371074058,0.07040042674717732,0.07326233328635427,0.012779451139430605,7.130362062897508
0.38291681782269715,32916.81782269712,13.756099877278182,0.06861079363860284,0.07221905307409662,0.012418075302188535,7.130368309745671
0.38292127548376964,32921.275483769605,13.756287599499847,0.015543591728161886,0.041144284489775654,0.004030600348037127,7.1304951398094065
0.38292216701598414,32922.16701598411,13.75629671317899,0.004901739890344011,0.034875753957263354,0.0028959957478275488,7.1305071360140975
0.3829230735247799,32923.07352477986,13.756296253957501,-0.005913444170458438,0.028490586819089028,0.001932651279276308,7.13051475468958
0.38292403451111245,32924.03451111242,13.75628506730462,-0.017365241909604163,0.021712613203909777,0.0011224704098633264,7.1305177897252765
0.382925,32924.999999999985,13.756262755539336,-0.028849066418764162,0.014897082963218981,0.0005283882876500695,7.130515616839312
0.382926219759323,32926.21975932297,13.756218739204003,-0.04331387278212385,0.006284061501529222,9.402244989286121e-5,7.1305053973681405
0.3829271676417974,32927.16764179737,13.75617237234332,-0.05451163441846349,-0.00040672609680699373,3.9387170910440954e-7,7.130491704929549
0.3829281155242718,32928.11552427177,13.756115412415394,-0.06566364085653345,-0.007091537874973011,0.00011973787960042079,7.130472995398528
0.3829791666666667,32979.16666666667,13.740954556492,-0.4258000502263061,-0.2676012126187334,0.17050097379765847,7.123346717748912
0.38297966099667086,32979.66099667082,13.74074406404981,-0.42581426787267945,-0.2684024215685275,0.17152347596154652,7.123239679509681
0.38298051367058894,32980.51367058891,13.74038103402069,-0.42565703380905867,-0.2696786077048543,0.1731584558419731,7.1230545918416395
0.38298750000000004,32987.5,13.737432918386908,-0.41576942913323667,-0.27494582995355765,0.1799885938305968,7.121528002779783
0.3829881877358517,32988.18773585166,13.737147586597944,-0.4139779466671539,-0.2749515756224957,0.1799961165173643,7.121377925555937
0.3829890404097698,32989.04040976975,13.736795614924153,-0.4115568349305351,-0.27482832005776514,0.17983477501374617,7.121192202002406
0.38299926942646784,32999.26942646781,13.732793709839688,-0.3659146597824213,-0.2618733955165459,0.16328017923658403,7.119030152936374
0.383,32999.99999999997,13.732527971851502,-0.36153961158895825,-0.2601273412424035,0.16111008014724246,7.118882970488331
0.38300035124169074,33000.3512416907,13.732401361289506,-0.3593863049676195,-0.259248748892575,0.16002360429134616,7.11881266935555
0.38303712251133026,33037.12251133023,13.725065183050326,-0.007496108807934808,-0.043901777451898785,0.004588966817704877,7.11437435991084
0.38303750000000003,33037.5,13.725063161751414,-0.0032130968750887015,-0.040801015089869566,0.003963625791342295,7.114369024920598
0.3830380920543598,33038.09205435976,13.725063247826448,0.003503596166881411,-0.03592559564986892,0.003072972435233049,7.114362559967856
0.3830390810381986,33039.08103819858,13.725072258674112,0.014717051338222879,-0.027752881303178562,0.0018338629062579002,7.114356948228256
0.3830401953665592,33040.195366559165,13.725095690132315,0.02733377576069189,-0.018510696505206068,0.0008158235359710668,7.11435840594513
0.38304166666666667,33041.666666666635,13.725148134197529,0.04394487316589159,-0.006273468661656261,9.370573583043617e-5,7.114372953073035
0.38304242402328037,33042.424023280335,13.725184644659823,0.052466930214110016,3.244191586641257e-5,2.505899774008076e-9,7.114386031535574
0.3830434106468125,33043.41064681249,13.725241872103336,0.06353229602068383,0.008245816061772248,0.0001618892441061457,7.114408750731301
0.3830821939966956,33082.19399669554,13.734942611296367,0.39017521759735946,0.2508363985709982,0.1498069020192111,7.119535636698512
0.38308328775022327,33083.28775022324,13.735371767547463,0.39450838133128474,0.2539017501390567,0.15349071124684754,7.119762019295169
0.3830833333333334,33083.33333333335,13.735389754415856,0.39468156664068593,0.2540241816393128,0.15363877347029187,7.119771498296662
0.38308456000982105,33084.56000982102,13.735876666296589,0.3991179528895668,0.2571589956308914,0.15745416436640192,7.120027816899344
0.3830952582089563,33095.25820895626,13.740283160125594,0.41895688953860205,0.2715416879796904,0.17555925788299892,7.122322985669281
0.38309583333333336,33095.83333333332,13.740524143021943,0.4190464588287422,0.27166806990484765,0.17572271477577428,7.122447272905168
0.383096335590064,33096.33559006397,13.740734614122212,0.41904241962522865,0.2717257782516054,0.1757973775391443,7.122555724226718
0.3830974129711717,33097.41297117169,13.7411859701631,0.41877506240737433,0.2716849131841174,0.17574450488538432,7.1227879897584145
0.3831541666666667,33154.16666666665,13.756206996466158,0.005017609132466878,0.032749969138097836,0.002553715425110383,7.130467520805223
0.38315429656320693,33154.296563206895,13.756207554488277,0.003574202392505752,0.03189854563702749,0.002422660032756013,7.130468829526758
0.38315519565922235,33155.195659222314,13.756206277973293,-0.006412310478824412,0.025999774675548,0.0016094959123315882,7.130475466990628
0.3831561591574699,33156.15915746989,13.756194949064332,-0.01710103809129872,0.01967007424729769,0.0009212186211766754,7.1304778842990055
0.38315757198157246,33157.57198157243,13.756159737837185,-0.032734731254102825,0.010379973235144837,0.00025653296276743616,7.130472651265941
0.3831584747259693,33158.47472596928,13.756125690912182,-0.04268995968050169,0.004443064964894431,4.700196733874368e-5,7.1304638502727675
0.3831594515238731,33159.45152387306,13.756078745636263,-0.05342356134485588,-0.001977680208296459,9.312426205446488e-6,7.130449544621497
0.3831604283217769,33160.428321776846,13.75602133823824,-0.06410995433069536,-0.008391578265794668,0.00016766329950227958,7.13043028014323
0.3831662891091996,33166.289109199555,13.755460493837733,-0.12681549345964765,-0.04652812783787039,0.005154444476421926,7.130211615165286
0.3831666666666667,33166.66666666668,13.755411870575145,-0.1307494812873702,-0.04895356380197124,0.005705836687889688,7.13019154525977
0.38316726590710337,33167.26590710334,13.755331656885401,-0.13696186466842164,-0.052792730387490626,0.006635886623253038,7.130158226025466
0.3832106671902132,33210.66719021315,13.742138982438197,-0.3962132604199554,-0.24700396610873204,0.1452641887462944,7.123925887059987
0.38321154483669084,33211.54483669081,13.741791183408436,-0.3963208813038402,-0.24832119387703983,0.14681765554409146,7.123750257892546
0.3832124224831685,33212.42248316847,13.741443389681272,-0.39620121419235466,-0.2495056223403751,0.1482215609034712,7.123574072931279
0.3832185660085121,33218.56600851208,13.739025674831543,-0.3890401336550975,-0.25398261149943563,0.15358849272398398,7.122333346084176
0.3832194436549898,33219.443654989744,13.738685060073648,-0.38712344234818835,-0.2540651770427622,0.15368836710897646,7.122156217823091
0.38322032130146744,33220.321301467404,13.738346224157414,-0.38498669924130674,-0.25400585572622075,0.15361660653145157,7.121979418242545
0.38324946472278265,33249.46472278262,13.72928388596101,-0.2046984389808107,-0.17044087209034559,0.06916688304504177,7.11696774272224
0.38325000000000004,33250.0,13.729175627099606,-0.1997911643585159,-0.16750067066675478,0.06680113017574439,7.116902937179346
0.383250427723723,33250.42772372294,13.729091015600774,-0.19584079919505804,-0.16511962967561244,0.06491545739097951,7.1168521315437046
0.38326872474158913,33268.724741589096,13.727166558289845,-0.010487186281266502,-0.04240769378828507,0.004281934505811791,7.115594386097893
0.38326968774252945,33269.68774252942,13.72716136645289,-0.00029545314804085534,-0.03518720552752095,0.002947951030561906,7.115581857610308
0.38327067349399985,33270.67349399981,13.727166215926184,0.010133376799975138,-0.02776247354466642,0.0018351308031388167,7.115574842017702
0.38327083333333334,33270.83333333331,13.727167970722107,0.011823570278439511,-0.026555841161030595,0.0016790778565949685,7.115574258657878
0.3832717458246328,33271.74582463277,13.727183159736672,0.02146553079200022,-0.01965550978902544,0.0009198549168249402,7.115573891007233
0.3832729126908692,33272.91269086918,13.727215389775845,0.03377112431480172,-0.010809113158656344,0.0002781831601824708,7.115580765437889
0.3832738480344997,33273.84803449968,13.727251579976212,0.04360801122326945,-0.003707499418690075,3.272750461806487e-5,7.1155922210108375
0.38327480362812694,33274.8036281269,13.727298040912402,0.05362603523318173,0.0035502410447060756,3.0010027322656404e-5,7.115609375834005
0.38327500000000003,33275.0,13.727308773268511,0.05568013739127652,0.005041364684539614,6.0512756863150474e-5,7.115613582098887
0.38332629738230245,33326.297382302415,13.741002304444192,0.389972947850671,0.2505156296294377,0.14942400163960384,7.122719691865661
0.38332743220788723,33327.4322078872,13.741445082827289,0.3903123454509627,0.25094145738483853,0.14993241674863506,7.122946559449534
0.383328567033472,33328.567033471976,13.741888039175695,0.39028657100337794,0.2511334547672042,0.15016193357931285,7.1231731499586495
0.38332916666666667,33329.166666666635,13.742122024760912,0.3901255008847184,0.2511411186680547,0.15017109877581417,7.12329269680167
0.3833297018590568,33329.70185905676,13.742330759079366,0.38989567628173205,0.2510935005689773,0.15011415720948335,7.12339925801744
0.3833328747625134,33332.87476251334,13.743563811624284,0.3868699189846134,0.2497687482670704,0.1485343514545219,7.124027166761065
0.38333333333333336,33333.33333333333,13.743741067081988,0.3861980322978444,0.24943156628940158,0.1481335863371051,7.124117215408169
0.3833338938014493,33333.893801449245,13.743957270313317,0.3852967802238919,0.24897015148183688,0.1475860388783067,7.124226979318001
0.38338592886346945,33385.92886346942,13.756150758855913,0.005552221523847595,0.03102886423230649,0.002292358132254545,7.130443216340949
0.3833868624157498,33386.86241574978,13.756151432368872,-0.004108079978760668,0.02532518923246575,0.001527060023000474,7.130450537208627
0.38338750000000005,33387.500000000015,13.756146711340868,-0.01070004283899235,0.021424733930242093,0.0010929029142420635,7.13045309488549
0.3833878499691659,33387.84996916589,13.75614233393298,-0.014315544882358814,0.01928244982260729,0.0008852687408604001,7.130453656366705
0.3833890729647096,33389.07296470956,13.75611710921888,-0.026929065418093583,0.01179129111641309,0.00033103463379048154,7.130450932266893
0.3833900592880475,33390.05928804744,13.756085544432393,-0.037070542719944234,0.005747844890992803,7.86612402164573e-5,7.13044343285228
0.3833910456113854,33391.045611385336,13.756043993874748,-0.04717631652440027,-0.00029351858241129263,2.0512656719222566e-7,7.130431208214763
0.3833916666666667,33391.66666666665,13.756012724583346,-0.0535179769059052,-0.004094900536647278,3.9924310488176584e-5,7.130421091426155
0.38341648540613016,33416.48540613012,13.751783701053483,-0.27327166276212006,-0.1442251711158411,0.049525952341413444,7.1285739579227485
0.3834166666666667,33416.66666666665,13.751734055548448,-0.2745078076350282,-0.14509607797537757,0.050125885342468694,7.128551079024796
0.3834173724848532,33417.37248485316,13.751538621428844,-0.2792548446153124,-0.14845728665481553,0.05247515704978588,7.128460874035482
0.3834422106890981,33442.21068909809,13.74316120709701,-0.3688603173670746,-0.22851952139187395,0.12433612299326462,7.124421396294513
0.38344309776782115,33443.09776782112,13.742833907971713,-0.36902934910376217,-0.22975229419558574,0.12568123020984517,7.12425715515042
0.3834439848465442,33443.984846544154,13.742506554963343,-0.3689818296876317,-0.2308582987952783,0.1268941764825,7.124092391864772
0.3834501943976054,33450.19439760538,13.740229656544157,-0.36262108388339115,-0.2349629471014838,0.13144663454908256,7.122932258386785
0.38345108147632845,33451.081476328414,13.73990874861566,-0.3608600508789529,-0.23501873301388834,0.1315090592082222,7.122766690231854
0.3834519685550515,33451.96855505145,13.73958949608271,-0.3588890580118658,-0.23493954795555413,0.1314204552227622,7.122601450703765
0.3834992270161349,33499.22701613489,13.729150406771902,-0.02210553108517218,-0.047250067105841544,0.00531564009882507,7.116730198734374
0.3835,33499.99999999997,13.729136267039454,-0.01447831758365505,-0.04198203832382739,0.004196408432912646,7.1167153236574086
0.38350020228590653,33500.2022859065,13.729133540239214,-0.012481504273638401,-0.04059932403650151,0.003924535981478212,7.11671197482257
0.38350117755567814,33501.17755567811,13.7291260627821,-0.0028523162032766474,-0.03391155363505164,0.002738079690340439,7.116699001169611
0.3835021770480057,33502.17704800568,13.729128143230339,0.007014483325769169,-0.02702577694546198,0.001739030046442534,7.116691164787464
0.3835032497460718,33503.24974607177,13.72914134334768,0.01759419360974575,-0.019607394674740465,0.000915356966502478,7.116688910601575
0.3835041666666667,33504.16666666667,13.729161616452323,0.026623057673990935,-0.013249324973034686,0.0004179633624787633,7.116692037458109
0.38350464005125656,33504.64005125653,13.729175321241119,0.03127732001887708,-0.009962532878232653,0.0002363144317853966,7.116695474032318
0.3835055828938928,33505.58289389277,13.729209174374967,0.04052911075372827,-0.0034111347331555464,2.7704381351762293e-5,7.116706011478383
0.3835066076561874,33506.60765618735,13.729255845668776,0.05055160042786792,0.0037114770021931887,3.279776556621176e-5,7.1167230302438576
0.38355833333333333,33558.3333333333,13.742136000767427,0.3635168547164403,0.23178686381944577,0.1279170243791769,7.123323718098247
0.3835592103670093,33559.21036700926,13.742454917236984,0.3637108603264713,0.23211125779676364,0.12827532379998968,7.123485958565594
0.3835604384909627,33560.43849096268,13.742901596906332,0.3636405262991124,0.2323474084832498,0.12853647197352894,7.123712911780475
0.3835615377783697,33561.537778369675,13.743301151057464,0.36323924140968666,0.23234440439165693,0.1285331482193186,7.123915645274714
0.383582825587277,33582.82558727699,13.750503915497818,0.29482865608369563,0.19531031586473674,0.09082409400757913,7.1275349410273305
0.38358333333333333,33583.3333333333,13.750652869959861,0.2918904455215128,0.19365314039796622,0.08928937806189147,7.12760938060298
0.38358381254801904,33583.81254801901,13.750792073687824,0.2890675776330223,0.1920601632183064,0.08782644356057738,7.127678950234617
0.38358479950876107,33584.79950876103,13.751074445460903,0.28310364268886395,0.18869215906915865,0.08477316879566826,7.127820086764613
0.3836173692132478,33617.36921324776,13.756119459000805,0.007428500313483436,0.030243952433259228,0.002177849187583921,7.130429542358694
0.3836183580897466,33618.35808974656,13.756122089082798,-0.0021081058950002543,0.024616530577022556,0.0014427942324987775,7.13043769573046
0.38361939114395593,33619.3911439559,13.75611476953739,-0.012060132715504619,0.018727443621004487,0.0008350408204235753,7.130441467608143
0.38362060133980475,33620.601339804714,13.75609313134717,-0.023694353663977475,0.011820323681336672,0.0003326667903132583,7.130439721298834
0.38362181153565356,33621.81153565352,13.75605743537909,-0.03529025542576885,0.004910258760984495,5.740628833291664e-5,7.130431331973743
0.38362302173150237,33623.02173150233,13.756007735668701,-0.046835185522914706,-0.001996537458607582,9.490861484817198e-6,7.130416314603243
0.3836242319273512,33624.231927351146,13.755944101525582,-0.0583165565930187,-0.008893856854050895,0.00018833497557225733,7.130394690109947
0.3836661074148069,33666.10741480686,13.74666219129357,-0.33364834258180504,-0.19736624061509028,0.09274626889174693,7.126135706762674
0.3836666666666667,33666.66666666668,13.746475250196578,-0.3348784556065324,-0.1987015690198907,0.09400550840706282,7.12604464182551
0.3836670682099546,33667.068209954574,13.746340613074347,-0.33571305759906517,-0.1996340041010969,0.09488984665103996,7.125978958936508
0.38367475457113637,33674.754571136335,13.743719561797198,-0.34376883050316004,-0.21306934996535604,0.10809178070156991,7.124683991978088
0.38367500000000004,33675.00000000001,13.743635189733492,-0.34377660546067396,-0.21335542012241215,0.10838222689431189,7.124641784911139
0.3836757153662841,33675.71536628405,13.743389279146378,-0.3437110984387292,-0.21413721180895162,0.10917796543169479,7.124518578682398
0.3836814801371704,33681.48013717037,13.741419066699217,-0.33841588474316175,-0.21755492547032393,0.11269082284856714,7.123521018700087
0.3836824409323181,33682.440932318095,13.741094716322513,-0.3367163415760679,-0.2176168577411705,0.11275499231700199,7.123354957311416
0.3836833333333334,33683.33333333334,13.74079501198642,-0.3349315013046596,-0.21754245342075385,0.11267790247695442,7.123201035796107
0.3837323766346364,33732.376634636355,13.730964989065404,-0.00625126144602324,-0.033510136695450526,0.002673641098447095,7.117726745656132
0.38373333333333337,33733.333333333336,13.730963224727274,0.0025625873956339933,-0.02747018512502738,0.0017966930257220844,7.117717923643112
0.3837334235370359,33733.423537035844,13.73096349335662,0.003393465684140325,-0.026899429938469097,0.001722807930987161,7.117717331638446
0.38373452670250585,33734.52670250582,13.730972839939296,0.013549666581630083,-0.019904409139725226,0.0009432988171466122,7.117713436930849
0.38373591939849044,33735.91939849041,13.731000626365534,0.026347715028875857,-0.01104342478065902,0.00029037435925255645,7.117717354251666
0.3837369503379266,33736.950337926566,13.731032661223308,0.03579466906138665,-0.004471454711427667,4.760454103892543e-5,7.117726599078779
0.3837375,33737.49999999998,13.731053717550271,0.04081931284322322,-0.000965745809579102,2.2206308779037978e-6,7.117733730658951
0.38373800675615694,33738.0067561569,13.731075574907514,0.045443023538164075,0.0022662501692386726,1.2228309118034074e-5,7.117741660366795
0.38374962735669066,33749.627356690624,13.73220477445246,0.14725154154486847,0.07455661022862708,0.013234971735198619,7.1182714382352845
0.38375000000000004,33750.0,13.732260219649001,0.15032375184420774,0.07676209222189334,0.014029568576862996,7.118299048414727
0.383750683774921,33750.683774920966,13.732364923774833,0.15592060455197318,0.08078222031031028,0.015537540757770254,7.118351338198314
0.38378995798367416,33789.957983674125,13.743109773081189,0.3388614631238451,0.2145750002900148,0.10962483511776155,7.123840547508565
0.3837912085468383,33791.20854683826,13.743533688669071,0.3390336843557442,0.21500916939517337,0.11006891172381514,7.1240547975638
0.3837916666666667,33791.666666666664,13.743689001017552,0.3390001433852675,0.21510682537336054,0.11016891981477482,7.124133228413038
0.3837924591100024,33792.45911000239,13.74395757820803,0.33881982083112916,0.21519837238601144,0.11026271304187728,7.124268775141655
0.3837935793741057,33793.579374105655,13.744336883970668,0.33830065833706086,0.21516129782197171,0.11022472400103621,7.12446003129217
0.38383236884615796,33832.36884615792,13.754786164582656,0.15083388546473794,0.11151554299424415,0.029608848403097892,7.129697535946298
0.38383333333333336,33833.33333333333,13.754927843293583,0.14294105438119775,0.10700715329731061,0.0272631687066527,7.129770463740379
0.38383337454771965,33833.37454771962,13.754933727528561,0.1426016858652174,0.10681317541073611,0.027164415336487332,7.129773499856188
0.3838484600711451,33848.46007114506,13.756104963916822,0.010771421422397329,0.030455671293000867,0.0022084474140650406,7.130422582573815
0.3838494657727068,33849.46577270675,13.756111249369177,0.00172877020938933,0.025126387048818297,0.0015031793479214856,7.130432098935396
0.38385,33849.99999999999,13.756110890368806,-0.003072366633557308,0.022290834522704132,0.0011830507231394723,7.130435411700007
0.3838504976412602,33850.49764126019,13.75610824915004,-0.007542092472376628,0.019647151373935152,0.000919072755024576,7.130437410017023
0.3838516254556402,33851.62545564019,13.756094036458064,-0.017658184062202837,0.013649623337456701,0.00044360051727248244,7.130438057358124
0.3838528899575767,33852.889957576685,13.75606455279904,-0.02896790306714514,0.006919988199467391,0.00011401484923992369,7.130432384017626
0.38385391127085877,33853.91127085874,13.756030317200773,-0.03806867420891274,0.0014849669117604166,5.250301735769687e-6,7.130422872220717
0.3838541666666667,33854.166666666686,13.756020304676387,-0.04033882086828765,0.00012636220295534232,3.8017634132683634e-8,7.130419806377949
0.38385493258414083,33854.9325841408,13.755986805615183,-0.047131550162138915,-0.003945909893018806,3.707191639005639e-5,7.13040896631193
0.38390548454680135,33905.484546801315,13.744804232000844,-0.32024274217856114,-0.1968666597249973,0.09227733740780447,7.1252089599297666
0.3839064036417609,33906.403641760844,13.744509826614475,-0.3203654756122985,-0.19788762838953056,0.09323693683245939,7.125062562619133
0.3839073227367204,33907.322736720365,13.74421540136872,-0.320285985324187,-0.19878925261683267,0.09408849275228313,7.124915747606355
0.3839128373064776,33912.83730647754,13.742458810250943,-0.31558417126911137,-0.201642452398028,0.09680875859307378,7.124031144776465
0.3839137564014371,33913.756401437066,13.742169424130164,-0.3141026670160055,-0.20168475428023896,0.0968493812120961,7.123883945021055
0.38391467549639663,33914.675496396594,13.741881490204538,-0.31242431124634573,-0.2016016075310509,0.09676954323596162,7.12373705800221
0.3839165136863157,33916.51368631565,13.741310699233965,-0.30848207993225324,-0.2010571164592529,0.09624753352121329,7.123444593543589
0.3839166666666667,33916.66666666665,13.741263535235888,-0.3081190680751035,-0.200988998313097,0.09618232724500501,7.123420350069729
0.3839174327812752,33917.43278127518,13.741028199264305,-0.3062210227846031,-0.20059501702614083,0.09580562108504222,7.123299202146802
0.3839633178860652,33963.31788606516,13.732685360383527,-0.010153213006877526,-0.033677466186923063,0.002700408878027015,7.118673732088629
0.3839643455220283,33964.34552202826,13.73267946625452,-0.001317804971134926,-0.027721222284759997,0.001829681345145415,7.118662825841823
0.3839654146768924,33965.414676892346,13.732682970674913,0.007872295572201649,-0.02149676013237738,0.0011002635623546893,7.118656712468678
0.383966604643369,33966.60464336898,13.732698418907,0.01808894582460441,-0.014543868326353338,0.0005036288235578663,7.118656190438631
0.3839666666666667,33966.66666666664,13.732699557340977,0.018620926081689367,-0.014180909658081102,0.00047880523507299504,7.118656344710773
0.38396781108993255,33967.81108993252,13.732726479429143,0.02842390081487644,-0.007476821643669078,0.00013310205212199613,7.118662416284578
0.3839690175364961,33969.01753649606,13.732766988994921,0.03872467341524105,-0.00040137297461548726,3.8357205893258236e-7,7.11867543356569
0.38397022398305963,33970.2239830596,13.732819899820798,0.04898042302609366,0.006672826713566033,0.00010601575321257256,7.118695222854722
0.38399943408812104,33999.43408812101,13.737531816759088,0.25650051288755155,0.15374348502542856,0.05627871235181947,7.1210341224439295
0.384,33999.99999999998,13.737677767512395,0.25929675625247567,0.155760030950267,0.05776473152768602,7.121108419152951
0.3840005111519094,34000.511151909384,13.737810941814443,0.2617701772983314,0.1575451942066995,0.059096400518158704,7.121176211552819
0.38402083333333337,34020.833333333336,13.743831429946416,0.31576186830482483,0.19852533374452208,0.0938388289008902,7.124225686618231
0.3840220908850033,34022.09088500324,13.74422875035807,0.31607257574462044,0.19907417394016697,0.09435839697609488,7.124425435946839
0.3840233263682351,34023.32636823507,13.74461925829331,0.3160229686053109,0.19938848243731927,0.09465658792537422,7.1246215683032394
0.38402456185146694,34024.561851466904,13.745009487720644,0.3156217843638412,0.19948118732243195,0.09474462879896947,7.124817373815385
0.384025,34024.99999999997,13.74514772890417,0.3153951497439906,0.19946111540476155,0.09472556323455145,7.124886695042602
0.38408036126531075,34080.36126531072,13.756111398789301,0.005661127695103097,0.025813561924251757,0.0015865237600409048,7.130431472650096
0.38408137076087173,34081.3707608717,13.756112842549447,-0.002799685930555146,0.020820755028384364,0.0010321519998856973,7.130438287836611
0.3840824374017756,34082.437401775576,13.756105092927948,-0.011728766754883466,0.015535874692571188,0.0005746747677696998,7.130441115913192
0.38408333333333333,34083.3333333333,13.75609123009428,-0.01921488287416454,0.011092040460693309,0.00029293657519442246,7.130440020905488
0.3840837526151482,34083.75261514818,13.756082440250186,-0.02271253704632872,0.00901158753061964,0.00019335407100480806,7.1304384209364
0.38408482628445134,34084.82628445131,13.756053254516152,-0.0316484771350667,0.003683750104814864,3.2309559130294105e-5,7.130431166575256
0.3840858999537545,34085.89995375444,13.756014493056503,-0.04054864454633334,-0.0016415013002059385,6.415539329947111e-6,7.130419379266539
0.3840869736230576,34086.97362305757,13.755966198382854,-0.049405401761579384,-0.006960292373580236,0.00011534683315647426,7.130403072097379
0.3841375,34137.499999999985,13.745380964757835,-0.2986406674348197,-0.18350145597591033,0.080173296060188,7.125480770557903
0.3841382031122594,34138.20311225935,13.745170979614336,-0.2986428262343548,-0.18415777022559296,0.08074781984395783,7.125376633429705
0.3841391672264539,34139.16722645388,13.744883122230389,-0.2984663582869698,-0.1849510855664169,0.08144500964808586,7.12523353462826
0.3841439877974266,34143.987797426555,13.743451869439742,-0.2944868439811257,-0.1870379669207141,0.0832933358805575,7.124516029378587
0.3841449519116211,34144.951911621094,13.743168613970372,-0.2930766676745654,-0.1870741412352375,0.08332555790214663,7.1243728145445235
0.38414583333333335,34145.83333333332,13.742910923676389,-0.2916103227908213,-0.18699480010844746,0.08325489349428149,7.1242421665471936
0.38416589967009285,34165.89967009281,13.737690725588257,-0.21578208491703807,-0.15607619714122364,0.057999474557300264,7.121510500986738
0.3841666666666667,34166.66666666668,13.737526879923225,-0.21144231432662985,-0.1538200816178498,0.05633480359267138,7.121421536239937
0.3841667124863234,34166.712486323355,13.737517197713197,-0.21118017988102605,-0.15368295298403087,0.056234404852123436,7.121416270881548
0.3841951697192178,34195.16971921777,13.734282376772525,-0.005157460446342999,-0.02812094155609334,0.001882827033336232,7.119533287448428
0.38419583333333335,34195.833333333314,13.734280721306986,0.00016815794650662635,-0.024569962704538192,0.0014373406364342806,7.119527838588768
0.3841962125672903,34196.21256729028,13.734281362096542,0.003211138322405917,-0.02253640193095109,0.0012092605047461338,7.119525575508902
0.38419733750908375,34197.337509083714,13.734290049534355,0.012232252658894993,-0.01648876488685659,0.0006473318273667499,7.119522505013267
0.38419897884205945,34198.97884205941,13.734320911123776,0.025365944664661064,-0.007635450629548231,0.00013880977694349635,7.119527799932357
0.38419986855172866,34199.86855172863,13.734346638076138,0.032463177465938034,-0.002828467592604023,1.904816410097904e-5,7.119535513189667
0.38420000000000004,34200.00000000001,13.734350974116598,0.03351008151644899,-0.0021180928418928495,1.0681707825899354e-5,7.1195369410120914
0.3842009715462681,34200.971546268054,13.734387284342716,0.041232525301487064,0.0031320064385272745,2.3355867454705478e-5,7.119549791449854
0.38424947558160616,34249.47558160612,13.743901363450501,0.29276137466054314,0.18219420087043117,0.07903506388289291,7.124281202508236
0.38425000000000004,34250.0,13.744055015494528,0.29321910825356895,0.18263785629429585,0.07942044417089493,7.124358184554348
0.3842510481489418,34251.04814894175,13.74436276029033,0.29395740329281594,0.18341175913162672,0.08009493663751871,7.124512294040228
0.38425245417288245,34252.45417288242,13.744776557067008,0.2945773892000782,0.18421413980419515,0.08079726024714183,7.1247193527683255
0.3842538601968231,34253.86019682308,13.745190926788293,0.29477231352730326,0.18474728698020568,0.08126561915844399,7.124926517235643
0.3842541666666667,34254.16666666664,13.745281263989781,0.29475835260900424,0.18482788461193347,0.08133654030981473,7.124971657583016
0.38425511008632535,34255.110086325316,13.74555927977782,0.2945885838973437,0.1849962562016484,0.08148479716339507,7.125110525656659
0.3842563599758276,34256.359975827545,13.745927193274136,0.29406914666521394,0.18503468931696884,0.08151865773958852,7.125294176484392
0.3842576098653298,34257.609865329774,13.746294248077266,0.2932147024090284,0.1848639732364571,0.08136830619230839,7.125477264785555
0.38431205001369434,34312.05001369431,13.756122160589738,0.0018643147007737348,0.022058344549246614,0.0011585013434601854,7.130441312386677
0.3843125,34312.49999999997,13.756122208128605,-0.0016527926475718995,0.019982313357260643,0.0009506972550184694,7.130443885151593
0.3843130975592095,34313.09755920947,13.756119825639828,-0.006320684484236733,0.01722282465255424,0.000706251640506262,7.130446148809801
0.38431424443980094,34314.24443980091,13.75610744455138,-0.015266920606565561,0.011920386839548746,0.0003383229104868736,7.130446809807932
0.384315576612247,34315.57661224699,13.756080200860994,-0.025627660063499383,0.005756024124059321,7.888527075417352e-5,7.130441502917589
0.3843166326948463,34316.63269484625,13.756048813006815,-0.03380897367669345,0.0008695963041337976,1.8004707908646672e-6,7.13043266528674
0.3843166666666667,34316.666666666664,13.756047659993563,-0.0340715893710458,0.0007124606855339598,1.208571972456e-6,7.1304323131325456
0.3843176934517762,34317.693451776155,13.756008607152197,-0.041990396895129074,-0.004034300168463928,3.875137583159066e-5,7.130419677118305
0.38433254404879486,34332.54404879482,13.754568862930784,-0.14899549995634684,-0.07029583046545768,0.011765485192448494,7.129818002230075
0.38433333333333336,34333.33333333333,13.754449241631672,-0.1541053641126643,-0.0735937242384956,0.012895324398313654,7.129765096708357
0.38433360480572476,34333.604805724724,13.75440716986838,-0.15584556734260763,-0.07472066290658812,0.013293279679047556,7.129746441350532
0.3843675490274817,34367.549027481684,13.746448096913218,-0.27825412453342735,-0.1693673417396518,0.06829832487608571,7.125994547720972
0.3843686097844116,34368.60978441159,13.746152795844788,-0.2784810039622769,-0.1703954823424542,0.0691300485778991,7.125849085977342
0.3843696705413415,34369.67054134149,13.745857378568916,-0.278473250017024,-0.1712851856922249,0.0698538448514761,7.125703145806074
0.384375,34374.999999999985,13.744380181627957,-0.27489874609112863,-0.17362109714553434,0.07177210803337875,7.124966944999367
0.38437603508292095,34376.03508292092,13.744096330122263,-0.2735261968165205,-0.17365574688151203,0.07180075815470423,7.12482421856085
0.38437709583985086,34377.09583985082,13.743807031107002,-0.2718934730759864,-0.1735482236448768,0.07171187126260041,7.124678321782625
0.38441651961379547,34416.51961379544,13.736181720534876,-0.07766385920335458,-0.07274453057434066,0.012599444591621862,7.12060689918613
0.3844166666666667,34416.66666666665,13.736170377901423,-0.07660200494997742,-0.07208060465947039,0.012370508495416342,7.120600024018482
0.38441760214891335,34417.60214891332,13.736101886576366,-0.069820514551079,-0.06782603244788722,0.01095326351814726,7.120558183485923
0.38442626318955936,34426.26318955932,13.73577395268886,-0.0055898413867188955,-0.02643283713963379,0.0016635592363104844,7.120330711707189
0.38442738005141236,34427.38005141233,13.73577238195164,0.002776780618639305,-0.020913368841836307,0.0010413547531302136,7.120322826264777
0.38442857335641506,34428.57335641503,13.735781026452582,0.011709724379715639,-0.014992065154779344,0.0005351476609646405,7.120319876032529
0.3844291666666667,34429.16666666668,13.735789290198642,0.01614594523744159,-0.01204102054651803,0.00034520518048016506,7.120320515320269
0.38443099180921597,34430.991809215935,13.735831189077716,0.029756417929585235,-0.002945787921899049,2.0661110668586465e-5,7.120331245674679
0.3844320941078454,34432.09410784537,13.73586850278363,0.03793972832740583,0.0025514281310998867,1.5499489305161572e-5,7.120344120604545
0.3844329904965966,34432.99049659659,13.735905484148299,0.04456781519502591,0.007018950810879236,0.00011729921544176733,7.120358128607517
0.3844838700997012,34483.87009970116,13.745626474839737,0.2748201774315344,0.1710205811426299,0.06963818851038778,7.125161383813716
0.3844851952968246,34485.19529682459,13.745990779234942,0.27493266804854555,0.17148531958287802,0.07001717817248049,7.12534263160634
0.38448652049394805,34486.52049394802,13.746354999025552,0.2746925262355906,0.17172883127799898,0.07021617021930342,7.125523726351564
0.38448750000000004,34487.50000000001,13.74662387989736,0.27428861866369225,0.17176730885219055,0.0702476390245805,7.125657347668559
0.3844878456910715,34487.84569107144,13.746718667143831,0.27410019013505604,0.17175229147936558,0.07023535625812609,7.125704438708969
0.3844992073915941,34499.207391594064,13.74974716173129,0.2548217071258806,0.1631950050254308,0.06341097539345329,7.127205907094067
0.3845,34499.99999999998,13.749948245218826,0.25255580436879793,0.16203608273880835,0.06251355264128083,7.1273054568584975
0.384500270209485,34500.27020948498,13.750016380563185,0.25175693866493754,0.16162502303498116,0.062196781121567124,7.127339187118401
0.38454278292512173,34542.7829251217,13.756132033153884,0.00468902633239159,0.022313460082679638,0.001185453573479375,7.1304457965718155
0.38454386298615656,34543.86298615653,13.756132843945512,-0.0031864950715329923,0.017666834106271446,0.000743135779377419,7.130451888564465
0.38454501159967747,34545.01159967743,13.756124378938908,-0.011550392906782534,0.01271580093381112,0.00038497998425788513,7.130453969835307
0.38454583333333336,34545.83333333333,13.756112433133062,-0.017522299668662554,0.009170066029176865,0.00020021454995110374,7.1304526790272025
0.3845465904017338,34546.590401733745,13.756097088489588,-0.023012644638026773,0.005902144721485459,8.294121979371111e-5,7.130449439848022
0.3845476903357679,34547.690335767875,13.75606739976834,-0.030964722109892272,0.001154699339828521,3.1745965842867193e-6,7.130441236074432
0.3845488257579695,34548.82575796947,13.756027598960149,-0.039135776632989054,-0.0037417992578983915,3.333586115811656e-5,7.13042843190599
0.38458249969376723,34582.4996937672,13.751134570921543,-0.22963481717958178,-0.12821186423699382,0.03913876697886985,7.128240847050243
0.38458333333333333,34583.3333333333,13.750941993401076,-0.23236106825949474,-0.13035716124580718,0.04045949878110803,7.1281502130700565
0.38458351948228825,34583.51948228822,13.750898684434192,-0.23295308497594608,-0.1308275718371314,0.04075203226857089,7.1281298028429525
0.38458453927080927,34584.53927080923,13.750659507845223,-0.23608694389937482,-0.1333479581200255,0.042337328416143044,7.128016906796845
0.3845998360986245,34599.836098624495,13.746810102517244,-0.2597807823304928,-0.1585102650713428,0.05982262888806514,7.12616056728072
0.38460000000000005,34600.00000000002,13.746767523193617,-0.25979084515809275,-0.15864159856788668,0.05992180189565357,7.126139628756975
0.38460085588714554,34600.85588714551,13.746545175237188,-0.25975847344884484,-0.15927704128964038,0.06040279971900429,7.126030143185013
0.38460595482975063,34605.9548297506,13.745226540355702,-0.2566232087994296,-0.1612857767513727,0.061935956624508647,7.125375749975517
0.38460697461827165,34606.97461827161,13.744965447804184,-0.2553960783202253,-0.16131756987031382,0.06196037702110377,7.125245122627275
0.38460799440679266,34607.99440679263,13.744705707601346,-0.25397119533131374,-0.16122479111928123,0.06188912683679969,7.125114815779478
0.38465774462447905,34657.74462447901,13.737157650815414,-0.0024988336954030513,-0.02263130737464541,0.0012194668416325707,7.121059561040166
0.3846583333333334,34658.33333333334,13.737157391724473,0.0016185218804298323,-0.019940586986258703,0.0009467309746584524,7.1210560023358
0.3846589228884034,34658.92288840339,13.73715956111377,0.005740604120765892,-0.017240293335611123,0.0007076850340426603,7.1210537133070275
0.38466023731150517,34660.23731150514,13.737173142179994,0.014921255779078725,-0.011203570202342923,0.00029885710780672923,7.121053204653324
0.38466156499165116,34661.564991651125,13.737199096683707,0.024171416450776643,-0.005090647194200605,6.170164013291068e-5,7.1210591291291845
0.3846625,34662.499999999985,13.737224734657406,0.030665436561504483,-0.0007815439457877585,1.4543117599940448e-6,7.121067178718103
0.38466289267179715,34662.89267179712,13.73723731048614,0.03338652540343062,0.0010282134625717685,2.5171974395567276e-6,7.121071512962615
0.38466554803208913,34665.5480320891,13.737350282713326,0.05166431574625163,0.013245763796115124,0.0004177387108154146,7.1211155637015
0.3846666666666667,34666.66666666668,13.737412343810849,0.059285443923574085,0.01837012037225973,0.0008034793392650284,7.12114176333734
0.3846667327469208,34666.73274692078,13.737416276227183,0.059733929993114755,0.01867220680975526,0.0008301221598720732,7.121143451750838
0.38471471121338385,34714.711213383816,13.746289912171976,0.2563191669347944,0.15867683609190936,0.05994842455271112,7.125507479538281
0.3847161219563932,34716.12195639317,13.746651666648987,0.2564752925362193,0.15919533946680514,0.060340847876074584,7.125686693170403
0.3847166666666667,34716.66666666667,13.746791363118383,0.2564357020183694,0.15933304286224545,0.06044528225652891,7.125755876636406
0.38471753269940256,34717.53269940253,13.74701337813552,0.25625825323699974,0.1594804926426477,0.06055720841319429,7.125865802395861
0.38471879459720115,34718.79459720112,13.747336459438701,0.2557483069797591,0.1595387619032948,0.06060146797532426,7.126025714652575
0.38472005649499974,34720.056494999706,13.747658709448576,0.2549408726212427,0.15941224911210056,0.06050539325471048,7.12618515369306
0.3847493114919236,34749.31149192356,13.754058730411737,0.1597407624080672,0.10975023990426547,0.02867884561677101,7.129353340885808
0.38475000000000004,34750.0,13.754167428511646,0.15600002934398796,0.10766751085166106,0.02760069736426798,7.129407797175788
0.3847503301778091,34750.33017780904,13.754218637344074,0.15418739169050644,0.10665707377777905,0.027085074730568107,7.129433478416467
0.38477376293275684,34773.7629327568,13.756140503510276,0.004741087529618545,0.0210325913042253,0.001053261659453747,7.130451494840102
0.3847748129436311,34774.81294363105,13.756141730376708,-0.0024032764809811848,0.016818933571700063,0.0006735155392601415,7.130457252076667
0.38477500000000003,34775.0,13.75614116185504,-0.0036752884502918334,0.016067348202798537,0.0006146659006427938,7.130457906807318
0.38477593164112134,34775.93164112131,13.756134788374867,-0.01000536623098871,0.012320831369666833,0.0003614354419994435,7.130459497397514
0.3847773472643396,34777.347264339565,13.756113829234957,-0.019600117127692822,0.006621455579703879,0.00010438969998569435,7.1304565924023
0.3847784779725066,34778.47797250655,13.756087348115974,-0.027234760858757034,0.0020678671193009646,1.0181129578776358e-5,7.130449668106976
0.38477916666666667,34779.16666666664,13.756066995194566,-0.03186885563033953,-0.000704428867866853,1.1814762616289914e-6,7.13044345141539
0.38477960868067357,34779.60868067353,13.756052252787931,-0.03483574718897936,-0.0024827497579639475,1.467630085873819e-5,7.130438665614961
0.38482998909950755,34829.98909950752,13.747655875297253,-0.24226524812080416,-0.14677491297327055,0.05129255971026464,7.1265640895707145
0.38483100529081626,34831.00529081623,13.747409599809322,-0.24240647298100465,-0.1475652847824364,0.05184646017362275,7.126443517679104
0.384832021482125,34832.02148212494,13.747163276148946,-0.24236007925283967,-0.14824452900580407,0.05232485804798258,7.126322617163313
0.3848330376734337,34833.03767343365,13.746917094883058,-0.24212626696502312,-0.14881182561453507,0.052726093911263795,7.126201479913554
0.38483333333333336,34833.33333333333,13.746845522718134,-0.2420230879272212,-0.14895574773662867,0.05282813043756704,7.126166203918726
0.3848340538647424,34834.05386474237,13.746671246302242,-0.24170537993455476,-0.14926642794834824,0.05304872979157008,7.126080198277324
0.38483710243866853,34837.1024386685,13.74593759237126,-0.2393258541388172,-0.14994773311767307,0.05353410158840216,7.125716416051748
0.3848375,34837.49999999996,13.745842530817594,-0.2388927886083237,-0.1499606089263123,0.05354329578464375,7.1256690731024115
0.38483811862997724,34838.11862997721,13.745694966816295,-0.23816296229388642,-0.1499456089963609,0.05353258489830845,7.125595487258845
0.3848877103389384,34887.71033893839,13.738446984787036,-0.009082847436131143,-0.025279580356567896,0.0015215647214385083,7.121739950168769
0.38488882447395006,34888.82447395003,13.738440917935986,-0.0018074541306903986,-0.020581998741018747,0.0010086158861316603,7.121730823978075
0.38489000275584767,34890.002755847636,13.738443321052417,0.005885641286939636,-0.015591433193830667,0.0005787923548516303,7.121725755889308
0.3848913560600933,34891.35606009325,13.738457259143464,0.014710025177166899,-0.009838630585627093,0.0002304729804772308,7.121725754293298
0.3848916666666667,34891.66666666666,13.738462142301543,0.016732478270516826,-0.008516005927299756,0.00017267227846143947,7.121726631737523
0.3848927093643389,34892.70936433886,13.738483124709742,0.023510864273526007,-0.004072175505880513,3.9482412739745734e-5,7.1217319720519034
0.3848940626685845,34894.06266858447,13.73852087791431,0.0322763827701188,0.0016987771367010492,6.871056571852892e-6,7.121744397216931
0.3848954159728301,34895.41597283008,13.738570463020745,0.04099486176193723,0.007465063650743727,0.00013268375073727443,7.12176300797958
0.3849162341508392,34916.23415083916,13.740731923370442,0.16101110337079938,0.0891445055490331,0.018920816356146647,7.122781194655956
0.3849166666666667,34916.66666666665,13.740802010937701,0.16307765348200373,0.09058776801419915,0.019538437413796104,7.122815470813913
0.3849174507054494,34917.45070544938,13.740931320953958,0.16676601609556058,0.09316750113736486,0.02066710301947829,7.122878771364795
0.3849458333333334,34945.83333333334,13.746994334443972,0.2391692366482568,0.14745895745066032,0.0517717717438944,7.125871232018683
0.3849469636178881,34946.96361788807,13.74726474831257,0.23928159820422712,0.1478631010112055,0.05205594438249991,7.126004668497316
0.3849483309740825,34948.330974082455,13.747591857289231,0.239118521264084,0.1481656795725022,0.052269210959955716,7.126166039323215
0.38494969833027687,34949.698330276835,13.747918519637263,0.23862842430074482,0.14826500361608358,0.05233931261256494,7.1263271453373465
0.38495,34949.99999999998,13.74799048406713,0.23847633827138887,0.14825965159028726,0.05233553402303183,7.126362631602016
0.3849990271233204,34999.02712332037,13.756015172356543,0.040370351355562745,0.04062498117511358,0.003929497846376983,7.130368262405835
0.385,34999.99999999998,13.75605146811453,0.0342414632279346,0.03706715230898375,0.003271366143565236,7.130389801816707
0.38500012512474663,35000.12512474659,13.75605570316533,0.0334517421065827,0.0366080684754708,0.0031908349464399026,7.13039236887381
0.38500451713045153,35004.517130451495,13.75614153766882,0.005605992418556533,0.0203216748397602,0.0009832630197451019,7.13045296688722
0.38500563141640304,35005.631416403005,13.756143841387889,-0.001470275152713086,0.016150678004220733,0.0006210580952286175,7.130459181246376
0.3850068070444124,35006.80704441239,13.756137728463516,-0.008926962502339653,0.011740366396397528,0.0003281814360039531,7.130461711067422
0.38500824120824545,35008.24120824542,13.756118415935955,-0.01799978528978351,0.006352445459554646,9.607991265861056e-5,7.130459202288631
0.38500833333333334,35008.33333333331,13.756116730912282,-0.018581399340054323,0.006006213254146556,8.589189917687087e-5,7.130458831159033
0.3850096753720785,35009.67537207844,13.756086117876457,-0.027033503912919775,0.0009629100289536529,2.2076088663322017e-6,7.130450555399241
0.3850111095359115,35011.10953591147,13.756040900299187,-0.03601428102579582,-0.004420929900947522,4.653481235498064e-5,7.130435790130132
0.3850618998427013,35061.89984270125,13.748004078213993,-0.22624619566609186,-0.1373251875664656,0.04490049319086895,7.126723929050527
0.38506250000000003,35062.5,13.74786829182362,-0.22624629304587432,-0.1377056811567205,0.04514965386389611,7.126657526059701
0.3850629399143813,35062.939914381255,13.747768770140246,-0.22620757025684504,-0.13796150214427172,0.04531756208072356,7.1266087970162735
0.3850671002011013,35067.10020110127,13.746830795871656,-0.224223986414759,-0.1394051216053233,0.04627092364236899,7.1261469946598055
0.3850681402727813,35068.14027278127,13.746598065424276,-0.2232736125483557,-0.1394876652010495,0.046325735102952556,7.126031689696444
0.3850691803444613,35069.18034446127,13.746366417212041,-0.22214307410089917,-0.1394579661071705,0.046306010263687414,7.125916629504601
0.3850828339884675,35082.83398846746,13.743511021333488,-0.1912909911614842,-0.1286423117343131,0.03940201040082901,7.124472358706366
0.38508333333333333,35083.3333333333,13.74341591422415,-0.18963073265485267,-0.12788454897089868,0.038939185394024245,7.124423328031781
0.3850841273081598,35084.12730815974,13.74326642282147,-0.18691929368840296,-0.12662860313475005,0.03817810269490008,7.124346121336294
0.3851190469398515,35119.04693985146,13.739628674043983,-0.005920376729417898,-0.02176438609295068,0.0011278297666738686,7.12235064091156
0.38512034246440763,35120.34246440759,13.739626121601015,0.0019798278457663007,-0.01669278479394446,0.0006634501528022462,7.122342908596879
0.38512083333333336,35120.83333333332,13.739627827914417,0.004972206493000086,-0.01476498190779886,0.0005190587874705421,7.122341357696875
0.38512172583665627,35121.72583665624,13.739634692318672,0.010409144074509656,-0.011252955474442421,0.00030149763549948487,7.122340480455889
0.38512344060410536,35123.44060410533,13.739661482698407,0.020830940195313657,-0.004488173618414984,4.7961196259610116e-5,7.12234582764912
0.3851246013839742,35124.601383974164,13.739689744077562,0.027858390808191177,9.682930931681504e-5,2.232360748278915e-8,7.1223546901167145
0.38512500000000005,35125.000000000015,13.73970132866546,0.03026503826950351,0.0016712534166618063,6.650209482628003e-6,7.122358707672411
0.38516622461029515,35166.22461029512,13.745302949328957,0.21229539713464826,0.12721260219945726,0.03853106228180324,7.125053853706093
0.3851666666666667,35166.66666666668,13.74539697657667,0.21310791296182596,0.12785016337144461,0.03891824827167875,7.125100113366544
0.3851676234221781,35167.623422178054,13.745601671254102,0.21476147813211321,0.12916373462464792,0.03972207224330112,7.1252008223822525
0.38517600927817225,35176.00927817221,13.747445037103656,0.22298267577987857,0.13673296214980502,0.044514054614904784,7.126107621619877
0.3851775316353992,35177.53163539916,13.747784747777027,0.2232497646710615,0.13734080882195024,0.04491070897111306,7.126274667581406
0.38517905399262614,35179.05399262611,13.748124576540397,0.22313782762271878,0.13771309952870198,0.04515451852810043,7.126441746101203
0.3851791666666667,35179.16666666665,13.74814971708543,0.2231144848955026,0.13773131246989082,0.045166462939711195,7.126454105591276
0.3851804132394853,35180.413239485286,13.748427624699332,0.22271790137820605,0.1378471125132616,0.04524244387677095,7.126590720760159
0.3851817724863445,35181.77248634447,13.748729897309428,0.2219968363555223,0.13779483398297743,0.04520813398189598,7.126739296863144
0.3852355787395778,35235.57873957778,13.756133907481889,0.004012490254688505,0.01824861137786934,0.0007928852790964341,7.130452005612577
0.3852367038975288,35236.70389752875,13.75613467014743,-0.0026558455376410415,0.01431599530579349,0.0004879707657035744,7.130457199064612
0.3852375,35237.49999999998,13.756130679407716,-0.007368906281294525,0.011528403671965238,0.0003164383124375752,7.1304587382508595
0.38523790961857535,35237.909618575315,13.756127164746777,-0.00979142212159124,0.010092911896525922,0.00024254016797865355,7.1304588408457965
0.3852396389988868,35239.63899888677,13.756101403909028,-0.019992447272836646,0.004027663397381425,3.862398200620497e-5,7.130454115783536
0.3852408019615812,35240.80196158119,13.756074180383933,-0.026819990442373903,-5.101326243111032e-5,6.196078437774598e-9,7.130446256518381
0.3852416666666667,35241.66666666667,13.756048802068738,-0.03187483691335899,-0.003081073247895766,2.260241037833087e-5,7.1304379797197734
0.3852492937769571,35249.29377695707,13.755638750395565,-0.07521153967122807,-0.029470277242394833,0.0020678505731990832,7.130276326720994
0.38525000000000004,35250.0,13.75558426903503,-0.07907265212437517,-0.031862320072141945,0.002417160572332427,7.130253452814901
0.38525050689343937,35250.506893439335,13.75554348949979,-0.08182440078469796,-0.03357177477605573,0.0026834858609862187,7.130236227895313
0.38529221111632644,35292.21111632641,13.74865148766265,-0.21117079329811478,-0.12754604857347943,0.038733320254067546,7.127029967590754
0.38529330217160207,35293.30217160204,13.748421042927227,-0.21122318526056422,-0.12820865857235392,0.03913680984029148,7.126917659019912
0.3852943932268777,35294.39322687766,13.748190643874254,-0.21108708768722792,-0.1287591115545206,0.03947359240073686,7.12680509168609
0.3852976663927046,35297.66639270454,13.747501773694468,-0.20955158234265442,-0.12973034167852762,0.04007133702863695,7.126466831601031
0.3852987574479802,35298.75744798017,13.747273607499444,-0.20866608013176527,-0.1298254320791411,0.04013010193937067,7.126354225434271
0.3852998485032558,35299.848503255795,13.747046508663667,-0.2075951911931856,-0.12980545594972853,0.04011775331980217,7.126241860048292
0.38533229923778106,35332.29923778103,13.741678271694205,-0.10160557468915848,-0.07873964665094031,0.014761742749321275,7.123477844160936
0.38533333333333336,35333.33333333333,13.741575898848462,-0.0963766483985355,-0.07570975590366924,0.013647540807126617,7.123421656307185
0.3853336077688243,35333.60776882427,13.74154964170652,-0.0949763225688018,-0.07489451984536051,0.013355212149683573,7.123407191087846
0.38535,35349.99999999999,13.740717916141982,-0.004904717270493625,-0.019771912578642317,0.0009307822071844626,7.12291079444237
0.38535061867238646,35350.61867238642,13.740715971643095,-0.0013812926215769827,-0.017527869591828175,0.0007314909819717496,7.1229069649933
0.38535198101650847,35351.981016508435,13.74071937391879,0.0063748821700612916,-0.012568801269055841,0.00037613039366909463,7.122902466738651
0.38535357281454585,35353.57281454582,13.74073672474372,0.015421230509161832,-0.006752465405300833,0.00010856140249948701,7.122904069972875
0.3853541666666667,35354.166666666686,13.740746882752674,0.018788488644341215,-0.0045788517983685875,4.9918770931960115e-5,7.122906560441886
0.38535516461258323,35355.1646125832,13.740768451151327,0.024434154418879528,-0.0009242379756847101,2.0338472278518354e-6,7.122913058231426
0.3853567564106206,35356.75641062058,13.740814486606252,0.033396920652585704,0.004903401817471149,5.724606996090325e-5,7.1229294090694895
0.38540833333333335,35408.33333333332,13.748323449512927,0.2083097754217787,0.12770728246074553,0.03883130950835392,7.126552022897098
0.38540853156399263,35408.5315639926,13.748364743639657,0.2083162670921913,0.127767376119105,0.038867862858002006,7.12657226295426
0.38540999704495454,35409.997044954514,13.748669965948977,0.2081780684097226,0.12809638375917096,0.03906829412423048,7.126721865600879
0.38541146252591646,35411.462525916424,13.748974745567786,0.20771221898338624,0.12822284530900588,0.03914547156937441,7.126871251897527
0.38541250000000005,35412.500000000015,13.749189982169671,0.20718481926402446,0.12819040812482108,0.03912566841716237,7.126976750596039
0.3854154190122813,35415.41901228129,13.749791628646229,0.2048270258932197,0.12756085236124948,0.03874231203602021,7.127271666690662
0.3854166666666667,35416.66666666665,13.750046333921826,0.2034288515291101,0.1270517303632918,0.03843367187692046,7.127396533134102
0.3854167378410696,35416.73784106958,13.750060809765912,0.2033420948486937,0.12701839205174076,0.03841350457002314,7.127403630140158
0.38546652441166046,35466.52441166043,13.756111680950516,0.0028289786466220443,0.016495459943360487,0.0006478576160547866,7.13044373855114
0.3854666666666667,35466.66666666665,13.756112027392241,0.0020417453099042353,0.016031667030675475,0.0006119389232915405,7.130444472376126
0.3854677365008406,35467.73650084056,13.756111045801399,-0.0038757375434972916,0.012539034007824667,0.00037435089011757987,7.130448300922451
0.38546905204127707,35469.052041277035,13.756101167113577,-0.011139717397261068,0.008235881975513261,0.0001614994093204386,7.130448919070416
0.38547064512544704,35470.64512544701,13.756076433168905,-0.019905013908658425,0.0030192663543213054,2.170468885318254e-5,7.130443635599916
0.3854708333333334,35470.83333333334,13.756072589708232,-0.02093758454902875,0.002402946299540069,1.3747978377317404e-5,7.13044257568172
0.3854718651377884,35471.86513778838,13.756048070718254,-0.026584853128410132,-0.0009746808732657898,2.261911439786101e-6,7.130435132313985
0.3854730892334492,35473.089233449165,13.756011444626818,-0.033250264231639126,-0.004976678456456454,5.8969829664185224e-5,7.130422728860028
0.3854997635638844,35499.76356388434,13.753367772350954,-0.15561091885429704,-0.08317503688959284,0.01647163514663126,7.12926081721132
0.3855,35499.99999999998,13.753330887135164,-0.15639796168409292,-0.08373101307056535,0.016692577499579017,7.129243836630853
0.38550086433706493,35500.86433706489,13.753194481418571,-0.15921780347744402,-0.08573480180748774,0.017501086288021914,7.129180948772224
0.38552287980067595,35522.879800675924,13.749146715147333,-0.19718049065331,-0.11878055951024394,0.0335924317084919,7.1272617476349085
0.3855239805738565,35523.980573856476,13.748929610285737,-0.1972484808976135,-0.11940380310394506,0.03394587665639447,7.127156220988405
0.385525,35524.99999999997,13.74872856634805,-0.1971516223316518,-0.11988597461935215,0.03422058788198083,7.127058272322484
0.3855291666666667,35529.166666666664,13.747910356416238,-0.19516406453057536,-0.12089581322825423,0.03479951822885936,7.12665734380397
0.38552948443975926,35529.48443975923,13.747848378806312,-0.19490810942241032,-0.12090895389738393,0.0348070836489517,7.126626821940711
0.3855305852129398,35530.58521293978,13.747634363492363,-0.1939080274708481,-0.12088406592428115,0.03479275570091893,7.126521258598173
0.3855798217935685,35579.821793568444,13.741722385800951,-0.009673584783193105,-0.02155315012071411,0.0011060435241096159,7.123428347175164
0.38558103778919195,35581.03778919191,13.74171455384212,-0.003207249124164862,-0.017471039222283734,0.0007267552654918493,7.1234192076301
0.3855823174800957,35582.31748009566,13.741714804559026,0.0035985576064275593,-0.01315346843639392,0.0004119374569219312,7.123413906422989
0.38558333333333333,35583.3333333333,13.741721202438029,0.008996405517290447,-0.009714110334549218,0.00022467604664713314,7.123412854194154
0.38558375734117867,35583.757341178636,13.741725494195933,0.011247084035832456,-0.008276206629707957,0.00016308475280386178,7.123413241422541
0.3855852359976091,35585.235997609045,13.741747919249399,0.01907986011148963,-0.0032548221446439827,2.5223493317297272e-5,7.123418397686714
0.3855867146540395,35586.71465403945,13.74178190226578,0.02687805462877829,0.0017703425838358725,7.462173486053984e-6,7.1234294588439075
0.3855875,35587.49999999999,13.741804630928774,0.031001488104514825,0.0044377000829975205,4.688852863484809e-5,7.123437727255171
0.3856375,35637.499999999985,13.74850216617473,0.19412659371053703,0.11821399914130776,0.0332727371261455,7.126651652468951
0.3856386390447532,35638.639044753174,13.74872342444312,0.1943404940854797,0.11865837832336987,0.03352335891983802,7.1267597877680355
0.385640271467824,35640.27146782395,13.749040708835043,0.19432427804162974,0.11909587287830435,0.033771016515821976,7.126914872668263
0.3856417318801333,35641.73188013325,13.749324293647414,0.19398775388148357,0.11928860391611107,0.03388040720060674,7.127053504777024
0.3856431922924426,35643.19229244256,13.749607165341176,0.19334783586781348,0.11929439817093968,0.03388369865468261,7.1271918077522525
0.3856446527047519,35644.65270475187,13.74988888164003,0.1924057046508265,0.11911420150595312,0.033781411905716194,7.12732956765765
0.3856664778051888,35666.47780518878,13.753675722608628,0.1445229488473868,0.09567572923736321,0.02179486944071723,7.129187817927153
0.3856666666666667,35666.66666666668,13.753702954795358,0.1438590829873787,0.09531933328135074,0.02163279832666957,7.129201285576752
0.385667645395454,35667.645395453976,13.753842049447117,0.14035990261054834,0.093435742483239,0.020786280889033705,7.129270125045563
0.38569683515208386,35696.835152083826,13.756070064714171,0.004715766389312125,0.016622960197756564,0.0006579114422290449,7.1304239777089204
0.385698026603911,35698.02660391097,13.756072016125286,-0.0014393312433523724,0.012995264419222547,0.00040208785077502744,7.130429359666515
0.3856992926040481,35699.29260404808,13.756066058109756,-0.007970904371494808,0.009131134820139868,0.00019851815024659705,7.130431291900823
0.38570000000000004,35700.00000000001,13.756059130693613,-0.011613802613177819,0.006969277070378635,0.00011564481638977477,7.1304306732280445
0.38570091272882745,35700.91272882742,13.756046388942215,-0.016304267501413488,0.004178495974683056,4.157102050105357e-5,7.13042807777944
0.3857021844775171,35702.184477517054,13.756021510051406,-0.022816101345241344,0.0002900856594564899,2.0035640433882526e-7,7.130421090736136
0.3857034562262067,35703.45622620669,13.755988370915261,-0.029293337911066912,-0.0035943381881019883,3.076015954868639e-5,7.130410190178171
0.38574923787104215,35749.23787104212,13.750365841099704,-0.18227697114392946,-0.10750848460702024,0.027519224434518832,7.127842444510728
0.38575000000000004,35750.00000000001,13.750226718934467,-0.1827979799337465,-0.10818263135550693,0.02786543268333693,7.127775610950935
0.38575037801441936,35750.37801441933,13.750157574800523,-0.18302676579245478,-0.10849996776948075,0.02802915001423419,7.127742354273394
0.3857541666666667,35754.16666666664,13.749461243155032,-0.1842309450553639,-0.11104720943219476,0.02936067314923267,7.127405949766135
0.3857549385879282,35754.93858792816,13.74931902523212,-0.18423313280732806,-0.11142314976061168,0.029559805482323093,7.1273369100078625
0.3857560787313054,35756.07873130537,13.749109039954755,-0.1840858669291027,-0.11188870269116287,0.02980733759502723,7.127234764943514
0.38575949916143704,35759.499161437,13.748481520273941,-0.1825709701336466,-0.11263753377498313,0.03020765241645349,7.126928024177579
0.38576063930481425,35760.63930481421,13.748273836943227,-0.1817104668010011,-0.11266957670278153,0.030224841700914218,7.126826006186245
0.38576177944819146,35761.779448191424,13.748067235292737,-0.180673703383126,-0.11259227047945537,0.030183379456473425,7.126724268414479
0.3858113928853052,35811.39288530516,13.742624146376766,-0.00483036276225294,-0.017372994717390736,0.0007186212986916345,7.123882893989842
0.3858125,35812.49999999997,13.742621843194835,0.0006696260884998692,-0.013909131087489505,0.00046062839906896893,7.123877375112429
0.3858128317104075,35812.831710407445,13.74262233858534,0.002317207194099205,-0.012868623656366837,0.00039428922573620044,7.1238763211226095
0.3858143896148483,35814.38961484829,13.742631972414658,0.01004792129280036,-0.007969115576442438,0.00015120667397785112,7.123875071484034
0.3858161513063981,35816.15130639809,13.742657355515957,0.018762428872908986,-0.002412793049857099,1.386088167009219e-5,7.123881006635109
0.3858166666666667,35816.666666666664,13.742667679900258,0.021303509243495167,-0.0007861273958037262,1.4714197200789248e-6,7.123884215150265
0.3858175233673539,35817.52336735389,13.742687736542136,0.025517156738443337,0.0019175665886453413,8.754908623545076e-6,7.123891020127296
0.3858327015813235,35832.701581323454,13.743620870146245,0.09563627834487352,0.04801719934716265,0.005489646269393232,7.124306327912276
0.38583333333333336,35833.33333333333,13.74368212350829,0.0982747269746691,0.049793119036224916,0.005903225484180153,7.124335067049399
0.3858340814189571,35834.08141895705,13.743756798403151,0.10136093521210031,0.05187459885076187,0.006407080966493965,7.124370192897826
0.3858686964437373,35868.696443737244,13.749044829869204,0.18124797084142333,0.11019498486978692,0.028911749262982303,7.126927901670237
0.3858704514417192,35870.45144171919,13.749363081047369,0.18136342837065605,0.11073014096898838,0.02919324790240962,7.127083066477244
0.3858708333333334,35870.83333333335,13.749432337251609,0.1813341709678861,0.11081310799638423,0.02923701167575789,7.127116838746004
0.3858720126077672,35872.01260776718,13.749646072642411,0.18112123674076222,0.11099386512534469,0.029332471655864785,7.127221079042839
0.3858735737738152,35873.57377381517,13.749928433034121,0.18055495298226984,0.11105824207351049,0.029366507458234423,7.127358821202546
0.3858749666705013,35874.96667050127,13.750179415473024,0.17977711251058262,0.11094813427553611,0.029308305950529502,7.127481289745245
0.3859166120861112,35916.612086111185,13.755678500772847,0.05614713745975262,0.04550237100786249,0.0049296803984218195,7.130203179720459
0.3859166666666667,35916.66666666665,13.755681558430874,0.05589487056935287,0.04535840483778431,0.0048985354510198455,7.130204805525007
0.38591773605995466,35917.73605995463,13.755738681102223,0.05093019975477931,0.042520790979403214,0.004304803965509756,7.130235356574045
0.3859267278507022,35926.72785070217,13.756005023259773,0.00806645577215777,0.017676536180126472,0.0007439522174460005,7.130391980950816
0.38592786875841234,35927.8687584123,13.756011086190297,0.002561812385055747,0.014439540100300383,0.0004964293293051972,7.130398828405375
0.3859290549435673,35929.054943567244,13.756010731823896,-0.003158307635927536,0.011063906327523501,0.0002914524362481299,7.130402810591396
0.3859291666666667,35929.16666666668,13.756010348891817,-0.003696699409941177,0.010745545730537513,0.00027492084058826897,7.130403020825383
0.3859303515820419,35930.35158204188,13.756002588064103,-0.009400596496327561,0.0073658531244181384,0.00012918045773928678,7.130403504441752
0.3859320597743332,35932.05977433317,13.755979525690625,-0.017594635908307874,0.0024881011805065346,1.4739636867709552e-5,7.1303985908373635
0.38593329551310057,35933.29551310054,13.755954136338573,-0.023492223454596596,-0.0010397669889691881,2.574084265119171e-6,7.130390915785673
0.38593333333333335,35933.333333333314,13.755953244453037,-0.023672237061927122,-0.0011476817236136237,3.136126996944614e-6,7.130390626465091
0.3859842269549221,35984.226954922095,13.749938613776122,-0.17206785628489937,-0.10327637634038314,0.025395261690477264,7.127629251048738
0.38598536692818664,35985.3669281866,13.749742407589368,-0.17213364493022415,-0.10382327244115545,0.025664933096167592,7.127534261748709
0.38598650690145114,35986.50690145111,13.749546221973599,-0.17203179354077233,-0.10427047417077168,0.025886504247137055,7.127439059594954
0.38598992682124467,35989.92682124463,13.748959696304944,-0.1707236697340757,-0.10500809848195153,0.026254049397131503,7.127153097125186
0.3859910667945092,35991.06679450914,13.748765498126296,-0.1699553341597364,-0.10505116204987652,0.0262755872572129,7.127057965894391
0.3859916666666667,35991.66666666664,13.748663685510458,-0.16948478422445673,-0.10503290994575235,0.02626645755160124,7.127008000525133
0.38599907890492163,35999.0789049216,13.747438488819437,-0.15997617510883244,-0.1024760609280612,0.025003197769837414,7.126401623330692
0.386,35999.99999999998,13.747291886401332,-0.15832914852584667,-0.10185826187586193,0.024702632172313492,7.1263284023297055
0.3860002824629331,36000.28246293308,13.747247238222723,-0.15780407381774364,-0.10165563836360134,0.024604449550264987,7.126306072730833
0.3860418078862894,36041.80788628936,13.743446400532166,-0.005730664093327949,-0.01690325387260045,0.000680285694003767,7.124299310256081
0.386043130393308,36043.130393307976,13.74344287950778,0.0004059649109583094,-0.0130594038052289,0.00040606673273339784,7.124292712263948
0.38604456318039465,36044.563180394616,13.743448222072583,0.007050092850964989,-0.008875954400850842,0.00018757753934757962,7.124290173708749
0.38604583333333337,36045.833333333336,13.74346091156672,0.012928517220472644,-0.0051562980405033725,6.330335591071171e-5,7.124291933698303
0.3860467728478058,36046.772847805776,13.743475096281339,0.017265435954975563,-0.00240126008058865,1.3728690415782404e-5,7.124295658511326
0.3860479480457778,36047.94804577777,13.743498565726126,0.022672047663692574,0.001045903310126106,2.6045565098398706e-6,7.124303212693828
0.38604935802322965,36049.358023229615,13.743535086755589,0.02912477699122875,0.005178056186700933,6.383872826817097e-5,7.1243165086719085
0.38608319748207404,36083.197482074,13.746811584342952,0.1504713318224691,0.08701039881233123,0.018025736908287935,7.12585548744891
0.38608333333333333,36083.3333333333,13.746832045443478,0.15075630982344576,0.08721998434114869,0.01811268016302434,7.125865378199073
0.3860846074595259,36084.607459525854,13.747025785899659,0.153328234912286,0.0891239180872343,0.01891207803623821,7.125959073279401
0.3860998471714543,36099.84717145426,13.749519001840556,0.16918361607141372,0.10274126118197416,0.02513277797443483,7.1271691922354385
0.3861,36099.99999999996,13.749544859092843,0.169198394647718,0.1027891691702669,0.02515622213979464,7.127181771149937
0.38610158490338725,36101.58490338722,13.749813049086818,0.16918020154956143,0.10318066489542484,0.025348213353004655,7.127312266448232
0.38610314110524185,36103.14110524182,13.750076116175759,0.16885827902668873,0.1033783428162655,0.02544543277008884,7.127440318055412
0.3861041666666667,36104.16666666666,13.750249108793925,0.16848178161355465,0.10340771703240215,0.02545989509965084,7.12752455165416
0.38610469730709646,36104.69730709642,13.750338448327838,0.1682358486019415,0.1033915353392484,0.025451927570969167,7.12756806150702
0.3861583333333334,36158.33333333335,13.755927369856089,0.0029968592164411043,0.013843249782734737,0.0004562751536837746,7.130360001746553
0.3861593304649795,36159.33046497949,13.755928118812355,-0.0014941249272614047,0.01119426716342802,0.0002983609936338162,7.130363613134858
0.3861606915528623,36160.69155286228,13.7559219174732,-0.007616024345666912,0.007569996841624113,0.00013644012424333105,7.1303651345657855
0.3861625,36162.499999999985,13.755900808703382,-0.015721874697906563,0.002746778328159921,1.7963788533450033e-5,7.13036107501548
0.3861625767547657,36162.57675476564,13.75589958880831,-0.016064933001564134,0.002542017271217459,1.5385361445637752e-5,7.130360749429142
0.38616390550194724,36163.9055019472,13.755874304005216,-0.021987927906899594,-0.001001566813848468,2.3884192442918374e-6,7.130353139075336
0.3861652551942205,36165.25519422048,13.755840586858938,-0.02796802835380007,-0.004595746622155828,5.02878262263255e-5,7.130341597954011
0.3861666048864938,36166.604886493755,13.75579882760862,-0.03390352766363982,-0.008180169500000433,0.00015932184059223167,7.130326234858278
0.3861666666666667,36166.66666666668,13.755796724686798,-0.03417401748355365,-0.008343934777576447,0.00016576487517249932,7.130325440523156
0.38616795457876707,36167.954578767036,13.755749091881585,-0.03978639247635056,-0.011750371609485962,0.0003287410308595565,7.130307073254745
0.38621484593301236,36214.84593301233,13.750251564060981,-0.16079842131998767,-0.09638345776742634,0.022118502217155372,7.1277731056178615
0.3862160582205313,36216.05822053125,13.750056575369166,-0.16085925933090905,-0.096916083616876,0.02236363634198404,7.127678844836999
0.3862166666666667,36216.66666666667,13.749958709930599,-0.16082304534065242,-0.09714374152249435,0.022468825040450457,7.1276314492715045
0.386220907370607,36220.90737060696,13.749279098875745,-0.15933585797867103,-0.09798685515563996,0.02286053281736277,7.12730072131872
0.3862221196581259,36222.119658125885,13.749086417221648,-0.1585162149270924,-0.097987103685387,0.022860648782501863,7.1272064386868985
0.38622333194564484,36223.33194564481,13.748894834607626,-0.15752288248514118,-0.0978797590929844,0.022810588666906335,7.12711246316148
0.38624949907203765,36249.499072037615,13.745405148742561,-0.09787959798549922,-0.07030386987627683,0.011768176475191586,7.125351089055408
0.38625000000000004,36250.00000000001,13.745356554322308,-0.09613505016314285,-0.06934783277914926,0.01145029026467821,7.125325599794265
0.3862509453231969,36250.945323196895,13.74526724935637,-0.09279532623892067,-0.06750669811053472,0.010850367356635414,7.125278632750326
0.38627263909058607,36272.63909058603,13.744181361301461,-0.004520338279778013,-0.0151982125218306,0.0005499658663303059,7.124668133570882
0.38627412031785163,36274.1203178516,13.744179420472936,0.0018995047075615397,-0.011189778621305168,0.00029812177522337664,7.1246621405179225
0.38627500000000003,36275.0,13.744182767534424,0.005709621556102382,-0.008800302323468637,0.00018439362139154164,7.124660836794064
0.3862757342560386,36275.73425603858,13.744188126397079,0.008886456654622857,-0.00680211000743362,0.00011016357274578238,7.124661036036123
0.3862775480881648,36277.548088164745,13.744211348029683,0.016712492288175992,-0.001857264157673466,8.212928931853643e-6,7.124666545676555
0.386278985502902,36278.98550290198,13.744239809361426,0.022882624864670662,0.0020633083977352027,1.0136289390868117e-5,7.124675974343083
0.38632916666666667,36329.166666666635,13.749642871179033,0.15762290781804497,0.09521272474702686,0.021584435604174047,7.12723902770266
0.3863305805336283,36330.58053362826,13.749865921169464,0.15785600006143852,0.09569964293237194,0.021805765850913063,7.127347314242109
0.38633234991645776,36332.34991645773,13.750145250856342,0.15782017980074053,0.09610824966464004,0.02199237060381139,7.127482990697001
0.38633333333333336,36333.33333333333,13.750300375944136,0.15764295342880014,0.0962389207621105,0.02205221397489472,7.127558370527121
0.38633393838066366,36333.938380663625,13.75039570967514,0.15747814858996262,0.09628513328120472,0.02207339735947466,7.127604707517394
0.38633552684486955,36335.52684486951,13.750645392868565,0.1568437923033693,0.09628281492587155,0.022072334404880083,7.1277261085405295
0.38638877844615455,36388.778446154516,13.755818305089315,0.0032499974910566755,0.013198209073302831,0.0004147445779586028,7.130309205434574
0.3863900924022282,36390.09240222818,13.755818944309187,-0.0022761804476036703,0.00993706333355485,0.00023510768498828628,7.130313518341065
0.3863915119653798,36391.51196537977,13.755811480813287,-0.008236592747005597,0.006404525955809059,9.766179218721891e-5,7.130314328518988
0.3863916666666667,36391.66666666666,13.755810156431943,-0.008885157098645579,0.006019175311190977,8.626302720678809e-5,7.1303141753124715
0.38639348743217267,36393.48743217263,13.755787042080222,-0.016497493875395203,0.001481630506382743,5.226735612961866e-6,7.130308810362215
0.3863948306508825,36394.830650882446,13.7557611287084,-0.02208118368134039,-0.0018643101660340486,8.27536284566167e-6,7.130300653517972
0.38641593481907727,36415.934819077236,13.754427720116846,-0.10053699992793562,-0.05104166810854915,0.006202980674531626,7.1297277389992795
0.3864166666666667,36416.66666666665,13.75435332108806,-0.10277436429806337,-0.05253256552937369,0.006570643907376049,7.129694115791054
0.3864171746626572,36417.17466265715,13.75430072311514,-0.10430247016402845,-0.05355539229458743,0.006829000104350369,7.129670299250667
0.3864458333333334,36445.83333333334,13.750450032355896,-0.1503412479672194,-0.09017220309376449,0.019359586216150262,7.127861932035019
0.3864469309085751,36446.930908575094,13.750285004287877,-0.15035005570180487,-0.09059130289009289,0.019539962284106076,7.1277822020586346
0.38644817075215504,36448.170752155005,13.750098670766448,-0.15019699746827705,-0.09096750066368378,0.01970258613570788,7.127691975304327
0.38645065043931487,36450.650439314835,13.749727107848043,-0.14937361143042416,-0.09140820447218062,0.01989395201149519,7.1275114071528325
0.3864518902828948,36451.89028289475,13.749542305044745,-0.14870454542740047,-0.09147182260990402,0.01992165317042321,7.127421272930141
0.3864531301264747,36453.130126474665,13.749358437528105,-0.147865064421361,-0.0914305504491528,0.019903679893893036,7.127331376888191
0.3864998704264596,36499.87042645958,13.744871799050648,-0.01786719249649763,-0.022549212897139754,0.0012106357197155567,7.125024315628329
0.3865,36499.99999999998,13.74486951774163,-0.017345351006692804,-0.022229703258248936,0.0011765707308328654,7.125022772029747
0.3865011587830625,36501.158783062485,13.744852125333654,-0.01267094570645251,-0.019360136127874315,0.0008924163592614863,7.125010461278043
0.38650384093882,36503.84093881997,13.74483268635534,-0.0018196985522217245,-0.012647808105538763,0.0003808739282726953,7.124992320298211
0.3865041666666667,36504.16666666667,13.74483230841379,-0.0005009132687605823,-0.011827330889391358,0.0003330613237313118,7.124991105328842
0.38650529834246206,36505.298342462025,13.744834333502501,0.004079191158220615,-0.008970115484212516,0.00019157850428597417,7.124988550832541
0.38650703667951414,36507.0366795141,13.744847531135749,0.011101342078891425,-0.004566595398635268,4.965188936865905e-5,7.124989669768127
0.38650833333333334,36508.33333333331,13.744865311731784,0.016320706194526597,-0.001276004588834501,3.876637406492151e-6,7.124994478426882
0.3865087750165662,36508.775016566186,13.744872911957108,0.01809365014433626,-0.0001548766184663036,5.711134987513564e-8,7.124996890313893
0.3865105133536183,36510.51335361827,13.744910410547964,0.02504055199920012,0.004254252595467858,4.309205987153573e-5,7.125010190744019
0.3865607936088581,36560.79360885805,13.750082426180024,0.14722531101282038,0.08902146701021324,0.0188686228301202,7.127461136892079
0.38656250000000003,36562.5,13.750333726844303,0.14726248007729784,0.08944084630615007,0.019046821399905614,7.127583002590444
0.38656269799337256,36562.69799337253,13.750362882309188,0.1472463132212424,0.08947697828514532,0.019062213435810403,7.127597146249679
0.38656439283026184,36564.39283026181,13.750612220032199,0.14693388754263753,0.08967973687252215,0.019148702870297168,7.1277181455894
0.3865660876671511,36566.087667151085,13.750860764584942,0.14631053355709486,0.08969212007689804,0.019153991437830236,7.127838837235563
0.38656666666666667,36566.666666666635,13.750945397850451,0.14602658475940858,0.08965286446068631,0.019137228823824258,7.127879952652785
0.3865827850239655,36582.78502396545,13.753158273988811,0.12418086207782679,0.07999299599423648,0.01523542716222365,7.128959330963417
0.38658333333333333,36583.3333333333,13.753226038841749,0.12299206506408156,0.07938911093911984,0.015006264132628278,7.128992576281179
0.38658413835490846,36584.13835490843,13.753324331824853,0.12119795416312844,0.07847213321797963,0.014661608789953194,7.1290408296616405
0.3865853559961134,36585.35599611334,13.753470202436374,0.11837589743807844,0.07701752304991093,0.0141230925160561,7.12911251254215
0.3866182323086462,36618.23230864619,13.755676514776905,0.00719432430151916,0.014778263094345774,0.0005199930002040532,7.130240129060112
0.3866194674703417,36619.46747034167,13.755682404001861,0.002341483884019599,0.01192297069952759,0.00033846959595665093,7.130246431144825
0.38662075339490914,36620.75339490911,13.755682167320867,-0.0027087378568764245,0.00893989636089232,0.00019028987367498992,7.130249987961512
0.38662083333333336,36620.83333333332,13.755681938248689,-0.003022472514837853,0.008754180816661163,0.00018246590897809124,7.130250107846974
0.38662216661492965,36622.16661492962,13.755674422718084,-0.008249135589653312,0.005653273517624938,7.6094051107332e-5,7.130250360961957
0.3866239221555571,36623.92215555704,13.755653917639163,-0.015105281946291824,0.0015651676743747539,5.832737735494466e-6,7.130245673481485
0.38662500000000005,36625.00000000002,13.75563537744814,-0.019294011709133974,-0.000944260406418541,2.1229231312612103e-6,7.130239974644526
0.3866252689663041,36625.26896630408,13.755630047814044,-0.02033627105349386,-0.0015701002967296236,5.869559385215362e-6,7.130238218814762
0.38666589709671406,36665.89709671403,13.752110226870935,-0.1341282778816384,-0.07685095638988765,0.014062070233429556,7.128648994334143
0.3866666666666667,36666.66666666668,13.75200667149528,-0.13498701521473097,-0.07761290477367544,0.014342292827160982,7.128600012411643
0.3866672513677277,36667.251367727695,13.751927563774913,-0.13559919394383305,-0.07816934029178792,0.014548680384888898,7.128562545177011
0.3866753769938097,36675.37699380968,13.750801393045926,-0.14044426887989006,-0.083817845406363,0.016727217163249923,7.128024694284417
0.3866767312648234,36676.73126482335,13.750611079866397,-0.14057985240709547,-0.08436897463924545,0.016947914003994383,7.127932992028184
0.38667808553583705,36678.08553583701,13.750420713662706,-0.14052259873742645,-0.08480561685044073,0.01712379202234228,7.127841030913092
0.3866807940778644,36680.794077864346,13.750040865637164,-0.13983092708892583,-0.08533241865675602,0.017337194461456863,7.127656833968962
0.38668214834887804,36682.14834887801,13.749851903824892,-0.13919783786547335,-0.08542144166910677,0.017373387373401456,7.127564849950959
0.3866833333333334,36683.33333333334,13.749687362883066,-0.13848783522806055,-0.08540356795257958,0.017366117664359238,7.1274845603162404
0.3867339233495351,36733.92334953507,13.745406295825081,-0.003602233432080568,-0.012951962783847875,0.00039941271417661995,7.125279967837366
0.38673536749497683,36735.3674949768,13.745405037332453,0.0018589780402314328,-0.009564143979868073,0.00021779250016106354,7.125275109246941
0.3867369909669111,36736.99096691108,13.745413034226589,0.007990273168860772,-0.0057392517449080145,7.842621569388022e-5,7.125274333276634
0.3867375,36737.49999999998,13.745417590018269,0.009909154132460468,-0.0045376252873664865,4.9023912496542345e-5,7.125275111319786
0.38673872826074135,36738.728260741314,13.745432599856032,0.014528951283607747,-0.001635841511009588,6.371374878909837e-6,7.125278994159422
0.3867404655545716,36740.46555457156,13.745463494636521,0.02103015212288743,0.0024685291692436917,1.4508657760492741e-5,7.125289316948827
0.3867486251456173,36748.625145617276,13.745757154244876,0.050635567452445726,0.021462544460371494,0.0010967638445557695,7.125412300257643
0.38675000000000004,36750.00000000001,13.745830059914486,0.055407448204152915,0.02457114327371318,0.001437478766136525,7.1254448021340435
0.3867501868134124,36750.18681341236,13.745840470791967,0.05604979831620531,0.024990630136408384,0.0014869799871780071,7.1254494726540045
0.3867916666666667,36791.666666666664,13.750344345765713,0.13735170973576102,0.0830101244176885,0.016406382752000296,7.127596112822654
0.3867917246199782,36791.72461997815,13.75035230586969,0.13735570954591442,0.08302540685751282,0.016412424247275088,7.12759996761584
0.3867937025408603,36793.702540860286,13.750623982961901,0.13728790196259144,0.0834221580765386,0.016569658233683324,7.127731588530232
0.38679544985326475,36795.44985326472,13.750863572293735,0.13689814689005755,0.08357101925598169,0.01662884585591348,7.127847756668446
0.38679583333333334,36795.83333333331,13.750916046157498,0.1367713013799008,0.0835784228228234,0.016631792289406304,7.127873211103215
0.3867970202244992,36797.02022449915,13.751078104108784,0.13628477528613878,0.0835438396752482,0.016618031304008515,7.12795185061328
0.3868330165839754,36833.01658397536,13.754961950004075,0.06225299894143856,0.04569572579702494,0.004971665133611644,7.1298629470363695
0.38683333333333336,36833.33333333333,13.754981502862519,0.061205770342366954,0.04510868945166388,0.004844747295349172,7.129872965675582
0.3868342848704182,36834.284870418174,13.755038236442932,0.05803406634110139,0.04332711484080502,0.00446961638197216,7.129902126485675
0.38685,36849.99999999999,13.755516400150102,0.001989445296057686,0.011025658887602152,0.00028944084263276274,7.130168865936374
0.3868508209199425,36850.82091994246,13.755516797127118,-0.001022037406104182,0.009246845806386492,0.000203581327064494,7.130171242406701
0.3868522287676194,36852.228767619345,13.755511725892715,-0.006180439629150092,0.00618912353158315,9.12029764028483e-5,7.130172599352884
0.3868541190939416,36854.11909394154,13.755493513556377,-0.01308269622044357,0.0020758252138972835,1.025964361583739e-5,7.1301690235260216
0.38685416666666667,36854.166666666635,13.755492887056702,-0.01325590692702429,0.001972272604539124,9.261569587179854e-6,7.130168853830316
0.38685553687146845,36855.53687146842,13.755471311906767,-0.01823145694441104,-0.0010094119910134338,2.425982303813583e-6,7.130162290517174
0.38685695498120165,36856.95498120162,13.755441824909207,-0.023348808357362846,-0.004090744667306542,3.9843314126421216e-5,7.130152096355532
0.38690571164305476,36905.711643054725,13.750973279444404,-0.13131032999255893,-0.07826603115449682,0.01458469436351587,7.128101179111835
0.3869069869297774,36906.98692977734,13.750805709542675,-0.1314586936449262,-0.07876312927317534,0.014770548887864122,7.12802052500222
0.3869082622165,36908.262216499956,13.750638052298395,-0.13144731808259538,-0.07916549212665173,0.01492184558013085,7.127939640770513
0.38691250000000005,36912.500000000015,13.750082891405311,-0.13026565914943736,-0.07981495034732275,0.01516768166415618,7.127670456242029
0.38691336336339044,36913.3633633904,13.74997061607161,-0.12981056413835454,-0.07981675734860706,0.015168368461062901,7.127615760328927
0.38691463865011305,36914.63865011302,13.749805566281937,-0.12900677778871839,-0.0797382922308705,0.015138560114037391,7.127535195317831
0.38691591393683566,36915.913936835634,13.749641641079446,-0.12804710440849315,-0.0795630176071033,0.015072080406543406,7.127454988703503
0.3869166666666667,36916.66666666665,13.749545493362255,-0.127408024302151,-0.07941414509982496,0.015015729623657267,7.127407855121035
0.3869171892235583,36917.18922355824,13.749479038452352,-0.1269328491914744,-0.0792909868768522,0.014969191904536062,7.127375238315619
0.38696353971580394,36963.539715803905,13.745904094447614,-0.006733376553884421,-0.014138983268742461,0.00047597820922328394,7.125529966197887
0.3869649937331368,36964.99373313678,13.745898037522707,-0.0015974406573738497,-0.010972396618753776,0.0002866511608553317,7.125522996550569
0.3869665469291823,36966.546929182274,13.745899816670038,0.00388735876629547,-0.007571833916276449,0.00013650635441827223,7.1255196422095715
0.3869666666666667,36966.66666666665,13.745900307427437,0.004309852445096083,-0.007309092479467128,0.00012719722112714983,7.1255195592003115
0.3869684459070149,36968.445907014866,13.745913554622962,0.010577182105116465,-0.0033983683949719862,2.749739939986779e-5,7.1255212866505095
0.3869703448848475,36970.34488484746,13.74593996658381,0.017232640809757303,0.0007812245475218692,1.4531233182160698e-6,7.12552924171766
0.3869708333333334,36970.83333333334,13.745948800189927,0.018936822420572257,0.0018558090953543183,8.200065234285268e-6,7.125532305196267
0.38699897176587694,36998.97176587691,13.747739205668642,0.10186023598933569,0.05655752135575494,0.007616079099777801,7.126352238125611
0.387,36999.99999999998,13.747845049496313,0.10400113308895373,0.058063711378594174,0.008027129950134968,7.126402589071718
0.38700050387952817,37000.503879528136,13.747897711142725,0.1050203066544521,0.05878418765620297,0.00822757313904687,7.126427665415168
0.3870213064290178,37021.30642901774,13.75038855621826,0.12799391018363704,0.07708750857987988,0.014148771378697746,7.127624935940272
0.3870234254978651,37023.42549786508,13.750659969365149,0.12809778810837347,0.07759743282576152,0.014336575193210889,7.127756261859046
0.387025,37024.99999999998,13.750861534245644,0.12789943216162974,0.0778081553689802,0.014414545337912766,7.127853877766887
0.3870253050422961,37025.305042296066,13.750900539207358,0.127833878130642,0.0778324126970482,0.014423534443437214,7.127872776061871
0.3870269846150392,37026.98461503917,13.751114847521348,0.12731564081776092,0.07786979447906214,0.014437392600503276,7.127976660716212
0.3870286641877823,37028.66418778228,13.751328062474109,0.1265321876586108,0.07774487553648891,0.0143911087432956,7.128080101303552
0.38707959004394754,37079.59004394751,13.755315829421008,0.00480845015547399,0.012044416029420869,0.0003453998987851676,7.130072464671078
0.38708096774724,37080.967747239956,13.755319201871398,8.746491806703699e-5,0.009259042888085047,0.0002041187504842816,7.130077492524946
0.38708242409456045,37082.42409456042,13.755315697753673,-0.004898209361132985,0.006304295139251556,9.462889810188285e-5,7.13007946512174
0.38708333333333333,37083.3333333333,13.755309831266924,-0.008004979564763582,0.004456061187699421,4.727733644885993e-5,7.130078954986581
0.3870841715617664,37084.17156176636,13.755301922932768,-0.010863087053732973,0.0027508990134004047,1.8017727099826952e-5,7.130077299634951
0.3870859190289723,37085.91902897229,13.755277750507862,-0.016796154238447537,-0.0008040627696905552,1.5393260419105879e-6,7.13007020034183
0.38708750000000003,37087.49999999999,13.755246978145495,-0.022125272729877937,-0.0040153383163202255,3.838795665359367e-5,7.130059543796602
0.3871375,37137.49999999999,13.750907597395384,-0.12297106836671758,-0.0736577961809107,0.012917787948163293,7.128063616221396
0.3871377182447466,37137.718244746546,13.750880758578836,-0.12297975049332537,-0.0737276595480102,0.012942304243874521,7.128050686178918
0.38713911925044836,37139.119250448326,13.75070847606529,-0.12293145787232147,-0.07411417841979434,0.013078360578193116,7.127967566551252
0.38714192126185193,37141.921261851894,13.750364743536315,-0.12229601584234095,-0.07456351282762358,0.01323742248855997,7.127801106706023
0.3871433222675537,37143.32226755368,13.750193795731262,-0.12171015749914334,-0.07462534238980194,0.013259385063798021,7.127718009546968
0.3871447232732555,37144.72327325546,13.750023793167,-0.12094683535624398,-0.074578212264283,0.013242642248896314,7.1276351630707415
0.3871640866618615,37164.08666186144,13.7478999397509,-0.09334818199146999,-0.06298649685083219,0.009445949489380698,7.126580088343465
0.38716556527706547,37165.565277065434,13.747764325082754,-0.0900621389113678,-0.06130791469469028,0.008949191438598623,7.126511137144771
0.3871666666666667,37166.66666666668,13.74766652384044,-0.08752087259588859,-0.0599910421236112,0.008568869369230698,7.126461247446677
0.38716704389226947,37167.04389226944,13.747633675981877,-0.08663260396920647,-0.05952719256280692,0.008436872986689275,7.12644445847923
0.3871951893256341,37195.18932563409,13.746314316142247,-0.0027023027661785878,-0.010971294678508376,0.00028659358791111007,7.125730271384065
0.38719583333333335,37195.833333333314,13.746313260148588,-0.0005771788022702681,-0.009660431249693985,0.00022219983792872398,7.125728112268977
0.38719679187462264,37196.791874622606,13.74631422244954,0.002584641143116445,-0.0077043703438343,0.0001413269580832225,7.125726152940935
0.3871986312345956,37198.631234595545,13.746324549176153,0.00864063844659035,-0.003938997599266098,3.6942147826247824e-5,7.125726596585611
0.38720000000000004,37200.00000000001,13.746339450853048,0.013130196954314251,-0.0011318364529196085,3.050127990851526e-6,7.125730509828066
0.3872004705945685,37200.47059456849,13.74634599205807,0.014669106537623435,-0.00016655918020454875,6.605228692955082e-8,7.125732560132849
0.38720230995454147,37202.30995454144,13.746378486602842,0.02065499631884999,0.003602792435376523,3.090503174382452e-5,7.125744022392817
0.38724823438266154,37248.2343826615,13.75007163169073,0.11827502483551189,0.07045508763390204,0.011818855651192417,7.127478802033235
0.38725000000000004,37250.00000000001,13.750281087562557,0.11893996774452484,0.07121295909019794,0.012074489386624298,7.127579883033205
0.3872503930517549,37250.39305175487,13.75032785930883,0.1190505692571663,0.07135894497023967,0.012124045303013557,7.127602467984121
0.38725255172084827,37252.551720848234,13.750585316973902,0.11941439954124772,0.07201254166108316,0.012347157515450567,7.127726873778927
0.3872541666666667,37254.16666666664,13.750778197781255,0.11941680682686433,0.07233721340723837,0.012458743913153207,7.1278201692133
0.38725471038994164,37254.7103899416,13.750843114761468,0.11936566952578018,0.07241485109836493,0.012485501570472301,7.127851587176836
0.3872566109390129,37256.61093901289,13.751069660681749,0.1189816813504536,0.07256090830937192,0.012535917654002571,7.1279613000448645
0.38725830545881923,37258.305458819195,13.75127079574988,0.11837105394548317,0.07252713584334484,0.012524251032473798,7.128058800786593
0.3873101646949591,37310.16469495907,13.755085657993849,0.004024796097813086,0.010984072970254423,0.0002872615690854139,7.129964455484936
0.3873115653133778,37311.56531337776,13.755088156086359,-0.00045744366669718686,0.008336116102625144,0.00016545436113439574,7.129968901408062
0.3873125,37312.49999999997,13.755086331393311,-0.0034464460720188745,0.006563755099308609,0.00010257828810404707,7.129970215806695
0.38731305966340696,37313.05966340692,13.755083902145842,-0.005234381412701871,0.005501032144862587,7.205084442574159e-5,7.129970369566544
0.38731497475533583,37314.974755335796,13.755068030559002,-0.011335884968248876,0.0018597203719390703,8.234666337631415e-6,7.129967309903798
0.3873165053441604,37316.50534416037,13.755046964872346,-0.01618557706765814,-0.001051170788956592,2.6308572084657723e-6,7.129960882590965
0.3873166666666667,37316.666666666664,13.755044312682335,-0.016694956315029007,-0.0013577913998453742,4.3895178226049074e-6,7.129959999645645
0.38733303110232253,37333.0311023225,13.754365877031391,-0.06475239243553504,-0.03120867312576131,0.0023190030435014677,7.129673846381381
0.38733333333333336,37333.33333333333,13.754346187428064,-0.06554189906377901,-0.031718536846354936,0.002395394237318038,7.12966508766541
0.387334406331693,37334.40633169299,13.754274372187346,-0.06830720157275964,-0.033511141896451234,0.0026738015028668787,7.129633051488887
0.38736741183658485,37367.41183658482,13.75102320162269,-0.11501952428903571,-0.06873305816058309,0.011248174485966898,7.12811354879607
0.38736878706595534,37368.78706595531,13.750864969116712,-0.11507145322750933,-0.06914103919691619,0.011382103098165477,7.128037330942736
0.38737016229532584,37370.162295325805,13.750706776586393,-0.11496142095538092,-0.06945238222029022,0.011484841419222108,7.127960950113573
0.3873729127540668,37372.91275406679,13.750391401040257,-0.1142569561458787,-0.06978303066316664,0.011594455639372515,7.127808128258794
0.3873742879834373,37374.28798343728,13.750234661036217,-0.11366383190825716,-0.06980160525747092,0.0116006288012376,7.127731902026676
0.387375,37374.99999999999,13.750153859614883,-0.11329406628417829,-0.06977268458096318,0.011591017889606139,7.12769253422338
0.38741641214344796,37416.41214344793,13.746811015699718,-0.030998286013678437,-0.02742885531081544,0.001791290723003925,7.125997447920739
0.3874166666666667,37416.66666666666,13.746803222579883,-0.03023849321811808,-0.026978668289581172,0.0017329727206648875,7.125993022052706
0.38741791983792045,37417.919837920424,13.746767681201296,-0.02647876892028936,-0.02474343512209796,0.0014577085277177884,7.125972608224042
0.3874255118777958,37425.51187779575,13.74665444553189,-0.0032623382981044496,-0.010683138853663558,0.00027173679944441894,7.125898899702043
0.3874271408074456,37427.14080744558,13.746653220405353,0.0017575790756229985,-0.007588788639131671,0.00013711836430812838,7.125894436975411
0.38742897427947687,37428.97427947683,13.74666161587546,0.007397518402659305,-0.004090556183746905,3.983964260092868e-5,7.125894247353691
0.3874291666666667,37429.16666666668,13.746663095882294,0.0079881462803596,-0.0037229023365120116,3.3000004302872846e-5,7.125894524128293
0.3874308713229578,37430.87132295775,13.746681165192147,0.013207133888063887,-0.0004634965422934922,5.114977255191023e-7,7.125899434104941
0.3874327683664387,37432.768366438664,13.746711698595787,0.018975171836399206,0.0031610065953790747,2.3790387371500017e-5,7.125910075038713
0.38748293039982085,37482.93039982081,13.750617987464361,0.11129832213274103,0.06706603912889647,0.010709175248663508,7.127748844855707
0.38748333333333335,37483.333333333314,13.750662838635787,0.11132262715333177,0.06715731973572486,0.010738346652586618,7.127770523977489
0.3874852301649935,37485.230164993445,13.750873983382437,0.11125666575827833,0.06747714407481192,0.010840868982126014,7.127872649730364
0.38748724283939456,37487.24283939453,13.751097565484171,0.11086181895967223,0.0676183078205066,0.010886275125020913,7.1279809127941425
0.38748750000000004,37487.50000000001,13.751126065315947,0.11078733498085946,0.06762166018659234,0.01088735458664516,7.127994722076293
0.3874890231394168,37489.023139416764,13.751294413316737,0.11023494417287917,0.0675734519598531,0.010871836689929944,7.128076335775845
0.3874985820792734,37498.582079273365,13.752316996969308,0.10251266604478662,0.06465544079771918,0.00995315720177945,7.128573806364269
0.3875,37499.99999999998,13.752461128864134,0.10076258514773036,0.06384891530790324,0.009706390442847141,7.1286442053366175
0.3875000106769679,37500.010676967846,13.752462204629632,0.10074883736086378,0.06384248808214368,0.009704436391711091,7.1286447310900405
0.3875414538204427,37541.45382044266,13.754822132072631,0.0011393947844935538,0.008721243652312988,0.00018109545438811807,7.129841929060606
0.3875416666666667,37541.66666666664,13.754822306889714,0.000503274435638903,0.008344751795047114,0.00016579733933557627,7.129842475731022
0.38754296305477703,37542.963054777,13.75482044879839,-0.0033690605678715225,0.006047351768117836,8.707253192228077e-5,7.129844420151619
0.38754468882664056,37544.68882664053,13.75481019406383,-0.008512118868885013,0.0029810975290363168,2.115938685149151e-5,7.129843316525338
0.38754583333333337,37545.833333333336,13.754798506049308,-0.011910391243255068,0.0009454702990420931,2.1283668723112977e-6,7.129840261983438
0.3875464145985041,37546.41459850405,13.754791082651655,-0.0136311835398313,-8.830059858460164e-5,1.856427550094989e-8,7.129838002815676
0.3875481403703676,37548.140370367575,13.754763165764977,-0.018714915392685254,-0.003154409576163121,2.3691189938546666e-5,7.129828494424612
0.3875821857071687,37582.185707168646,13.752642515887603,-0.09650314688528856,-0.053907294568922244,0.006919039066048937,7.128876824277885
0.38758333333333334,37583.3333333333,13.752530922981334,-0.09795686500392974,-0.0550283055472575,0.007209796217624596,7.128824547351827
0.38758358208167354,37583.58208167351,13.752506518673888,-0.09825922126910745,-0.05526434159304116,0.007271779646934141,7.128813099685684
0.3875975458267221,37597.54582672209,13.751051431210882,-0.10761328098715964,-0.06423383888277384,0.00982377632766226,7.128121636327574
0.387598942201227,37598.94220122695,13.750901083107683,-0.1077013714500031,-0.06464076043460518,0.00994863787991433,7.128049250878372
0.3876,37599.99999999996,13.750787168472527,-0.1076642542124565,-0.06488714764589794,0.01002462364195371,7.127994292085689
0.38760313132474156,37603.131324741524,13.750450824442877,-0.10703096481308365,-0.06530147478343647,0.010153053830694732,7.127831442390164
0.3876041666666667,37604.166666666664,13.750340200584,-0.10665021609457095,-0.065334331857674,0.01016327361735399,7.1277776902241605
0.3876045276992464,37604.527699246384,13.75030172363433,-0.10649753036687626,-0.06533358558368364,0.010163041441001226,7.1277589718672045
0.38765559672913,37655.59672912999,13.746921077046384,-0.004441808713950827,-0.010820518190207217,0.0002787705092966793,7.126031306409403
0.38765730297801226,37657.30297801223,13.7469176886116,0.00046982977574353647,-0.00780130402967022,0.0001449055822936876,7.126025867531295
0.3876583333333334,37658.33333333335,13.746919699772207,0.0034334067384074914,-0.005970540780846447,8.487466003750122e-5,7.126024585000212
0.38765915475388274,37659.15475388271,13.746923489315265,0.005792805009286231,-0.00450821178935296,4.839041318490718e-5,7.1260246427605605
0.38766143850656815,37661.43850656811,13.746944188500088,0.012327104362944026,-0.0004363552313333407,4.53347352171365e-7,7.126029833134065
0.3876625,37662.499999999985,13.746958877286222,0.01534632625470745,0.0014559003753884944,5.046775959657997e-6,7.126034757473393
0.3876666016229241,37666.60162292407,13.747045515697414,0.02685065873068224,0.008728635370763486,0.00018140256056129383,7.126068632874577
0.3876666666666667,37666.66666666668,13.747047268015095,0.02703053322021251,0.008843138602828163,0.00018619309606864194,7.1260693584081105
0.3876683307335443,37668.33073354425,13.747096059175115,0.031599492836270934,0.0117599029755417,0.0003292745666527489,7.126089894746417
0.3877125,37712.499999999985,13.75051268085768,0.10361105472477632,0.062257737058968705,0.009228632913580203,7.127703577844544
0.38771377191704964,37713.77191704961,13.750644554313698,0.10372984223577497,0.06255869373629148,0.00931807181426456,7.127767299076744
0.3877161416238114,37716.141623811374,13.750890316609832,0.10361790980422217,0.06291652016460418,0.009424972641959631,7.127886184991889
0.3877166666666667,37716.66666666668,13.75094469948082,0.10353448210420547,0.06296004859107908,0.009438018377597713,7.127912515842933
0.38771820823629344,37718.2082362934,13.751104045288905,0.10316697793223722,0.06301296976430588,0.009453891329803161,7.127989716559191
0.3877200319242467,37720.031924246665,13.751291617419648,0.10249705544342422,0.06293166526048538,0.009429510696328053,7.128080688395332
0.3877488079907917,37748.80799079167,13.753777164551757,0.06138124497721549,0.042630528443683084,0.004327052274732554,7.129301725089614
0.38775000000000004,37750.00000000001,13.753848707820412,0.05864654925546223,0.04112904584662494,0.0040276152672708955,7.129337780606695
0.38775026906799587,37750.26906799583,13.753864403612507,0.058020788793132994,0.04078441625102438,0.003960401449849575,7.129345707904887
0.38777083333333334,37770.83333333331,13.754517532406107,0.003917678329934451,0.00984201762921189,0.00023063169288980388,7.129695501191311
0.3877722124616869,37772.21246168688,13.754520281090985,6.842170704544762e-5,0.0075644867263265254,0.00013624157007802428,7.129699615531101
0.38777379080254354,37773.7908025435,13.754516914369463,-0.004333322374401705,0.004947695558460948,5.828497937908141e-5,7.129701234181676
0.38777500000000004,37775.0,13.754509639273365,-0.0076981712110493474,0.0029382482192428627,2.0555482375913938e-5,7.129700242811832
0.3877757291049702,37775.72910497018,13.754503288364944,-0.009722236319684807,0.001725633300912023,7.090024498134582e-6,7.129698710359353
0.3877776674073969,37777.66740739685,13.75447924613049,-0.015078605499700371,-0.0014977488741150082,5.341075452173272e-6,7.129691224684401
0.3877791666666667,37779.16666666664,13.754453553464069,-0.019189897564254405,-0.003986490127087029,3.783834174610084e-5,7.129682046603639
0.38782916666666667,37829.166666666635,13.75087100936896,-0.10082551101561837,-0.06048068155155694,0.00870931628795438,7.128029481686293
0.38782976558910004,37829.7655891,13.75081062056843,-0.10082819083514459,-0.06062319785582156,0.008750409805395449,7.128000360549141
0.3878313035665165,37831.303566516486,13.750655615526245,-0.10071237386056375,-0.06091568338074794,0.008835048766056026,7.127925480132742
0.387832841543933,37832.84154393296,13.750500924224918,-0.10042029096649152,-0.06110190947262263,0.008889150812382311,7.1278505599813755
0.38783333333333336,37833.33333333333,13.75045156994045,-0.10028980660029505,-0.06113895707590201,0.00889993350554521,7.127826616232623
0.38783437952134947,37834.37952134944,13.75034681725542,-0.09995264647887306,-0.06118141938651645,0.008912300186068598,7.127775731169037
0.38783591749876595,37835.91749876591,13.750193563888473,-0.09931045258262516,-0.06115394009375598,0.008904296164263558,7.12770112477871
0.38788671106400263,37886.7110640026,13.747110746168373,-0.0027232853833684292,-0.009223951359358601,0.00020257447304717474,7.126123253704384
0.38788750000000005,37887.50000000002,13.747109434417156,-0.0006021532071577516,-0.007920636466645497,0.00014937257627798678,7.126120981936777
0.3878886231051527,37888.62310515268,13.7471104530752,0.0024156129858655512,-0.006059995814453623,8.743702207427483e-5,7.126119170409851
0.38789078626225304,37890.78626225301,13.747121953023603,0.00821238782841614,-0.0024651139268165234,1.4468539695678048e-5,7.126120390210789
0.3878916666666667,37891.66666666666,13.747130218101793,0.010562108371471623,-0.0010002075975047051,2.381941043109843e-6,7.126122659231823
0.38789294941935337,37892.94941935334,13.74714595550696,0.013971808116442334,0.0011334073115571808,3.0586003187887528e-6,7.12612779533958
0.3879150604473892,37915.06044738918,13.748062016348117,0.06623044796000818,0.03511648080521679,0.002936112438436093,7.126537925927141
0.3879166666666667,37916.66666666666,13.748170856588759,0.06927084961663998,0.03719060609665189,0.0032931932900864772,7.126588949327968
0.3879168002386689,37916.80023866889,13.748180125727089,0.0695176340226038,0.03735968588521566,0.0033232050700999576,7.126593302561457
0.38794378843338506,37943.78843338503,13.75052999690089,0.0965948221787602,0.058183020540115725,0.008060152093265544,7.1277170019027505
0.3879458333333334,37945.83333333334,13.750727578525469,0.09659822470092543,0.05853294990416241,0.008157395772579014,7.127812571306358
0.3879459480392339,37945.948039233845,13.750738658419579,0.09658948370207217,0.0585471378843814,0.008161350843935163,7.127817934401892
0.3879481076450827,37948.107645082666,13.750946945427122,0.09624814809290237,0.05870633816770972,0.008205795573955931,7.127918828528358
0.38795,37949.999999999985,13.751128578248997,0.09567403247609482,0.0586776241995852,0.008197770432637492,7.128006929323477
0.38799979482959296,37999.79482959292,13.754170221026568,0.007395080567483657,0.011407073539489554,0.0003098126827031494,7.129527920394671
0.388,37999.99999999998,13.75417168351507,0.006861220006087211,0.011092828917343232,0.0002929782223558243,7.129529005468256
0.38800131538058524,38001.31538058521,13.75417845594678,0.0034352985929382816,0.009071379682912202,0.00019592840321798157,7.129534727705796
0.38800286983873555,38002.86983873552,13.754180647064848,-0.0006161210155450972,0.00666991326715515,0.00010592319759850544,7.12953873180855
0.3880041666666667,38004.16666666667,13.754177657653381,-0.003993421555473575,0.0046588267740023115,5.1677778357525677e-5,7.129539782847136
0.3880045358050309,38004.53580503088,13.75417600627558,-0.004953679068795755,0.004085470961406935,3.9740649944045966e-5,7.129539701162474
0.38800702659580405,38007.02659580402,13.754155616436709,-0.011411019358314478,0.00021165184215098443,1.0665833877596481e-7,7.129534743139639
0.38800833333333334,38008.333333333314,13.754138504173639,-0.014776701694216044,-0.0018203836271394043,7.889991785612412e-6,7.1295290795978055
0.38805833333333334,38058.33333333331,13.750883523760463,-0.09432541863324964,-0.056334819363364465,0.0075562187445307235,7.1280303794724915
0.3880595501254325,38059.55012543244,13.750768682767916,-0.09441761473422497,-0.05665531123275124,0.007642438787809307,7.127975056345237
0.3880610498421711,38061.049842171065,13.750627084848324,-0.09438912614150881,-0.056965517381363795,0.007726357548872525,7.127906692605954
0.38806404927564836,38064.04927564833,13.750344604554675,-0.09386248191629123,-0.05730285463490597,0.007818136069783726,7.1277698105165905
0.388065548992387,38065.54899238695,13.750204190681192,-0.09336553459755983,-0.05732922240280021,0.007825332717404118,7.127701519250247
0.38806666666666667,38066.666666666635,13.750100093610804,-0.0928946325590374,-0.05728701724978233,0.007813815108040138,7.127650781816943
0.3880832102764258,38083.21027642575,13.748675991500928,-0.07639147561097796,-0.0505920817756145,0.006094187472358249,7.126946238688659
0.38808333333333334,38083.3333333333,13.748666602373708,-0.07620651937569049,-0.050501300782508446,0.006072336620774733,7.12694151782421
0.3880852415171499,38085.24151714987,13.748523992125909,-0.0732329092216112,-0.04902121640198442,0.005721618232214729,7.126869658063917
0.38811691250399294,38116.912503992906,13.747231685920138,-0.0035611978431217242,-0.009234831506184493,0.0002030526498752803,7.126183097599888
0.3881186631171054,38118.66311710538,13.747229298981061,0.0008337261357764239,-0.006534352282266243,0.00010166133273513822,7.126178555891741
0.38812060802641163,38120.608026411595,13.747235661911212,0.005706661777445391,-0.0035203910155705196,2.950750691073722e-5,7.126177953761891
0.38812083333333336,38120.83333333333,13.74723701111923,0.006269906962939661,-0.0031706914976238685,2.39363918407245e-5,7.126178186201276
0.38812278921647725,38122.78921647721,13.74725404520848,0.011143032558598715,-0.00013373245349798007,4.258183123473667e-8,7.126182835419064
0.38812456910637017,38124.56910637013,13.747277800814107,0.015544055189012891,0.002626538164409782,1.642548268833597e-5,7.1261911536523215
0.3881658100523362,38165.81005233616,13.74965541178848,0.08693375561730057,0.05101133136337475,0.00619560935110481,7.127299694941787
0.3881666666666667,38166.66666666668,13.749730106919555,0.08745439631514718,0.05146392911950644,0.006306038096232339,7.127335606499015
0.38816788798719315,38167.88798719311,13.749837329086612,0.08811318749958434,0.052059069739284196,0.0064527303383801315,7.127387198621357
0.38817500000000005,38175.000000000015,13.750472613798003,0.0899727817258817,0.054331184872549225,0.007028280118226481,7.127693825420041
0.38817536443020617,38175.36443020614,13.750505403550074,0.08997651815869802,0.0543920727568751,0.007044041854259987,7.127709693534066
0.3881778565778772,38177.856577877144,13.750729458376906,0.08976247892736587,0.054662337382453255,0.0071142169716979665,7.1278182287404155
0.3881791666666667,38179.16666666665,13.750846884475806,0.08948269232968659,0.05470219446156573,0.007124595425978459,7.127875186627351
0.3881800289881831,38180.02898818307,13.750923944476929,0.0892358764239587,0.05469005384234632,0.007121433307806523,7.127912593249248
0.3882320203286033,38232.02032860329,13.753801283479119,0.002456524892518919,0.008038505777393195,0.00015385136936472323,7.129355790861232
0.3882333333333334,38233.33333333334,13.753802411020327,-0.0007389623641368406,0.006140583750252696,8.977802093777967e-5,7.129358669004712
0.3882336079991828,38233.60799918274,13.753802116271773,-0.0014072504227608336,0.0057426455699165725,7.851899557543436e-5,7.129359018534368
0.38823534408510696,38235.344085106924,13.753796009213362,-0.0056264322346022315,0.0032220661592488194,2.471835793946771e-5,7.129359205411336
0.3882375,38237.49999999998,13.75377824931191,-0.01084366057200097,8.517368708749257e-5,1.727275469542404e-8,7.129354580576957
0.38823751634779513,38237.5163477951,13.753778071719708,-0.010883085717985895,6.138259252274104e-5,8.971006344792533e-9,7.129354524989304
0.3882391844208023,38239.18442080227,13.75375657038189,-0.014891919128488479,-0.0023646951973531837,1.3313769943774316e-5,7.129347234484906
0.3882491928588453,38249.19285884526,13.75349034382181,-0.037963987648564894,-0.016626094923419148,0.000658159600958438,7.12923743477007
0.38825000000000004,38250.00000000001,13.753458991418004,-0.03972032890643212,-0.017735803633428013,0.0007489493583893291,7.129223791368829
0.38825086093185246,38250.860931852425,13.753423996216714,-0.04157194473296073,-0.018910045998280896,0.0008514043801359508,7.1292084807423555
0.3882889855878161,38288.985587816074,13.750695648216288,-0.08837641131718604,-0.05286795632325536,0.006654811442375325,7.127934865944471
0.38829048331943206,38290.48331943202,13.750563206699345,-0.08845537051390297,-0.05321851023631509,0.0067433567423161285,7.127870974323455
0.3882916666666667,38291.66666666667,13.75045854851549,-0.08841442849443011,-0.05343365517725331,0.006797989299051452,7.127820377802588
0.3882949765142799,38294.97651427988,13.750166703183751,-0.08781694473320968,-0.05374346078864623,0.006877046613192273,7.127678780032864
0.38829583333333334,38295.83333333331,13.750091572272288,-0.08754689254230047,-0.05375326452082808,0.0068795558253478915,7.127642206052097
0.38829647424589586,38296.47424589583,13.75003553557609,-0.08731405622294015,-0.0537416298038453,0.006876578033270365,7.127614894278576
0.38833269901667783,38332.6990166778,13.747584833721321,-0.03715953861073128,-0.02875622082728607,0.001968857705399145,7.1263819095566685
0.38833333333333336,38333.33333333333,13.747561696275358,-0.035791130865009575,-0.027968031591098296,0.0018624066454301718,7.126369503404333
0.3883343877123404,38334.38771234038,13.747525167117237,-0.03349484887616304,-0.026639748702272224,0.0016897052640957493,7.126349809173479
0.38834796879539757,38347.96879539754,13.747279429002624,-0.0023429537385307175,-0.008021857892547817,0.0001532147715434088,7.12620517310636
0.3883498126572181,38349.81265721804,13.747279093608963,0.0019780687097595566,-0.005361860632043369,6.845130818442027e-5,7.126201697282108
0.38835000000000003,38349.99999999999,13.747279505266786,0.002416611536367724,-0.005090920696056615,6.17082703179466e-5,7.126201563787427
0.3883519446691693,38351.94466916925,13.747288624623971,0.006958730327439995,-0.0022742350914367313,1.231463155029104e-5,7.126202570109922
0.3883540766811205,38354.07668112045,13.747308742529675,0.01190665017446465,0.0008157409047451303,1.5843648182723896e-6,7.126208676544561
0.38835416666666667,38354.166666666635,13.747309823309255,0.0121145170494077,0.0009460468575500383,2.130963468286435e-6,7.126209048984875
0.3884041666666667,38404.166666666686,13.750178016536902,0.08364962026473266,0.05034441480715147,0.006034666910177457,7.127555346030573
0.388406320611929,38406.320611928946,13.750358334542007,0.08373218914625098,0.05072191083604514,0.006125505330618364,7.127642655136981
0.38840833333333336,38408.33333333332,13.750526719176195,0.08354577647959655,0.050913909386335755,0.0061719670690476396,7.12772430979838
0.38840866915630345,38408.66915630342,13.750554766588014,0.08348993281569753,0.0509308205614923,0.006176067816826016,7.1277379224478405
0.38841076166795535,38410.76166795532,13.750728987687971,0.0829831595916168,0.05093884899810647,0.006178015088694982,7.127822554835738
0.38841250000000005,38412.500000000015,13.750872721181008,0.0823550841139458,0.05081831078504344,0.006148811216774434,7.127892476411009
0.38841640324255516,38416.403242555134,13.75119040380571,0.08026912888213472,0.05013076782035035,0.0059835568625187475,7.128047354112528
0.3884166666666667,38416.66666666666,13.751211525801294,0.08009511565593423,0.050063789428962155,0.0059675785999701485,7.128057668863339
0.38841808557653906,38418.08557653903,13.751324472228507,0.07908662452371756,0.04965878246179167,0.005871415894256067,7.128112864195529
0.38846250000000004,38462.50000000001,13.753383686218038,0.0021154673899907907,0.0074125401416582255,0.00013082321750403463,7.129156648171208
0.3884631836974018,38463.18369740176,13.753384601463813,0.0005618431007382129,0.006489040013723703,0.00010025628642787458,7.129158225295949
0.3884648254659396,38464.825465939546,13.753382461929263,-0.003167517056670704,0.004263889552508375,4.3287509799976364e-5,7.129159943980816
0.3884666666666667,38466.66666666665,13.753372786298609,-0.007340067658886645,0.0017600842992124685,7.375944619843443e-6,7.129158396032276
0.38846677690448594,38466.77690448591,13.753371963405092,-0.007589342852043593,0.0016100189632374659,6.171812052343439e-6,7.129158186844769
0.3884687283430323,38468.72834303228,13.753352857117003,-0.011987404121449089,-0.0010468193912967013,2.6091210428447523e-6,7.129152309222204
0.3884706797815787,38470.67978157864,13.753325201590663,-0.016349264433824874,-0.0036994249552985557,3.2585107142585054e-5,7.129142329216229
0.38849930383581915,38499.30383581912,13.75203953500886,-0.0688206472477003,-0.03770857149915574,0.0033855627726355727,7.128566306499871
0.3885,38499.99999999998,13.75199132280199,-0.06968334353160893,-0.03833008461501128,0.003498084253795058,7.128543823233384
0.388500867049983,38500.86704998295,13.751930450457198,-0.0707226562610517,-0.03908533205229938,0.00363729328961548,7.1285153916665465
0.38852083333333337,38520.833333333336,13.75035816561802,-0.0828886370862208,-0.049900306688204735,0.00592866811327831,7.127767134355097
0.38852118883411285,38521.18883411282,13.750328698147325,-0.08289014424846906,-0.04996810670229665,0.0059447897319335795,7.12775288478597
0.3885227520482767,38522.752048276656,13.750199169823043,-0.08280562325450695,-0.05021141330464003,0.006002823871546149,7.127690154842241
0.388525,38524.99999999998,13.750013398050793,-0.08242434091611851,-0.05040397627063241,0.006048954342596369,7.1275999178004446
0.38852587847660436,38525.878476604325,13.749941088664617,-0.08219241712174545,-0.050428604588475805,0.00605486704938296,7.127564707802035
0.3885274416907682,38527.44169076816,13.749812997359133,-0.08166516471411797,-0.05040193789538346,0.006048465103833552,7.12750221536124
0.3885791666666667,38579.166666666664,13.747258081021458,-0.001044567586839797,-0.0067915079191470575,0.0001098204281329457,7.126193041695346
0.38857938012626114,38579.38012626111,13.74725790791145,-0.0005773905196289595,-0.006504037504860315,0.00010072024729673711,7.1261925983354075
0.38858135832560114,38581.35832560111,13.747261044427933,0.0037463106957214202,-0.0038331749933423133,3.498388221329725e-5,7.126190826602717
0.38858333333333334,38583.3333333333,13.747272691450043,0.008043867899316604,-0.0011601061208119153,3.2043957417744527e-6,7.126193262480251
0.38858435247550066,38584.35247550063,13.747282014225782,0.010249929570404848,0.00021913456685269454,1.1433323426123346e-7,7.126196158243419
0.3885862692354191,38586.26923541908,13.74730561637368,0.014370317062868287,0.002808106874388351,1.8774914804731224e-5,7.126204611827664
0.38863333333333333,38633.3333333333,13.749842269907006,0.07761818983228765,0.04656156369688012,0.005161855271187203,7.127396316446029
0.3886359208212645,38635.92082126449,13.750043538493832,0.07788697045430082,0.04709627788360872,0.005281093786881171,7.127493795319404
0.3886375,38637.49999999999,13.750166532229777,0.07785787316297191,0.04730497142337032,0.0053280007651568635,7.127553458733071
0.38863855028866906,38638.55028866903,13.75024825843077,0.07775752121557356,0.04739428635205908,0.005348138997192793,7.127593143176295
0.38864087999087527,38640.87999087523,13.75042894430865,0.07730467864685503,0.047451301275348204,0.005361014268390148,7.127680993296224
0.3886416666666667,38641.666666666686,13.75048967215515,0.07708037292078757,0.04742669835919445,0.005355456469652423,7.12771055480403
0.3886653292335501,38665.329233550096,13.752105353460863,0.05467892005792956,0.03689907612161586,0.0032417662348304807,7.128505829146239
0.3886666666666667,38666.666666666686,13.752177110162801,0.05261428961577669,0.03579333542928219,0.003050387764650256,7.128541786175513
0.38866699167798907,38666.99167798904,13.75219412724536,0.05210188488762252,0.03551756668344933,0.003003565578841119,7.128550328221738
0.3886919283445732,38691.92834457319,13.75292236804698,0.004059449756238295,0.008171238433495443,0.00015897413699293586,7.128934388205723
0.38869361006051095,38693.61006051092,13.752926196445465,0.00049287554244713,0.006050843970917153,8.717312561996301e-5,7.128938842103472
0.38869538491081307,38695.38491081304,13.752923730280772,-0.0032711688027728444,0.0038004830847798167,3.4389694470708356e-5,7.128940434113805
0.38869583333333335,38695.83333333332,13.752922050398102,-0.004221136522180634,0.003230471819399446,2.484749565698563e-5,7.1289403307283585
0.3886975387499555,38697.53874995546,13.752911775362834,-0.007826412317097096,0.0010594807939028842,2.6726179824978235e-6,7.128938075443409
0.3886996925890979,38699.69258909789,13.752890037103834,-0.01235312080590879,-0.0016840643023261124,6.752553748497942e-6,7.128931021811753
0.3887492575142739,38749.257514273886,13.750248486415142,-0.07754121261422552,-0.04638297449347565,0.005122334102053364,7.1277093519098855
0.38875000000000004,38750.00000000001,13.750190879672445,-0.07762623298413708,-0.046563700069177226,0.00516232896221975,7.127681536492966
0.38875097458762853,38750.974587628494,13.750115190491783,-0.07769033076101929,-0.04677258831862166,0.005208750042912532,7.127644941709556
0.38875269166098314,38752.69166098311,13.749981782226396,-0.07767207457544398,-0.04706192328419629,0.005273391960018041,7.1275803070640755
0.38875440873433775,38754.40873433772,13.749848548861472,-0.07748668161596793,-0.0472502681358279,0.005315685330732461,7.127515586819393
0.38875612580769237,38756.12580769233,13.749715776917366,-0.07713475519613346,-0.047337127851133774,0.005335246840939487,7.1274509201298395
0.388757842881047,38757.84288104694,13.749583751565776,-0.07661726249223344,-0.047322226096381044,0.00533188829218335,7.12738644615594
0.3888093600844222,38809.36008442215,13.747170037213047,-0.002056163280033796,-0.007011508940565599,0.0001170506133895984,7.126149702899453
0.38881135575342607,38811.35575342603,13.747170001747929,0.0020191495641339553,-0.004497961986302701,4.8170623881486045e-5,7.1261465571966145
0.3888125,38812.49999999997,13.747173646185734,0.004349871390352223,-0.003052483493523858,2.2184893995799088e-5,7.126146562204885
0.38881367833993075,38813.67833993071,13.74718018237718,0.006742561155989405,-0.0015625898079969528,5.81354025727608e-6,7.126147943239862
0.3888160009264354,38816.00092643539,13.747201291983894,0.011427064691793136,0.0013719261362951283,4.481384103451615e-6,7.126154739187606
0.3888166666666667,38816.666666666664,13.74720934341534,0.012760017643144026,0.002211187362950597,1.164130846207718e-5,7.126157679408162
0.38883330684540074,38833.30684540071,13.747684825611977,0.04331058139626308,0.022017647671352523,0.0011542304975709885,7.126368045805695
0.38883333333333336,38833.33333333333,13.747685973384803,0.0433532440194041,0.022046214694425147,0.0011572275770302075,7.1263685768283525
0.388835374477291,38835.37447729096,13.747777768671698,0.046567198529086105,0.024207959598391438,0.0013952983521841717,7.126411187868721
0.3888664476313906,38866.447631390576,13.749749152589668,0.07240654077341631,0.043834094368210084,0.004574828164478921,7.12735419118028
0.3888666666666667,38866.66666666666,13.749765012768593,0.07241151160043556,0.04386676244917266,0.004581649637552725,7.127361891778113
0.38886888803293507,38868.888032935036,13.749925806344198,0.07231343184287217,0.04410730332283403,0.004632033824791633,7.127440037339896
0.38887083333333333,38870.8333333333,13.750066212113193,0.07200598146850051,0.04418217356031432,0.004647772525032708,7.127508387115926
0.3888713284344795,38871.32843447949,13.750101835389929,0.0718948244267182,0.04418100780259554,0.004647527262983352,7.127525745470407
0.3889158958451308,38915.89584513078,13.752357334775539,0.016441661833357813,0.015081412648952944,0.0005415452559238044,7.128654093300071
0.3889166666666667,38916.66666666666,13.752369434202931,0.014950776113942788,0.014213061170023135,0.00048097882814957004,7.128660990897444
0.38891763794813594,38917.63794813591,13.752383039570498,0.01306288732498838,0.013110332577945995,0.0004092400483436955,7.128668902429868
0.38892286425715134,38922.864257151305,13.752424513127382,0.0027816156737339973,0.007044128882082982,0.00011814226596998965,7.128696354727345
0.38892464308607777,38924.64308607774,13.752426328693822,-0.0007406699535208337,0.004942292617621017,5.815775313855048e-5,7.128699822890011
0.388925,38924.999999999985,13.752425938209305,-0.0014474270465182398,0.004519086798496246,4.862415593415013e-5,7.128700157303699
0.38892656530283837,38926.56530283833,13.752421247964866,-0.0045443941291973995,0.0026587779435979834,1.6831190841340762e-5,7.128700195958471
0.3889291666666667,38929.16666666668,13.752402752024613,-0.00966974473253869,-0.0004412829774298565,4.636444432603791e-7,7.128695119446361
0.38892920338739156,38929.20338739153,13.752402395621539,-0.009741802623267471,-0.00048506082648745475,5.602000128397445e-7,7.128695001921607
0.3889812015183449,38981.20151834489,13.749810212108704,-0.07283895187252587,-0.043875922307482225,0.004583563234124325,7.127492635117057
0.3889828845293271,38982.88452932708,13.749687587135899,-0.07285697850036338,-0.044160579985518755,0.004643230534898571,7.127433153450011
0.38898333333333335,38983.333333333314,13.749654892840226,-0.07283644873287705,-0.04422120755547101,0.004655988565866776,7.127417268936895
0.3889862505512915,38986.25055129146,13.749442876854554,-0.07244365053415171,-0.04445756997857325,0.004705894115237471,7.127313999213161
0.38898750000000004,38987.50000000001,13.749352544356759,-0.0721384870488038,-0.04447491176235894,0.004709566133975271,7.127269860623917
0.3889879335622737,38987.93356227365,13.749321294568373,-0.07201351046651096,-0.04446915001392946,0.004708345959431815,7.127254571670785
0.3889982533336895,38998.25333368945,13.74860347396126,-0.06621107763674366,-0.04255151412741903,0.004311027034609383,7.126900450750972
0.389,38999.99999999998,13.748489113379772,-0.06471233182374153,-0.041894613918200624,0.004178949227035927,7.126843469821704
0.38900068655409936,39000.68655409933,13.748444899193352,-0.06408434739032615,-0.04161082077850152,0.004122524775858508,7.126821393262736
0.3890392762838566,39039.27628385656,13.747016176222903,-0.0035626087469212897,-0.007564043334486196,0.00013622559896663106,7.126074152582652
0.38904130101851314,39041.301018513106,13.747012873178221,0.0002991521388877205,-0.005185803755151182,6.40299061593812e-5,7.126069555771621
0.3890416666666667,39041.66666666664,13.747013109934198,0.000995778850506556,-0.004754970636801681,5.383272799249091e-5,7.12606913675556
0.38904350972245066,39043.50972245063,13.747018176258182,0.004499497966374431,-0.0025796988235160475,1.584487147630971e-5,7.1260689388540674
0.38904583333333337,39045.833333333336,13.747033737925054,0.008888338988219252,0.0001647583392062697,6.463169128097196e-8,7.126073231593341
0.38904616536295655,39046.16536295652,13.747036792675802,0.009511964418366685,0.000556503880423861,7.373727831590834e-7,7.126074257165334
0.38908320723807677,39083.207238076735,13.74849677192102,0.06204469501714292,0.03585885085704605,0.00306156472568541,7.1267506716258415
0.38908333333333334,39083.33333333331,13.748504601165429,0.062135019600662304,0.03592935867335794,0.003073616225425718,7.126754431295976
0.389085282967924,39085.282967923966,13.748627038218045,0.06343446325758302,0.03696191594222164,0.003252817214571091,7.126813292358105
0.38909583333333336,39095.83333333333,13.749321068359192,0.0671977034409133,0.040590104559714346,0.003922753781353674,7.127148954072676
0.38909786416189474,39097.8641618947,13.749457648645153,0.06727409493601008,0.04089582222708753,0.003982067322927492,7.127215366811123
0.3891,39099.99999999997,13.749601219561885,0.06712696266241551,0.041078118393628925,0.00401764716847856,7.127285298446251
0.3891006519607467,39100.65196074669,13.749644955128895,0.06703568685270594,0.041105302517740264,0.004022966416845105,7.127306625944631
0.38910311321034485,39103.11321034482,13.749809346160292,0.0664965368537109,0.04108803959271523,0.004019588089458416,7.1273868939689144
0.3891541666666667,39154.16666666666,13.751884326712872,0.0010156782066573916,0.005645667538309451,7.588943322171689e-5,7.128437623722464
0.38915513528624235,39155.135286242315,13.751884443416012,-0.0007747511855563273,0.004573482516822798,4.9801767456389996e-5,7.128439004246602
0.38915708668954696,39157.08668954693,13.751879413462332,-0.004379358895418781,0.002404546982131455,1.3766300450660689e-5,7.128439255369178
0.3891583333333334,39158.33333333335,13.751872521379418,-0.006676642085398426,0.0010149251052190109,2.452554688580524e-6,7.128437645205683
0.3891596709857233,39159.67098572326,13.751861946147578,-0.009133287341579423,-0.00047753237970972744,5.429456515981794e-7,7.128434384212377
0.3891615742214797,39161.57422147965,13.751841252712014,-0.012607473731301685,-0.0025998184172176166,1.60929900059617e-5,7.128427016727226
0.38916538069299245,39165.38069299241,13.751780191898487,-0.019446836512301533,-0.0068197922081254005,0.0001107370613381141,7.1284027492259066
0.3891666666666667,39166.666666666686,13.751753723070209,-0.02171443412892749,-0.00823199900569506,0.00016134716102324866,7.128391711885522
0.38916728392874883,39167.283928748795,13.75173998616128,-0.022793691417114466,-0.008906558026339634,0.00018887327589655942,7.128385910960574
0.3892125,39212.499999999985,13.749377591893445,-0.06835715680105,-0.04136817682009285,0.004074585841472541,7.1272781767532045
0.38921270935561214,39212.70935561211,13.749363280596427,-0.06836006852613578,-0.041401638248790416,0.004081180118294536,7.12727122101519
0.3892144193198065,39214.41931980646,13.749246415745821,-0.0683027545406544,-0.041625881434022814,0.004125509536093631,7.127214340235778
0.3892166666666667,39216.66666666668,13.749093200253743,-0.06800815239365733,-0.04178706834245218,0.004157521620611355,7.127139547713793
0.3892178392481952,39217.83924819516,13.749013596411066,-0.06775599840568333,-0.041810730032514565,0.004162231299647179,7.1271005899232645
0.38921954921238955,39219.54921238952,13.748898132984031,-0.06726807896924719,-0.04177082384304843,0.004154289820302341,7.127043960664966
0.3892485236809802,39248.52368098014,13.747268598436863,-0.03958727991459703,-0.02843003465462278,0.001924444929673934,7.126225018488389
0.38925000000000004,39250.00000000001,13.747211781954475,-0.03737364633139921,-0.02719196534003604,0.0017604832834612414,7.1261953698045355
0.3892505545323509,39250.55453235088,13.74719129126767,-0.03652765054765307,-0.026715883212123523,0.0016993771804852942,7.126184638009722
0.38927088326099424,39270.883260994204,13.746791494052584,-0.0019618199605638837,-0.006233449806447248,9.25140392607077e-5,7.12596106561654
0.38927303635313487,39273.03635313484,13.746791394114329,0.0018671429360910456,-0.003863883377465722,3.554665417775218e-5,7.125958065341146
0.38927500000000004,39275.00000000001,13.746798477566355,0.0053441753128454185,-0.0016966111736868668,6.853546368283638e-6,7.125958880105155
0.3892755355763979,39275.535576397844,13.746801592791977,0.0062886732774726836,-0.001105353131783549,2.9090608236754763e-6,7.125959689033603
0.3892780347996609,39278.034799660854,13.746822790940163,0.010666072206318142,0.001649150705572048,6.475471546878059e-6,7.125966772940839
0.38932500000000003,39325.0,13.748833806115073,0.06220638436181738,0.037465545124452916,0.0033420644558867087,7.12691406708816
0.38932757889811065,39327.578898110616,13.74899460807938,0.062446690475740634,0.037922485814748726,0.003424083167547187,7.126992336638999
0.38932916666666667,39329.166666666635,13.749093767035388,0.06243679829199762,0.038107274960027755,0.0034575342973313292,7.127040687831221
0.38933113567486943,39331.1356748694,13.749216559477969,0.06225761032819854,0.0382339419925622,0.003480557905453836,7.127100653694365
0.38933333333333336,39333.33333333333,13.749352963673582,0.061840219866484754,0.03824127044963823,0.003481892299053272,7.127167385501225
0.38933360980863285,39333.60980863282,13.749370051556722,0.06177154675873185,0.0382321982852859,0.003480240442203376,7.127175754185332
0.38938333333333336,39383.33333333333,13.751297088686478,0.0031984476301674526,0.006627260448238826,0.00010457281202093019,7.128152458958408
0.3893849242895036,39384.92428950358,13.751299996364986,0.0004560625787508955,0.004986621308562564,5.9205695416690975e-5,7.128155894113695
0.38938683102750027,39386.83102750024,13.751297730268629,-0.0028327148284333155,0.0030078190301827488,2.1540417424594026e-5,7.128157242739332
0.3893875,39387.49999999996,13.751295449592664,-0.0039855718925230176,0.0023112211754335284,1.2718436480410332e-5,7.128156999649328
0.3893891788335283,39389.17883352827,13.751286333395027,-0.0068728860255352275,0.0005597936318900052,7.46116453106197e-7,7.128154751247398
0.38939152663955634,39391.52663955631,13.751265478074558,-0.010887234322011425,-0.0018918254750870023,8.521437209971814e-6,7.128147684871555
0.38941559926953506,39415.59926953503,13.750545011959984,-0.04686035723613877,-0.02500410129213671,0.0014885835272081735,7.127826821098513
0.3894166666666667,39416.66666666666,13.750494328077103,-0.048100334325434674,-0.025858255893482104,0.001592022375840005,7.12780324665004
0.3894174689970658,39417.46899706577,13.750455370787732,-0.049006220464396504,-0.026486629067834076,0.0016703369508976977,7.127785087375544
0.3894417754549655,39441.775454965464,13.749029761572618,-0.0640854182510358,-0.03868182796736495,0.0035625805116590884,7.1271045405433835
0.38944364518249625,39443.64518249621,13.748909844419433,-0.06416003186987178,-0.038990565127709015,0.003619676592805044,7.12704616635644
0.389445514910027,39445.514910026955,13.748789938488892,-0.0640734505478745,-0.0392016410155556,0.003658972995982122,7.126987638425964
0.38944738463755774,39447.384637557705,13.748670344834608,-0.06382610432909576,-0.03931445496860758,0.0036800627844730325,7.126929103568483
0.3894492543650885,39449.25436508845,13.748551363316627,-0.0634188395134487,-0.039328657439817866,0.0036827221333774786,7.126870708709196
0.38945,39449.999999999985,13.748504151530977,-0.06321208852988729,-0.039306786913134016,0.003678627374844104,7.126847492999512
0.3894987573225245,39498.75732252445,13.746516953641606,-0.006881187670700668,-0.008934199347496454,0.0001900474237638239,7.125828088099979
0.3895,39499.99999999998,13.746509684267668,-0.004817881876242992,-0.0076701488576867965,0.00014007424642636685,7.125822901935018
0.38950075335756634,39500.75335756631,13.746506526180987,-0.0035660946751229507,-0.0069004813395940525,0.00011337295885258507,7.125820374087557
0.38950282530020314,39502.825300203105,13.746502703608616,-0.0001245786125468316,-0.0047737503463347025,5.425879135507308e-5,7.1258158253962485
0.3895041666666667,39504.16666666667,13.746504028180697,0.0020985621298451754,-0.0033916578665888703,2.738891210474802e-5,7.125814761640813
0.38950508294661984,39505.082946619805,13.746506645237822,0.003613142029879076,-0.0024463654382459767,1.4249294898677215e-5,7.125814884208799
0.38950807302836854,39508.073028368504,13.746524801010441,0.008520411330867946,0.0006370298134973035,9.662071030581173e-7,7.125820062800793
0.38950833333333335,39508.333333333314,13.746527074106297,0.00894435492746384,0.000904894230991334,1.94960373638428e-6,7.125820858328807
0.3895550483241091,39555.048324109055,13.748353224027895,0.05759712185997255,0.03468747550171141,0.002864811801623403,7.126681405464916
0.38955833333333334,39558.33333333331,13.748543105658428,0.05792780788090466,0.0352619854222483,0.002960494323616314,7.1267740194377875
0.3895596312121562,39559.631212156164,13.748618295930738,0.057926087236574456,0.035407908858689,0.002985047642250539,7.126810767687199
0.38956250000000003,39562.5,13.748784174340267,0.05765657454507109,0.03556682053952686,0.0030119017221212135,7.1268919871064815
0.3895632561609139,39563.25616091389,13.748827723760956,0.05752480376575163,0.03557119216718142,0.003012642171891783,7.126913344473848
0.38956577202255854,39565.77202255851,13.748971727080045,0.05690524833891763,0.03547330193841708,0.002996083691462154,7.1269840693018205
0.38958202003540776,39582.020035407724,13.749826389186289,0.046520869455115986,0.030820615927858147,0.0022616913480298655,7.127407735948332
0.38958333333333334,39583.33333333331,13.749886648026457,0.04523625482345956,0.030159010248049112,0.002165633093195075,7.127437947371653
0.38958381461947267,39583.814619472636,13.7499083030249,0.044750458453962985,0.029906720669781808,0.0021295522410008437,7.127448820000776
0.38961432482358244,39614.3248235824,13.75067079132293,0.002198901666106546,0.005729346390875573,7.815573825390228e-5,7.127849787683182
0.38961618355975397,39616.18355975394,13.750672099826165,-0.0007916303635119999,0.0039322338563992885,3.681538833669719e-5,7.127852645804211
0.38961666666666667,39616.666666666635,13.750671529544842,-0.0015692517441944413,0.003463137543089639,2.8555527719897485e-5,7.1278529490375035
0.3896182190308345,39618.21903083446,13.75066715472916,-0.004066497164866165,0.0019516246176555102,9.068663448188135e-6,7.127852693925181
0.38962078746594186,39620.78746594183,13.75065141741182,-0.00818362418694792,-0.0005574895434184849,7.399871214784543e-7,7.127848154332583
0.38962083333333336,39620.83333333333,13.750651040370183,-0.008256883330490095,-0.000602332833144199,8.63821052103613e-7,7.127848026676921
0.3896656610302168,39665.66103021679,13.748940794917328,-0.05863643653435476,-0.03460360858296293,0.0028509755403878703,7.127055795236792
0.3896666666666667,39666.666666666686,13.74888164793227,-0.05898739994371482,-0.03494495818366454,0.00290750024394777,7.127027228774217
0.3896674477320933,39667.44773209324,13.748835478300322,-0.05923047794222732,-0.03519279123178961,0.002948887034962685,7.1270049005246126
0.3896728078377226,39672.80783772259,13.74851485937361,-0.06019594806096287,-0.0364771861834511,0.0031680597901479913,7.126849147251696
0.3896745945395991,39674.59453959904,13.748407244167298,-0.060243566154073884,-0.03674081285478654,0.0032140174505486843,7.126796599589801
0.38967500000000005,39675.000000000015,13.748382819233479,-0.06023525187573298,-0.03678903302881403,0.0032224594076075475,7.126784654338504
0.38967816794335197,39678.16794335194,13.748192371533424,-0.05992733203548772,-0.03701708437095332,0.0032625346079197064,7.126691275224497
0.3896791666666667,39679.16666666666,13.74813261007994,-0.05974128232981528,-0.03703413620983333,0.0032655410590678286,7.12666188545049
0.3896799546452284,39679.95464522839,13.74808560312614,-0.059564561877843314,-0.037028999826122476,0.00326463530505471,7.126638738288658
0.3897333333333334,39733.33333333334,13.746150931375091,-0.0008739371813804837,-0.004936612295256419,5.8024145127802034e-5,7.125641017345328
0.3897338985988822,39733.89859888216,13.746150684732278,1.152558959598183e-6,-0.004392702939459917,4.594247408176142e-5,7.125640216549429
0.38973623560870646,39736.235608706425,13.7461549061206,0.003607879806524182,-0.0021395959716595967,1.0899692671290416e-5,7.125639509472371
0.3897375,39737.49999999998,13.746160695503836,0.005548100358272125,-0.0009199880226929811,2.0151856235679553e-6,7.125640871238867
0.38973919101667276,39739.191016672725,13.746172259976081,0.008125778905577422,0.0007085469335760407,1.1953303740000244e-6,7.125644597970982
0.3897414267522963,39741.42675229625,13.746194202663448,0.011495053323927898,0.002851535948954791,1.9360136352813102e-5,7.12565284874709
0.38974813395916685,39748.13395916682,13.746304291351423,0.02122151488496793,0.00913389034497511,0.00019863798293816556,7.125699795449529
0.38975000000000004,39750.00000000001,13.7463463031961,0.023795134164589938,0.010822082469149057,0.00027885111659300797,7.1257185865817
0.3897503696947904,39750.369694790345,13.746355192969007,0.02429690054941659,0.011152603621270359,0.0002961442084123161,7.12572259547749
0.3897879261428819,39787.92614288185,13.747971496674216,0.05362704669211863,0.03260163270853154,0.002530634417290461,7.126495989344886
0.38979108164876813,39791.0816487681,13.748140871060667,0.05365569786286735,0.03295569321218981,0.00258589932165708,7.126578974310927
0.3897916666666667,39791.66666666667,13.74817224956741,0.05361560179529753,0.03299334712108821,0.0025918117958395703,7.126594374334745
0.38979370565527804,39793.70565527801,13.74828134503732,0.053365160552303524,0.033056062003233806,0.002601674369432471,7.1266479803209855
0.38979583333333334,39795.83333333331,13.748394449633803,0.05292128523465211,0.03300811681710026,0.002594132799550802,7.126703662394966
0.38983184577812496,39831.84577812493,13.749847969243962,0.02095545007126774,0.016472853595839634,0.0006460831085475398,7.12743590847628
0.38983333333333337,39833.33333333333,13.749877611792927,0.018892793429082434,0.015285084913826009,0.0005562710019592177,7.127451835972262
0.38983372032954033,39833.7203295403,13.749884818392923,0.018350613858808647,0.014971781756493744,0.0005337005927716164,7.127455738229445
0.3898449692074317,39844.96920743169,13.749999682503638,0.0018924651365422383,0.00526409912639536,6.597795145837236e-5,7.127523751139336
0.38984583333333334,39845.8333333333,13.750000757833805,0.0005961369710881184,0.004484047828095901,4.787305934440849e-5,7.1275252407454746
0.3898469134240054,39846.91342400537,13.750000526042768,-0.0010254850962994524,0.0035051316300508824,2.925225653329323e-5,7.127526339503216
0.38984906172875133,39849.0617287513,13.749994858527433,-0.004249958873774043,0.0015482388302097163,5.707246369926549e-6,7.127525999791547
0.38985000000000003,39850.0,13.74999021127781,-0.005655615401127461,0.0006907845481399317,1.1361506951164037e-6,7.127524796344083
0.3898515282771431,39851.52827714306,13.74997982222692,-0.007938535884064787,-0.0007075712603887306,1.192040686971659e-6,7.127521464019654
0.3899041666666667,39904.166666666686,13.747934198077111,-0.05657824618346755,-0.03446259380942085,0.002827786600174124,7.126560875787458
0.38990504996369957,39905.04996369954,13.747884212223799,-0.056596703424058356,-0.03458202379837389,0.0028474199285507098,7.126536390096652
0.3899068881782627,39906.888178262656,13.747780211498469,-0.05653478683418581,-0.03476934650328634,0.0028783510863466433,7.126485347252784
0.3899087263928258,39908.726392825774,13.747676448951575,-0.056337644692900604,-0.034873578140975706,0.002895634410368425,7.126434289073914
0.38991056460738893,39910.5646073889,13.747573172599232,-0.05600593973009417,-0.03489442549902097,0.002899097454539821,7.126383337711455
0.38991240282195205,39912.40282195202,13.747470628930168,-0.055540670579152136,-0.03483180243440025,0.0028887010972121216,7.1263326151018305
0.3899160792510783,39916.07925107826,13.747268714277398,-0.054215094804685636,-0.034456842743347135,0.002826842885332748,7.126232340975911
0.3899166666666667,39916.66666666666,13.747236943172123,-0.05395521837445299,-0.034366246991593644,0.0028119974578267124,7.1262165132721345
0.3899179266213272,39917.92662132715,13.747169334622036,-0.05335384872022863,-0.03414362117013872,0.0027756830157379653,7.126182785570843
0.38996253093454425,39962.530934544215,13.745739681746384,-0.0035507921018408566,-0.006317766281509802,9.503373997090998e-5,7.125437697258929
0.3899646653094087,39964.66530940867,13.745735396186372,-0.00046591213504045215,-0.004401468469764611,4.6126011167457216e-5,7.125433168300531
0.3899666666666667,39966.66666666665,13.745737350915192,0.002417006101117369,-0.0025976182893686197,1.6065763755386554e-5,7.125431893593484
0.38996698498043014,39966.98498043011,13.745738193040836,0.0028740816567226304,-0.002310473009145904,1.2710203633313638e-5,7.125431955638978
0.3899706620778532,39970.66207785316,13.745758415530302,0.00810976299927622,0.001001321821130983,2.3872509273168293e-6,7.1254379153425935
0.3899708333333334,39970.83333333334,13.74575982504362,0.008351136768580422,0.0011550135149097998,3.176324332438787e-6,7.125438426925255
0.38999902022915384,39999.0202291538,13.746495923533875,0.0409505184906545,0.02300952841354849,0.0012605676138426076,7.125777697410725
0.39,39999.99999999998,13.746536420497833,0.04171040693034856,0.023564711365746616,0.0013221324327403518,7.12579712542452
0.39000138764184006,40001.387641840025,13.746595015862669,0.04273197141474243,0.024319214284271706,0.001408152817629345,7.125825288614663
0.3900202409215102,40020.24092151019,13.747487274801864,0.04971017887522297,0.030454537678799867,0.0022082830124510494,7.126259622139467
0.39002083333333337,40020.833333333336,13.747516724522752,0.049710694270021144,0.030514325354582882,0.00221696202820319,7.126274097444335
0.39002402792750984,40024.02792750981,13.74767526576216,0.04947955411172928,0.03069192227070174,0.002242843077787613,7.126352162662086
0.390025,40024.99999999998,13.747723294288242,0.049331153252887505,0.030697456511208185,0.0022436519910893275,7.126375858032832
0.39002698969965527,40026.989699655234,13.74782105909072,0.048914565175440704,0.03063835645336973,0.0022350211575327206,7.126424159077329
0.39007564271986034,40075.642719860305,13.749284482633845,0.0016332374583143004,0.00484465120955223,5.588248891003782e-5,7.127174930562511
0.390077774221596,40077.77422159597,13.749284785183717,-0.0013502768290191217,0.0030399634468905733,2.2003280377216225e-5,7.127177314458968
0.3900791666666667,40079.166666666664,13.749281547265703,-0.0033002199883050815,0.001853589039687654,8.180457923929048e-6,7.1271772003653036
0.3900801616261285,40080.16162612849,13.749277571089223,-0.004692115161275739,0.0010033791722136116,2.397070864838268e-6,7.127176308614287
0.3900826404517631,40082.64045176307,13.74926165290266,-0.00814748137161796,-0.0011195666009375385,2.984355652225794e-6,7.127171151439525
0.39008333333333334,40083.33333333331,13.749255674548813,-0.009108591889051722,-0.0017132431914284806,6.98857674518106e-6,7.127168962132094
0.3900851192773977,40085.119277397665,13.749237203696136,-0.011572622977122759,-0.0032417712780332822,2.5021621474003664e-5,7.127161818709879
0.39013455383012546,40134.55383012543,13.747359932095472,-0.05315768136488523,-0.032437249907748544,0.0025051790037565066,7.126274828547071
0.3901365444107331,40136.544410733055,13.74725405878541,-0.0531919117038084,-0.032685541599544586,0.0025436776896560946,7.126222786066208
0.3901375,40137.49999999999,13.747203243748837,-0.05315570262538236,-0.032772503440391655,0.002557230908929721,7.126197756616501
0.3901385349913407,40138.53499134068,13.747148264807977,-0.05307802631998757,-0.03284300320288505,0.0025682449032969467,7.12617063876027
0.39014052557194834,40140.5255719483,13.747042844539063,-0.05281656003741084,-0.0329091441242728,0.002578599445219427,7.126118531706284
0.39014166666666666,40141.66666666663,13.746982694552335,-0.052600482874917344,-0.03290578098025637,0.0025780724331442907,7.12608873574085
0.39016295930761513,40162.9593076151,13.74596711920794,-0.040288773732317686,-0.027481607270114203,0.0017981874717828423,7.125577419953655
0.3901654298342804,40165.429834280345,13.745870434617856,-0.03795484162476969,-0.026240402753887407,0.0016394255635386232,7.12552768254517
0.3901666666666667,40166.666666666686,13.745824246007581,-0.03672733685982578,-0.025576936079728226,0.0015575706172059605,7.125503824066421
0.3901679003609456,40167.90036094558,13.745779710259534,-0.035465562645143715,-0.02488818843712476,0.0014748141040043586,7.125480752214409
0.3901950761542633,40195.07615426327,13.745258357618411,-0.0014884217860899928,-0.0047779396498922174,5.435406499526707e-5,7.1251951821857284
0.39019583333333335,40195.83333333332,13.745257616681346,-0.0004688800547738237,-0.00414070067111318,4.082238582799319e-5,7.125194015859973
0.3901976413227958,40197.64132279574,13.745258965388022,0.0019589689451567508,-0.002616442279287368,1.6299452859148755e-5,7.125192787810262
0.39020000000000005,40200.000000000015,13.745267301365535,0.005104322333585001,-0.0006274651604936665,9.374107800793874e-7,7.125194475992473
0.3902006787220038,40200.67872200378,13.745271070994638,0.006003165357491275,-5.610248739260977e-5,7.494021646756996e-9,7.125195648939331
0.39020371612121185,40203.716121211815,13.745295365494709,0.009980302150078234,0.0024881824303985937,1.4740599540343459e-5,7.125204628243298
0.3902479981334348,40247.99813343477,13.746725472971946,0.04575593995783942,0.027823589662465106,0.001843219385012465,7.125885581653666
0.39025000000000004,40250.00000000001,13.746817273212978,0.045934616568144786,0.028123039812784148,0.0018831080197891485,7.125930748671069
0.39025277115306245,40252.771153062415,13.74694464107713,0.0459432788030559,0.028390167027241408,0.0019190513900825361,7.125993560766956
0.3902541666666667,40254.16666666665,13.747008693589374,0.04584279269099653,0.028459595771967133,0.0019284490273899272,7.126025212006
0.3902575441726901,40257.54417269006,13.747162743690984,0.045310450542816294,0.028447156776455627,0.0019267636396767744,7.126101511165177
0.39030634957506133,40306.34957506129,13.748524911699677,0.0014165359008361448,0.004467070940223678,4.75112447261687e-5,7.126802923086131
0.39030833333333337,40308.333333333336,13.748525155111688,-0.0011720671143448768,0.00289648747468581,1.9975332597647094e-5,7.126804990442425
0.3903085854160015,40308.585416001464,13.748524818157579,-0.0015012985063994776,0.0026959934245554154,1.7305667964871516e-5,7.126805073583073
0.39031112304143556,40311.12304143552,13.748516804197003,-0.004813733805462488,0.0006694370127826288,1.0670140811507846e-6,7.126803650465776
0.3903125,40312.49999999997,13.748508941237523,-0.006606116123227537,-0.0004343328726939098,4.4915486738700967e-7,7.126801156969714
0.3903136606668696,40313.66066686959,13.748500399391789,-0.008111819139687471,-0.001365540019538113,4.43976082133369e-6,7.1267981158246165
0.39033217662039477,40332.17662039473,13.748137760831316,-0.03030610990997866,-0.01559268682833859,0.0005788854345872472,7.126637448979858
0.39033333333333337,40333.333333333336,13.748102007015135,-0.03150880545899031,-0.01639851190204544,0.0006402647442893475,7.126620849325668
0.3903342180638738,40334.21806387377,13.74807373069646,-0.032409050447567325,-0.017005013214904285,0.0006885011296168318,7.126607680693304
0.3903666666666667,40366.666666666664,13.746647571458835,-0.050028354956791525,-0.030769964053245155,0.002254263542471426,7.125919797769962
0.39036688115953844,40366.8811595384,13.746636840549192,-0.05002980417824405,-0.030793718282226774,0.002257745442012256,7.125914501318831
0.3903689226030175,40368.92260301744,13.746534750664308,-0.04996335447797649,-0.03097039549317678,0.0022837271357232965,7.12586403519145
0.39037083333333333,40370.8333333333,13.746439448832028,-0.04976989165387003,-0.031054446453622157,0.002296139629859252,7.125816797210945
0.3903709640464965,40370.96404649648,13.74643294441273,-0.04975203401155444,-0.0310573156928997,0.0022965639477343673,7.12581356866996
0.39037300548997556,40373.00548997552,13.746331716744926,-0.04939669573511488,-0.031054187375019464,0.002296101317911472,7.125763248137704
0.3904148827714212,40414.88277142119,13.744817816720241,-0.015721059127882783,-0.013272814995938062,0.00041944670932475786,7.124984981711286
0.3904166666666667,40416.66666666666,13.744791715530337,-0.013537909289175296,-0.011957376202512733,0.0003404258229724234,7.124970242696259
0.3904172835080437,40417.283508043685,13.744783599173427,-0.012777525134286571,-0.011496990894880887,0.0003147161896118429,7.124965594893954
0.390425,40424.999999999985,13.744722124069012,-0.003126850321002685,-0.005560103607286795,7.360655267562769e-5,7.124927323065312
0.3904269188368709,40426.918836870886,13.744718437596187,-0.0007165009888693378,-0.004051304846767221,3.9078740384379945e-5,7.124923587050739
0.3904291666666667,40429.166666666686,13.744719990474636,0.002095246734105226,-0.002278415298761869,1.2359943508647946e-5,7.124922151125633
0.39042951054071495,40429.51054071492,13.74472078464835,0.0025236414998492736,-0.0020070861729457184,9.591416441975927e-6,7.124922210735091
0.39043305681906676,40433.056819066725,13.744737520804163,0.006901577705726395,0.0007843190248675892,1.4646579351648715e-6,7.124927123637353
0.39043333333333335,40433.33333333332,13.7447394758831,0.007239208570568116,0.0010010180968937912,2.385802929306827e-6,7.124927834197498
0.3904791666666667,40479.16666666668,13.74607369928958,0.04227973810080699,0.02581272692527411,0.0015864211221875498,7.1255639563452995
0.3904818805768051,40481.88057680507,13.746188739594595,0.04245725479438059,0.02616400371997456,0.0016298930729972444,7.125620794949386
0.39048333333333335,40483.333333333314,13.746250423315104,0.04245046567275672,0.026288893445251434,0.0016454902823232946,7.12565133470838
0.39048746347964886,40487.463479648824,13.746425107690346,0.04204429029638556,0.026402468625167135,0.0016597389273879405,7.125738061208304
0.39048750000000004,40487.50000000001,13.746426643050665,0.04203815731263619,0.026401878871050027,0.0016596647807657092,7.1257388250655564
0.3904981980901743,40498.19809017424,13.746860049524745,0.038375271484279216,0.025044354741394787,0.0014933802486019607,7.125955661541023
0.3905,40499.99999999998,13.746928339203452,0.03740550415008642,0.024589245888219223,0.001439597650836443,7.1259900785117525
0.3905003842817547,40500.384281754676,13.74694267145289,0.03718617056564395,0.02448405354572065,0.0014273068524517046,7.125997312099247
0.39053750000000004,40537.50000000001,13.747721158164667,0.0007448519177097886,0.0038282437831537136,3.489392967441681e-5,7.12640789933476
0.3905375514152963,40537.55141529625,13.747721194855188,0.0006823691597684393,0.003790273610895145,3.4205176298686006e-5,7.126407964577715
0.3905398514376407,40539.85143764066,13.747719546639635,-0.0021164872673837343,0.002082779776663586,1.0328503804949565e-5,7.126409271341527
0.3905416666666667,40541.66666666664,13.747713699023352,-0.004325896893798861,0.000725647447355191,1.2537243282216777e-6,7.126408071288342
0.3905426700514433,40542.670051443245,13.747708746601948,-0.005545180888489296,-2.6830748630408122e-5,1.7140216001622553e-9,7.126406562127777
0.39054548866524585,40545.48866524582,13.747688306224974,-0.008953622721434509,-0.0021439450515492874,1.0944048533482563e-5,7.1263991052572155
0.39058314412405637,40583.144124056336,13.746612314745096,-0.043523897369953844,-0.02548328919932288,0.0015461857819436336,7.12589559214794
0.39058333333333334,40583.33333333331,13.746604071197124,-0.04361274912846142,-0.025555151232204875,0.0015549184630972914,7.1258915893589645
0.39058513881349183,40585.138813491794,13.746524598324871,-0.04440583284705127,-0.026209225369212948,0.0016355321296528467,7.1258529420737355
0.39059583333333336,40595.83333333333,13.746032564391994,-0.0470020282140017,-0.028843902968528463,0.001980882710614012,7.125611509210041
0.3905971069501046,40597.10695010454,13.745972655522898,-0.04706594617579624,-0.02900991507705451,0.0020037504113759865,7.125581872944209
0.39059910163954004,40599.10163954,13.745878757888033,-0.047060135399010244,-0.029204778525591252,0.002030759735068657,7.125535320579926
0.3906010963289755,40601.09632897546,13.745785000649304,-0.04692524010734348,-0.029319637279073243,0.0020467645956581465,7.125488713026085
0.39060309101841095,40603.091018410916,13.745691640782189,-0.04666183275719268,-0.02935414003086914,0.0020515846117901766,7.125442178075394
0.3906041666666667,40604.166666666664,13.745641550654481,-0.04646677124265368,-0.02933934473616832,0.002049517022732685,7.125417158801842
0.3906572909165068,40657.29091650677,13.744119862452816,-0.0019107071651598925,-0.004575663757352962,4.984928290560339e-5,7.124623137779752
0.3906583333333334,40658.33333333335,13.74411850635111,-0.0006915179486268935,-0.003807652321616183,3.4519562386450254e-5,7.124621493798439
0.3906598619063851,40659.86190638504,13.744118812592772,0.0010909519442805437,-0.0026797791776665466,1.7098134383464746e-5,7.124620237109366
0.3906625,40662.49999999999,13.74412572563133,0.004144176099428103,-0.0007338804689955847,1.2823346256504272e-6,7.124621285528259
0.3906627804989858,40662.780498985754,13.744126933296956,0.004466579638933643,-0.0005273679911895622,6.621833288840814e-7,7.124621635582924
0.3906656990915865,40665.69909158646,13.744144832128343,0.007788032510255487,0.0016119052650528203,6.186282341678578e-6,7.124627976043939
0.3906666666666667,40666.666666666686,13.744152893528588,0.008873631811194231,0.002315849190123348,1.2769422550940399e-5,7.124631156125263
0.3906686176841872,40668.61768418717,13.744172320561377,0.011034544539320104,0.003724250252554585,3.302390462774498e-5,7.124639179317804
0.3907125,40712.499999999985,13.745448379312855,0.03914796644227548,0.024179527089961468,0.0013920226911766202,7.125253866259874
0.390713799912628,40713.79991262797,13.745499284749037,0.039164522864727686,0.02429853586378182,0.001405759155055932,7.125279158804084
0.3907166666666667,40716.66666666668,13.745611405454916,0.039013997501064754,0.02444401331962573,0.0014226423504048573,7.125334984886093
0.3907178396011654,40717.839601165375,13.745657091008963,0.03887844690573212,0.024457093745335213,0.0014241653201621778,7.1253577792610905
0.39072083333333335,40720.833333333314,13.745772744579963,0.03833926612303298,0.024368401789877425,0.0014138547756973841,7.125415607887363
0.3907498087776757,40749.808777675644,13.74667362902536,0.020303175246502218,0.015162928697710739,0.0005474152540282379,7.125875327258846
0.39075000000000004,40750.00000000001,13.746677494025692,0.020120876402676027,0.01505924232667051,0.000539954236793773,7.125877374304224
0.39075210995757265,40752.10995757261,13.746717796940432,0.018069847163340924,0.013886385702599325,0.0004591231140032261,7.125898831513673
0.3907666666666667,40766.66666666667,13.746869702673012,0.0024641059880458798,0.0046560922328875935,5.1617130669419455e-5,7.125985641514386
0.3907682182168514,40768.21821685139,13.74687216706428,0.0007113966122939599,0.003590246146805359,3.069016046345412e-5,7.125988188016765
0.3907706280734162,40770.62807341619,13.746870590953915,-0.0020206891645860583,0.00191782077744793,8.757229843835673e-6,7.125989485641081
0.39077083333333335,40770.833333333314,13.746870152280575,-0.0022536327518052996,0.0017746050234227894,7.498149974184283e-6,7.125989446214583
0.3907735855469148,40773.585546914794,13.746859653268443,-0.005374536171062696,-0.00015364503095312033,5.620665603948881e-8,7.125986638640341
0.39077500000000004,40775.00000000001,13.746850920059849,-0.006973060745388708,-0.001148218804375243,3.1390629112402672e-6,7.125983545595068
0.390827909776994,40827.90977699396,13.74523050099811,-0.044307446015270924,-0.027404584816552148,0.0017881220689704778,7.125209186798097
0.39082916666666667,40829.166666666635,13.745174791594907,-0.04433103258973905,-0.02753596385479571,0.0018053078700300375,7.125181470097171
0.3908300054875994,40830.00548759935,13.745137608863862,-0.044320171971771204,-0.027607169917960285,0.001814656740188408,7.1251629451723515
0.3908321011982048,40832.10119820474,13.74504482925089,-0.04420012436949926,-0.02772717223628906,0.0018304668576686637,7.125116631343517
0.39083333333333337,40833.333333333336,13.74499044557292,-0.04406778178789294,-0.027759003868713033,0.0018346721328172024,7.125089424103287
0.39083419690881016,40834.196908810125,13.744952439881695,-0.043947882900009505,-0.027764194216759252,0.001835358286918876,7.125070383975078
0.39083629261941555,40836.292619415515,13.744860716815078,-0.043564455047970976,-0.02771810555793768,0.0018292699421927994,7.125024341534953
0.39088899819120015,40888.998191200124,13.743459837031459,-0.0016345154918207077,-0.0041922649267209285,4.184544099003437e-5,7.1242893855516325
0.3908916037724426,40891.603772442555,13.743459270336222,0.0011960982180450371,-0.0023937944719416068,1.3643457080709993e-5,7.124286846221059
0.3908916666666667,40891.66666666666,13.743459347703656,0.0012641393138803653,-0.002350363305494807,1.3152875399563033e-5,7.124286830954965
0.3908946135122295,40894.61351222945,13.743467749557414,0.004430473920526465,-0.00031876309866421044,2.4192836445240283e-7,7.1242885360124255
0.39089583333333333,40895.8333333333,13.743473945092212,0.005725912447496215,0.0005184270500535074,6.399204910170996e-7,7.124290621041349
0.39091568169073776,40915.68169073773,13.743781470493724,0.024302399949755662,0.0129885427186648,0.00040167200465376283,7.124430403053133
0.3909166666666667,40916.66666666666,13.743805777534417,0.02504977385316641,0.013515280025934818,0.0004349114147129349,7.1244420141353055
0.39091869143052466,40918.691430524625,13.743858001183778,0.026520113282234366,0.014560764530207094,0.0005047996754860405,7.12446706242637
0.3909435836931741,40943.58369317408,13.744671578376545,0.036047510009328175,0.02235052403393505,0.0011893950585512099,7.124866848558476
0.3909458333333334,40945.83333333335,13.744752702773258,0.03604997611152719,0.02252891509104807,0.0012084571789991747,7.124907350831431
0.3909476099573714,40947.60995737134,13.744816672710453,0.03594761929831266,0.022604274198197008,0.0012165552667316069,7.124939356178627
0.39095,40949.999999999985,13.744902284659666,0.035665339654611876,0.022614298959039908,0.0012176345652591275,7.1249822834985315
0.3909508697604007,40950.86976040069,13.74493324406438,0.03552168524736609,0.022591987145134433,0.0012152330551569513,7.124997834054407
0.3909971376308877,40997.13763088769,13.745975288646116,0.0026342626528383633,0.004559049234883161,4.9487928395449353e-5,7.125541097384966
0.3909994698598601,40999.46985986008,13.745978576004639,0.00018207461595845853,0.003062107157373314,2.232500057913542e-5,7.125544598520055
0.391,40999.99999999998,13.745978524283403,-0.00037728644052516393,0.0027190048889538733,1.7602351395607292e-5,7.125544999813344
0.39100195610421024,41001.9561042102,13.745975765085317,-0.002444420943292825,0.0014457855511199938,4.976894904350821e-6,7.125545209886735
0.3910041666666667,41004.16666666667,13.745967778437002,-0.004780906517420788,-3.378524722544063e-6,2.7177212621051042e-11,7.125543034404769
0.3910055909769098,41005.590976909756,13.74595989882419,-0.00628283944901963,-0.000940622398435256,2.106596420090699e-6,7.1255402749021215
0.39105833333333334,41058.33333333331,13.74445521887306,-0.041710920699519094,-0.02585727316796305,0.0015919013706730044,7.12481829767163
0.3910600966796279,41060.096679627844,13.744381602907321,-0.04177022676497686,-0.02604716546353881,0.0016153686397261165,7.124781521034328
0.3910624105849658,41062.41058496579,13.744284985229328,-0.041715132968582584,-0.02621361419860343,0.0016360799270314843,7.124733125029244
0.39106250000000004,41062.5,13.744281255497992,-0.04170998068952192,-0.02621815331044538,0.001636646578595281,7.124731253872631
0.3910647244903038,41064.724490303735,13.74418866919724,-0.04150962800650703,-0.026285571543325316,0.001645074455617318,7.124684734455511
0.3910666666666667,41066.66666666664,13.744108312739302,-0.04122178071518878,-0.02627280527802661,0.001643476898040721,7.124644249549842
0.39108206801848583,41082.06801848579,13.743510562205639,-0.03538092189609706,-0.023848447763431615,0.0013541630017264914,7.1243395530786096
0.39108333333333334,41083.33333333331,13.74346625946454,-0.034639426379685014,-0.023473353596492955,0.0013119007834904491,7.124316681205898
0.39108477726776275,41084.777267762714,13.743416879490477,-0.03374929103098458,-0.02301477980230072,0.0012611430698771173,7.124291130103678
0.39112083333333336,41120.83333333333,13.7427409945606,-0.0014124247971073014,-0.003855769066766401,3.5397512133887246e-5,7.123924460609394
0.3911227710187496,41122.77101874956,13.742740158321466,0.0005474202073528128,-0.002604059359699634,1.614553606866492e-5,7.123922465705418
0.391125,41124.99999999996,13.742743875706667,0.0027843257830399613,-0.0011650681338055114,3.2318660866882307e-6,7.123922549441934
0.39112583432213094,41125.834322130904,13.742746545616942,0.0036152079111535277,-0.0006277288205123568,9.381987430996062e-7,7.123923231925236
0.3911291666666667,41129.166666666664,13.742764068245407,0.006888218807710785,0.0015042830338549958,5.387779633199977e-6,7.123929459789802
0.39116319388271986,41163.19388271983,13.743468760195425,0.030927960135620217,0.018400712122415546,0.0008061576347905011,7.12426548850795
0.39116619292994487,41166.19292994483,13.743562943024934,0.03184147571219601,0.019189093516579516,0.0008767174047334143,7.124312124944128
0.3911666666666667,41166.666666666686,13.743578056811959,0.03196423120236834,0.019300453601618597,0.0008869226410196007,7.124319625240357
0.3911692491565045,41169.24915650444,13.74366137112518,0.03252862473518786,0.019843047051200793,0.0009374917054194487,7.1243610469147125
0.39117260156419814,41172.60156419811,13.743771285676841,0.03299432163424813,0.020382168451174743,0.000989125692314436,7.1244158818003935
0.39117500000000005,41175.000000000015,13.74385062724676,0.03314073282855613,0.020651390289577538,0.0010154283830772796,7.124455591052857
0.391177161001059,41177.16100105895,13.743922265136236,0.03313876603819572,0.020809894107229845,0.0010310754589383797,7.124491533859052
0.3911791666666667,41179.16666666666,13.743988633059493,0.033023508636877585,0.020885343533806857,0.001038565653631257,7.124524907632704
0.3911817204379198,41181.72043791979,13.744072616696695,0.03271947930000837,0.020881535236504736,0.0010381869376985453,7.124567244373498
0.3912291666666667,41229.16666666665,13.745039062612339,0.0013130257804276075,0.0035639323444098697,3.0241937513168647e-5,7.125074426707446
0.39122921736894345,41229.21736894341,13.745039127928413,0.0012634280616835225,0.0035335367742770542,2.972829079801974e-5,7.125074497318086
0.3912318126107956,41231.81261079556,13.745039104605933,-0.0012838331152101644,0.0019654916542783986,9.197993911995324e-6,7.125076440277571
0.3912333333333334,41233.33333333334,13.745036013996266,-0.0027810851536681684,0.001037441177669083,2.5625814217224146e-6,7.125076048859075
0.3912347885029397,41234.78850293966,13.745030924309802,-0.0042140872797615655,0.0001447830970985586,4.990986953678725e-8,7.125074611813506
0.3912375,41237.499999999985,13.745015884035876,-0.0068772637661405405,-0.001525838371176749,5.543292226084081e-6,7.125069159197904
0.3912493204077186,41249.32040771856,13.744867566453715,-0.0180531117675169,-0.008716532255789264,0.00018089984420527303,7.125003782415428
0.39125000000000004,41250.00000000001,13.744855091461105,-0.01865918455968756,-0.009115944858906681,0.0001978582158824456,7.124998024669312
0.3912519487439211,41251.94874392107,13.744817058068627,-0.020366868168320482,-0.010247533434188874,0.00025002843210671143,7.124980360480291
0.3912895619216873,41289.56192168726,13.74359770018342,-0.039324223070613826,-0.024501026306212575,0.0014292864048993346,7.124384290485377
0.3912916666666667,41291.66666666667,13.743514844902956,-0.03938829936900901,-0.024711769757054282,0.001453979915537292,7.12434267694799
0.3912919127452977,41291.912745297646,13.743505152263584,-0.039388201688485155,-0.024731672732596476,0.0014563229432196572,7.124337801542123
0.39129583333333334,41295.83333333331,13.74335101830722,-0.03917279790931032,-0.024914068969619306,0.0014778829348165421,7.1242600649020265
0.39129661439251845,41296.614392518415,13.74332045646291,-0.0390819976060532,-0.024920031375588906,0.0014785903899055609,7.124244604562954
0.39129896521612884,41298.9652161288,13.7432289867785,-0.03871352988059915,-0.024876982287567167,0.001473486304133168,7.124198238981868
0.39133278350889183,41332.7835088918,13.74217674809113,-0.019698437776346417,-0.014967864783454661,0.0005334213718471007,7.123651132173717
0.39133333333333337,41333.333333333336,13.742166046923131,-0.019226773045397792,-0.014688392261347407,0.0005136877791028819,7.123645325194983
0.3913353517615564,41335.35176155639,13.742129006960353,-0.017468133812831677,-0.013639865145510646,0.0004429664790183719,7.1236251205368335
0.3913533977848615,41353.39778486147,13.741963584009273,-0.0006839566587580605,-0.0032059584136005237,2.447183178508568e-5,7.12352760312263
0.39135416666666667,41354.166666666635,13.741963336164428,3.8953184764983835e-5,-0.0027410566066148625,1.788902695396901e-5,7.123526892530991
0.3913562181480613,41356.218148061285,13.741965386413767,0.0019569269953356332,-0.0015015824641681607,5.368452134993633e-6,7.123526382169146
0.39135833333333336,41358.33333333333,13.74197159877647,0.003912970825381384,-0.0002283614175234116,1.2416413574595694e-7,7.123527954367134
0.3913599445903816,41359.94459038156,13.741979091419992,0.005384441233085312,0.00073567115225167,1.2886001053697613e-6,7.1235305685010895
0.39140461113484004,41404.61113484001,13.742918840232988,0.030315399596711347,0.018858946563429197,0.000846809203529233,7.123986157243258
0.39140833333333336,41408.33333333332,13.743031963630598,0.030409301819701265,0.01917690568283965,0.0008756040751631612,7.124043148467781
0.3914095113180247,41409.51131802467,13.7430677632842,0.030366039732817006,0.019231330092688625,0.0008805810884141693,7.124061233653622
0.3914125,41412.49999999996,13.743158175242836,0.03009945110401117,0.01926939950534867,0.0008840708507065037,7.124107013979414
0.39141441150120937,41414.41150120934,13.743215449910782,0.02981177090756413,0.01921866984041701,0.0008794220724641773,7.124136095528694
0.3914166666666667,41416.66666666666,13.743282190161052,0.029356178396635582,0.01908384104772912,0.0008671261646071212,7.124170064807508
0.39141835306294914,41418.35306294911,13.743331350302435,0.028934342671737882,0.018930419975158007,0.0008532400010377649,7.124195144954699
0.39146000745936044,41460.0074593604,13.744055506008861,0.0013088071484400902,0.0033831527975874964,2.7251721075771674e-5,7.124580302783971
0.39146250000000005,41462.500000000015,13.744055937523186,-0.0009651487876355138,0.001978578091474535,9.320883962054793e-6,7.124582273952531
0.3914628138108932,41462.813810893174,13.744055589584018,-0.0012523852360354852,0.0018003185875482765,7.71701670636148e-6,7.124582321195899
0.3914660303590782,41466.03035907814,13.744046819978148,-0.004201037442576241,-4.0499753588291303e-5,3.9053096207436056e-9,7.1245802004702545
0.3914666666666667,41466.66666666665,13.744043961280708,-0.004784167954309781,-0.0004069014404440888,3.942113862749389e-7,7.124579217370301
0.3914983383364454,41498.33833644534,13.743466357442733,-0.029828420063815687,-0.017112248813964274,0.0006972120463595757,7.124308507052344
0.3915,41499.99999999998,13.743416023487654,-0.030745112743194466,-0.017786054967523668,0.0007531994078756509,7.124283892112882
0.39150061184059726,41500.61184059722,13.743397112971174,-0.03106880348257794,-0.018026388934926516,0.0007736921381743836,7.1242746262186065
0.3915210733779642,41521.07337796418,13.742683121489819,-0.03711108679120608,-0.02326158865146778,0.001288336920452606,7.12391916330574
0.3915233468821161,41523.346882116064,13.74259865861645,-0.037169811586711454,-0.02347089235623033,0.001311625685708932,7.123876493418023
0.391525,41524.99999999998,13.742537233531207,-0.03713330480010859,-0.023573222972188914,0.0013230877173727024,7.123845385158855
0.391525620386268,41525.62038626795,13.742514205634409,-0.03710242123900113,-0.02360074122509339,0.001326178538985292,7.123833706137886
0.39152789389041986,41527.89389041983,13.742430048840864,-0.03690937043974605,-0.0236506501232731,0.0013317934553654235,7.123790946461482
0.3915291666666667,41529.16666666667,13.742383170820476,-0.036746756670383816,-0.023643605547444376,0.0013310001982931965,7.123767074355947
0.3915815843621697,41581.58436216969,13.741138766772556,-0.004058964848397179,-0.0052009667998695564,6.440489441272708e-5,7.123107775349386
0.39158333333333334,41583.33333333331,13.74113301568112,-0.0025181542478285197,-0.004214617848861887,4.229286574272666e-5,7.123103582111334
0.39158411904448576,41584.11904448572,13.74113130856881,-0.0018274406139121015,-0.0037704929721788256,3.3849088698214085e-5,7.123102146927105
0.3915867863511558,41586.78635115576,13.741129550216801,0.0005053623261183368,-0.0022614947724019464,1.2177044299050787e-5,7.123099345281795
0.39158750000000003,41587.5,13.741130132199652,0.0011252921952313664,-0.001858129891330521,8.220587364418985e-6,7.123099136382774
0.3915897916034186,41589.79160341858,13.741134978381194,0.0030997601120149086,-0.0005667157398347002,7.646826899437896e-7,7.123099998695263
0.39159166666666667,41591.666666666635,13.74114228782016,0.004692961791194497,0.0004829235640239585,5.552742111657199e-7,7.123102429559739
0.3915930981605239,41593.09816052387,13.741149866482694,0.005892970907668424,0.001278137804835709,3.889610114643442e-6,7.123105318640315
0.391636435197896,41636.435197895946,13.742002952728862,0.027766528626787655,0.017381947661636622,0.0007193621535997019,7.123521707536614
0.3916375,41637.49999999999,13.742032548397422,0.027818076261250685,0.017484229912843905,0.0007278530848694895,7.1235366840566865
0.39164166666666667,41641.666666666635,13.742148484859134,0.027763385103335442,0.01772144018397974,0.0007477367671294568,7.123595529819615
0.39164174228396376,41641.74228396372,13.742150584072192,0.02775862441074766,0.017723337408641317,0.0007478968783346302,7.123596597918153
0.39164583333333336,41645.83333333333,13.742263345156267,0.027302224634244338,0.017697999001704285,0.0007457599253912519,7.123654110149136
0.3916656460041967,41665.64600419664,13.742744445815172,0.019901722340370184,0.014159186818210422,0.00047733945560234233,7.123903321190589
0.3916666666666667,41666.666666666686,13.742764459213202,0.019311786504616065,0.013835687679920999,0.00045577679422932783,7.123913892506368
0.39166833852277866,41668.33852277863,13.742795912750255,0.018307588955939237,0.013279309689243728,0.00041985729957819606,7.123930564007558
0.3916916666666667,41691.66666666668,13.743027885507425,0.000673342390274713,0.0028230464644121373,1.8975217476737784e-5,7.124061364360624
0.39169258348473335,41692.58348473332,13.74302814685519,-0.00010361159631300423,0.002341313171853319,1.3051779449271071e-5,7.124062099454163
0.3916954910038771,41695.4910038771,13.743024250088835,-0.0025790803401620852,0.0007964809284509925,1.5104330223479881e-6,7.124062055784405
0.39169583333333335,41695.83333333332,13.743023317193826,-0.0028712065404256355,0.0006131791041947965,8.952109852884123e-7,7.124061812000854
0.39169919863105634,41699.19863105631,13.743008822575167,-0.005741806547437952,-0.0011993175650945652,3.4246729093913257e-6,7.1240567287371785
0.3917493136741516,41749.31367415158,13.741837448422151,-0.03475091387420259,-0.021682842908646062,0.0011193944680976736,7.12348615764334
0.39175000000000004,41750.00000000001,13.74181356937323,-0.03483248104461678,-0.02178264714861237,0.0011297231352403589,7.123474082554461
0.3917518708756756,41751.87087567556,13.74174823236147,-0.03500076692894684,-0.022021096542837862,0.0011545921260690136,7.12344099011625
0.3917541666666667,41754.16666666665,13.741667742445241,-0.03509884442158575,-0.022245822774981605,0.0011782776927045007,7.1234001169813475
0.39175442807719957,41754.42807719953,13.741658566735952,-0.035102423678768736,-0.02226663181481694,0.0011804830770871858,7.123395450118459
0.39175698527872355,41756.985278723514,13.741568830953625,-0.03505565892964044,-0.022418292282396512,0.0011966186401403788,7.123349729813037
0.3917583333333334,41758.33333333334,13.741521626191842,-0.03497139963720609,-0.022460194003878865,0.00120109598736161,7.123325620751173
0.3917595424802475,41759.54248024749,13.74147940408529,-0.03486096128523325,-0.022475367886181714,0.0012027194324266866,7.123304022198021
0.3917620996817715,41762.09968177147,13.741390663043303,-0.03451952934229877,-0.022437600131524953,0.001198680713481449,7.123258520182793
0.3918166666666667,41816.66666666667,13.740240361270397,-0.0014812144084003478,-0.0033892093813813686,2.7349381502008283e-5,7.122642896798675
0.39181965467908897,41819.65467908893,13.740239561032691,0.000940422888762372,-0.0018078967765516945,7.782120844442874e-6,7.122640489623825
0.39182083333333334,41820.83333333331,13.740241227276666,0.0018858562158913224,-0.001186052829129542,3.3493364606814066e-6,7.122640565820026
0.39182310573434176,41823.10573434173,13.74024756588725,0.0036880137528411045,6.439655890617194e-6,9.873611426085887e-11,7.122642334842575
0.39182500000000003,41825.0,13.740255955233808,0.00516548402011994,0.0009912971396833336,2.3396905217722828e-6,7.122645424333697
0.39183000784484734,41830.00784484731,13.740291349074532,0.00893298990015856,0.00353422360550704,2.9739848794579e-5,7.1226604889386005
0.39183333333333337,41833.333333333336,13.740325022014078,0.011298076027563352,0.005156377122322825,6.330529768479575e-5,7.12267582243143
0.39183345890010013,41833.45890010009,13.740326446131274,0.01138491958031759,0.005216363890330203,6.478679103890678e-5,7.122676481709118
0.3918682633713987,41868.26337139865,13.74103116212017,0.025359042382931525,0.01597320393034487,0.0006074839138104398,7.123025740403208
0.39187083333333333,41870.8333333333,13.741096449850147,0.0254251946456319,0.0161732533228196,0.0006227955310573694,7.123059015054053
0.39187351140153354,41873.511401533506,13.741164461735773,0.02534044642778805,0.016283239550802305,0.0006312949768305057,7.1230937865755966
0.39187500000000003,41874.99999999999,13.741202104081214,0.025225732961182423,0.016300765281209086,0.0006326546398882655,7.123113079180211
0.3918787594316684,41878.75943166835,13.74129608845769,0.024722877375842774,0.016206634745458713,0.0006253690708874038,7.12316140090593
0.39191378836793783,41913.7883679378,13.74191816096326,0.007479334359821151,0.006829913780811424,0.0001110660053650424,7.123491466979594
0.3919166666666667,41916.66666666666,13.741936619124983,0.005336070209429133,0.005532888403464744,7.288774782189198e-5,7.123502517667268
0.39191682897662505,41916.828976625024,13.741937475272206,0.005213434612421881,0.005458245825436418,7.093439878784305e-5,7.123503048355984
0.3919208333333334,41920.83333333335,13.74195222513124,0.002138855593091708,0.003572539679991751,3.0388189916941814e-5,7.123512942394247
0.3919229101939995,41922.910193999465,13.741954983334637,0.0005145916411103545,0.002565602236240343,1.56721781776225e-5,7.123515612539921
0.391925,41924.99999999999,13.741954338655836,-0.0011334018593734995,0.001536613523675744,5.6218598122456826e-6,7.123516573084037
0.3919260687254959,41926.06872549587,13.74195267526705,-0.0019797488851452513,0.0010053240454731749,2.406372467634643e-6,7.12351638978026
0.3919291666666667,41929.166666666686,13.741942733991355,-0.0044388582515616495,-0.0005492609263230716,7.183037266316159e-7,7.1235132628729865
0.3919305100783464,41930.510078346364,13.74193605464952,-0.005504717897101167,-0.0012281289313515703,3.5911920762446427e-6,7.123510703553834
0.3919852124457494,41985.21244574938,13.740681042450072,-0.03316059382896761,-0.021112891259121306,0.0010613194698082876,7.122892297060988
0.39198750000000004,41987.500000000015,13.740605146645846,-0.03317641431326121,-0.021274759592066348,0.0010776557040481406,7.1228534245709225
0.39198781571179026,41987.81571179022,13.740594673429213,-0.033169928354637834,-0.021291565628914644,0.0010793589688818557,7.122848051864709
0.3919904189778311,41990.41897783107,13.740508466060055,-0.033036497280927384,-0.021378716467843624,0.0010882131376486863,7.122803749256964
0.3919916666666667,41991.66666666665,13.740467314725601,-0.03292218090806269,-0.021387902558083784,0.0010891485138906833,7.1227825514750185
0.39199302224387195,41993.022243871914,13.740422790950802,-0.032761224118091535,-0.02137393295765726,0.0010877262144724457,7.1227595798056225
0.391998258199241,41998.25819924097,13.740253566184451,-0.03178532216395067,-0.021086554074595695,0.0010586732446210673,7.122671912025172
0.392,41999.99999999998,13.740198582916289,-0.031338519305718945,-0.02090947136989264,0.0010409666499246663,7.122643300750126
0.39200105603366703,42001.056033666995,13.740165644801875,-0.031038671163714112,-0.020782563124708855,0.0010283688810297817,7.12262612964614
0.39205,42049.99999999998,13.739293312262316,-0.0007483211455470124,-0.002760979493879727,1.8150018489581787e-5,7.122151451050791
0.3920508433857165,42050.843385716464,13.739292948930938,-0.00011369167291587292,-0.002343291562638898,1.3073846065558687e-5,7.122150734404343
0.3920539412550332,42053.94125503315,13.739296179830928,0.00219231091378394,-0.0008151452124904217,1.5820517082048924e-6,7.122150482129829
0.3920541666666667,42054.16666666667,13.739296692714186,0.0023582819594206213,-0.0007045171453349933,1.1817724001689715e-6,7.122150608835415
0.39205826543377953,42058.265433779496,13.739312469079707,0.005321369393009138,0.0012856968875014098,3.935753539359078e-6,7.122156291241731
0.39208039350305757,42080.39350305753,13.739585062440007,0.018271792460014147,0.010454205787512189,0.00026021528249441274,7.122286210883107
0.39208333333333334,42083.33333333331,13.739640551463468,0.019452918954764004,0.011362427426149747,0.00030739227860599995,7.122313836073101
0.3920835546558116,42083.55465581154,13.739644866007142,0.019535687373835826,0.01142709309050796,0.0003109010869027017,7.12231599113313
0.392100170608461,42100.17060846094,13.74000645135957,0.023089558042221597,0.01463583446234795,0.0005100182152601236,7.122499156596808
0.3921041666666667,42104.166666666664,13.740098893851997,0.02312317179663201,0.014887927644644474,0.0005277390227432599,7.122546627542197
0.3921057843943052,42105.78439430518,13.740136244407896,0.02304455452981842,0.01493038129545837,0.0005307530610185075,7.122565874141124
0.39210833333333334,42108.33333333331,13.740194716796879,0.022813429836018043,0.014927402729143693,0.0005305413148524918,7.122596082280798
0.3921541666666667,42154.16666666666,13.740837440219998,0.00043223443829240344,0.0023642516104394095,1.3308775422536525e-5,7.122943091095876
0.3921551529695696,42155.152969569564,13.740837511589776,-0.00028799657647504007,0.0019131590462684693,8.714708419806854e-6,7.12294369441526
0.39215833333333333,42158.3333333333,13.740832883103394,-0.0026258051667887423,0.00043846024803005645,4.577318788156634e-7,7.122943166729784
0.39215863707053245,42158.637070532415,13.74083205152107,-0.0028498789553722073,0.0002962771462079451,2.0900035086934306e-7,7.122942917704736
0.3921625,42162.49999999999,13.74081553439984,-0.005701200254453833,-0.0015257754461257104,5.542835028571692e-6,7.122936712433314
0.39216573410444044,42165.73410444041,13.740793251133933,-0.008075269079439364,-0.003061211127180725,2.231193705994068e-5,7.122927180570458
0.39216666666666666,42166.66666666663,13.740785403361961,-0.00875482030004759,-0.003503872750262918,2.9231248214369108e-5,7.122923700029881
0.39216895496746135,42168.954967461315,13.740763473501088,-0.010408544078477855,-0.004587201708147319,5.010099883626115e-5,7.122913779940894
0.3922170053812967,42217.00538129669,13.739623801880976,-0.03136986157749292,-0.020111975460320824,0.000963075135515588,7.122344776832062
0.3922195696473734,42219.56964737339,13.73954331145947,-0.03138717705107185,-0.02028232760826796,0.0009794590790693065,7.122303254782671
0.39222083333333335,42220.83333333332,13.739503669182646,-0.03134832516463985,-0.020335760397207806,0.0009846265498396319,7.122282757921459
0.3922221339134501,42222.13391345009,13.73946294178621,-0.03127576059995205,-0.02036962424896073,0.0009879085524853548,7.1222616676439054
0.3922246981795268,42224.698179526786,13.739383022109873,-0.031036381496298376,-0.020373470280816142,0.0009882816459126159,7.122220185847818
0.39222500000000005,42225.000000000015,13.739373660163933,-0.030999846860748078,-0.020368430466422865,0.000987792761108341,7.122215318164022
0.39224729767572986,42247.297675729824,13.738747074125452,-0.02378815808290163,-0.016920914771376534,0.0006817079921433061,7.121884877460534
0.39225000000000004,42250.00000000001,13.7386846683495,-0.02238257586744437,-0.016125442028803526,0.0006191187633911981,7.121851315958394
0.39225026275797203,42250.262757972,13.738678805748117,-0.022240864510937562,-0.016044317187760827,0.0006129050333844702,7.121848154240593
0.39228293658656654,42282.93658656651,13.738292167042458,-0.0005617185100640165,-0.002495424167612513,1.4826528038820482e-5,7.121628967796803
0.3922833333333334,42283.33333333334,13.73829199906116,-0.0002851689973763852,-0.002311687601442654,1.2723570396818311e-5,7.121628647140301
0.3922861682279848,42286.16822798475,13.738293973315958,0.0016720922297349453,-0.001003960328743785,2.3998484325984015e-6,7.121628023561352
0.3922875,42287.49999999998,13.738296804514757,0.0025780744498478236,-0.00039417992888079973,3.699471817439817e-7,7.121628732532855
0.3922904452794302,42290.445279430154,13.73830730610551,0.0045436702869871325,0.0009389324953248985,2.0990338828024773e-6,7.121632538542947
0.3923319245546997,42331.92455469964,13.738924694607153,0.020938275314140234,0.013344630643535145,0.00042399801669613626,7.121939159023546
0.39233333333333337,42333.333333333336,13.73895423355221,0.02099101591143254,0.013455149599087,0.0004310501207947882,7.121954405844559
0.39233715902932564,42337.15902932561,13.739034539177224,0.020945179544401105,0.013632640350765874,0.00044249734031745215,7.121995995740502
0.3923375,42337.49999999997,13.73904167795001,0.020927702259315045,0.013639725615781402,0.0004429574163661984,7.121999702719806
0.3923416666666667,42341.666666666664,13.739128178074715,0.020538371337126625,0.013610803393175051,0.0004410808785896797,7.122044750119766
0.39238333333333336,42383.33333333333,13.739673069768758,0.0018266891505914022,0.0030955412719487507,2.281518039604307e-5,7.122340913616423
0.3923855772297452,42385.57722974518,13.739675482956931,0.00032092834606232924,0.002152709253560773,1.1033707453252814e-5,7.12234335139096
0.3923875,42387.49999999996,13.739674848195683,-0.0009829517080097,0.0013303044723269799,4.213595212126581e-6,7.122344058009234
0.3923891462532631,42389.14625326307,13.73967230594919,-0.002106464311324422,0.0006172981843117276,9.072786865584657e-7,7.122343638377672
0.3923916666666667,42391.666666666664,13.739664820984625,-0.0038339924256014122,-0.0004868316873311958,5.642978375946173e-7,7.122341149735911
0.3923942905000875,42394.290500087474,13.739652398852616,-0.005634278568396822,-0.0016475284133500067,6.462737792370453e-6,7.122336173317706
0.3924164879900512,42416.48799005115,13.739365312887244,-0.019708492694548503,-0.011130822289491886,0.00029498858295297467,7.1221991828622295
0.3924166666666667,42416.66666666666,13.739361782756315,-0.019805638412190983,-0.011199579283556256,0.00029864422887776774,7.122197436331146
0.39241913686079927,42419.13686079923,13.739311232294574,-0.02111070878559525,-0.012129832377621871,0.00035031627026000923,7.122172353316543
0.39245,42449.999999999985,13.738486568015398,-0.029727865660230036,-0.019262905371772932,0.0008834750556235204,7.121751730082525
0.3924509233097762,42450.923309776175,13.73845911648501,-0.029732863176224693,-0.019319833280953273,0.0008887046619138801,7.121737457983419
0.3924535721805243,42453.57218052426,13.738380424804003,-0.029661158649201946,-0.01942724942533428,0.0008986143338908357,7.121696460124218
0.3924541666666667,42454.16666666668,13.73836280132167,-0.029627575538522438,-0.01943992839753362,0.0008997876573838905,7.121687260872942
0.39245622105127237,42456.22105127234,13.7383020915288,-0.02946240866861078,-0.01945141291811382,0.0009008511059784885,7.121655521537336
0.39245833333333335,42458.33333333332,13.738240107284307,-0.029213691149282104,-0.019410939324744268,0.0008971061082592938,7.121623035726028
0.3924973933887645,42497.39338876446,13.737359249767282,-0.012613865537470655,-0.010184713573725603,0.0002469723585210251,7.121148837325279
0.3925,42499.999999999985,13.737328526625674,-0.010954149444369862,-0.009139399052218373,0.00019887765484688118,7.12113132504941
0.39250040753901955,42500.407539019514,13.737324115781545,-0.010691984293724754,-0.008973273835042435,0.00019171343647299323,7.121128790157201
0.3925155326323453,42515.532632345254,13.737237224885382,-0.0007906826270080201,-0.0025148368737058766,1.5058105955597015e-5,7.121074791456457
0.3925166666666667,42516.66666666665,13.737236743293554,-5.9453954686325425e-5,-0.0020240076985253205,9.753826580213724e-6,7.121073914086204
0.39251879294644487,42518.79294644484,13.737238062857022,0.0012972842136442556,-0.0011080944716344826,2.923507995397388e-6,7.121073446385726
0.3925208333333334,42520.83333333334,13.737242020447743,0.0025782076064610263,-0.00023695144699411496,1.3368092436334493e-7,7.121074426371481
0.39252277542618397,42522.775426183936,13.737248193294846,0.003774719825380147,0.0005826568618606827,8.083071873174731e-7,7.121076639646561
0.3925626223579577,42562.622357957654,13.737771037816376,0.018835134436153457,0.012010339962552226,0.0003434482524192357,7.1213372488802635
0.3925666666666667,42566.66666666664,13.737847622272811,0.01898981778276043,0.01231716010465852,0.00036122007867569404,7.1213770700479895
0.3925670630745525,42567.06307455249,13.737855150025231,0.01898955302002427,0.01233717443243048,0.00036239493565765784,7.1213809958646594
0.39257083333333337,42570.833333333336,13.737926559729038,0.01884957450771346,0.01243717928241916,0.0003682938773881819,7.1214183399638475
0.39257242088437844,42572.4208843784,13.737956384573165,0.01871653942475399,0.012430339283083017,0.0003678888921251353,7.121433992890887
0.39258313650403026,42583.136504030226,13.73814786009744,0.01670289414227916,0.011635519506620987,0.0003223459861641844,7.121535354217916
0.39258333333333334,42583.33333333331,13.738151142359879,0.016648368814510293,0.011609002677279713,0.00032087843609782753,7.121537106840035
0.39258742567692223,42587.4256769222,13.738216764344925,0.015379825667868986,0.010964477553933353,0.00028623754293025783,7.121572282770894
0.39261666666666667,42616.666666666635,13.738469113189064,0.00048898633309732,0.0021246762958954083,1.0748212767475789e-5,7.121715432328041
0.3926181814810324,42618.181481032356,13.738469136782827,-0.00045909544105414814,0.0015246207458260795,5.5344486157220725e-6,7.121716202307251
0.39262083333333336,42620.83333333333,13.738465701993452,-0.0021341209636843474,0.00045673295320498196,4.966785489127244e-7,7.121715755816259
0.3926223513800809,42622.35138008086,13.738461730349826,-0.003098973646797989,-0.00016281129077622188,6.311313429576064e-8,7.12171446266023
0.392625,42624.99999999997,13.738451287473374,-0.004787008032465904,-0.001254424204923023,3.7466192521351397e-6,7.121710383736092
0.3926662022016221,42666.202201622094,13.737768750839018,-0.025812832940093747,-0.01602898638023007,0.0006117342961371456,7.121371505288631
0.39266666666666666,42666.66666666663,13.737756732061273,-0.025939820344300424,-0.016134368834002353,0.000619804423027682,7.12136532702695
0.39266891423112454,42668.91423112451,13.737697778531807,-0.026506934337921124,-0.016615455351280353,0.0006573175155485497,7.12133496876676
0.39267083333333336,42670.83333333332,13.737646495603215,-0.02692796635707803,-0.016987448885255888,0.0006870795705456703,7.121308491038464
0.3926824743786366,42682.474378636594,13.737323523772986,-0.028183939518811374,-0.01842794204238758,0.0008085453521847517,7.121140366758928
0.3926833333333334,42683.33333333335,13.737299313047393,-0.028186515119283762,-0.01847640736287118,0.0008128038786637153,7.121127672298287
0.39268518640813904,42685.18640813901,13.737247106534083,-0.028149655403640197,-0.018553196358706007,0.0008195740360111949,7.1211002559233245
0.3926875,42687.49999999999,13.737182109462802,-0.028022524966814424,-0.018595595706791413,0.0008233242373581885,7.121066040383225
0.39268789843764146,42687.89843764142,13.737170950311084,-0.02799157837884407,-0.018596893098430548,0.0008234391259867945,7.121060156782563
0.3926906104671439,42690.610467143844,13.737095389506418,-0.027710797658356844,-0.018558832987938364,0.0008200720997004503,7.1210202456430975
0.3927488972168792,42748.89721687919,13.736128442924846,-0.0006975606357596544,-0.0023274690198401057,1.2897885805513003e-5,7.120487474229785
0.39275000000000004,42750.00000000001,13.7361280359933,-4.123009709354665e-5,-0.0018817945989062935,8.431311696364043e-6,7.120486690117384
0.39275242035355235,42752.42035355231,13.73612966279454,0.0013809908168942399,-0.0009100233882626975,1.9717680171074294e-6,7.12048631680823
0.3927541666666667,42754.16666666665,13.736132956875254,0.002388827125344924,-0.0002162247548435376,1.1131701096939987e-7,7.120487183892307
0.3927568132545176,42756.813254517576,13.736141264195297,0.003881456518087947,0.0008196279613133802,1.599499988016019e-6,7.120490279859108
0.392796356442275,42796.35644227498,13.736622137582062,0.017023625737047226,0.010998053693540677,0.0002879932977285803,7.120732451673196
0.39280000000000004,42800.00000000001,13.73668434496315,0.017086900362521903,0.011214007437918576,0.00029941419718498374,7.120765114060241
0.3928012804373964,42801.280437396395,13.736706207938802,0.017057890581525032,0.011256073801808816,0.0003016647557899209,7.1207766327215145
0.3928041666666667,42804.16666666664,13.736755238397357,0.016895121264887857,0.011286110424717897,0.0003032768774260142,7.120802539462391
0.3928066663048014,42806.66630480134,13.736797179461377,0.016645948441415155,0.011239720669453751,0.00030078885887463306,7.1208247843440216
0.39283148990369016,42831.489903690126,13.737135480153217,0.009207144154609543,0.007352255071901581,0.00012870393962452983,7.121008413028582
0.39283333333333337,42833.333333333336,13.737151667086481,0.008348991200285039,0.006844346302780002,0.00011153589598185305,7.12101759563674
0.3928358229020271,42835.82290202709,13.737170957647969,0.007138655591950016,0.006119369812435506,8.91587783365404e-5,7.121028689130217
0.39284583333333334,42845.83333333331,13.737216200323424,0.0017871492837924542,0.00281839320714969,1.8912714928827417e-5,7.121056728179791
0.392848821897038,42848.82189703798,13.737218997429949,7.85638158611834e-5,0.0017373767511121698,7.186852322154947e-6,7.121059572007198
0.39285000000000003,42850.0,13.737218688245642,-0.0006042028043710491,0.0013021342490533295,4.037032387042091e-6,7.121059960219949
0.39285335048865844,42853.350488658405,13.737213383825761,-0.0025664399654046766,4.12719508944243e-5,4.05565221578993e-9,7.121058760381138
0.39285416666666667,42854.166666666635,13.737211092808119,-0.0030477296086021187,-0.0002702153923985589,1.7384847211692178e-7,7.12105794693688
0.3929125,42912.49999999996,13.736183709479112,-0.02667376614209976,-0.01747436592417018,0.0007270320582185713,7.12053602622062
0.392915128421718,42915.128421717964,13.736113478339812,-0.026747979769926936,-0.01765720491284284,0.0007423259174621935,7.120498937080459
0.3929166666666667,42916.66666666666,13.736072333848519,-0.026741215077481287,-0.0177312435897918,0.0007485642839060305,7.120477157362596
0.3929180991548458,42918.09915484579,13.736034051898837,-0.026701630779392863,-0.01777816982248933,0.0007525317196125484,7.120456858845056
0.39292083333333333,42920.8333333333,13.73596124300615,-0.0265373485464551,-0.01780855228586426,0.0007551060345675268,7.120418161615808
0.39292106988797365,42921.069887973616,13.735954967781455,-0.026517688714368035,-0.017807526778668543,0.0007550190713642794,7.12041482074737
0.39298149694325,42981.496943249986,13.734967815649874,-0.001214747421642823,-0.002564202606347099,1.5655083348564895e-5,7.119867987526918
0.39298333333333335,42983.33333333332,13.734966515651491,-0.00020316740986741608,-0.0018702975981154273,8.328602632181753e-6,7.119866403329695
0.39298504188463135,42985.04188463131,13.734966963836227,0.0007256487960367726,-0.0012291428839999344,3.5971243554468478e-6,7.119865824131683
0.39298750000000005,42987.500000000015,13.734970365839986,0.0020370488557103937,-0.0003170617272141959,2.393527115810695e-7,7.119866482780936
0.3929890915437324,42989.09154373237,13.734974271223889,0.002868079208296326,0.00026526627409152243,1.6753856231047307e-7,7.119867832859607
0.3929916666666667,42991.66666666665,13.734983353363106,0.004178168634291827,0.0011906115887000482,3.3751332265401255e-6,7.119871520535756
0.39299731426414153,42997.314264141496,13.73501468779304,0.006874543079826518,0.0031271923536901666,2.3284123849948203e-5,7.119885846400551
0.393,42999.999999999985,13.73503475528671,0.008057644913004808,0.003993198131630135,3.7965788853462844e-5,7.119895497399188
0.3930014256243461,43001.425624346055,13.735046671885204,0.008656605799186623,0.004436218113136406,4.685721701742746e-5,7.119901318689625
0.3930291666666667,43029.16666666667,13.735402304995898,0.015247572314168088,0.009936786848643133,0.0002350946020842074,7.1200846418410215
0.3930304840908579,43030.484090857855,13.735422422362657,0.015288522509064774,0.010023193395294262,0.00023920096628445364,7.1200952832856705
0.39303333333333335,43033.333333333314,13.73546601083113,0.015287616239533345,0.010150596304601094,0.0002453204889023367,7.120118410631591
0.3930362460912306,43036.246091230576,13.735510385667437,0.01516046699819564,0.010196400338464855,0.000247539475862491,7.120142054096901
0.39303750000000004,43037.50000000001,13.735529339143472,0.015066658125160155,0.010189786873099347,0.00024721846790282803,7.120152183566205
0.39307658009383967,43076.580093839635,13.735920635293908,0.0020992851304827437,0.0028992535881000947,2.0013503257407796e-5,7.12037007180302
0.3930791666666667,43079.16666666667,13.735924328035432,0.0007508318214146713,0.0020448169530194343,9.955419931799244e-6,7.120373123343653
0.3930823420942124,43082.342094212356,13.735924033977257,-0.000942002314003954,0.000960621844872761,2.197129354397016e-6,7.1203743446137855
0.39308333333333334,43083.33333333331,13.735922835260611,-0.0014770670582353908,0.0006153634687215076,9.01600472945157e-7,7.120374145261835
0.39308750000000003,43087.5,13.735911958068936,-0.0037489224406822125,-0.0008638672954325348,1.776825485995053e-6,7.1203702346795765
0.39314583333333336,43145.83333333333,13.734911216319878,-0.025367000892530377,-0.01681436437870308,0.0006731496415709501,7.119855736842792
0.39314797659390416,43147.976593904124,13.734856786996641,-0.025413026273999953,-0.016947423312940493,0.0006838456117809498,7.119826700564629
0.39315,43149.99999999996,13.73480537404096,-0.02539530552684815,-0.017032410131691333,0.0006907214164146228,7.119799209992107
0.39315079548504117,43150.79548504114,13.734785181080724,-0.025372093411309315,-0.017054961089111823,0.0006925516613121863,7.1197883958962445
0.3931536143761782,43153.61437617815,13.734713852557661,-0.02521635072534725,-0.017085340808780606,0.0006950211203623427,7.11975012000398
0.3931541666666667,43154.16666666666,13.734699937723141,-0.025172472369993797,-0.017082234893806714,0.0006947684499218754,7.119742639044398
0.3931653092266102,43165.30922661016,13.73442785985266,-0.023380056219440747,-0.01639208839504666,0.000639763242740532,7.119595391971
0.39316666666666666,43166.66666666663,13.734396345314174,-0.02304834283552456,-0.016228097557538384,0.0006270265484213886,7.119578208326312
0.39316857745260436,43168.57745260433,13.734352781239108,-0.022542172423389188,-0.015968966957026303,0.0006071616801776142,7.119554405901987
0.3932166666666667,43216.66666666668,13.733752946592924,-0.0005207152322209168,-0.0019763289761566757,9.299705290467844e-6,7.119212450259899
0.39321773223989875,43217.73223989872,13.733752677921327,1.56497905983996e-5,-0.0016022716233098611,6.11255798777147e-6,7.119211824857851
0.39322083333333335,43220.83333333332,13.733755112872176,0.0015468474976613432,-0.0005263327539743777,6.595861140625068e-7,7.119211762999885
0.39322144981479196,43221.44981479192,13.73375615858261,0.00184531119593287,-0.00031515530645475465,2.3648301711092934e-7,7.119212058322199
0.39322500000000005,43225.000000000015,13.733765705226006,0.0035195835716754563,0.0008789498802236331,1.839411647488426e-6,7.119215695692702
0.39324966585710486,43249.665857104825,13.733970618468247,0.01204309724826424,0.007384403682981171,0.0001298319470314902,7.119318212964031
0.39325000000000004,43250.00000000001,13.733974654002882,0.01211120725311071,0.007443306803984906,0.00013191146709106666,7.119320318873957
0.39325353508824734,43253.53508824731,13.734018631857285,0.012742047262325926,0.008008688189405892,0.00015271211075030812,7.119343361818022
0.3932625,43262.49999999998,13.734137456845787,0.013582495317267646,0.008946151716949104,0.00019055626319683665,7.1194063360472315
0.3932666007395356,43266.600739535585,13.734193261318985,0.013595171111351112,0.009127698489543054,0.00019836876122858698,7.119436220940471
0.3932666666666667,43266.66666666668,13.734194157553068,0.013593458849610237,0.00912932620905056,0.00019843951674108925,7.119436702437097
0.39327083333333335,43270.833333333314,13.73425040006968,0.013362892936903029,0.009149074723370558,0.0001992989721281382,7.11946701669048
0.3932718839833931,43271.88398339305,13.734264390728121,0.013266970629880491,0.009128259395926368,0.00019839314190313813,7.119474588307434
0.3933088666903953,43308.86669039524,13.734584175951769,0.0016713764782145199,0.0025182411662001093,1.5098901359868776e-5,7.119655248657876
0.3933125,43312.49999999998,13.734587080171956,-8.230587360205981e-5,0.0013961612716990026,4.641110229981371e-6,7.119658242074484
0.39331414993425273,43314.1499342527,13.734586274472813,-0.0008958891563439398,0.0008704214050693119,1.8038891009591308e-6,7.119658479394474
0.3933166666666667,43316.66666666667,13.73458244177363,-0.0021526956978374953,5.2127126974750434e-5,6.469612777718463e-9,7.119657461804424
0.39332010027384096,43320.10027384092,13.7345720751563,-0.0038887160459855187,-0.0010900535615430895,2.8290875405542237e-6,7.119653342797453
0.3933320009530174,43332.00095301737,13.73448987384578,-0.009896201324196543,-0.005147998226444386,6.309972795112985e-5,7.119614289693563
0.39333333333333337,43333.333333333336,13.734476252121077,-0.010549919778183295,-0.005599950082340687,7.466533553501777e-5,7.119607534248956
0.39333553897431844,43335.53897431841,13.734451802686824,-0.011616527822683928,-0.006342215889649094,9.577071997837487e-5,7.119595319086943
0.39337916666666667,43379.166666666635,13.73359892927086,-0.02413972528345348,-0.016189845529431656,0.0006240740434925197,7.119147140349745
0.39338009707232874,43380.0970723287,13.733576458310054,-0.02416191308266691,-0.01624646252862973,0.0006284465349861188,7.119135029819506
0.39338325246284483,43383.2524628448,13.733500200789369,-0.024150563166817296,-0.01638037136027961,0.000638848966430163,7.119093840160865
0.39338333333333336,43383.33333333333,13.733498247803764,-0.02414851621095018,-0.016382618951549938,0.0006390242945516268,7.119092783420399
0.39338640785336093,43386.4078533609,13.733424189658372,-0.024005888475727603,-0.0164239499548397,0.0006422526955216167,7.119052642501331
0.3933875,43387.49999999997,13.733398014457673,-0.023924972707775983,-0.016417923668741164,0.0006417814704585985,7.119038422705166
0.39341396099958764,43413.96099958761,13.732831742543791,-0.017552631935792064,-0.013117840555340406,0.000409708906750794,7.118725958515842
0.3934166666666667,43416.66666666666,13.732785664270043,-0.016498222072080227,-0.012477290225356565,0.00037067326516137736,7.118699989297457
0.3934174921400321,43417.492140032045,13.732772182511717,-0.016165241032065313,-0.012272730981841139,0.0003586188708396271,7.118692367166129
0.39345,43449.999999999985,13.732488198029023,-0.0009721756185712198,-0.0021883875235653933,1.1402476079277799e-5,7.118524171917819
0.393452940373809,43452.94037380898,13.732487343403259,0.0003847435560300747,-0.0012281066950719656,3.591062034477585e-6,7.118522467156998
0.3934541666666667,43454.166666666686,13.732488155828369,0.0009390284705786447,-0.0008328184636324076,1.6513966508739139e-6,7.118522402499753
0.3934570452268258,43457.04522682575,13.732492697489707,0.0022087520991553897,7.976174771991247e-5,1.5147467617464195e-8,7.118523712116076
0.39345833333333335,43458.33333333332,13.732495899482881,0.0027611478559635416,0.00048005369257228173,5.48694161314959e-7,7.118524948560157
0.3934958333333334,43495.83333333334,13.732820151581738,0.012002137150488423,0.007984858001808896,0.00015180466025964653,7.118692466293177
0.3934986546122052,43498.654612205144,13.73285407196267,0.012026828773293112,0.00811347108070105,0.00015673431661279111,7.118710807515429
0.3935,43499.999999999985,13.732870238902619,0.012002413502249728,0.008150165872174448,0.00015815524700942167,7.1187195789277595
0.3935041666666667,43504.16666666668,13.732919861273913,0.011779288514009863,0.008162607324024941,0.00015863847220529904,7.1187466228438145
0.39350620779525025,43506.207795250215,13.73294371944023,0.01158936825593113,0.00811296840522933,0.00015671489605773652,7.118759692783773
0.3935416666666667,43541.66666666664,13.733204442026393,0.0011266188649574703,0.0020638754886370303,1.0141861982373195e-5,7.118909407337301
0.3935458333333334,43545.833333333336,13.733205285178114,-0.0007337061779707684,0.0008609923799261575,1.7650187578354968e-6,7.118911406968571
0.3935463109582943,43546.310958294256,13.733204882839576,-0.0009511683168729938,0.0007191416915144833,1.2313446963674102e-6,7.118911369873778
0.39355,43549.99999999998,13.733198246013725,-0.002652900252339822,-0.00039938052505168097,3.7977334235846764e-7,7.118909193089798
0.3935531773686949,43553.17736869485,13.733187456555807,-0.004140992276347623,-0.0013894065912810304,4.596311133083744e-6,7.118904592731705
0.3935813239203454,43581.32392034536,13.732890005373593,-0.016498477035476085,-0.010076291294568307,0.00024174201488807868,7.118753730888029
0.39358333333333334,43583.33333333331,13.732856125871416,-0.017216784478238285,-0.010616262332939101,0.0002683452998137657,7.118735947189402
0.39358425099004635,43584.25099004631,13.732840180874543,-0.01753356079781004,-0.010856445274887395,0.0002806247714443449,7.1187275577602245
0.39361250000000003,43612.5,13.732246718563395,-0.022990842547987594,-0.015602690770333208,0.0005796284744634311,7.11840910045053
0.3936135216870559,43613.52168705584,13.732223217006435,-0.023012387870983107,-0.0156603160014319,0.0005839178506302476,7.118396288189271
0.39361644875675683,43616.4487567568,13.732155846936696,-0.023002311196113755,-0.015776683848851815,0.0005926279839681471,7.118359483050128
0.39361666666666667,43616.666666666635,13.732150835039594,-0.022997308403737995,-0.01578244576819975,0.0005930609391099195,7.118356740400011
0.3936193758264578,43619.37582645775,13.732088661845182,-0.022886100690206905,-0.01582035910951633,0.0005959137198906102,7.118322664414922
0.39362083333333336,43620.83333333333,13.732055372855452,-0.022788923447963842,-0.01581490899655878,0.0005955032061177042,7.118304378627477
0.3936657717333835,43665.77173338349,13.73126886527882,-0.009386582926290004,-0.00791114170855428,0.0001490146741257789,7.117860744974238
0.39366666666666666,43666.66666666663,13.731260643039981,-0.008988228539833077,-0.00764455181269063,0.0001391408867069324,7.117855853054578
0.3936692012837753,43669.20128377527,13.731239298688228,-0.007852420799247367,-0.0068794473580669315,0.00011268284750574781,7.117843057816787
0.39367083333333336,43670.83333333333,13.731227082969657,-0.007116998310982929,-0.0063801953728736885,9.692117380009243e-5,7.117835654421594
0.39368333333333333,43683.3333333333,13.73117322400236,-0.0015386896806071663,-0.00249674151303835,1.4842186149831018e-5,7.117800826520285
0.39368648096765285,43686.48096765282,13.731170506002838,-0.0001948423623506858,-0.0015346940748141719,5.607823579213635e-6,7.117798077093656
0.3936875,43687.49999999999,13.73117052497196,0.00023127891571693356,-0.0012272761772261268,3.586206702825656e-6,7.1177976897457205
0.3936903411244703,43690.34112447029,13.731172841339808,0.0013923876164306413,-0.00038344117376971036,3.5006460414736475e-7,7.117797879794653
0.3936916666666667,43691.666666666686,13.7311750372451,0.0019191449108563847,2.5398765674939314e-6,1.535945947167799e-11,7.117798595684253
0.39369583333333336,43695.83333333332,13.73118637464992,0.0035039548142463076,0.0011771358037051156,3.299163572296401e-6,7.11780335035711
0.3937291666666667,43729.16666666665,13.731451765586282,0.010503606389057913,0.007051831178914369,0.0001184007689902591,7.117942450954184
0.39373162515107074,43731.62515107071,13.731477638233898,0.0105320048279708,0.007162880900575634,0.00012215919713293142,7.117956590237592
0.3937333333333334,43733.33333333334,13.731495614343775,0.010509256739026862,0.007210802178095816,0.00012379920964674136,7.117966449880282
0.3937375,43737.499999999985,13.731539055725243,0.010308362016484506,0.007226831983387857,0.00012435023932408967,7.1179903991354925
0.39373964200693706,43739.64200693703,13.731560950121454,0.01012558712611399,0.007179471396699247,0.0001227257369905301,7.118002537531819
0.3937476588628034,43747.65886280335,13.73163800334719,0.008977268483026742,0.006672762294911389,0.00010601370629616931,7.118045675902125
0.39375000000000004,43750.000000000015,13.73165848382883,0.008509285407406536,0.006429337653665207,9.841995872580294e-5,7.1180572770064
0.3937541666666667,43754.16666666665,13.731691974824509,0.00753746821608512,0.005894491341595336,8.272625756224377e-5,7.118076419904485
0.39377500000000004,43775.00000000001,13.731781113253579,0.0004950987292847609,0.0015522033087062923,5.736512170378004e-6,7.118131099915451
0.39377713161868233,43777.131618682295,13.731781243485543,-0.0003760335007077241,0.0009848093585830915,2.3091654113162858e-6,7.118131902066011
0.3937791666666667,43779.16666666665,13.73177961800008,-0.0012238734799551402,0.00042807618388444543,4.363076647834988e-7,7.118131723948636
0.3937833333333334,43783.33333333334,13.731770837464177,-0.0029981528502476106,-0.000750493524865695,1.341048883012704e-6,7.118128407452157
0.3938291666666667,43829.16666666664,13.731207079718782,-0.019883198630971714,-0.013031115195149254,0.00040430943626011847,7.11783311357594
0.39383333333333337,43833.333333333336,13.731122519114564,-0.020675726890405484,-0.013722379544106022,0.00044834214369642716,7.117787206493926
0.3938333531647806,43833.35316478054,13.731122109051874,-0.020679062490196957,-0.013725388224316655,0.00044853876644811977,7.117786983352473
0.39384583333333334,43845.83333333331,13.730854496657187,-0.02191605242354368,-0.015052616261169646,0.0005394791816810211,7.117640357449518
0.39385000000000003,43850.0,13.730763070790971,-0.02193516233245341,-0.015230508142157866,0.0005523056625436597,7.117589826594482
0.39385047578216276,43850.47578216272,13.730752636819984,-0.021924679167099913,-0.01524206496180302,0.0005531441530948174,7.117584045847978
0.39385416666666667,43854.166666666635,13.730671979577034,-0.021755677644173806,-0.015270582247624752,0.0005552159099558862,7.117539262044465
0.39385833333333337,43858.333333333336,13.730582045425205,-0.021380473029635968,-0.01517276242447749,0.0005481255228324668,7.117489120228202
0.39391407564204717,43914.07564204714,13.729816111239677,-0.0032538729908908885,-0.0036454472690057305,3.1641156645479375e-5,7.117046495990746
0.3939166666666667,43916.66666666666,13.729809044262886,-0.0022041369522714884,-0.0028934726658180186,1.9933771590085783e-5,7.1170415577759005
0.3939181958103121,43918.195810312085,13.729806141271014,-0.0015940405688577425,-0.0024531836057068096,1.4328832865020629e-5,7.117039358247483
0.39392083333333333,43920.8333333333,13.729803304327067,-0.0005617041191730937,-0.0017024737451090367,6.900992506632354e-6,7.117036791897232
0.3939223623126276,43922.362312627585,13.729802894186092,2.3468019751935587e-5,-0.0012735953125831995,3.862011952937852e-6,7.117036004175164
0.393925,43924.99999999999,13.729804260468187,0.0010066539908481391,-0.0005471578456865501,7.128135907055873e-7,7.1170358249504275
0.39392688809350923,43926.888093509195,13.729806807210707,0.0016876846372619243,-3.9334928620677465e-5,3.6838966895090265e-9,7.117036591628926
0.39392916666666666,43929.16666666663,13.72981156320157,0.002481517567837755,0.0005578867104700951,7.410418612360566e-7,7.117038480044538
0.39396250000000005,43962.500000000015,13.73003358501948,0.0090808215256214,0.006143558312670489,8.986502081233968e-5,7.117155504414676
0.3939666666666667,43966.66666666666,13.730071540242657,0.00910579022292215,0.006306600092728616,9.469810649905856e-5,7.117176513513182
0.39396714113133474,43967.141131334705,13.730075858513693,0.009096503077602566,0.0063167060682361165,9.500184655354995e-5,7.117178914259822
0.3939708333333334,43970.83333333335,13.730109201424385,0.008939907018698913,0.006336031760995357,9.558404399129029e-5,7.117197524088057
0.39397417810961494,43974.178109614906,13.730138686058233,0.008670291478368428,0.006263027274529151,9.339407295594297e-5,7.117214092532442
0.3939958333333334,43995.83333333334,13.73028632803969,0.004238972108909396,0.003827591033625191,3.4882031239733235e-5,7.117299669775267
0.394,43999.999999999985,13.730301312135785,0.002933557354758127,0.003014725468339639,2.1639451546322988e-5,7.1173090807549455
0.3940023260227357,44002.32602273568,13.730307237334092,0.0021556567134319235,0.0025213752151407036,1.5136507084585309e-5,7.117313024420514
0.3940041666666667,44004.16666666668,13.73031062089791,0.001517698440756407,0.002112477469867743,1.062514538261624e-5,7.117315440886092
0.39400833333333335,44008.333333333314,13.730313831121684,9.355210443606295e-6,0.001132265388419905,3.0524402614611396e-6,7.117318500195707
0.3940093630010159,44009.363001015874,13.730313643013616,-0.0003754582510085317,0.0008794214726588599,1.8413860156511378e-6,7.117318722579183
0.39401250000000004,44012.50000000001,13.730310596849616,-0.0015724050876593882,8.637455582719607e-5,1.7763247367489077e-8,7.117318050162879
0.39401662090208106,44016.62090208103,13.730300799819974,-0.0031894698943114646,-0.0009998076314389525,2.3800364282942094e-6,7.117313991790254
0.3940791666666667,44079.16666666667,13.729422201954229,-0.020908087633935365,-0.014537419015804428,0.0005031822658120766,7.116839491986543
0.39408316449239805,44083.16449239802,13.729338465773598,-0.020954561118269172,-0.014718303907251866,0.0005157820712052989,7.116792619555245
0.39408333333333334,44083.33333333331,13.729334927937138,-0.020952799112915796,-0.01472333904838538,0.0005161350303183564,7.116790635020161
0.39408750000000003,44087.5,13.729247850170086,-0.020814071125655427,-0.014780621918642583,0.000520159010242518,7.1167416808394774
0.3940916666666667,44091.66666666664,13.729161728998893,-0.020494225058885925,-0.014708908882826457,0.0005151238107697407,7.116693056529833
0.3941566583665767,44156.658366576674,13.72838516151133,-0.000544840541788523,-0.001597716117124173,6.0778495021865334e-6,7.116236466142705
0.39415833333333333,44158.3333333333,13.728384735299453,3.377205041881146e-5,-0.001164795227240932,3.2303521938172726e-6,7.116235657659069
0.3941625,44162.49999999999,13.72838777993289,0.0014123345365728405,-0.0001209917493171831,3.485477000674305e-8,7.1162360217985965
0.394164013057933,44164.01305793299,13.72839027920525,0.0018889960402306825,0.0002444352696689314,1.4225857394791236e-7,7.116236963532678
0.39416666666666667,44166.666666666635,13.728396365561434,0.0026907165114025216,0.0008651221050291067,1.7819910871666495e-6,7.116239608954966
0.39417083333333336,44170.83333333333,13.728410041585665,0.0038532434286149666,0.001781224044122532,7.554188322286259e-6,7.116246178506862
0.3941984131040849,44198.413104084844,13.728586811833404,0.007780356613900511,0.005377956160095969,6.886288680931948e-5,7.1163417844726675
0.39420000000000005,44200.000000000015,13.728599162334918,0.00778099550713005,0.005430529029450681,7.021582271358705e-5,7.116348717415369
0.3942041666666667,44204.16666666666,13.728631394390554,0.0076611236438848505,0.005482284312429783,7.156057448169927e-5,7.116366918362284
0.39420783471865006,44207.83471865003,13.728659078497659,0.00741126537347655,0.00542439625034408,7.005732066844504e-5,7.11638268002775
0.3942375,44237.499999999985,13.72880159098942,0.0010268584476214391,0.0016967241463712354,6.854459116379042e-6,7.116468218335278
0.3942416666666667,44241.66666666668,13.728803029004473,-0.00034997939162631074,0.0007927542465404331,1.4963316557330711e-6,7.1164702093764705
0.3942455211769108,44245.52117691078,13.728799119406338,-0.001687600008711798,-0.0001006672214211922,2.4128308258722235e-8,7.116469161398109
0.39424583333333335,44245.83333333332,13.728798575360496,-0.0017981663032054322,-0.00017513074518285754,7.302566168643567e-8,7.116468950598606
0.39425000000000004,44250.000000000015,13.728787970443102,-0.0032995001860648718,-0.001194852661176751,3.3992211474313424e-6,7.116464279050662
0.39425412378303315,44254.123783033116,13.728771238835462,-0.004819250243904557,-0.002242716869832637,1.1975664186266432e-5,7.116456176794376
0.39431434202588955,44314.34202588952,13.727912955263092,-0.020013780839198827,-0.014157183697341584,0.0004772044053339865,7.115984005788299
0.3943166666666667,44316.66666666667,13.727866391655338,-0.02003832647282769,-0.014255685833706119,0.00048386804426030797,7.115957556358177
0.39432083333333334,44320.83333333331,13.727783022943415,-0.01995053702813728,-0.014338865854364488,0.000489531128546333,7.115910046769278
0.39432452420890646,44324.52420890643,13.727709749833288,-0.019732704227908987,-0.014311710145488748,0.0004876786840202037,7.115868125626443
0.3943324845200418,44332.48452004179,13.727555884122848,-0.018828705560629686,-0.013933574797140474,0.00046224882530359094,7.115779572896854
0.39433333333333337,44333.333333333336,13.727539956838523,-0.018698617756800456,-0.013867998780980387,0.0004579080718792226,7.1157703637950735
0.3943375,44337.49999999997,13.727463511367018,-0.01797088029116735,-0.01347792413697228,0.00043251056914757135,7.115726043482895
0.3943918083629099,44391.80836290985,13.726917499026259,-0.0009468079277301238,-0.0018139365449915436,7.834204260132996e-6,7.115396777504786
0.39439583333333333,44395.8333333333,13.726916226014199,0.00030169632714650157,-0.0008586304220750665,1.755348099316207e-6,7.115394785767131
0.39439599974346856,44395.99974346853,13.72691628037693,0.00035163827429429267,-0.0008200762321141301,1.6012500630440682e-6,7.115394766356147
0.39440000000000003,44399.99999999999,13.726920027974325,0.001507278369223677,8.039614020793106e-5,1.5389379429365022e-8,7.115395741790258
0.39440075585637474,44400.75585637471,13.726921246115896,0.0017153575857806478,0.00024439066729448034,1.4220666252533663e-7,7.115396228274312
0.3944125,44412.49999999996,13.726958433562686,0.004454142750811821,0.002481000240909339,1.465562427474333e-5,7.115414722155199
0.3944166666666667,44416.66666666666,13.726978540816956,0.0051734639534301895,0.0031095441758677337,2.3022059480173676e-5,7.115425483001853
0.3944167068006525,44416.706800652464,13.72697874857366,0.005179689070806158,0.0031151259900652913,2.310478555709586e-5,7.115425595376183
0.3944328886736014,44432.888673601345,13.727076609805437,0.006518392606518413,0.004557376628623364,4.9451623178862996e-5,7.115480060936302
0.39443333333333336,44433.33333333332,13.72707950893996,0.006521098933977179,0.004573034276844511,4.97920059457019e-5,7.115481709195923
0.3944375,44437.49999999996,13.727106602193212,0.006456643542446366,0.0046551769012128895,5.159683805139534e-5,7.115497194528247
0.3944393746922419,44439.37469224185,13.727118634911495,0.006374936216910062,0.004653992108818249,5.157057749748221e-5,7.115504119994714
0.3944708333333334,44470.83333333335,13.727248845309575,0.0006446300491518958,0.0013483710170094643,4.32881999883604e-6,7.115583327618154
0.3944747998465877,44474.799846587644,13.727249075323382,-0.0005405782386845526,0.0005631077097961848,7.549768876950101e-7,7.115584490094327
0.394475,44474.999999999985,13.72724896095808,-0.0006022151501108493,0.0005218765068988052,6.484644963164252e-7,7.115584478476568
0.3944791666666667,44479.16666666668,13.72724372878763,-0.0019196354589877394,-0.00036771517572262814,3.219391677541031e-7,7.115582639278337
0.39448229414299196,44482.29414299193,13.72723612889205,-0.002944928104006848,-0.0010702398671478255,2.7271746981728454e-6,7.115579193960903
0.3944988626748007,44498.86267480069,13.727140733405735,-0.008586838677645809,-0.0050766573339525965,6.136297544374924e-5,7.115529607560266
0.3945,44499.999999999985,13.72713074925886,-0.008970019224891608,-0.005357256177336886,6.833379464193863e-5,7.1155242329578074
0.3945041666666667,44504.16666666668,13.72709048496811,-0.010349818767259676,-0.006377585775026517,9.68419055186204e-5,7.115502405926613
0.39454981629239344,44549.81629239341,13.726360946151104,-0.019174964021155524,-0.013812784829259324,0.0004542691065224203,7.115090744681153
0.39455,44549.99999999998,13.72635742335108,-0.01917730754820697,-0.013820501972897385,0.0004547768447210965,7.115088711925877
0.3945541666666667,44554.16666666667,13.726277522541734,-0.019149125547748974,-0.013937210362491629,0.0004624900778293906,7.115042508778216
0.39455833333333334,44558.333333333314,13.726198062520151,-0.01896605154060366,-0.013941344386498886,0.0004627644840546762,7.114996372568671
0.3945590320676109,44559.03206761086,13.726184826000393,-0.01892035464088606,-0.013930970379980435,0.0004620760374473625,7.114988668747887
0.3945791666666667,44579.16666666667,13.725829079219933,-0.015888924271035037,-0.012322884570102544,0.00036155591459064617,7.114779443777337
0.39458333333333334,44583.33333333331,13.725764903330772,-0.014897909624621865,-0.011700713523010888,0.0003259683260656426,7.114741173671682
0.3945838221452301,44583.82214523004,13.725757651062036,-0.01477490222151984,-0.011622089779718648,0.0003216023115424777,7.114736836128149
0.3946307712249501,44630.77122495007,13.725397087914331,-0.0003978874844208648,-0.0013048722665788056,4.05402769544407e-6,7.114512250826063
0.39463333333333334,44633.3333333333,13.725396962800218,0.00029482527712334605,-0.0007582760526879756,1.369006124000137e-6,7.114511452717544
0.39463511285746566,44635.11285746563,13.725397900430726,0.0007561568820311166,-0.0003905495197648633,3.6316411282991745e-7,7.114511514741013
0.39463750000000003,44637.5,13.725400417761481,0.0013474970034385951,8.575174230770714e-5,1.750800311620812e-8,7.114512358764211
0.3946405049484183,44640.50494841826,13.725405526915727,0.0020437293186623086,0.0006549148763119534,1.0212226076540505e-6,7.114514598792607
0.3946625,44662.49999999999,13.72549161812401,0.005161473256558392,0.003493714757620298,2.9062006684794893e-5,7.114561271707297
0.39466666666666667,44666.666666666635,13.725513484396902,0.005309540965633757,0.0037216766918550413,3.297827952070734e-5,7.11457377205579
0.3946677717684887,44667.77176848868,13.725519360828647,0.005323800708440771,0.0037640758341589637,3.3733968774522616e-5,7.114577155914398
0.39467083333333336,44670.83333333333,13.725535657038643,0.00530844061717958,0.0038415581247680107,3.513706863326456e-5,7.114586591733981
0.3946743955207793,44674.39552077929,13.725554386948174,0.0051894720680681515,0.003857480399192754,3.542894054799116e-5,7.114597531438511
0.394675,44674.99999999996,13.725557514687432,0.005158569275699777,0.003852252355824865,3.533297193561481e-5,7.11459936848711
0.3947041666666667,44704.16666666666,13.725652523735304,0.0003503530468405068,0.001053943794813196,2.644756006250572e-6,7.1146586326045815
0.3947042443836567,44704.24438365667,13.725652550182549,0.00033024419137691577,0.001040643164436677,2.578424275449478e-6,7.114658665659006
0.3947083333333334,44708.33333333335,13.725651682540253,-0.0007671303192628148,0.0003068228336823779,2.2414345540210505e-7,7.114659129414174
0.3947118401979717,44711.840197971644,13.725647259250541,-0.0017631577036830539,-0.000371268918949745,3.2819192899550547e-7,7.114657441289353
0.39474583333333335,44745.83333333332,13.725409684663063,-0.012142713102406609,-0.007956934483811575,0.00015074477709445185,7.114528448458368
0.39475000000000005,44750.000000000015,13.725356728205972,-0.013263618060219938,-0.008838435618155454,0.0001859951051816166,7.114498576151332
0.39475337065784427,44753.370657844236,13.725310578227159,-0.014110094756423117,-0.009516624410985929,0.0002156336670946983,7.114472409141283
0.3947833333333334,44783.33333333334,13.724807909887316,-0.018352752607695727,-0.013408295214482783,0.00042805328704457595,7.114181862887364
0.3947875,44787.49999999998,13.724731309829004,-0.01839142682922479,-0.013565868246476322,0.00043817328876370135,7.114136860550864
0.3947883799536015,44788.37995360146,13.724715130209608,-0.018381295747119865,-0.013585723142245364,0.00043945684118509816,7.114127332221132
0.3947916666666667,44791.66666666667,13.724654846430216,-0.018287284430981824,-0.013618335403711577,0.0004415691884952004,7.114091759882013
0.39479583333333335,44795.833333333314,13.724579111775016,-0.018042099132194664,-0.013565516346521516,0.00043815055654224393,7.1140469095075485
0.3948305338442085,44830.53384420848,13.724047904788225,-0.011376363187340026,-0.009441975528557769,0.00021226405209972323,7.113726191765332
0.39483333333333337,44833.333333333336,13.724017163736391,-0.01058197174833561,-0.008885872400953777,0.00018799697220483818,7.1137071458413565
0.3948346560675171,44834.65606751708,13.724003418982297,-0.010199693222143516,-0.008615824499244425,0.00017674388524233436,7.113698599283735
0.39486771568027784,44867.71568027781,13.723827463283222,-0.0006864031328606121,-0.0014460101894553509,4.978441590496905e-6,7.113584101772043
0.39487083333333334,44870.83333333331,13.723826501676923,6.167951235017492e-5,-0.0008397655076235202,1.6790621614147344e-6,7.113582717414258
0.3948721723939779,44872.1723939779,13.723826790443578,0.00036806103914380954,-0.0005887015275630149,8.251654489405411e-7,7.113582554209981
0.39487500000000003,44875.0,13.72382871138769,0.000983275593988939,-7.88581972013977e-5,1.4806226823463165e-8,7.113583019434669
0.39487734202520836,44877.34202520832,13.723831576757824,0.0014582397714232422,0.0003208889400450246,2.451659805790938e-7,7.113584195553479
0.3949003585590085,44900.35855900848,13.72390334397012,0.004138147220351457,0.002878792245755053,1.9732011414808145e-5,7.113623598647655
0.39490416666666667,44904.166666666635,13.72391924821569,0.004195618961007258,0.00302496523633217,2.178670162147177e-5,7.113632888019337
0.3949067443335616,44906.74433356157,13.723930040828915,0.004169593202638065,0.0030757553967490866,2.2524455382455072e-5,7.113639255444849
0.39490833333333336,44908.33333333333,13.72393663549633,0.004127513185866628,0.0030875855529051426,2.2698058444067987e-5,7.113643171389162
0.3949125,44912.49999999996,13.723953455627399,0.003923724810374634,0.0030481195384673932,2.212150647806351e-5,7.11365325090224
0.3949166666666667,44916.66666666666,13.723969148654916,0.003587114801915185,0.0029073849794530537,2.0125922425593412e-5,7.113662791963485
0.39492083333333333,44920.8333333333,13.723983169939519,0.0031221702132539107,0.002667451454241401,1.6941183954129913e-5,7.113671467617216
0.3949375,44937.49999999996,13.724012545654473,0.00012184407560234628,0.0007979620063300603,1.516055627491179e-6,7.113691465182902
0.39493783669937277,44937.83669937273,13.724012573759646,4.5007001817313455e-5,0.0007468024782538336,1.3278903369668279e-6,7.113691550280249
0.3949416666666667,44941.66666666666,13.724011022991656,-0.000865761105840603,0.00013306915034723847,4.216047327175227e-8,7.113691446715664
0.39494538886655195,44945.38886655192,13.724006061002532,-0.0018091920565271626,-0.0005150538585854474,6.316201839137098e-7,7.11368935740428
0.39499646722083015,44996.46722083012,13.723553342799644,-0.015226099608918978,-0.010749795521836253,0.00027513834228878756,7.1134326982918195
0.395,44999.999999999985,13.723498461170614,-0.015830968023621043,-0.011281764093892978,0.0003030433358815544,7.113400539155457
0.3950041666666667,45004.16666666668,13.723431186837631,-0.016441614622507417,-0.01184036459329004,0.00033379579452865805,7.113360962328513
0.3950208333333334,45020.83333333334,13.7231442110466,-0.017656407994652235,-0.01321245476694407,0.00041564038325843584,7.11319041280805
0.3950233888507052,45023.38885070517,13.723099074873481,-0.017659843368609155,-0.013289921141949941,0.0004205285808553524,7.113163347090081
0.395025,45024.99999999998,13.72307063826268,-0.017636681286745965,-0.013319748954273646,0.0004224183623925569,7.113146262122476
0.3950291666666667,45029.16666666668,13.722997419845347,-0.01748657613536859,-0.013328768936870806,0.00042299066993450505,7.113102152118462
0.39503126194022614,45031.26194022611,13.722960905049922,-0.017362491482640352,-0.013296103496988534,0.00042091992429197793,7.1130800887569405
0.39508012711273854,45080.12711273851,13.72231061327428,-0.007495687711795871,-0.006717639542430476,0.0001074444786238703,7.112677350150937
0.39508333333333334,45083.33333333331,13.722288002885168,-0.006608733888620206,-0.0060486231375666746,8.710914728644505e-5,7.112662692371192
0.3950841678629851,45084.16786298508,13.722282583805683,-0.006378482122210436,-0.005873663984587009,8.214268715198699e-5,7.112659158959619
0.39510833333333334,45108.33333333331,13.722204643726183,-0.0003558609043063887,-0.0010830614694010117,2.7929098726216165e-6,7.112605244261119
0.39510871534545755,45108.71534545752,13.722204522746388,-0.0002776412600030127,-0.0010172795140386056,2.4639466897205282e-6,7.112605081838327
0.39511250000000003,45112.5,13.722204885732927,0.00045702321463505873,-0.0003920954555807736,3.6604487211212954e-7,7.112604459784448
0.39511339877235674,45113.398772356704,13.722205370185979,0.0006202663607004569,-0.00025112152082050406,1.501476624266735e-7,7.112604564786867
0.39511666666666667,45116.666666666635,13.722208320720261,0.0011752433006530182,0.00023522454676061828,1.3173949380651979e-7,7.112605706332459
0.395119319976826,45119.319976825944,13.722211984533672,0.0015793015701789032,0.000598007876890661,8.514605257697046e-7,7.112607448989708
0.39513750000000003,45137.5,13.722257912582975,0.0030940819694377313,0.0021848305138038758,1.136543898582978e-5,7.112633279622236
0.39514166666666667,45141.666666666635,13.722270886661974,0.003112575789695948,0.002305335754853778,1.2653745101445804e-5,7.112641015688811
0.3951441638717953,45144.16387179526,13.722278607646416,0.0030636489952090206,0.0023319412436669075,1.2947499914082769e-5,7.1126456797656425
0.39514583333333336,45145.83333333333,13.722283676928239,0.0030060024230293145,0.0023305969226282935,1.2932576228010649e-5,7.1126487671264425
0.3951625,45162.49999999999,13.722322821786097,0.0013840752814084827,0.0014965008393362515,5.3321780050812035e-6,7.1126737135453615
0.39516666666666667,45166.666666666635,13.722327210405833,0.0007060828785078065,0.001068384349908764,2.7177264741189814e-6,7.112676961819281
0.39516940534100914,45169.40534100911,13.722328472136349,0.0002087956157679935,0.0007438928878326921,1.3175634013525292e-6,7.112678168014315
0.39517083333333336,45170.83333333333,13.722328575517139,-6.568415907454557e-5,0.0005618237012852616,7.515377888711212e-7,7.112678477062166
0.395175,45174.99999999996,13.722326546204135,-0.0009215364501752152,-1.6815620262450313e-5,6.732502019307847e-10,7.1126780252126
0.39517750123262846,45177.50123262843,13.72232355898011,-0.0014712764583798483,-0.0003958182779494318,3.730288313306039e-7,7.112676720812071
0.3952468617269393,45246.861726939256,13.721638149576844,-0.016512348693240298,-0.012354386569725463,0.0003634068274147926,7.112274236374214
0.39525000000000005,45250.000000000015,13.7215859675047,-0.01673190554250089,-0.012605173576600213,0.00037831047832433384,7.112242548687738
0.3952541666666667,45254.16666666665,13.721515817761796,-0.01692019628331205,-0.012862466625623,0.0003939120183220608,7.112199805506704
0.3952558375823438,45255.83758234375,13.721487507736411,-0.01696222463321141,-0.012940629643470921,0.0003987140370701866,7.112182509615692
0.3952583333333334,45258.33333333334,13.721445131743824,-0.01698910720450355,-0.013030254139552897,0.0004042560070031796,7.112156570912406
0.3952625,45262.499999999985,13.721374408313904,-0.016938228956971564,-0.013107000192152184,0.00040903203342161285,7.112113147560761
0.3952663668454387,45266.366845438664,13.721309174836803,-0.01678474240505079,-0.013095902490611504,0.00040833967153239184,7.11207294633981
0.3953293450378881,45329.345037888044,13.720574581745536,-0.00448131374627427,-0.004424927279438253,4.6619003400754344e-5,7.111606053332914
0.39533333333333337,45333.333333333336,13.720558597236497,-0.0035409043068792253,-0.0036641352933789706,3.19663986861557e-5,7.111595059875004
0.39533349621983394,45333.496219833905,13.720558023529186,-0.0035033666926172834,-0.0036335201751556082,3.143444967443533e-5,7.111594660747971
0.39535000000000003,45350.0,13.720528985311482,-0.0001984036086424092,-0.000839375401118671,1.6775025333407853e-6,7.111572758985226
0.3953506270321628,45350.62703216275,13.720528892934393,-9.658134232823118e-5,-0.0007489409132493397,1.335505932235131e-6,7.1115725782119235
0.3953541666666667,45354.16666666664,13.72052951944913,0.0004394220834789756,-0.00026552120732263845,1.6786074175731322e-7,7.111572310239487
0.39535569838613516,45355.698386135125,13.720530355611514,0.0006501856854360184,-7.129193081099827e-5,1.2101284282762297e-8,7.111572566888018
0.39535833333333337,45358.333333333336,13.72053251411099,0.0009814883888498683,0.00024044123733386966,1.376475919301006e-7,7.111573487756427
0.39537500000000003,45375.0,13.720560520691151,0.0020846199674695557,0.0014790489888818854,5.208537884553637e-6,7.111589256416124
0.3953771284894784,45377.12848947839,13.720564975130367,0.002095936956353866,0.0015389529819765033,5.638991144605646e-6,7.111591950799368
0.39537916666666667,45379.166666666635,13.720569234194066,0.002078788963560738,0.0015745907186765148,5.9031807889100554e-6,7.111594556389727
0.39538333333333336,45383.33333333333,13.720577685572712,0.001958988795605715,0.001581090300803189,5.952015569747425e-6,7.111599814080644
0.39538580886015456,45385.80886015453,13.720582389153293,0.0018345075774123384,0.00154281909825686,5.667358976062168e-6,7.111602797268236
0.39540000000000003,45399.99999999999,13.720599623009916,0.00039554177912930346,0.0007366379718721215,1.2919892895330297e-6,7.111614638740397
0.39540416666666667,45404.166666666635,13.720599975307433,-0.00024114362231676047,0.00032204873101389234,2.469413932087105e-7,7.1116154271153995
0.3954042412108871,45404.24121088704,13.720599956877795,-0.0002533249941920419,0.0003139556312947212,2.3468604386111168e-7,7.111615426744302
0.3954166666666667,45416.666666666664,13.720582758866037,-0.0026186497984532877,-0.0013306972002392154,4.216083425534493e-6,7.111606973497887
0.39542083333333333,45420.8333333333,13.72056995749561,-0.0035341711720256654,-0.0019952685459058033,9.478801357812046e-6,7.111599912061189
0.3954916666666667,45491.66666666665,13.719777653361147,-0.01631609274446018,-0.012731741973467884,0.00038594584209277117,7.1111184420863545
0.3954958333333334,45495.83333333334,13.719709524844685,-0.016367386584277516,-0.012881555046837722,0.0003950820486302629,7.111075713791452
0.39549587191057756,45495.87191057752,13.719708893436643,-0.016367350947598273,-0.012882543939986899,0.0003951427103945075,7.111075317040872
0.3955,45499.999999999985,13.719641410098435,-0.01630955553494608,-0.012945958829233701,0.0003990425000195572,7.1110328335018185
0.39550386777011354,45503.8677701135,13.719578589580905,-0.016159161433625568,-0.01292896762706061,0.00039799572357519347,7.110993141397963
0.3955824011178754,45582.40111787537,13.71880789569918,-0.0017788086144108494,-0.002147403169375078,1.0979381837719356e-5,7.1104884427441695
0.39558333333333334,45583.33333333331,13.718806311328805,-0.0016209268320106181,-0.002007729931249611,9.597570182941828e-6,7.110487236845518
0.39559583333333337,45595.833333333336,13.71879765488274,0.00010994588156955997,-0.0004078162761310506,3.959859882795174e-7,7.1104794957909325
0.3956,45599.99999999997,13.718798976928241,0.0005087140762720984,-5.043807195034508e-6,6.057140719209969e-11,7.110479787528973
0.39560103639949057,45601.036399490535,13.718799548310216,0.0005928901611988081,8.383139035874663e-5,1.6732623832096564e-8,7.11048003090043
0.3956110849352245,45611.08493522448,13.718808478793727,0.0010856504573321865,0.0006970196035319887,1.1567531612092636e-6,7.110484903318385
0.39561250000000003,45612.5,13.718810031521622,0.0011069359723652628,0.0007458458413073572,1.3244905214178081e-6,7.110485830140868
0.39561666666666667,45616.666666666635,13.718814665201698,0.0010998748962738252,0.0008342601263226058,1.6571189485043102e-6,7.110488675170663
0.39562083333333337,45620.833333333336,13.718819053120246,0.0009891532428605713,0.0008395204912583523,1.6780825124825362e-6,7.1104914780663995
0.3956216926919248,45621.692691924785,13.718819888177734,0.000953548898770403,0.0008302593683585307,1.641263377969301e-6,7.110492025742597
0.39563300111718513,45633.0011171851,13.718826479586756,9.320209908684697e-5,0.00038513687276716166,3.5316764467825926e-7,7.110496868718818
0.39563333333333334,45633.33333333331,13.718826504600997,5.7368882922009305e-5,0.00036321822408072333,3.141130435817965e-7,7.110496915426624
0.39563750000000003,45637.5,13.718825738375477,-0.00043967952821297564,4.760773801098059e-5,5.3964207583861085e-9,7.110496867250935
0.3956636250524871,45663.625052487056,13.718757795263901,-0.0051385353298663465,-0.0033581695364790446,2.6850720561275905e-5,7.11045815702433
0.39566666666666667,45666.666666666635,13.71874116253075,-0.005800197588620303,-0.0038695689043529054,3.5651341679845104e-5,7.1104482241554825
0.39567083333333336,45670.83333333333,13.718715080480012,-0.006721249326803112,-0.004591123462954047,5.0186701552588494e-5,7.110432530462782
0.3956719734221712,45671.97342217116,13.718707273090805,-0.006974924028652545,-0.0047917301837223985,5.466828131808642e-5,7.110427810127491
0.3957291666666667,45729.16666666666,13.718001648169048,-0.01574022158777527,-0.01262999706405518,0.0003798019662810535,7.109984324873174
0.3957333333333334,45733.33333333335,13.717935913152859,-0.015796064338106965,-0.012779510617821132,0.0003888473610261977,7.109941935990549
0.3957367368047634,45736.736804763364,13.717882180527637,-0.01576811165632514,-0.012842664047104461,0.00039270004720664176,7.109907169500394
0.3957375,45737.499999999985,13.71787015202656,-0.01575279796653413,-0.012849450321119584,0.0003931151751307624,7.109899372331917
0.3957416666666667,45741.66666666668,13.71780477625679,-0.015611333614359367,-0.012839200867137093,0.0003924882831111759,7.109856900125827
0.39574681133301515,45746.81133301512,13.717725189066192,-0.015304401660360392,-0.012716506434848125,0.00038502270454174705,7.109804977085487
0.39575000000000005,45750.000000000015,13.717676790592746,-0.015043328510939997,-0.01258024664327666,0.0003768157276325563,7.109773281489919
0.3957541666666667,45754.16666666665,13.717614953024594,-0.014624372801485236,-0.01233492278830372,0.00036226266712717725,7.10973264663702
0.39583087983558907,45830.87983558903,13.7170120069161,-0.0010817345073291565,-0.0014208046306134518,4.806394758030065e-6,7.109322187486418
0.39583333333333337,45833.333333333336,13.717009680405262,-0.0008194960002946986,-0.001161249882109378,3.210717354045344e-6,7.10932029215531
0.3958358640130442,45835.86401304418,13.717007916973397,-0.0005793724043472845,-0.0009166572711689045,2.0006203637781487e-6,7.109318789092182
0.395847736801858,45847.736801857944,13.717005858886786,0.00010954714213489657,-0.00011089737405299191,2.9281494218688582e-8,7.1093163154708
0.39585000000000004,45850.0,13.71700616430601,0.000155722720461084,-2.523069856581476e-5,1.5156860717119214e-9,7.109316399594139
0.3958541666666667,45854.16666666664,13.717006871457537,0.00016799295498178064,7.321318130846753e-5,1.276230932692033e-8,7.109316733497784
0.39585606148187247,45856.061481872435,13.717007168610179,0.00014240961831905012,9.235289623358072e-5,2.0307279625548874e-8,7.109316905363742
0.39585833333333337,45858.333333333336,13.717007433551332,8.619937707013012e-5,9.410776705523625e-5,2.1086361476482404e-8,7.109317081096986
0.3958625,45862.49999999997,13.717007460819127,-8.841089696128769e-5,3.742441360641784e-5,3.3347303185338876e-9,7.10931718554262
0.3959139191837679,45913.91918376786,13.71683603099956,-0.007899207819559105,-0.005778284277934886,7.949659332530829e-5,7.109212323820487
0.3959166666666667,45916.666666666664,13.71681356574146,-0.008453541097280248,-0.006239741518100553,9.27008909826376e-5,7.109198127718816
0.39591730608017617,45917.30608017613,13.716808119367137,-0.008581942003583462,-0.006347295153981633,9.592418040894933e-5,7.109194679075003
0.3959708333333334,45970.83333333335,13.716122307961813,-0.015267847012748281,-0.012731493996863007,0.0003859308080765686,7.10874745128851
0.39597260799709233,45972.607997092295,13.716095204104487,-0.015274785648042492,-0.012780154919769764,0.00038888657088884603,7.108729368374663
0.395975,45974.999999999985,13.716058680460804,-0.015258427903299952,-0.012824397480659194,0.00039158373986175686,7.108704955722232
0.39597564100484856,45975.64100484852,13.716048902629707,-0.015249043027433868,-0.012832075280255643,0.00039205275237654273,7.108698411322129
0.3959786740126048,45978.674012604744,13.716002750852713,-0.015176149381361394,-0.012844363923648162,0.00039280401095979624,7.108667470869972
0.3959791666666667,45979.16666666668,13.71599527821466,-0.015159894783753536,-0.012842614153781861,0.000392696995959329,7.1086624532597
0.3959999578818108,45999.95788181077,13.715694716760662,-0.013425635786083594,-0.0118453614190347,0.00033407758844656134,7.108458711181286
0.396,45999.999999999985,13.71569415141087,-0.013420237363837137,-0.011841619271219357,0.0003338665403916992,7.108458324155781
0.39600324562716194,46003.2456271619,13.715651290799338,-0.012984736167397334,-0.01153451264375446,0.00031677376649745596,7.108428936879658
0.3960815939385875,46081.59393858746,13.715152938993526,-0.0010056278703952442,-0.0011608513876805488,3.2085141530472757e-6,7.108075691494843
0.39608333333333334,46083.33333333331,13.715151262262617,-0.0009247282495404357,-0.0010585433270010637,2.6678904169963834e-6,7.108074403358957
0.3960870036569907,46087.003656990644,13.715148113741366,-0.0008018012074660093,-0.0008821282762852771,1.8527387995762718e-6,7.108072007934341
0.39608750000000004,46087.5,13.715147718701527,-0.0007901962041566724,-0.0008624462696958004,1.7709846859814318e-6,7.10807171098617
0.3960916666666667,46091.66666666664,13.71514455976255,-0.0007402519024840049,-0.0007371020976222859,1.2936178626646996e-6,7.108069382939586
0.39609333034567157,46093.33034567154,13.715143326940154,-0.0007440509320179496,-0.000707142904319943,1.1905978265001052e-6,7.108068501716703
0.39609583333333337,46095.833333333336,13.715141431932867,-0.0007752401832767958,-0.0006838232622052652,1.1133672712691688e-6,7.108067179729823
0.3961,46099.99999999997,13.715137982335925,-0.0008944973593874941,-0.0007030572903915878,1.1768798894589558e-6,7.108064860997345
0.3961647777536315,46164.77775363148,13.7148316259862,-0.010081914690898313,-0.007980348795952252,0.00015163325453584894,7.1078656390414166
0.39616666666666667,46166.666666666635,13.714812275812116,-0.010405227273796856,-0.008271887515581246,0.00016291457873911637,7.107852765771578
0.3961676017002634,46167.60170026335,13.714802472723218,-0.010562921011622846,-0.008414942301467932,0.00016859822365960578,7.1078462352313085
0.3962099608997414,46209.96089974139,13.714241782276927,-0.014787894105663122,-0.012798905448975667,0.000390028525456712,7.107464894961259
0.3962125,46212.49999999999,13.714204207784697,-0.014803819608117929,-0.012872165335197808,0.0003945062867063526,7.107438851570689
0.3962127848463733,46212.78484637326,13.714199990972656,-0.01480374078469828,-0.012878785738128458,0.00039491219544909753,7.107435925152152
0.3962166666666667,46216.666666666686,13.714142577674762,-0.01476527112767916,-0.012936600690047019,0.000398465803366012,7.107396006684496
0.396218432739637,46218.43273963699,13.714116534736798,-0.014724834718323726,-0.012942860188393912,0.0003988514996578859,7.107377853558333
0.39622083333333336,46220.83333333332,13.714081274444215,-0.014647132273853981,-0.01293124673742738,0.0003981360528195864,7.10735322939896
0.3962466919981485,46246.69199814846,13.713727235189879,-0.012311179875432928,-0.011414641761411428,0.00031022392033656617,7.107102845060573
0.39624960921262453,46249.6092126245,13.71369190869718,-0.01190439538377166,-0.011102293945348136,0.0002934784067831283,7.107077514335456
0.39625000000000005,46250.000000000015,13.713687267571714,-0.01184823027993282,-0.01105866423848378,0.00029117632080838114,7.10707418110057
0.3962527546994162,46252.754699416146,13.713655184750966,-0.011441985498754338,-0.010739809550602428,0.00027462740281716927,7.107051104353367
0.3963313351789969,46331.335178996844,13.713221395782268,-0.0016444736631331767,-0.0015906242498447871,6.024013105224504e-6,7.106730351283737
0.39633333333333337,46333.333333333336,13.713218116724008,-0.0016405295596397188,-0.001549664197166745,5.717759819001077e-6,7.1067279603687865
0.3963375,46337.49999999998,13.713211207654751,-0.0016884364580114564,-0.0015142195474441512,5.459192471099928e-6,7.1067229970447165
0.39633836477730555,46338.36477730552,13.713209739379455,-0.001707835897724368,-0.0015153480663140893,5.467332766861547e-6,7.106721954896219
0.39641431587382847,46414.31587382844,13.712773811253053,-0.011333822796779509,-0.009615210442617185,0.00022012445679955847,7.106421860317543
0.3964166666666667,46416.666666666664,13.712746785495307,-0.011656905877829811,-0.009933600561437675,0.00023494385741474976,7.106402868617472
0.3964168838623404,46416.883862340386,13.712744250494229,-0.011686091101527315,-0.009962563425848907,0.00023631588098586262,7.1064010851891135
0.3964528357015077,46452.835701507654,13.712261604767317,-0.014383263231123173,-0.013084015597109191,0.00040759872415570617,7.1060558131400695
0.39645416666666666,46454.16666666663,13.712242457594899,-0.014387378918908077,-0.013118562886527437,0.0004097540290661311,7.1060418916159716
0.39645540369001964,46455.4036900196,13.712224661108614,-0.014384650101470059,-0.013144772911717485,0.00041139298785862336,7.106028936918662
0.39645833333333336,46458.33333333332,13.712182556851461,-0.014353086826162615,-0.013184045086746435,0.00041385486868895905,7.105998229060354
0.39646053966704353,46460.5396670435,13.712150937273094,-0.014306169538838637,-0.01319238156377215,0.00041437840791465547,7.105975113419836
0.3964625,46462.49999999996,13.712122946933148,-0.01424797761224052,-0.013184469801267676,0.00041388153319176033,7.1059546115689365
0.39649905949472275,46499.059494722715,13.711653645072115,-0.010754160592027943,-0.01064132469642635,0.00026961378879707934,7.105604870885688
0.3965,46499.999999999985,13.711643593815587,-0.010619785812512328,-0.010527333141812733,0.0002638684359016875,7.105597240310506
0.39650162773008535,46501.62773008532,13.711626498844247,-0.010384297086586884,-0.01032619307854589,0.00025388157975097386,7.1055842464448205
0.39657371233338484,46573.71233338481,13.711224757963134,-0.002551988424996287,-0.002525526166595926,1.5186386709906457e-5,7.105272484054446
0.396575,46574.99999999998,13.711221475513678,-0.0025473728138398497,-0.0024985542242362394,1.4863745741544656e-5,7.105269981247283
0.3965791666666667,46579.16666666667,13.71121082421523,-0.00257643482895495,-0.002452480067374874,1.4320615430645393e-5,7.105261921537908
0.3965813204560701,46581.320456070054,13.711205233901438,-0.0026176710184848254,-0.00245343701780567,1.43317933341409e-5,7.105257728701272
0.39658333333333334,46583.33333333331,13.71119991255573,-0.002672193585873605,-0.0024695738734822636,1.4520940753776649e-5,7.105253760137242
0.39658750000000004,46587.50000000001,13.711188465090409,-0.0028333359813157897,-0.002549545753511546,1.5476627498211323e-5,7.1052452891602655
0.39666621602455526,46666.21602455523,13.710625943258178,-0.012277940500004164,-0.011261986779152156,0.00030198177669951893,7.104832217468824
0.39666666666666667,46666.666666666635,13.710620399662949,-0.01232506530308418,-0.011314028000395347,0.0003047791180803094,7.104828057040317
0.39666873055962104,46668.730559621006,13.71059474449723,-0.012533962544618532,-0.01154692265221686,0.00031745576841971156,7.1048087810820455
0.3966963904453446,46696.39044534457,13.710221384762995,-0.014032600404153661,-0.013560579584153597,0.0004378317110908651,7.104524279431701
0.3966989049804104,46698.90498041035,13.71018609009237,-0.01403610138975466,-0.013623269107648715,0.00044188919328432333,7.104497002569082
0.3967,46699.99999999996,13.710170722974146,-0.014030470024973358,-0.013643724112604581,0.00044321716109730394,7.104485105509833
0.39670393405054194,46703.93405054191,13.71011561800962,-0.013974648532978098,-0.01368273844750447,0.00044575555100670727,7.104442339066083
0.3967041666666667,46704.16666666666,13.710112367862628,-0.013969616115102824,-0.013683353348806989,0.00044579561635311294,7.104439811509775
0.3967064485856077,46706.448585607686,13.710080554735923,-0.013910109351422784,-0.013679354827510457,0.0004455351154688897,7.104415040777927
0.39674919568172595,46749.19568172592,13.709553064145524,-0.01003104668089073,-0.010634183727758255,0.00026925205608504393,7.103995564375414
0.39675000000000005,46750.000000000015,13.709545038678717,-0.00992481883758129,-0.010536217853285327,0.00026431401583782967,7.103989039295557
0.39675171021679173,46751.7102167917,13.709528259250549,-0.00969743709577674,-0.010325196635196692,0.00025383258465589786,7.103975380884312
0.39681845577028485,46818.45577028482,13.709137520223816,-0.0035096631057119024,-0.0036711498505861847,3.20889076796642e-5,7.103652253442046
0.39682083333333334,46820.833333333314,13.709129184563317,-0.003505452740091126,-0.0036278730778212137,3.133681683042849e-5,7.103645472459929
0.396821061159412,46821.061159411984,13.709128385864995,-0.0035060505447382794,-0.003624728990139728,3.128252440942707e-5,7.10364482422088
0.3968236665485392,46823.66654853914,13.709119231105902,-0.0035253094825836687,-0.003601291945968978,3.0879294476431026e-5,7.103637412826774
0.39682500000000004,46825.00000000001,13.709114518492138,-0.0035439758444517203,-0.0035982230348579423,3.082668811567215e-5,7.103633611026615
0.39682627193766634,46826.27193766631,13.709109996507868,-0.0035673077156345573,-0.0036009337636644426,3.0873152310234683e-5,7.103629971393773
0.39683148271592067,46831.48271592063,13.709091052670244,-0.0037184966011534477,-0.0036693244722554494,3.2057004958792215e-5,7.103614807910215
0.39683333333333337,46833.333333333336,13.709084103610827,-0.0037933085803530386,-0.0037156064155614604,3.28707881794321e-5,7.103609276440298
0.39683408810504783,46834.0881050478,13.70908122795289,-0.0038269305551962723,-0.0037377566183311394,3.326386794732913e-5,7.103606991712837
0.39691543294386605,46915.43294386602,13.708441481143918,-0.012473464048687625,-0.012497802341568824,0.00037189300802124565,7.103097715941264
0.3969166666666667,46916.666666666664,13.70842602792234,-0.012577283377858852,-0.012628022015009115,0.00037968319050370197,7.103085106500909
0.39691753989691253,46917.539896912494,13.70841501382708,-0.01264849604482241,-0.012718254940667873,0.00038512859222814943,7.103076109811366
0.39694282333347025,46942.823333470216,13.708076929111154,-0.013781897304225636,-0.014478214504647034,0.0004990921315299327,7.1027961066130345
0.39694493028651673,46944.9302865167,13.708047881371858,-0.01378901913539498,-0.014539732526296444,0.0005033424331815304,7.102771697421157
0.39694583333333333,46945.8333333333,13.708035429581553,-0.013787845076681403,-0.01456175057538228,0.0005048680471896336,7.102761216613101
0.39695125114565616,46951.251145656126,13.707960851171949,-0.01372793611775323,-0.014638576164706197,0.0005102093145950104,7.102698222463954
0.39695335809870264,46953.3580987026,13.707931974724938,-0.013680455788325014,-0.014642757743228485,0.0005105008436354233,7.102673728774606
0.39695416666666666,46954.16666666663,13.70792092181208,-0.013658696654739167,-0.014640541634874365,0.0005103463318154517,7.102664338105072
0.3969997110657251,46999.71106572509,13.707367919660873,-0.009952372257459484,-0.011545469336761439,0.0003173758623954729,7.102182808027081
0.397,46999.999999999985,13.707365048879764,-0.009919138268656298,-0.011512158968179252,0.0003155471526395952,7.102180243188
0.3970018180187716,47001.81801877157,13.707347206276545,-0.009709290729294122,-0.011300615708943283,0.0003040569414314659,7.1021642857067455
0.3970671335632124,47067.13356321235,13.7069206578186,-0.004626429612668268,-0.005317834869288569,6.733182785005086e-5,7.101776681718455
0.39706924051625886,47069.240516258826,13.706910915294815,-0.004623649857961308,-0.0052833605761502915,6.646166423242653e-5,7.101767901714117
0.3970708333333334,47070.83333333334,13.706903546624703,-0.004629925427654464,-0.005266614889669762,6.604102951450293e-5,7.1017612738886795
0.39707134746930534,47071.3474693053,13.706901165329809,-0.004633487832011663,-0.005262929859650628,6.594864454190996e-5,7.101759134383519
0.3970734544223518,47073.45442235178,13.706891381384123,-0.0046558945611130925,-0.005256616404997881,6.579051435545916e-5,7.101750356001866
0.397075,47074.99999999998,13.706884167358725,-0.004680275855676104,-0.005260982347070346,6.589984584806145e-5,7.101743895755791
0.3970818822345377,47081.88223453768,13.706851381408065,-0.004869028165724659,-0.005372640392265901,6.872682091573116e-5,7.1017146589163245
0.39708333333333334,47083.333333333314,13.706844275913264,-0.004925160703524506,-0.00541524596872862,6.982116405197994e-5,7.101708346681174
0.3970839891875842,47083.989187584164,13.706841036871461,-0.004952348742960751,-0.005436654317942766,7.037430993525171e-5,7.101705471754432
0.39716569229345816,47165.69229345813,13.706146810510585,-0.012517090678076458,-0.014264691492727067,0.00048447957948257136,7.101082437481002
0.39716666666666667,47166.666666666635,13.706134578515599,-0.01259000844341398,-0.014373111085578014,0.0004918721959008705,7.1010711078161375
0.3971675846618392,47167.58466183918,13.706122990082788,-0.012656971308062665,-0.014473717498460294,0.0004987821386315137,7.101060361206958
0.397195970187555,47195.97018755495,13.705743275041431,-0.013774504286071302,-0.016646877812450826,0.0006598060497682563,7.100700947155332
0.39719786255593603,47197.862555936,13.705717203571526,-0.013778321342814733,-0.016716237270348093,0.0006653156868537493,7.100675728144842
0.3971997549243171,47199.75492431705,13.70569113339427,-0.013773146862774012,-0.01677522698228649,0.0006700196197791255,7.10065043728721
0.39720833333333333,47208.3333333333,13.705573428775798,-0.01363908897202521,-0.016911182731851455,0.0006809240509287401,7.100535320670577
0.39720921676622234,47209.21676622231,13.705561389950285,-0.013615253326384857,-0.01691292134935049,0.0006810640680221801,7.100523458821079
0.3972111091346034,47211.10913460336,13.705535677646905,-0.013558105389837285,-0.01690897600161736,0.0006807463557696949,7.100498068786511
0.3972489565022244,47248.956502224384,13.705063253824578,-0.01104145781230357,-0.014883793965082881,0.0005274460066548515,7.100016955892641
0.39725000000000005,47250.000000000015,13.705051780927056,-0.010947757238135956,-0.01478665985690941,0.0005205840707712767,7.100004899603494
0.39725084887060547,47250.848870605434,13.705042520193894,-0.010871138306741364,-0.014706593960986107,0.0005149616807936025,7.099995154186649
0.39732086650070436,47320.86650070433,13.704474304995703,-0.006421122315625467,-0.009052283640429565,0.00019510437882568746,7.099375684357819
0.3973227588690854,47322.75886908538,13.70446215931211,-0.006416684306272571,-0.009029648274485364,0.00019412987609742025,7.099362160862311
0.39732465123746646,47324.65123746643,13.704450014550844,-0.006420146741674575,-0.009017791580788989,0.0001936203928441637,7.099348637777168
0.39732500000000004,47325.00000000001,13.704447775190488,-0.0064216463222454626,-0.009016793126228698,0.00019357751971715498,7.099346144208592
0.3973265436058475,47326.54360584748,13.704437855770804,-0.006431497007656711,-0.009016833263941768,0.00019357924311839706,7.0993350985385275
0.39733222071099067,47332.22071099064,13.70440114666524,-0.006512514161012597,-0.009080234627359336,0.00019631109735213225,7.099294216723329
0.39733333333333337,47333.333333333336,13.704393887567287,-0.006536555848371398,-0.00910440748733003,0.0001973577040365503,7.099286131003062
0.3973341130793717,47334.11307937169,13.704388783615366,-0.006554978230856213,-0.009123653266977949,0.00019819297365723194,7.099280445393452
0.3974154734355345,47415.473435534484,13.703636418908712,-0.012790476885416216,-0.019671726002542488,0.0009213733426645388,7.098402140070892
0.3974166666666667,47416.666666666664,13.703621096297377,-0.012891877293207319,-0.01990975319857553,0.000943805410543306,7.098382835101605
0.39741670637283527,47416.70637283524,13.703620584343742,-0.012895230787154434,-0.019917698534525772,0.0009445588450291667,7.09838218876831
0.3974998611143707,47499.86111437066,13.702346957069835,-0.017249047615218074,-0.05120162715777531,0.006241920532390081,7.096227994905345
0.3975,47499.999999999985,13.702344560745317,-0.017258844925805653,-0.05131082651805936,0.006268573614205676,7.096222086902277
0.39750075662294276,47500.75662294273,13.702331481837822,-0.017313242829546393,-0.051907978289998914,0.006415329071797616,7.096189683983164
0.3975819027399627,47581.90273996266,13.700292912216188,-0.03819713698328656,-0.1339429377197676,0.04271597753571795,7.090382921697083
0.39758333333333334,47583.333333333314,13.700237804341322,-0.038846411132660255,-0.13623158150161355,0.044188199520073274,7.090224146143846
0.3975841998295502,47584.19982955015,13.700203971965118,-0.039244235039486486,-0.137634680794773,0.04510310799399776,7.0901266669631235
0.3976631438727209,47663.14387272086,13.695293394021565,-0.08999028240662364,-0.31396876978924015,0.23470568667373543,7.076040362694011
0.39766666666666667,47666.666666666635,13.694971192980283,-0.09294357795255626,-0.3238492915300875,0.24971038958223718,7.075125564477913
0.3976677585222896,47667.75852228955,13.694869205991443,-0.09387147090532766,-0.3269425739029481,0.2545034443578207,7.074836329401262
0.39774753692257564,47747.53692257561,13.684223209121654,-0.17883687134484572,-0.5852918992892444,0.8156347794609788,7.045647465161407
0.39775000000000005,47750.000000000015,13.683778793978382,-0.18203074900678967,-0.5940006762122874,0.8400876270015587,7.044474594107323
0.39775178243658693,47751.782436586895,13.683452258834848,-0.1843642369426803,-0.6003177972784075,0.8580510898314266,7.043615173182987
0.3978324472028015,47832.44720280144,13.66378753312454,-0.3096707768544548,-0.8897965769254467,1.8850903531148626,6.995231319506485
0.39783333333333337,47833.333333333336,13.663512418582274,-0.31126459438207665,-0.892885889676934,1.8982028856765956,6.9945974435463105
0.39783669271681277,47836.69271681274,13.662456558571384,-0.3173503067113588,-0.9045536391000355,1.948136395259803,6.99217480821306
0.397913111969016,47913.11196901599,13.63243468796048,-0.4741942866645871,-1.1427536593965646,3.109252204914856,6.929256833357003
0.3979166666666667,47916.666666666664,13.630734631367346,-0.4823304186001858,-1.1522203352648612,3.1609802404711176,6.925998902554001
0.3979173574830273,47917.35748302728,13.630400880730292,-0.48391998623162263,-1.1540406732313686,3.170975893981691,6.9253627210902815
0.39799802224924186,47998.022249241825,13.583391031014894,-0.6873777001871774,-1.3201942784370142,4.149792697185306,6.8453140299722595
0.398,47999.999999999985,13.582026225157634,-0.6927850399999615,-1.3230834325591903,4.16797564169669,6.843233845871094
0.39800226776325315,48002.26776325311,13.580448100845286,-0.6990083511249798,-1.3263271722137893,4.188437542268159,6.840843271834375
0.3980829325294677,48082.93252946766,13.514721519662952,-0.9352643661177948,-1.3967084006725947,4.644748467879518,6.753111324874491
0.39808333333333334,48083.333333333314,13.514346413388392,-0.936505481213373,-1.3968579485178405,4.6457431627082615,6.752666880769547
0.398087178043479,48087.178043478954,13.51072289278347,-0.9484422080343626,-1.3982029199123094,4.654693822026923,6.748401435638069
0.3981169017926383,48116.90179263828,13.481140485032823,-1.0425891725866463,-1.403420740953495,4.689499466996325,6.715342160574288
0.39812083333333337,48120.833333333336,13.477016570429932,-1.0552817845295408,-1.4034676188263178,4.689812754985748,6.710964941263951
0.3981211524577299,48121.152457729855,13.476679639503457,-1.0563144434598835,-1.4034652317759275,4.689796801913947,6.710609652179949
0.39816474591606327,48164.745916063235,13.427508446200019,-1.2006497433285603,-1.395202322742323,4.634736955679936,6.662193168573851
0.39816666666666667,48166.666666666635,13.425196052651595,-1.2071542169229565,-1.3945097986437487,4.630137091698639,6.660069364635831
0.3981692361516681,48169.23615166807,13.422083089654068,-1.2158741663957773,-1.3935446241924265,4.6237300467038365,6.657230015601805
0.39824576355539704,48245.763555397,13.318852620213192,-1.4849726206148248,-1.3481064292096685,4.327121296372483,6.5739633752761275
0.39824583333333335,48245.83333333332,13.318748993047153,-1.485226029067873,-1.3480531453588422,4.326779244552067,6.573888869783221
0.39825000000000005,48250.000000000015,13.312528990278482,-1.5003837963883886,-1.3448410370077943,4.306184321000476,6.56944534741127
0.3982508545820261,48250.85458202605,13.311245458331038,-1.5034989456471792,-1.3441749674933618,4.301919864847095,6.568535314883107
0.3983324369719265,48332.436971926465,13.17618879859409,-1.8106264990948757,-1.272035134578318,3.8525556752420944,6.483954006082829
0.3983333333333334,48333.333333333336,13.174564263034572,-1.8141072724848792,-1.2711744707252983,3.8473441310089105,6.483051631512154
0.3983375,48337.49999999998,13.166971728454662,-1.8303176234313607,-1.2671609819002696,3.8230879858344182,6.478865084169981
0.3984125,48412.49999999997,13.018537082808491,-2.130641296410215,-1.1925949369386213,3.3863873419324615,6.405831959038265
0.3984166666666667,48416.666666666664,13.009623675629971,-2.1478025590826673,-1.1883858012195867,3.3625257441436167,6.401905694733813
0.3984186150917569,48418.61509175688,13.005431010114066,-2.1558448632205622,-1.1864169415751364,3.3513932363250016,6.400074459581645
0.3984958333333334,48495.83333333335,12.826421965746365,-2.4835187423004887,-1.108773120647596,2.9270900787395426,6.329943169275291
0.3985,48499.999999999985,12.816036112073718,-2.501699598059035,-1.1046353124507273,2.9052837464597996,6.326293509813498
0.39850141885942036,48501.41885942033,12.812482152282303,-2.5079024049086587,-1.1032280444036469,2.8978859951397506,6.325053819211985
0.3985791666666667,48579.16666666667,12.60404610714978,-2.8569500116933244,-1.0277785249977904,2.5150683248729377,6.2595068438704065
0.39858333333333335,48583.333333333314,12.592102135228458,-2.876165144250075,-1.0238390413833256,2.4958247206207784,6.256123996455833
0.3985860379578682,48586.037957868146,12.584306288814245,-2.8886655972828015,-1.0212880168511456,2.4834028889613,6.253935101707397
0.39866250000000003,48662.5,12.349688774738338,-3.251059074769979,-0.9512390821523119,2.1544185509856493,6.19426994312177
0.39866666666666667,48666.666666666635,12.336100537706793,-3.2713031767736296,-0.9475389443024209,2.137690597547015,6.191139061281264
0.39867083333333336,48670.83333333333,12.322427844363657,-3.2915980880255122,-0.9438509889495633,2.121082593669211,6.188020358575699
0.39874583333333335,48745.83333333332,12.061638352315748,-3.665470919830288,-0.8795224764663307,1.8418090157368272,6.133920993788684
0.39875000000000005,48750.000000000015,12.046321327370698,-3.68670909899472,-0.8760606617526908,1.827338769215625,6.131026170548416
0.3987541666666667,48754.16666666666,12.030915709583361,-3.7079954521931557,-0.8726103643916919,1.8129734477233368,6.128142742622218
0.3988291666666667,48829.16666666664,11.738240799922051,-4.099159555864238,-0.8124068526876211,1.5714402245090624,6.078147502833065
0.3988333333333334,48833.33333333334,11.721114812636547,-4.121321643830087,-0.8091641344364373,1.5589204677577828,6.075473627882139
0.3988361643548844,48836.16435488436,11.709425917040372,-4.136404501749252,-0.8069667358844579,1.5504650305333723,6.0736629701534195
0.3989140602964687,48914.06029646866,11.370851284194643,-4.558960912226084,-0.7482940186572397,1.3331998532338127,6.025736301518273
0.3989166666666667,48916.666666666664,11.358950210989283,-4.573338396094251,-0.7463879142194352,1.3264164726019976,6.024194603751782
0.39892083333333334,48920.8333333333,11.339846699830138,-4.596353136264532,-0.7433480725161459,1.3156341831273077,6.021738131274063
0.3989996974011233,48999.69740112325,10.960004170634425,-5.038459754808192,-0.6874309885634086,1.1251461048506315,5.977099638262093
0.399,48999.999999999985,10.958479278414293,-5.040177937016771,-0.6872220850798679,1.1244623671940979,5.976935025335939
0.3990041666666667,49004.16666666668,10.93742922597712,-5.063851999915993,-0.6843497344467677,1.1150822834222893,5.9746734553973
0.3990801732630932,49080.173263093166,10.53601130328114,-5.500180991476013,-0.6332609888016157,0.954808285566667,5.935054811522831
0.39908333333333335,49083.333333333314,10.51860143316298,-5.5184810237398425,-0.6311880801860472,0.948567601354638,5.933473631700413
0.39908750000000004,49087.50000000001,10.4955574654134,-5.542626547997099,-0.6284608440593925,0.9403881726567715,5.931396709753736
0.39916250000000003,49162.5,10.063493757619312,-5.97976013486436,-0.5804771478930602,0.8022707600620514,5.895528388409784
0.39916666666666667,49166.666666666635,10.038527286511043,-6.004147142765461,-0.5778700927222206,0.7950805811018758,5.893618624594888
0.39916674767233745,49166.74767233742,10.038040897338679,-6.00462132663833,-0.577819464560291,0.7949412705350984,5.893581581420581
0.3992431026564077,49243.10265640769,9.562478840720875,-6.4520191819064205,-0.5310554573175724,0.6714759493970855,5.8600903606779955
0.39924583333333336,49245.83333333332,9.544838628305174,-6.468009308397659,-0.529416971488916,0.6673388802392755,5.8589446338309825
0.39925000000000005,49250.000000000015,9.517837766906311,-6.492403099038532,-0.5269211755162089,0.661061726684246,5.857203224452698
0.3992541666666667,49254.16666666666,9.490735278604083,-6.5167900913513215,-0.5244306143099446,0.6548273076797758,5.855470045333018
0.3993291666666667,49329.16666666665,8.985560669295845,-6.953778264488601,-0.480454620357511,0.5496110529116193,5.825661229896631
0.3993333333333334,49333.33333333334,8.956536333469723,-6.977899438052335,-0.47805718802312924,0.544139702429956,5.824081297586779
0.3993375,49337.49999999998,8.927411536948753,-7.00199926072309,-0.47566436314286475,0.5387061580097787,5.822509273054009
0.3994125,49412.49999999997,8.38610493933796,-7.431279323757904,-0.43335494841491407,0.44713455075164954,5.795548164223783
0.3994166666666667,49416.666666666664,8.355092201826507,-7.4548286319066825,-0.43104523118078775,0.4423809317230923,5.794123599016208
0.39942083333333334,49420.8333333333,8.323981418377109,-7.4783412296878575,-0.428739646007291,0.43766115252013615,5.7927066537897955
0.3994958333333334,49495.83333333335,7.747413588805496,-7.894392916531621,-0.3879218365868492,0.35829369357360513,5.768489506152908
0.3995,49499.999999999985,7.714473047648202,-7.917058163945612,-0.3856907990667029,0.3541842678207423,5.767214839468414
0.3995041666666667,49504.16666666668,7.681438177091051,-7.939670885020175,-0.38346350132649404,0.3501053734513669,5.7659475344540025
0.3995791666666667,49579.16666666667,7.070947706239278,-8.336807700275973,-0.3439857352759121,0.2817290144602616,5.744381276011961
0.39958333333333335,49583.333333333314,7.036166268984183,-8.358270825206397,-0.3418254171415355,0.2782014661999637,5.743251595323288
0.3995846905985673,49584.69059856729,7.024817143119078,-8.365247553404581,-0.34112240353628603,0.2770583195104114,5.742885148981112
0.39966250000000003,49662.5,6.358697425792072,-8.752160983012976,-0.30139286879991023,0.21628014610342833,5.72313007976828
0.39966666666666667,49666.666666666635,6.322188509345708,-8.77210495746099,-0.2992958497258313,0.21328096586454143,5.722140977469948
0.39967083333333336,49670.83333333333,6.285596668068812,-8.791964773280872,-0.2972018037250454,0.21030693366052483,5.721158797131988
0.39974583333333336,49745.83333333332,5.613180536674677,-9.134173406712108,-0.25999704604449403,0.16094872369491134,5.704652370491935
0.39975000000000005,49750.000000000015,5.575083706192268,-9.152288739202593,-0.2579560861510434,0.15843176757705837,5.703799921500077
0.3997541666666667,49754.16666666666,5.536911601842194,-9.170304727330638,-0.2559177588044196,0.15593785540827873,5.70295421074065
0.3998291666666667,49829.16666666665,4.83743029352768,-9.476772757694134,-0.21965363434003962,0.11487552161616149,5.688874176421646
0.3998333333333334,49833.33333333334,4.797910387383204,-9.492763299956419,-0.21766149322495063,0.11280125150694102,5.688154933027992
0.3998375,49837.49999999998,4.758324090618624,-9.508640129100101,-0.21567159086827556,0.11074817882774485,5.687442268060042
0.3999125,49912.49999999997,4.034973459192212,-9.774204168868096,-0.18021647761681434,0.0773285209633613,5.675731120255288
0.3999166666666667,49916.666666666664,3.994219255928536,-9.787792274245483,-0.17826576420107632,0.0756635302052232,5.675142117881359
0.399919704298071,49919.70429807097,3.964472609526706,-9.797618405075058,-0.1768447819537271,0.07446208786728879,5.674716777678926
0.3999997042980711,49999.70429807105,3.1709886630678086,-10.031284991676804,-0.13975640654672142,0.046504412311553514,5.664739849625145
0.4,49999.999999999985,3.1680222787106747,-10.032056160533752,-0.13962042840034533,0.04641396196832371,5.664707325252831
