t_s,t_us,x1_um,x2_um,Vout_mV,ER_J,energy_residual_J,tip_overlap_nm
0.0,0.0,13.860000000000001,13.680000000000001,0.0,0.0,0.0,-29.999999999999712
2.5e-7,0.25,13.860992524048434,13.681586215681254,1.5828042920836665,4.2135442698367416e-19,1.5912065444822413e-20,-28.413784318746586
5.0e-7,0.5,13.861970340610414,13.684235200465011,4.102526605682053,5.313758124196687e-18,1.5427157278574293e-20,-25.764799534989113
7.5e-7,0.75,13.862933850011839,13.687791560082864,7.378610672568328,2.5078743406231865e-17,3.70591464805381e-20,-22.20843991713698
1.0e-6,1.0,13.863883493002545,13.692110781181238,11.264569242233856,7.704736974801144e-17,3.675705046770061e-20,-17.889218818763148
1.25e-6,1.25,13.864819750036599,13.69705623415056,15.637612638313565,1.8512042879480647e-16,4.246656528723915e-20,-12.943765849440805
1.5e-6,1.5,13.865743145620694,13.702494792956257,20.387683577080246,3.7879098336502746e-16,4.973519964306329e-20,-7.505207043744457
1.75e-6,1.75,13.866654247899808,13.708294422645128,25.405335691914082,6.916236240744287e-16,3.007804240784906e-20,-1.7055773548726354
2.0e-6,2.0,13.867553688501197,13.714315768556885,30.471999729440242,1.1580651528655057e-15,1.5660075920309516e-20,4.315768556883216
2.25e-6,2.25,13.868442689505509,13.720244371812736,35.02781547802304,1.8001830637054093e-15,3.1465918189774495e-21,10.24437181273451
2.5e-6,2.5,13.869323140323718,13.725574384506182,38.494601845280606,2.61005776063582e-15,7.356341754045686e-21,15.57438450618069
2.75e-6,2.75,13.870196711368104,13.72988977682269,40.48377264406808,3.5446449256337537e-15,-4.882112063754601e-21,19.88977682268899
3.0e-6,3.0,13.871064325554693,13.733017313305648,40.92421070709427,4.536859103922689e-15,1.938363994903334e-20,23.01731330564681
3.25e-6,3.25,13.87192611351232,13.73502280294131,40.02450229746135,5.516737106289962e-15,-1.1007924590488631e-19,25.022802941310356
3.5e-6,3.5,13.872781684233596,13.736113037970377,38.134961041947555,6.429089550680589e-15,-1.4365638104948902e-19,26.11303797037642
3.75e-6,3.75,13.87363043768028,13.736533019953573,35.61888082862454,7.240557104476035e-15,-1.644654858384985e-19,26.53301995357117
4.0e-6,4.0,13.874471769484417,13.736503757121461,32.781571776176165,7.937837353091525e-15,-1.6286783818414062e-19,26.50375712146077
4.25e-6,4.25,13.875305159904622,13.736199544847565,29.8499115149707,8.52201557807211e-15,-1.6895984729659608e-19,26.199544847563928
4.5e-6,4.5,13.876130192829637,13.735747671150257,26.978662713850355,9.00267003246129e-15,-1.4989191569174523e-19,25.747671150256284
4.75e-6,4.75,13.87694654532926,13.73523655726528,24.265626891715158,9.393316330169508e-15,-1.514529299078421e-19,25.236557265279426
5.0e-6,5.0,13.877753969692938,13.734725118077893,21.766869669733516,9.708422548213267e-15,-1.5108109121986678e-19,24.725118077892102
5.25e-6,5.25,13.878552276646522,13.734250713008416,19.50910266577488,9.961697095888673e-15,-1.4948767155703829e-19,24.250713008415445
5.5e-6,5.5,13.879341321965217,13.733835210720779,17.498938641316702,1.016525471667338e-14,-1.4877753538557438e-19,23.83521072077773
5.75e-6,5.75,13.880120996282384,13.733489442456934,15.729589612211436,1.03293298058988e-14,-1.6290677544965457e-19,23.489442456932235
6.0e-6,6.0,13.880891217294483,13.733216462746785,14.185686454163665,1.0462301034489216e-14,-1.4422882396070553e-19,23.216462746784742
6.25e-6,6.25,13.881651923622778,13.73301397284439,12.846769561113826,1.0570873391824627e-14,-1.4426009849644342e-19,23.013972844389254
6.5e-6,6.5,13.882403069812908,13.732876158237577,11.689837378730047,1.066032286464793e-14,-1.4337840797399286e-19,22.87615823757616
6.75e-6,6.75,13.883144622161305,13.732795102338148,10.691208156904027,1.0734750034709587e-14,-1.4274691373744544e-19,22.795102338146815
7.0e-6,7.0,13.88387655520532,13.732761875495642,9.827859041467878,1.0797314226305376e-14,-1.4210442543045189e-19,22.76187549564207
7.25e-6,7.25,13.88459884880254,13.732767359593945,9.078350512385718,1.08504359900036e-14,-1.413566234605484e-19,22.767359593943617
7.5e-6,7.5,13.885311485765207,13.732802847974947,8.423413315189375,1.0895964981285637e-14,-1.4220886829189664e-19,22.8028479749458
7.75e-6,7.75,13.886014450024097,13.732860451661145,7.846259842365145,1.093531507778581e-14,-1.4032520355370294e-19,22.860451661143973
8.0e-6,8.0,13.886707725287785,13.732933340597029,7.332675283667777,1.0969570774335969e-14,-1.4081962491546237e-19,22.933340597028263
8.25e-6,8.25,13.887391294146347,13.733015849344424,6.870940595339149,1.0999569657024088e-14,-1.4105991280547335e-19,23.0158493444229
8.5e-6,8.5,13.888065137554758,13.733103477231449,6.451636365999379,1.1025965370208102e-14,-1.4090486490823368e-19,23.103477231448842
8.75e-6,8.75,13.888729234621293,13.733192812377387,6.067371823126713,1.1049275132209507e-14,-1.408727421892505e-19,23.19281237738687
9.0e-6,9.0,13.889383562624703,13.73328140665876,5.712477145329569,1.1069915128667907e-14,-1.4080972459750587e-19,23.28140665875949
9.25e-6,9.25,13.890028097188356,13.73336762486514,5.382689540200644,1.1088226529768733e-14,-1.407176167438284e-19,23.367624865139906
9.5e-6,9.5,13.890662812549001,13.733450486549074,5.074855500581292,1.1104494357522251e-14,-1.4068141951409352e-19,23.450486549073045
9.75e-6,9.75,13.891287681869786,13.733529514110662,4.78666395851181,1.1118960991944115e-14,-1.405803483829972e-19,23.529514110660603
1.0e-5,10.0,13.891902677559985,13.73360459600387,4.516418399747559,1.1131835725059072e-14,-1.4058848124862922e-19,23.60459600386948
1.025e-5,10.25,13.892507771575406,13.733675870036409,4.262850724519594,1.1143301462990487e-14,-1.4055909533425084e-19,23.67587003640824
1.05e-5,10.5,13.893102935684233,13.733743628432467,4.024975489108434,1.1153519433961504e-14,-1.4055027745967406e-19,23.74362843246681
1.075e-5,10.75,13.893688141690431,13.733808244251163,3.8019808493838783,1.1162632524468614e-14,-1.405318985404389e-19,23.808244251162563
1.1e-5,11.0,13.894263361612955,13.733870117286688,3.5931511086174934,1.1170767709002175e-14,-1.405063868040076e-19,23.87011728668827
1.125e-5,11.25,13.89482856782311,13.73392963663237,3.3978150171600667,1.1178037895663222e-14,-1.40481933277149e-19,23.929636632369633
1.15e-5,11.5,13.895383733144593,13.733987156925505,3.2153142818573954,1.1184543404265987e-14,-1.4046911359324156e-19,23.9871569255043
1.175e-5,11.75,13.895928830922024,13.734042985257947,3.044987129069155,1.1190373216843917e-14,-1.4047682640621876e-19,24.042985257946597
1.2e-5,12.0,13.896463835064024,13.734097376003925,2.88616249118408,1.1195606084974773e-14,-1.4051168592980676e-19,24.09737600392443
1.225e-5,12.25,13.896988720066737,13.73415053119729,2.7381611860798594,1.1200311541778076e-14,-1.4050840951909923e-19,24.150531197289148
1.25e-5,12.5,13.89750346102297,13.734202604489504,2.600301216715668,1.1204550839280859e-14,-1.4047795731721249e-19,24.20260448950229
1.275e-5,12.75,13.89800803362141,13.734253707188309,2.4719050968243006,1.120837782579216e-14,-1.4038696744983165e-19,24.253707188307942
1.3e-5,13.0,13.898502414139617,13.734303915138208,2.352307595159161,1.1211839756966747e-14,-1.4040339473980907e-19,24.303915138206804
1.325e-5,13.25,13.898986579433197,13.734353275882317,2.240863158976823,1.1214978052843809e-14,-1.4054655353133043e-19,24.35327588231626
1.35e-5,13.5,13.899460506924086,13.734401815067816,2.13695192799001,1.1217828991849583e-14,-1.4055431965868306e-19,24.40181506781478
1.375e-5,13.75,13.899924174588225,13.73444954243491,2.0399846937621526,1.1220424328792482e-14,-1.4054688472669288e-19,24.449542434908714
1.4e-5,14.0,13.9003775609446,13.73449645667388,1.9494061917591812,1.122279186342203e-14,-1.4055646354280973e-19,24.496456673878445
1.425e-5,14.25,13.900820645045583,13.734542549412497,1.8646970934535798,1.122495594502805e-14,-1.4055834570182072e-19,24.542549412496168
1.45e-5,14.5,13.901253406469024,13.73458780831649,1.7853747773033937,1.1226937916769664e-14,-1.4056140723943944e-19,24.587808316490023
1.475e-5,14.75,13.901675825312141,13.734632219349267,1.7109930816798025,1.122875650591487e-14,-1.405585169540569e-19,24.632219349265387
1.5e-5,15.0,13.90208788218697,13.734675768389517,1.6411412874476057,1.1230428170773194e-14,-1.4055919226947888e-19,24.675768389515863
1.525e-5,15.25,13.90248955821735,13.734718442259934,1.5754425124716223,1.1231967395440093e-14,-1.4056505038842637e-19,24.718442259932957
1.55e-5,15.5,13.90288083503708,13.734760229332247,1.5135517355327641,1.1233386950168856e-14,-1.4055289794200523e-19,24.76022933224677
1.575e-5,15.75,13.903261694789036,13.734801119814177,1.4551535769014892,1.1234698116819104e-14,-1.4055672203675115e-19,24.801119814177063
1.6e-5,16.0,13.903632120125119,13.734841105790784,1.3999600011535303,1.1235910880032925e-14,-1.4055627451911507e-19,24.841105790782006
1.625e-5,16.25,13.903992094206679,13.73488018112699,1.3477080227292266,1.1237034095634955e-14,-1.405486683348887e-19,24.880181126988415
1.65e-5,16.5,13.904341600705342,13.734918341273527,1.2981574725247218,1.123807563440344e-14,-1.4055285916791402e-19,24.91834127352632
1.675e-5,16.75,13.904680623804081,13.734955583024751,1.2510889067225759,1.123904250556241e-14,-1.405481771964e-19,24.955583024750407
1.7e-5,17.0,13.905009148198403,13.734991904274176,1.2063016614965407,1.1239940964805164e-14,-1.405456746519296e-19,24.991904274176132
1.725e-5,17.25,13.905327159097572,13.735027303770602,1.163612071385912,1.1240776606239587e-14,-1.4054920309423002e-19,25.027303770602003
1.75e-5,17.5,13.905634642225847,13.735061780902486,1.1228518678456256,1.1241554442706546e-14,-1.4054471014641066e-19,25.06178090248548
1.775e-5,17.75,13.905931583823635,13.73509533551561,1.0838667283194847,1.1242278975698406e-14,-1.4054463259822824e-19,25.095335515608966
1.8e-5,18.0,13.90621797064858,13.735127967756696,1.0465149901269875,1.1242954255324703e-14,-1.4054371494473619e-19,25.127967756695504
1.825e-5,18.25,13.90649378997658,13.735159677956943,1.0106665039311435,1.1243583933230653e-14,-1.4054105245713953e-19,25.15967795694176
1.85e-5,18.5,13.9067590296027,13.735190466540692,0.9762016055186707,1.1244171308547166e-14,-1.405428150627026e-19,25.190466540690906
1.875e-5,18.75,13.907013677842002,13.735220333957152,0.9430102077388225,1.1244719368042939e-14,-1.4053989408116453e-19,25.220333957151624
1.9e-5,19.0,13.907257723530284,13.735249280641128,0.9109909847412418,1.1245230821533e-14,-1.4053943363883137e-19,25.24928064112625
1.925e-5,19.25,13.907491156024763,13.735277306980358,0.8800506413726485,1.1245708132781534e-14,-1.40540889282839e-19,25.27730698035598
1.95e-5,19.5,13.907713965204696,13.735304413302812,0.8501032585590538,1.1246153546822449e-14,-1.4053728813911756e-19,25.30441330281027
1.975e-5,19.75,13.90792614147189,13.735330599871734,0.8210696967917444,1.1246569114057014e-14,-1.405379521454296e-19,25.330599871733412
2.0e-5,20.0,13.908127675751242,13.735355866882243,0.7928770579341995,1.1246956711574721e-14,-1.4053689716703116e-19,25.355866882241138
2.025e-5,20.25,13.908318559491178,13.735380214471038,0.7654581949674785,1.1247318061856345e-14,-1.405368987826183e-19,25.380214471036094
2.05e-5,20.5,13.908498784664063,13.735403642718847,0.7387512607333135,1.1247654749599447e-14,-1.4053821225495815e-19,25.403642718845607
2.075e-5,20.75,13.908668343766589,13.735426151660443,0.7126992975563479,1.1247968236384148e-14,-1.4053635917651557e-19,25.42615166044207
2.1e-5,21.0,13.908827229820112,13.735447741293248,0.6872498557712807,1.1248259873863071e-14,-1.4053695694375511e-19,25.447741293247113
2.125e-5,21.25,13.908975436370975,13.735468411581817,0.6623546444754759,1.1248530915531572e-14,-1.405340634271983e-19,25.468411581815797
2.15e-5,21.5,13.909112957490787,13.735488162468709,0.637969209227968,1.1248782526892436e-14,-1.4053491968837927e-19,25.48816246870743
2.175e-5,21.75,13.909239787776698,13.735506993876314,0.6140526321911918,1.1249015795028597e-14,-1.4053466604119925e-19,25.506993876313466
2.2e-5,22.0,13.909355922351622,13.735524905714346,0.5905672581029008,1.1249231736533372e-14,-1.4053251084796264e-19,25.524905714345273
2.225e-5,22.25,13.909461356864433,13.73554189788232,0.567478437380995,1.124943130510081e-14,-1.4053317323868754e-19,25.54189788231764
2.25e-5,22.5,13.909556087490158,13.735557970272087,0.5447542919568256,1.1249615397999797e-14,-1.4053264009493335e-19,25.557970272086486
2.275e-5,22.75,13.909640110930134,13.735573122771822,0.5223654963159191,1.124978486187164e-14,-1.4053336387796934e-19,25.57312277182143
2.3e-5,23.0,13.90971342441211,13.735587355264846,0.5002850766117342,1.1249940498204654e-14,-1.4053109559363335e-19,25.587355264845385
2.325e-5,23.25,13.909776025690363,13.735600667633664,0.4784882252660093,1.1250083067641478e-14,-1.405333671091436e-19,25.60066763366302
2.35e-5,23.5,13.909827913045767,13.735613059758025,0.45695212878316777,1.1250213294655198e-14,-1.4053122807177833e-19,25.613059758024455
2.375e-5,23.75,13.90986908528582,13.735624531517422,0.43565581009150656,1.125033187076971e-14,-1.4053331217918105e-19,25.62453151742062
2.4e-5,24.0,13.909899541744682,13.735635082789866,0.4145799830938512,1.1250439458459482e-14,-1.4053226204754402e-19,25.635082789865223
2.425e-5,24.25,13.909919282283154,13.735644713452865,0.39370691714505923,1.1250536693627226e-14,-1.4053353028344413e-19,25.64471345286543
2.45e-5,24.5,13.909928307288608,13.735653423383178,0.3730203153965901,1.1250624188844794e-14,-1.4053069977478555e-19,25.653423383177955
2.475e-5,24.75,13.909926617674966,13.73566121245635,0.35250519726764656,1.1250702535199994e-14,-1.4053697471521359e-19,25.661212456348245
2.5e-5,25.0,13.909914214882564,13.735668080548244,0.33214780036493774,1.1250772305066738e-14,-1.4053476297642729e-19,25.668080548243626
2.525e-5,25.25,13.909891100878047,13.73567402753231,0.31193547291864787,1.1250834053515072e-14,-1.405335480549026e-19,25.674027532308898
2.55e-5,25.5,13.909857278154199,13.735679053282244,0.29185659722880286,1.1250888320399104e-14,-1.4053462888269517e-19,25.67905328224298
2.575e-5,25.75,13.90981274972977,13.735683157670556,0.27190049874381195,1.1250935631821678e-14,-1.4053332187270385e-19,25.68315767055556
2.6e-5,26.0,13.909757519149265,13.735686340568655,0.25205737553869223,1.1250976501473992e-14,-1.405369230164253e-19,25.686340568655172
2.625e-5,26.25,13.909691590482696,13.735688601847691,0.23231822716593828,1.125101143207774e-14,-1.405339341802276e-19,25.688601847691167
2.65e-5,26.5,13.90961496832532,13.735689941376847,0.2126747909680333,1.1251040916243479e-14,-1.405382381043523e-19,25.689941376846082
2.675e-5,26.75,13.909527657797346,13.73569035902618,0.193119485086171,1.1251065437860156e-14,-1.405348970701594e-19,25.690359026178285
2.7e-5,27.0,13.909429664543596,13.735689854662875,0.17364535128192946,1.1251085472557532e-14,-1.4053835442662593e-19,25.689854662873017
2.725e-5,27.25,13.909320994733177,13.735688428155406,0.15424600906083075,1.125110148899435e-14,-1.4053666936924528e-19,25.688428155404686
2.75e-5,27.5,13.909201655059071,13.735686079370183,0.1349156068542712,1.125111394919588e-14,-1.405390345888093e-19,25.68607937018096
2.775e-5,27.75,13.909071652737747,13.735682808173589,0.11564878121032722,1.125112330948592e-14,-1.4053770819177237e-19,25.68280817358746
2.8e-5,28.0,13.908930995508712,13.735678614431617,0.09644061881973746,1.1251130020940579e-14,-1.4054015903745449e-19,25.678614431615117
2.825e-5,28.25,13.90877969163406,13.73567349800856,0.07728661781595926,1.125113452991581e-14,-1.405390491290935e-19,25.673498008560777
2.85e-5,28.5,13.90861774989795,13.73566745877031,0.058182660208624455,1.1251137278662828e-14,-1.4053996193582415e-19,25.66745877030863
2.875e-5,28.75,13.908445179606126,13.73566049657915,0.03912497414380894,1.125113870547581e-14,-1.4054100398952551e-19,25.660496579149758
2.9e-5,29.0,13.90826199058532,13.735652611300791,0.020110115374869317,1.1251139245468984e-14,-1.4054072933971275e-19,25.65261130079047
2.925e-5,29.25,13.908068193182723,13.735643802795977,0.0011349309768704996,1.1251139330414049e-14,-1.4054468268142939e-19,25.643802795976857
2.95e-5,29.5,13.907863798265346,13.735634070929734,-0.017803453027246542,1.1251139389619467e-14,-1.4054062109537478e-19,25.634070929734218
2.975e-5,29.75,13.907648817219386,13.735623415561768,-0.03670766473362521,1.1251139849577566e-14,-1.40545679498691e-19,25.623415561766798
3.0e-5,30.0,13.907423261949589,13.73561183655598,-0.055580095512212525,1.1251141134834367e-14,-1.4054148058773e-19,25.61183655598011
3.025e-5,30.25,13.907187144878542,13.735599333771166,-0.07442292870877253,1.1251143667598386e-14,-1.405472950858249e-19,25.5993337711653
3.05e-5,30.5,13.906940478945964,13.735585907069666,-0.09323814743531834,1.1251147868472545e-14,-1.4054385226964257e-19,25.58590706966426
3.075e-5,30.750000000000004,13.906683277607955,13.735571556309973,-0.1120275576004792,1.125115415616639e-14,-1.4055023868558284e-19,25.57155630997167
3.1e-5,31.0,13.906415554836236,13.735556281351837,-0.13079279778603267,1.1251162947985882e-14,-1.4054855039702793e-19,25.556281351835814
3.125e-5,31.25,13.906137325117339,13.735540082053937,-0.14953535356415779,1.1251174659749227e-14,-1.4055253605048724e-19,25.540082053936022
3.15e-5,31.5,13.905848603451775,13.735522958272696,-0.16825657272898978,1.1251189705975615e-14,-1.4055346178191496e-19,25.522958272695128
3.175e-5,31.75,13.9055494053532,13.735504909866968,-0.18695766941291683,1.1251208500052437e-14,-1.4055450545120345e-19,25.504909866966944
3.2e-5,32.0,13.90523974684751,13.735485936689571,-0.20563974573119898,1.1251231454115046e-14,-1.4055698860862825e-19,25.485936689569336
3.225e-5,32.25,13.904919644471937,13.735466038598863,-0.22430378652501376,1.1251258979458706e-14,-1.4055714693616737e-19,25.46603859886315
3.25e-5,32.5,13.904589115274131,13.735445215444393,-0.24295068576594162,1.1251291486153765e-14,-1.4056297112778505e-19,25.44521544439331
3.275e-5,32.75,13.904248176811162,13.735423467082652,-0.261581235630316,1.1251329383641178e-14,-1.4055909048748944e-19,25.4234670826521
3.3e-5,33.0,13.903896847148566,13.735400793360736,-0.28019615302214207,1.1251373080179467e-14,-1.405660617459722e-19,25.400793360734834
3.325e-5,33.25,13.903535144859278,13.735377194131893,-0.2987960686606602,1.1251422983511957e-14,-1.405610857375998e-19,25.37719413189136
3.35e-5,33.5,13.90316308902265,13.735352669240255,-0.3173815501632311,1.1251479500281106e-14,-1.4056970974172052e-19,25.35266924025406
3.375e-5,33.75,13.902780699223307,13.735327218535316,-0.3359530923102934,1.125154303663162e-14,-1.405636545211427e-19,25.327218535315343
3.4e-5,34.0,13.902387995550098,13.735300841858715,-0.3545111359034051,1.1251613997730962e-14,-1.4057354676116351e-19,25.30084185871393
3.425e-5,34.25,13.901984998594957,13.735273539054196,-0.3730560630819461,1.1251692788187164e-14,-1.4056963057795096e-19,25.27353905419596
3.45e-5,34.5,13.901571729451732,13.735245309961428,-0.39158820669701233,1.1251779811781761e-14,-1.4057562602180483e-19,25.245309961426567
3.475e-5,34.75,13.901148209715016,13.73521615441693,-0.4101078556073873,1.1251875471625417e-14,-1.4057532229142366e-19,25.216154416930085
3.5e-5,35.0,13.900714461478945,13.735186072258186,-0.42861525138069406,1.1251980170157571e-14,-1.4057771820714322e-19,25.18607225818461
3.525e-5,35.25,13.900270507335945,13.735155063313707,-0.44711060536840797,1.1252094309015757e-14,-1.4058099784902503e-19,25.155063313706627
3.55e-5,35.5,13.899816370375484,13.735123127417703,-0.46559408293824095,1.1252218289302996e-14,-1.405803289959516e-19,25.12312741770129
3.575e-5,35.75,13.899352074182788,13.735090264390648,-0.48406583038083767,1.1252352511198927e-14,-1.4058868158143382e-19,25.09026439064675
3.6e-5,36.0,13.898877642837505,13.735056474061372,-0.5025259509137613,1.1252497374443593e-14,-1.40583808970638e-19,25.056474061371198
3.625e-5,36.25,13.898393100912395,13.735021756243315,-0.5209745350469946,1.1252653277769893e-14,-1.4059352672724836e-19,25.02175624331393
3.65e-5,36.5,13.89789847347191,13.734986110757513,-0.5394116363179283,1.1252820619502282e-14,-1.4058693028498068e-19,24.986110757512137
3.675e-5,36.75,13.897393786070872,13.734949537409726,-0.5578372989142584,1.1252999796934194e-14,-1.405995819478262e-19,24.94953740972422
3.7e-5,37.0,13.896879064752985,13.73491203601205,-0.5762515360052378,1.12531912069068e-14,-1.4059133437550767e-19,24.91203601204947
3.725e-5,37.25,13.896354336049427,13.734873606362612,-0.5946543527663689,1.1253395245270328e-14,-1.4060562424370695e-19,24.87360636261114
3.75e-5,37.5,13.895819626977364,13.734834248261944,-0.6130457315236509,1.1253612307314376e-14,-1.4059945431644261e-19,24.834248261943134
3.775e-5,37.75,13.895274965038455,13.73479396150096,-0.6314256440969537,1.1253842787425272e-14,-1.4060931747589503e-19,24.79396150095876
3.8e-5,38.0,13.894720378217315,13.734752745866109,-0.6497940501473903,1.1254087079280671e-14,-1.4060692479134973e-19,24.752745866107453
3.825e-5,38.25,13.894155894979974,13.73471060114072,-0.6681508935939274,1.1254345575765683e-14,-1.406127909882329e-19,24.71060114071819
3.85e-5,38.5,13.893581544272308,13.734667527095592,-0.6864961175133397,1.1254618668895965e-14,-1.4061617887445267e-19,24.667527095590632
3.875e-5,38.75,13.892997355518402,13.734623523504977,-0.7048296437340029,1.1254906750003564e-14,-1.4061824036363552e-19,24.62352350497694
3.9e-5,39.0,13.892403358618987,13.734578590123439,-0.7231514027757199,1.1255210209403894e-14,-1.4062738943357475e-19,24.57859012343747
3.925e-5,39.25,13.89179958394968,13.734532726713393,-0.7414613008614511,1.1255529436811738e-14,-1.4062261375800697e-19,24.53272671339302
3.95e-5,39.5,13.891186062359433,13.734485933013797,-0.7597592578394027,1.1255864820816983e-14,-1.406362719316369e-19,24.48593301379652
3.975e-5,39.75,13.890562825168695,13.734438208771666,-0.7780451709452484,1.1256216749442736e-14,-1.4062645400862423e-19,24.438208771664627
4.0e-5,40.0,13.8899299041678,13.734389553710146,-0.7963189515824796,1.1256585609541049e-14,-1.4064354692050081e-19,24.38955371014463
4.025e-5,40.25,13.889287331615112,13.734339967558316,-0.8145804927610059,1.1256971787364591e-14,-1.4063209887007005e-19,24.33996755831473
4.05e-5,40.5,13.88863514023532,13.734289450022704,-0.8328296999453001,1.1257375668019076e-14,-1.4065018859920825e-19,24.289450022703427
4.075e-5,40.75,13.887973363217561,13.734238000811539,-0.8510664663628331,1.125779763591708e-14,-1.4064261795789882e-19,24.238000811538356
4.1e-5,41.0,13.887302034213667,13.734185619614893,-0.8692906925243207,1.1258238074403787e-14,-1.4065710977448984e-19,24.185619614891866
4.125e-5,41.25,13.886621187336223,13.734132306116292,-0.8875022768807029,1.1258697365999341e-14,-1.4065260067079915e-19,24.132306116290415
4.15e-5,41.5,13.885930857156747,13.73407805998887,-0.9057011162695785,1.1259175892266958e-14,-1.4066040072548158e-19,24.07805998886908
4.175e-5,41.75,13.885231078703754,13.73402288088873,-0.92388711765669,1.1259674033800215e-14,-1.406624654458387e-19,24.022880888729087
4.2e-5,42.0,13.884521887460817,13.733966768470175,-0.9420601767245609,1.1260192170352803e-14,-1.4066362220622656e-19,23.966768470174276
4.225e-5,42.25,13.883803319364652,13.7339097223604,-0.9602202104292664,1.1260730680576127e-14,-1.406738343324999e-19,23.909722360398337
4.25e-5,42.5,13.883075410803068,13.73385174219135,-0.9783671173070011,1.1261289942381999e-14,-1.406654300482294e-19,23.851742191348514
4.275e-5,42.75,13.882338198613034,13.733792827561315,-0.9965008237235826,1.1261870332482812e-14,-1.406825811212428e-19,23.79282756131435
4.3e-5,43.0,13.881591720078568,13.733732978074958,-1.0146212363767324,1.1262472226912456e-14,-1.4067166298339195e-19,23.73297807495677
4.325e-5,43.25,13.880836012928789,13.733672193302011,-1.0327282897632852,1.1263096000466731e-14,-1.4069526024906958e-19,23.67219330201014
4.35e-5,43.5,13.880071115335706,13.73361047281546,-1.050821903009167,1.1263742027265137e-14,-1.4067961975002637e-19,23.610472815459744
4.375e-5,43.75,13.879297065912244,13.733547816154251,-1.0689020202890904,1.126441068022223e-14,-1.4070504586033957e-19,23.5478161542503
4.4e-5,44.0,13.878513903710004,13.733484222856616,-1.0869685754113945,1.1265102331517788e-14,-1.4068938274307648e-19,23.48422285661502
4.425e-5,44.25,13.877721668217191,13.733419692430331,-1.1050215215616985,1.1265817352220067e-14,-1.4071115924205422e-19,23.4196924303312
4.45e-5,44.5,13.876920399356392,13.733354224373125,-1.1230608121350203,1.1266556112567075e-14,-1.4070334303150045e-19,23.35422437312355
4.475e-5,44.75,13.8761101374824,13.7332878181609,-1.1410864087923245,1.1267318981813519e-14,-1.407154389323719e-19,23.2878181608989
4.5e-5,45.0,13.875290923379977,13.733220473246456,-1.1590982876576013,1.1268106328275997e-14,-1.4071759897236992e-19,23.22047324645534
4.525e-5,45.25,13.874462798261607,13.733152189071358,-1.1770964201160115,1.1268918519427892e-14,-1.4071893667851678e-19,23.152189071357594
4.55e-5,45.5,13.873625803765242,13.733082965040584,-1.1950808061580247,1.1269755921707337e-14,-1.4073320715967045e-19,23.08296504058365
4.575e-5,45.75,13.872779981951963,13.733012800556914,-1.213051430171326,1.1270618900839444e-14,-1.4072459446465967e-19,23.012800556912605
4.6e-5,46.0,13.871925375303741,13.73294169497632,-1.2310083149664133,1.1271507821449441e-14,-1.4074797847283563e-19,22.941694976319898
4.625e-5,46.25,13.871062026720988,13.732869647656127,-1.2489514634959515,1.1272423047549566e-14,-1.4073059313968781e-19,22.869647656126048
4.65e-5,46.5,13.870189979520305,13.732796657904013,-1.2668809178776028,1.127336494204038e-14,-1.4076061559539694e-19,22.796657904012076
4.675e-5,46.75,13.869309277431979,13.732722725024997,-1.2847967050732183,1.1274333867260264e-14,-1.4073841742817726e-19,22.72272502499591
4.7e-5,47.0,13.868419964597694,13.732647848274327,-1.3026988884798514,1.1275330184496837e-14,-1.4077039312873126e-19,22.647848274325526
4.725e-5,47.25,13.86752208556797,13.732572026901142,-1.320587520230359,1.1276354254464921e-14,-1.4075092207259358e-19,22.572026901141797
4.75e-5,47.5,13.866615685299834,13.732495260106765,-1.338462683922257,1.1277406436954808e-14,-1.4077757926030281e-19,22.495260106763798
4.775e-5,47.75,13.865700809154212,13.732417547076306,-1.3563244628225979,1.1278487091139583e-14,-1.4076725242734297e-19,22.417547076305183
4.8e-5,48.0,13.864777502893538,13.732338886955912,-1.3741729592139391,1.127959657543058e-14,-1.4078405776470972e-19,22.338886955910993
4.825e-5,48.25,13.863845812679145,13.732259278859821,-1.3920082917225582,1.1280735247568488e-14,-1.407841950896161e-19,22.25927885982025
4.85e-5,48.5,13.862905785068769,13.732178721875695,-1.4098305819351602,1.1281903464710252e-14,-1.4078907739393473e-19,22.17872187569376
4.875e-5,48.75,13.86195746701396,13.732097215041755,-1.427639985841963,1.1283101583301047e-14,-1.4080441254700964e-19,22.09721504175441
4.9e-5,49.0,13.861000905857466,13.73201475738142,-1.445436647466561,1.1284329959376243e-14,-1.4079453807844728e-19,22.014757381418956
4.925e-5,49.25,13.86003614933069,13.731931347853742,-1.4632207595478117,1.1285588948250252e-14,-1.408228964794085e-19,21.931347853741503
4.95e-5,49.5,13.859063245550916,13.731846985409318,-1.4809924945575021,1.1286878904979768e-14,-1.407991764291087e-19,21.846985409315987
4.975e-5,49.75,13.858082243018833,13.731761668927021,-1.4987520785727004,1.1288200183941412e-14,-1.4083653041923142e-19,21.76166892701977
5.0e-5,50.0,13.857093190615661,13.731675397274875,-1.5164997195269245,1.1289553139367043e-14,-1.408078618255405e-19,21.67539727487463
5.025e-5,50.25,13.856096137600632,13.731588169247173,-1.5342356771134467,1.1290938124921675e-14,-1.408481367972013e-19,21.588169247171518
5.05e-5,50.5,13.855091133608072,13.731499983622161,-1.5519601982771116,1.1292355494182574e-14,-1.408215329238675e-19,21.499983622160276
5.075e-5,50.75,13.854078228644852,13.731410839105514,-1.569673576295903,1.1293805600343501e-14,-1.4085744419467966e-19,21.410839105513574
5.1e-5,51.0,13.853057473087436,13.731320734375895,-1.5873761030244125,1.1295288796536843e-14,-1.4083979713641615e-19,21.320734375893895
5.125e-5,51.25,13.85202891767923,13.731229668047432,-1.6050681037747816,1.1296805435735103e-14,-1.408642958997145e-19,21.22966804742998
5.15e-5,51.5,13.850992613527664,13.731137638688697,-1.622749921609507,1.1298355870874262e-14,-1.4085993219886586e-19,21.137638688695436
5.175e-5,51.75,13.849948612101443,13.731044644817421,-1.640421914106948,1.1299940454971137e-14,-1.4086811191652475e-19,21.044644817419876
5.2e-5,52.0,13.848896965227635,13.730950684883306,-1.6580844793195781,1.1301559541049781e-14,-1.4088436795426598e-19,20.950684883304305
5.225e-5,52.25,13.847837725088796,13.730855757299656,-1.6757380105086617,1.130321348245683e-14,-1.4087268241252654e-19,20.855757299654424
5.25e-5,52.5,13.846770944220125,13.730759860390743,-1.6933829615532943,1.1304902632626199e-14,-1.4090470011834602e-19,20.759860390742602
5.275e-5,52.75,13.845696675506439,13.730662992453938,-1.7110197684488,1.1306627345542946e-14,-1.4087761156887204e-19,20.662992453937743
5.3e-5,53.0,13.844614972179379,13.730565151683894,-1.7286489386124047,1.130838797541161e-14,-1.4092384805705692e-19,20.565151683894154
5.325e-5,53.25,13.843525887814272,13.730466336248107,-1.7462709601721709,1.1310184877189637e-14,-1.4088562488105615e-19,20.466336248105183
5.35e-5,53.5,13.842429476327334,13.73036654420635,-1.7638863925911596,1.1312018406258485e-14,-1.40938352798345e-19,20.36654420634869
5.375e-5,53.75,13.841325791972471,13.730265773583666,-1.7814957832048406,1.1313888918910165e-14,-1.4089932829112583e-19,20.265773583664014
5.4e-5,54.0,13.84021488933845,13.730164022296306,-1.799099745694831,1.13157967721437e-14,-1.4094863601045223e-19,20.164022296304374
5.425e-5,54.25,13.83909682334567,13.730061288214278,-1.816698892532053,1.131774232399828e-14,-1.4092056679958798e-19,20.061288214276672
5.45e-5,54.5,13.83797164924326,13.729957569104057,-1.834293890709274,1.1319725933551428e-14,-1.409544214279787e-19,19.95756910405667
5.475e-5,54.75,13.836839422605825,13.72985286266392,-1.8518854278418937,1.1321747961063902e-14,-1.4094546299732127e-19,19.85286266391873
5.5e-5,55.0,13.835700199330493,13.729747166502687,-1.8694742247279839,1.13238087681851e-14,-1.4095940389869963e-19,19.74716650268546
5.525e-5,55.25,13.83455403563368,13.729640478132266,-1.8870610511856363,1.1325908717925284e-14,-1.4097217673058018e-19,19.64047813226533
5.55e-5,55.5,13.833400988047963,13.729532794991998,-1.9046466861486686,1.1328048175040399e-14,-1.4096232326465057e-19,19.532794991998124
5.575e-5,55.75,13.832241113418965,13.72942411439512,-1.9222319852248468,1.1330227505874186e-14,-1.4099649454811953e-19,19.42411439511905
5.6e-5,56.0,13.831074468902042,13.729314433595093,-1.939817794139516,1.133244707887017e-14,-1.4096476926357128e-19,19.314433595091593
5.625e-5,56.25,13.829901111959234,13.729203749696655,-1.9574050541073105,1.133470726434852e-14,-1.4101899967689466e-19,19.203749696653794
5.65e-5,56.5,13.828721100355835,13.729092059746362,-1.974994690861701,1.133700843507298e-14,-1.4097479236614995e-19,19.092059746361016
5.675e-5,56.75,13.827534492157376,13.728979360632144,-1.992587728560518,1.1339350966048885e-14,-1.4103908304055608e-19,18.979360632143052
5.7e-5,57.0,13.826341345726092,13.728865649172302,-2.010185185635464,1.1341735235047691e-14,-1.4099077052290415e-19,18.86564917230191
5.725e-5,57.25,13.825141719717882,13.728750922020932,-2.027788176095481,1.134416162254462e-14,-1.410525699619498e-19,18.75092202093208
5.75e-5,57.5,13.823935673078736,13.7286351757506,-2.0453978176788428,1.1346630512077461e-14,-1.4101416422460292e-19,18.635175750599444
5.775e-5,57.75,13.822723265041656,13.728518406768961,-2.0630153152844617,1.1349142290417724e-14,-1.4106273523619626e-19,18.518406768959352
5.8e-5,58.0,13.821504555123077,13.728400611375989,-2.080641901837561,1.1351697347737013e-14,-1.4104314462661068e-19,18.400611375987232
5.825e-5,58.25,13.820279603119651,13.728281785718943,-2.098278874697324,1.1354296077992866e-14,-1.4106718779433727e-19,18.281785718941865
5.85e-5,58.5,13.819048469104755,13.728161925800052,-2.115927594866433,1.1356938878946565e-14,-1.4107574394379837e-19,18.161925800051357
5.875e-5,58.75,13.817811213425106,13.72804102748678,-2.1335894589132667,1.135962615271433e-14,-1.4106930421348267e-19,18.041027486779182
5.9e-5,59.0,13.816567896697348,13.727919086460572,-2.1512659650707833,1.1362358305699e-14,-1.4110665658801827e-19,17.9190864605719
5.925e-5,59.25,13.815318579804496,13.727796098283555,-2.1689586214440824,1.1365135749241573e-14,-1.410714691002421e-19,17.796098283554542
5.95e-5,59.5,13.814063323892627,13.7276720582957,-2.186669068244133,1.1367958899541719e-14,-1.4113356419173325e-19,17.672058295700815
5.975e-5,59.75,13.812802190367137,13.727546961721112,-2.2043989440372074,1.1370828178336e-14,-1.4107936124339115e-19,17.54696172111031
6.0e-5,60.0,13.811535240889516,13.727420803540292,-2.22215003115676,1.1373744012888934e-14,-1.4115636820412815e-19,17.420803540291196
6.025e-5,60.25,13.810262537373479,13.727293578603396,-2.239924119659143,1.1376706836615472e-14,-1.4109464792885205e-19,17.29357860339496
6.05e-5,60.5,13.808984141981737,13.727165281502486,-2.2577231454389373,1.1379717089258905e-14,-1.4117602020602482e-19,17.165281502485534
6.075e-5,60.75,13.80770011712207,13.72703590668211,-2.2755490637143785,1.1382775217322287e-14,-1.4112159592224537e-19,17.035906682109303
6.1e-5,61.0,13.806410525444067,13.726905448319082,-2.2934039713492376,1.1385881674544124e-14,-1.4118816295892315e-19,16.90544831908077
6.125e-5,61.25,13.805115429835162,13.726773900409194,-2.3112900127467575,1.1389036922118626e-14,-1.4115487055485503e-19,16.773900409193327
6.15e-5,61.50000000000001,13.803814893417265,13.726641256686174,-2.329209452404478,1.1392241429427809e-14,-1.4119318581932243e-19,16.64125668617178
6.175e-5,61.75,13.80250897954291,13.726507510651945,-2.347164648067058,1.1395495674134752e-14,-1.4119393383616542e-19,16.50751065194527
6.2e-5,62.0,13.80119775179164,13.726372655562013,-2.3651580446283385,1.13988001430844e-14,-1.411955542700607e-19,16.372655562012266
6.225e-5,62.24999999999999,13.799881273966305,13.726236684380249,-2.383192233559633,1.1402155332373169e-14,-1.412334834092031e-19,16.236684380247947
6.25e-5,62.5,13.79855961008921,13.72609958983936,-2.4012698607798835,1.1405561748324592e-14,-1.4119704868815956e-19,16.099589839358654
6.275e-5,62.74999999999999,13.797232824398579,13.725961364321996,-2.4193937675551442,1.1409019907639466e-14,-1.4126918950044927e-19,15.961364321995728
6.3e-5,63.0,13.79590098134445,13.72582199998257,-2.437566831100083,1.1412530338358672e-14,-1.412048826701718e-19,15.82199998256901
6.325e-5,63.25000000000001,13.794564145585282,13.725681488580783,-2.4557921538361223,1.1416093580190365e-14,-1.413003945659404e-19,15.681488580781153
6.35e-5,63.5,13.793222381983645,13.725539821628848,-2.4740728808081536,1.1419710185378639e-14,-1.4122185118183908e-19,15.539821628847031
6.375e-5,63.75000000000001,13.791875755602883,13.72539699021164,-2.4924123948822094,1.1423380719327512e-14,-1.4132449104804241e-19,15.396990211639842
6.4e-5,64.0,13.790524331702718,13.72525298513456,-2.510814141637374,1.1427105761246031e-14,-1.4125175569968743e-19,15.252985134559346
6.425e-5,64.25,13.789168175735869,13.725107796748667,-2.5292818086075646,1.1430885905192372e-14,-1.4134366968290885e-19,15.107796748665297
6.45e-5,64.5,13.787807353343629,13.724961415077356,-2.547819181631579,1.1434721760472482e-14,-1.412935590167769e-19,14.961415077354616
6.475e-5,64.75,13.786441930352364,13.724813829677464,-2.5664302747201493,1.1438613953059416e-14,-1.413531337923392e-19,14.813829677463229
6.5e-5,65.0,13.785071972769186,13.724665029703006,-2.585119262419041,1.1442563125885275e-14,-1.4134064691938134e-19,14.665029703005297
6.525e-5,65.25,13.783697546778171,13.724515003845012,-2.6038905142995112,1.1446569940483247e-14,-1.4135650067592623e-19,14.515003845010158
6.55e-5,65.5,13.78231871873629,13.724363740297346,-2.6227486401082336,1.1450635077358317e-14,-1.4139103869767459e-19,14.363740297344556
6.575e-5,65.75,13.780935555169224,13.724211226796994,-2.641698407393574,1.1454759237703805e-14,-1.4135781737944035e-19,14.211226796992431
6.6e-5,66.0,13.779548122767572,13.72405745048345,-2.660744905231498,1.1458943144022203e-14,-1.414382299978556e-19,14.05745048344916
6.625e-5,66.25,13.778156488382335,13.723902398031992,-2.6798933569168013,1.1463187541793637e-14,-1.4136406162371285e-19,13.90239803199032
6.65e-5,66.5,13.776760719021302,13.723746055429551,-2.699149371701806,1.1467493200490259e-14,-1.4148394788257048e-19,13.746055429550164
6.675e-5,66.75,13.775360881844284,13.723588408161774,-2.7185187017659307,1.1471860915108111e-14,-1.4138292521908818e-19,13.588408161773605
6.7e-5,67.0,13.773957044159573,13.723429440952795,-2.738007522830779,1.1476291507714331e-14,-1.4151849559784164e-19,13.429440952794131
6.725e-5,67.25,13.77254927341906,13.723269137958372,-2.757622193924697,1.1480785828736899e-14,-1.4141829042144909e-19,13.26913795837088
6.75e-5,67.5,13.771137637214652,13.72310748250221,-2.7773695262263574,1.1485344759206083e-14,-1.415439669445946e-19,13.107482502208972
6.775e-5,67.75,13.76972220327332,13.7229444572565,-2.797256566819089,1.148996921174356e-14,-1.4147068391220123e-19,12.944457256497806
6.8e-5,68.0,13.768303039453407,13.722780044000272,-2.8172908284302993,1.1494660133498622e-14,-1.4156594539196407e-19,12.780044000271197
6.825e-5,68.25,13.766880213739766,13.722614223731915,-2.83748015690997,1.1499418507074134e-14,-1.415321311532517e-19,12.614223731913677
6.85e-5,68.5,13.765453794239749,13.722446976518484,-2.857832846217145,1.150424535389578e-14,-1.415733157004689e-19,12.446976518481808
6.875e-5,68.75,13.76402384917859,13.72227828147641,-2.878357657681239,1.1509141735437307e-14,-1.416037759802913e-19,12.27828147640877
6.9e-5,69.0,13.762590446894956,13.722108116757127,-2.8990637724821813,1.1514108756773396e-14,-1.415816295118599e-19,12.10811675712682
6.925e-5,69.25,13.761153655836685,13.721936459370083,-2.91996098716459,1.1519147568416504e-14,-1.4165303846317795e-19,11.936459370081458
6.95e-5,69.5,13.759713544555844,13.721763285286517,-2.9410595293980957,1.1524259369919526e-14,-1.4155957997865653e-19,11.763285286516675
6.975e-5,69.75,13.75827018170467,13.721588569182671,-2.9623703275821884,1.1529445412638004e-14,-1.4168191546760915e-19,11.588569182669811
7.0e-5,70.0,13.756823636030454,13.721412284538202,-2.983904849534338,1.1534707003036544e-14,-1.4163414578723421e-19,11.412284538200176
7.025e-5,70.25,13.755373976371354,13.72123440341351,-3.0056753019040383,1.1540045506792689e-14,-1.4164792674548632e-19,11.234403413509163
7.05e-5,70.5,13.753921271651434,13.72105489642697,-3.027694619359084,1.1545462352067503e-14,-1.4173118441284434e-19,11.054896426970313
7.075e-5,70.75,13.752465590875902,13.720873732699497,-3.0499764558940536,1.1550959034342679e-14,-1.416273667836204e-19,10.87373269949609
7.1e-5,71.0,13.751007003126688,13.720690879609462,-3.0725354180882616,1.1556537120765916e-14,-1.4177106356565735e-19,10.690879609460756
7.125e-5,71.25,13.749545577557075,13.720506302865273,-3.09538691527865,1.156219825493072e-14,-1.4171040473112821e-19,10.506302865272463
7.15e-5,71.5,13.748081383387396,13.720319966209885,-3.118547420299404,1.1567944162913064e-14,-1.417390523221864e-19,10.31996620988411
7.175e-5,71.75,13.74661448989977,13.720131831377538,-3.142034460980945,1.1573776658289647e-14,-1.4182459766092601e-19,10.131831377537061
7.2e-5,72.0,13.745144966433113,13.719941857979435,-3.1658666499945824,1.1579697649289194e-14,-1.4171390409286023e-19,9.941857979435428
7.225e-5,72.25,13.743672882378531,13.71975000318588,-3.190063976556916,1.1585709145465824e-14,-1.4188421605734092e-19,9.750003185878311
7.25e-5,72.5,13.742198307173611,13.7195562217682,-3.214647658751249,1.1591813265031777e-14,-1.4180698776116658e-19,9.5562217681981
7.275e-5,72.75,13.740721310298005,13.719360465690892,-3.239640498338536,1.1598012244034601e-14,-1.4185714204815115e-19,9.360465690890383
7.3e-5,73.0,13.73924196126778,13.719162684025063,-3.265066887084055,1.160430844433928e-14,-1.419451010740688e-19,9.16268402506244
7.325e-5,73.25,13.73776032963022,13.718962822733458,-3.2909529054168147,1.161070436464975e-14,-1.4182942503528208e-19,8.962822733456273
7.35e-5,73.5,13.736276484959042,13.718760824234016,-3.3173267079355035,1.1617202651144876e-14,-1.4203226523111657e-19,8.76082423401488
7.375e-5,73.75,13.734790496848268,13.718556627372715,-3.3442184005719278,1.1623806109239096e-14,-1.4193753043275938e-19,8.55662737271452
7.4e-5,74.0,13.733302434907719,13.71835016683272,-3.3716605471533283,1.163051771815329e-14,-1.42021169378681e-19,8.350166832718578
7.425e-5,74.25,13.73181236875698,13.718141372962341,-3.399688213536107,1.1637340644141121e-14,-1.4208639063127624e-19,8.14137296234009
7.45e-5,74.5,13.730320368020072,13.717930171347968,-3.4283392314141627,1.1644278258433823e-14,-1.419840076434272e-19,7.930171347966035
7.475e-5,74.75,13.728826502320274,13.717716482247646,-3.4576546531330545,1.1651334154969528e-14,-1.420851401668346e-19,7.716482247644709
7.5e-5,75.0,13.727330841274128,13.717500220247437,-3.487678906097004,1.1658512170383652e-14,-1.4217101185417527e-19,7.5002202474359905
7.525e-5,75.25,13.72583345448604,13.71728129365275,-3.518460214451004,1.1665816407481807e-14,-1.420658823681986e-19,7.281293652748711
7.55e-5,75.5,13.724334411543051,13.717059603730279,-3.550051184025825,1.1673251260794852e-14,-1.4218312229533093e-19,7.05960373027835
7.575e-5,75.75,13.722833782008717,13.716835044173465,-3.5825090913306066,1.1680821444459733e-14,-1.422809493274624e-19,6.835044173463184
7.6e-5,76.0,13.721331635417751,13.716607500236133,-3.6158964958674247,1.1688532025423286e-14,-1.421746598499236e-19,6.607500236132207
7.625e-5,76.25,13.719828041270947,13.71637684764787,-3.650282083989491,1.169638846011648e-14,-1.4231630806747477e-19,6.376847647869275
7.65e-5,76.5,13.718323069029095,13.716142951775549,-3.6857411728797516,1.1704396634778699e-14,-1.4242752508577194e-19,6.142951775547058
7.675e-5,76.75,13.716816788107874,13.715905666347322,-3.7223566330457682,1.1712562913736667e-14,-1.423260856008091e-19,5.905666347321022
7.7e-5,77.0,13.715309267873325,13.715664831843647,-3.7602201537151223,1.1720894193609576e-14,-1.4250640774317138e-19,5.664831843646311
7.725e-5,77.25,13.713800577636066,13.715420274156514,-3.799433112864836,1.1729397963441506e-14,-1.425980503077543e-19,5.420274156512677
7.75e-5,77.5,13.712290786647271,13.71517180254915,-3.840108119844394,1.173808237782621e-14,-1.4254111701715593e-19,5.171802549148782
7.775e-5,77.75,13.710779964094716,13.714919207379763,-3.882370756376989,1.1746956338518296e-14,-1.4251677011904817e-19,4.9192073797617715
7.8e-5,78.0,13.709268179099164,13.714662257539574,-3.9263614824832365,1.1756029590168985e-14,-1.4273746255271217e-19,4.662257539572612
7.825e-5,78.25,13.707755500711759,13.714400697357137,-3.9722379885256087,1.1765312832282373e-14,-1.4286300336653843e-19,4.400697357135984
7.85e-5,78.5,13.706241997912578,13.71413424288608,-4.020178041978979,1.1774817851002426e-14,-1.4280290352515763e-19,4.134242886079479
7.875e-5,78.75,13.70472773961117,13.71386257728486,-4.070383132289492,1.178455767515079e-14,-1.4285771716543633e-19,3.8625772848590465
7.9e-5,79.0,13.703212794648412,13.71358534546438,-4.123082629945808,1.1794546760879313e-14,-1.4322861073493833e-19,3.5853454643798273
7.925e-5,79.25,13.70169723180144,13.71330214742614,-4.178539037123577,1.180480121361381e-14,-1.4332273807253319e-19,3.3021474261379242
7.95e-5,79.5,13.700181119792923,13.713012529833508,-4.237054728177825,1.1815339057858372e-14,-1.4333859990701374e-19,3.0125298335073536
7.975e-5,79.75,13.69866452730535,13.712715975535723,-4.29898036914212,1.1826180564046293e-14,-1.4335069742347233e-19,2.7159755357212587
8.0e-5,80.0,13.697147523003288,13.712411890065274,-4.364725861803212,1.1837348653406728e-14,-1.4357265324627504e-19,2.411890065273954
8.025e-5,80.25,13.69563017556691,13.712099584013265,-4.434774748298609,1.1848869403104079e-14,-1.4378800778004866e-19,2.0995840132642436
8.05e-5,80.5,13.69411255374198,13.711778249540274,-4.509703589630086,1.1860772684652907e-14,-1.4402942173429197e-19,1.7782495402722438
8.075e-5,80.75,13.692594726416935,13.711446927612526,-4.590209475447211,1.1873092992031363e-14,-1.4447212492072123e-19,1.4469276125252843
8.1e-5,81.0,13.691076762743194,13.71110446077979,-4.67715068238823,1.1885870534201261e-14,-1.4461106864541026e-19,1.104460779789075
8.125e-5,81.25,13.689558732335064,13.71074942002814,-4.7716123211223085,1.1899152737612506e-14,-1.454036433815553e-19,0.7494200281383986
8.15e-5,81.5,13.688040705637862,13.710379977801367,-4.875027751299157,1.191299643300216e-14,-1.4641498800267502e-19,0.3799778013648781
8.175e-5,81.75,13.686522754714545,13.70999364888411,-4.989444403253813,1.1927471380431659e-14,-1.3867845820634605e-19,-0.006351115891745562
8.2e-5,82.0,13.685004954545946,13.709586873408451,-5.117950051816474,1.1942666492465989e-14,-1.4513483230069545e-19,-0.4131265915504451
8.225e-5,82.25,13.68348738216162,13.709155292759418,-5.264238878228801,1.1958697677547502e-14,-1.442880546162083e-19,-0.844707240583325
8.25e-5,82.5,13.681970113139407,13.70869481858195,-5.431301233227003,1.1975710441700234e-14,-1.442828782750313e-19,-1.3051814180500858
8.275e-5,82.75,13.680453220049099,13.708202032968408,-5.621023112940412,1.199387712742664e-14,-1.4489704049280633e-19,-1.7979670315922776
8.3e-5,83.0,13.678936772234287,13.707674160084578,-5.834319409225028,1.2013393393336377e-14,-1.4515469432891952e-19,-2.325839915422588
8.325e-5,83.25,13.677420835797198,13.7071089870722,-6.071313012978412,1.2034475147018062e-14,-1.453970744042689e-19,-2.891012927801363
8.35e-5,83.5,13.675905473616291,13.70650478866525,-6.331492822654135,1.2057355812722781e-14,-1.455108957490259e-19,-3.4952113347513816
8.375e-5,83.75,13.67439074537752,13.705860259981714,-6.613848478394543,1.2082283716260802e-14,-1.4514556626161303e-19,-4.139740018286852
8.4e-5,84.0,13.672876707614279,13.705174457500945,-6.916984673116738,1.2109519426351824e-14,-1.440046547835294e-19,-4.825542499054924
8.425e-5,84.25,13.671363413752955,13.704446747750602,-7.239217670838521,1.2139332952966711e-14,-1.4418398495539147e-19,-5.553252249398513
8.45e-5,84.5,13.669850914161472,13.703676763280615,-7.5786559616906235,1.2172000770223408e-14,-1.4502703063359933e-19,-6.323236719386199
8.475e-5,84.75,13.668339256199221,13.702864365244205,-7.933267146936405,1.2207802649825212e-14,-1.4662846522419906e-19,-7.135634755797111
8.5e-5,85.0,13.666828484266457,13.702009612301149,-8.30093226221194,1.2247018351489319e-14,-1.447985672258213e-19,-7.990387698851873
8.525e-5,85.25,13.66531863985258,13.701112735062285,-8.679489585631458,1.2289924157248743e-14,-1.4468726619699317e-19,-8.88726493771502
8.55e-5,85.5,13.663809761582083,13.700174115848684,-9.066768690877328,1.2336789393779953e-14,-1.4863071728919475e-19,-9.82588415131627
8.575e-5,85.75,13.662301885258541,13.699194272942918,-9.460616591972945,1.238787300547458e-14,-1.435412720817863e-19,-10.805727057081643
8.6e-5,86.0,13.660795043906116,13.6981738490698,-9.858917372945843,1.2443419912721259e-14,-1.4639911970584593e-19,-11.82615093020039
8.625e-5,86.25,13.659289267810923,13.697113602839012,-10.259606111914858,1.2503657918990747e-14,-1.4307644504514552e-19,-12.886397160988787
8.65e-5,86.5,13.657784584559877,13.69601440370304,-10.660678555062875,1.2568794235673083e-14,-1.4313458679492005e-19,-13.98559629696048
8.675e-5,86.75,13.656281019084389,13.694877227751732,-11.060198268041004,1.263901265822561e-14,-1.4221888816330105e-19,-15.12277224826884
8.7e-5,87.0,13.654778593704151,13.693703155549347,-11.45630141560678,1.2714470626907929e-14,-1.3968715649574045e-19,-16.296844450654714
8.725e-5,87.25,13.65327732818,13.692493369449986,-11.847201227737282,1.2795296711190416e-14,-1.3974538871839448e-19,-17.506630550014023
8.75e-5,87.5,13.651777239775356,13.69124914960616,-12.231193335637144,1.2881588432566075e-14,-1.371604557665148e-19,-18.750850393840615
8.775e-5,87.75,13.650278343329502,13.689971868606749,-12.60666168312277,1.297341030708361e-14,-1.35918366528584e-19,-20.028131393251456
8.8e-5,88.0,13.648780651350876,13.688662980976718,-12.97208866601329,1.3070792573159523e-14,-1.3591426939961245e-19,-21.337019023283073
8.825e-5,88.25,13.647284174126897,13.687324009379347,-13.326066869953538,1.317373020911434e-14,-1.3196767760602259e-19,-22.675990620653387
8.85e-5,88.5,13.645788919863419,13.685956522649414,-13.66731713580498,1.3282182813964846e-14,-1.3238602096964701e-19,-24.043477350587104
8.875e-5,88.75,13.644294894847137,13.684562107701504,-13.994709496923958,1.3396075061425358e-14,-1.2878341029508276e-19,-25.4378922984974
8.9e-5,89.0,13.642802103640555,13.683142332628687,-14.30728913261791,1.3515298191842444e-14,-1.3169278222401649e-19,-26.85766737131338
8.925e-5,89.25,13.641310549245583,13.681698720861359,-14.604287162329864,1.3639712174022315e-14,-1.3236430424739323e-19,-28.30127913864266
8.95e-5,89.5,13.639820233212404,13.68023274551763,-14.885108893483453,1.3769148521674537e-14,-1.2905874511678928e-19,-29.767254482370994
8.975e-5,89.75,13.63833115572588,13.67874582971156,-15.149317674572838,1.3903413108419409e-14,-1.3153573099873078e-19,-31.25417028844225
9.0e-5,90.0,13.636843315690204,13.677239347284685,-15.396618058802664,1.404228928384046e-14,-1.2886474541375145e-19,-32.760652715316695
9.025e-5,90.25,13.635356710811221,13.67571462271406,-15.626842775151307,1.4185540737508628e-14,-1.3086549498271262e-19,-34.28537728594184
9.05e-5,90.5,13.633871337674586,13.674172932248295,-15.839937362710794,1.433291471085747e-14,-1.286401271033521e-19,-35.82706775170508
9.075e-5,90.75,13.632387191822177,13.672615503946373,-16.03594911555305,1.448414473965366e-14,-1.3031570098752616e-19,-37.38449605362771
9.1e-5,91.0,13.630904267824707,13.67104351892096,-16.215013596530103,1.463895375352536e-14,-1.2854606115806833e-19,-38.95648107904085
9.125e-5,91.25,13.62942255935228,13.669458111482024,-16.377345380224945,1.4797056568485235e-14,-1.298742805772812e-19,-40.54188851797609
9.15e-5,91.5,13.62794205924189,13.667860370438422,-16.523226330245336,1.495816274023182e-14,-1.2853751147095577e-19,-42.13962956157909
9.175e-5,91.75,13.62646275956206,13.66625133933454,-16.652997940660338,1.5121978728746596e-14,-1.2950833070440892e-19,-43.748660665460434
9.2e-5,92.0,13.624984651675694,13.664632017752671,-16.76705130756432,1.5288210407882567e-14,-1.286460046093452e-19,-45.36798224732994
9.225e-5,92.25,13.623507726298744,13.663003361667114,-16.865820782102634,1.5456564877785476e-14,-1.2918569795377056e-19,-46.99663833288778
9.25e-5,92.5,13.622031973558835,13.661366284669803,-16.94977565559002,1.5626752555562733e-14,-1.2884548115276692e-19,-48.63371533019659
9.275e-5,92.75,13.620557383047993,13.659721658514812,-17.01941470209732,1.5798488667460087e-14,-1.2890354212318475e-19,-50.27834148518838
9.3e-5,93.0,13.619083943877163,13.65807031415953,-17.07525972226824,1.597149485502858e-14,-1.2901182846642104e-19,-51.92968584046959
9.325e-5,93.25,13.61761164472357,13.65641304260085,-17.117850468848868,1.6145500417081668e-14,-1.2872521038417141e-19,-53.58695739915053
9.35e-5,93.5,13.616140473880547,13.654750595630311,-17.147740207474037,1.6320243393361174e-14,-1.2893095217449837e-19,-55.24940436969005
9.375e-5,93.75,13.614670419300776,13.653083687020825,-17.165490659559303,1.6495471611080334e-14,-1.287540486145114e-19,-56.9163129791753
9.4e-5,94.0,13.613201468640488,13.65141299300258,-17.17166941898922,1.6670943291530272e-14,-1.2867840682490254e-19,-58.58700699742136
9.425e-5,94.25,13.611733609299407,13.649739153676347,-17.166845126767893,1.6846427865629916e-14,-1.289482518815281e-19,-60.2608463236544
9.45e-5,94.5,13.610266828459558,13.64806277344698,-17.151585885958518,1.7021706269218394e-14,-1.2872637360690782e-19,-61.93722655302054
9.475e-5,94.75,13.608801113122231,13.646384422389405,-17.126455392829147,1.7196571435158405e-14,-1.2889834316378788e-19,-63.615577610596176
9.5e-5,95.0,13.607336450140844,13.644704636878068,-17.092011444503513,1.7370828426382328e-14,-1.2902121502766895e-19,-65.29536312193405
9.525e-5,95.25,13.605872826255283,13.643023920646748,-17.048803695696442,1.7544294568561886e-14,-1.2840420937653829e-19,-66.97607935325392
9.55e-5,95.5,13.604410228120516,13.64134274588644,-16.99737140900681,1.771679952092243e-14,-1.2951564285177692e-19,-68.65725411356088
9.575e-5,95.75,13.60294864233584,13.639661553852958,-16.938243003846694,1.7888185113151294e-14,-1.2869565160196971e-19,-70.33844614704313
9.6e-5,96.0,13.601488055471943,13.637980756291512,-16.871933526390055,1.805830528737904e-14,-1.2911031142692886e-19,-72.01924370848963
9.625e-5,96.25,13.600028454094433,13.63630073602671,-16.798944528690495,1.8227025829949294e-14,-1.2952750449251396e-19,-73.69926397329105
9.65e-5,96.5,13.598569824788632,13.634621848108626,-16.719762900304865,1.8394224094876362e-14,-1.2846484559284754e-19,-75.37815189137532
9.675e-5,96.75,13.597112154179262,13.632944420870539,-16.63485970349216,1.8559788720924143e-14,-1.3005678699344852e-19,-77.05557912946176
9.7e-5,97.0,13.595655428950957,13.631268756648595,-16.54469044803178,1.872361923832394e-14,-1.2926238018149364e-19,-78.73124335140658
9.725e-5,97.25,13.594199635867236,13.629595133062448,-16.449693922146075,1.8885625657921857e-14,-1.281588210779456e-19,-80.40486693755342
9.75e-5,97.5,13.592744761785598,13.627923803841387,-16.350292052145534,1.9045728075604717e-14,-1.3066470658253818e-19,-82.07619615861377
9.775e-5,97.75,13.59129079367339,13.62625499965596,-16.246890210329504,1.920385623445125e-14,-1.2913760838714311e-19,-83.7450003440414
9.8e-5,98.0,13.58983771862252,13.624588929433473,-16.139876327130597,1.9359949006102185e-14,-1.2821654277506532e-19,-85.4110705665276
9.825e-5,98.25,13.588385523860431,13.622925781052704,-16.029621295423986,1.9513953972941202e-14,-1.3117814017368926e-19,-87.07421894729693
9.85e-5,98.5,13.5869341967618,13.621265722251442,-15.916479284632333,1.966582697968744e-14,-1.2933653563093931e-19,-88.73427774855884
9.875e-5,98.75,13.58548372485945,13.619608901875294,-15.800787279090178,1.9815531551691516e-14,-1.2781781910159488e-19,-90.39109812470666
9.9e-5,99.0,13.584034095851711,13.617955450558375,-15.682865571310018,1.996303849491252e-14,-1.3159450928983607e-19,-92.04454944162673
9.925e-5,99.25,13.582585297610391,13.616305481571708,-15.563018228702669,2.010832549943359e-14,-1.303203215667291e-19,-93.69451842829318
9.95e-5,99.5,13.581137318188732,13.61465909208898,-15.441533033564564,2.025137648569375e-14,-1.2841775122789457e-19,-95.34090791102122
9.975e-5,99.75,13.579690145825067,13.613016363724475,-15.318681769390274,2.0392181310086676e-14,-1.3045654141151038e-19,-96.9836362755267
0.0001,100.0,13.578243768948763,13.611377363540909,-15.194720940426128,2.0530735302344718e-14,-1.3293924647190587e-19,-98.62263645909243
0.00010025,100.25,13.576798176183623,13.609742144921507,-15.069891982199726,2.0667038838702127e-14,-1.2939944336275883e-19,-100.2578550784935
0.0001005,100.5,13.57535335635126,13.608110748497056,-14.944421526094382,2.0801096824102353e-14,-1.2717204630595812e-19,-101.88925150294519
0.00010075,100.75,13.573909298472374,13.606483202764025,-14.818521958633957,2.0932918416870545e-14,-1.309028182766798e-19,-103.51679723597553
0.000101,101.0,13.57246599176899,13.60485952491714,-14.692391896297847,2.1062516727767568e-14,-1.320990313023566e-19,-105.14047508286146
0.00010125,101.25,13.571023425664873,13.603239721859413,-14.566216667769842,2.1189908285166607e-14,-1.2859699415805143e-19,-106.76027814058766
0.0001015,101.5,13.569581589785967,13.601623790767796,-14.440168698824925,2.1315112707611445e-14,-1.2687203500636853e-19,-108.37620923220486
0.00010175,101.75,13.568140473959394,13.600011719768508,-14.314407968515397,2.143815248118926e-14,-1.2928365100169847e-19,-109.98828023149204
0.000102,102.0,13.566700068213212,13.598403488723362,-14.18908250421228,2.1559052685392065e-14,-1.29962446398352e-19,-111.5965112766389
0.00010225,102.25,13.56526036277403,13.596799070054686,-14.064328942115061,2.1677840575505796e-14,-1.275475249117461e-19,-113.20092994531366
0.0001025,102.5,13.563821348065806,13.595198429207674,-13.94027302328782,2.1794545313769775e-14,-1.2645019874336063e-19,-114.80157079232703
0.00010275,102.75,13.562383014707157,13.593601525295117,-13.817029909633353,2.1909197807729777e-14,-1.2780413830974508e-19,-116.39847470488434
0.000103,103.0,13.560945353509164,13.59200831177613,-13.69470466390047,2.2021830490421363e-14,-1.280932734767493e-19,-117.99168822387155
0.00010325,103.25,13.559508355471184,13.590418737134836,-13.573392854891258,2.2132477002878833e-14,-1.265770934192051e-19,-119.58126286516506
0.0001035,103.5,13.558072011778489,13.588832745241794,-13.453181088785731,2.224117198480884e-14,-1.2596192953740706e-19,-121.16725475820779
0.00010375,103.75,13.55663631379846,13.58725027593986,-13.334147220023997,2.2347950962830537e-14,-1.2652652877308852e-19,-122.74972406014025
0.000104,104.0,13.555201253077144,13.585671265611872,-13.216360796653959,2.245285018151104e-14,-1.265451758797879e-19,-124.3287343881292
0.00010425,104.25,13.553766821333916,13.58409564771896,-13.099883662371063,2.2555906373551516e-14,-1.2572358842989242e-19,-125.90435228104091
0.0001045,104.5,13.552333010458419,13.582523353071357,-12.984770481366604,2.2657156604062424e-14,-1.2545719426738486e-19,-127.47664692864312
0.00010475,104.75,13.550899812506172,13.580954310338011,-12.871068872405534,2.275663819798637e-14,-1.254791468653602e-19,-129.04568966198926
0.000105,105.0,13.549467219694348,13.579388446505025,-12.758819808814058,2.285438861544569e-14,-1.2532859999387554e-19,-130.6115534949755
0.00010525,105.25,13.548035224395942,13.577825687283436,-12.648058186145578,2.2950445294373028e-14,-1.2500661024691647e-19,-132.1743127165638
0.0001055,105.5,13.546603819136314,13.576265957300018,-12.538813313818808,2.3044845540049386e-14,-1.2497440513298946e-19,-133.73404269998264
0.00010575,105.75,13.545172996588624,13.574709180522909,-12.43110899420967,2.3137626482187418e-14,-1.2465806994099901e-19,-135.29081947709136
0.000106,106.0,13.543742749569288,13.573155280616609,-12.324963872646665,2.3228824986978474e-14,-1.244170081847509e-19,-136.84471938339192
0.00010625,106.25,13.54231307103205,13.571604181232315,-12.22039195161952,2.331847755686347e-14,-1.244276484416147e-19,-138.3958187676864
0.0001065,106.5,13.540883954064455,13.570055806129819,-12.117403033503729,2.3406620256466434e-14,-1.2453880729877506e-19,-139.94419387018218
0.00010675,106.75,13.539455391883408,13.56851007951863,-12.01600276103848,2.3493288691335575e-14,-1.2403704470907922e-19,-141.48992048137148
0.000107,107.0,13.538027377830586,13.566966926318617,-11.916192916399664,2.357851794919286e-14,-1.2376042064883986e-19,-143.03307368138397
0.00010725,107.25,13.536599905366812,13.565426272348445,-11.817971871841248,2.366234254296147e-14,-1.239752323453365e-19,-144.57372765155588
0.0001075,107.5,13.535172968068627,13.563888044389836,-11.721334975788478,2.374479636478477e-14,-1.2416444667928373e-19,-146.11195561016402
0.00010775,107.75,13.533746559624177,13.562352170448667,-11.626274566586385,2.382591267998757e-14,-1.2358854802718782e-19,-147.64782955133273
0.000108,108.0,13.532320673828858,13.560818579932988,-11.532780222234619,2.3905724090765855e-14,-1.2331337799536896e-19,-149.18142006701314
0.00010825,108.25,13.53089530458016,13.559287203756128,-11.440839143742703,2.3984262510679673e-14,-1.2363420451959163e-19,-150.71279624387216
0.0001085,108.5,13.529470445874546,13.557757974354404,-11.35043648238922,2.406155913954796e-14,-1.2385471600749663e-19,-152.2420256455978
0.00010875,108.75,13.528046091803734,13.556230825876629,-11.261555335208328,2.4137644467613278e-14,-1.2327634550708587e-19,-153.76917412337235
0.000109,109.0,13.526622236550775,13.55470569429218,-11.174176948578411,2.421254825591806e-14,-1.230238744744982e-19,-155.2943057078214
0.00010925,109.25,13.525198874385495,13.553182517425723,-11.088281035085934,2.4286299532720086e-14,-1.2338537502040375e-19,-156.81748257427694
0.0001095,109.5,13.523775999661742,13.55166123493904,-11.003846043638442,2.4358926583314223e-14,-1.236077573582098e-19,-158.33876506096155
0.00010975,109.75,13.522353606814171,13.550141788459047,-10.92084914262813,2.443045696062188e-14,-1.230701642770585e-19,-159.85821154095427
0.00011,110.0,13.520931690354816,13.548624121629311,-10.839266381474918,2.450091747754904e-14,-1.2285143962852358e-19,-161.37587837068938
0.00011025,110.25,13.519510244869199,13.547108180092671,-10.75907294490596,2.4570334217890175e-14,-1.232103035362266e-19,-162.8918199073305
0.0001105,110.5,13.518089265013986,13.545593911446884,-10.680243370046549,2.4638732536367277e-14,-1.2341669156140713e-19,-164.40608855311646
0.00011075,110.75,13.516668745514291,13.5440812653224,-10.602751521400707,2.4706137072871485e-14,-1.2294369611621738e-19,-165.91873467760004
0.000111,111.0,13.515248681160775,13.542570193390187,-10.526570715060885,2.47725717530769e-14,-1.2276245308918877e-19,-167.4298066098131
0.00011125,111.25,13.51382906680643,13.541060649307104,-10.451673916286682,2.4838059808233818e-14,-1.2309206517624555e-19,-168.93935069289668
0.0001115,111.5,13.512409897364659,13.53955258865409,-10.378033909220235,2.4902623781816662e-14,-1.2327274597895156e-19,-170.4474113459107
0.00011175,111.75,13.510991167807047,13.538045968974917,-10.305623266453193,2.4966285545442682e-14,-1.2287291401270728e-19,-171.95403102508405
0.000112,112.0,13.50957287316102,13.536540749752156,-10.234414440941114,2.50290663048714e-14,-1.2272804108323686e-19,-173.4592502478447
0.00011225,112.25,13.508155008507245,13.535036892328423,-10.164379913863376,2.5090986624600343e-14,-1.2301588701170824e-19,-174.96310767157868
0.0001125,112.5,13.50673756897809,13.533534359834631,-10.095492323334804,2.515206643843392e-14,-1.2316700256986402e-19,-176.46564016537027
0.00011275,112.75,13.505320549755888,13.532033117199935,-10.027724430626932,2.521232506572397e-14,-1.2283956829426373e-19,-177.96688280006472
0.000113,113.0,13.503903946071036,13.53053313110648,-9.961049184698291,2.527178122059802e-14,-1.22727656573499e-19,-179.46686889352006
0.00011325,113.25,13.502487753199993,13.52903436989762,-9.895439827817325,2.5330453038470924e-14,-1.2296922562410715e-19,-180.9656301023814
0.0001135,113.5,13.501071966464094,13.527536803502338,-9.830869989852713,2.5388358088592732e-14,-1.230909374964261e-19,-182.46319649766346
0.00011375,113.75,13.499656581228185,13.526040403425444,-9.767313652638045,2.54455133897215e-14,-1.2283164222378486e-19,-183.9595965745575
0.000114,114.0,13.498241592899177,13.52454514269014,-9.704745191864365,2.550193542099872e-14,-1.2274836516938123e-19,-185.4548573098601
0.00011425,114.25,13.496826996924527,13.523050995742036,-9.643139447973319,2.555764014841774e-14,-1.2294295617731006e-19,-186.94900425796575
0.0001145,114.5,13.495412788791334,13.521557938374475,-9.582471792419241,2.5612643037996935e-14,-1.2303709643960198e-19,-188.44206162552598
0.00011475,114.75,13.493998964025334,13.520065947706914,-9.522718091156397,2.566695907033436e-14,-1.2283749711155808e-19,-189.93405229308604
0.000115,115.0,13.492585518189793,13.518575002122338,-9.463854728472011,2.572060275200731e-14,-1.227778560969233e-19,-191.424997877662
0.00011525,115.25,13.491172446884411,13.51708508117388,-9.405858650209813,2.5773588140737438e-14,-1.2292957588466716e-19,-192.91491882612098
0.0001155,115.5,13.489759745744637,13.515596165514633,-9.34870740789793,2.5825928858280614e-14,-1.2299934663063145e-19,-194.403834485368
0.00011575,115.75,13.488347410440959,13.514108236870216,-9.292379122244707,2.587763810356362e-14,-1.2285033779809826e-19,-195.89176312978492
0.000116,116.0,13.486935436678067,13.512621277976718,-9.236852492954126,2.592872866384066e-14,-1.2280976394281768e-19,-197.37872202328208
0.00011625,116.25,13.485523820194077,13.511135272494688,-9.182106820732473,2.5979212937808768e-14,-1.2292376623333368e-19,-198.86472750531314
0.0001165,116.5,13.484112556760056,13.509650204945755,-9.128122034554243,2.6029102947643842e-14,-1.229730028668262e-19,-200.34979505424644
0.00011675,116.75,13.482701642179476,13.508166060684092,-9.074878655828522,2.6078410350593607e-14,-1.228654790807171e-19,-201.83393931590845
0.000117,117.0,13.48129107228765,13.50668282583885,-9.022357797809912,2.6127146449396174e-14,-1.2283940350437608e-19,-203.31717416115148
0.00011725,117.25,13.479880842951163,13.50520048723851,-8.970541172051789,2.6175322212970686e-14,-1.229213880890726e-19,-204.799512761492
0.0001175,117.5,13.478470950067532,13.503719032355725,-8.919411103345723,2.6222948287276825e-14,-1.2295404233622283e-19,-206.28096764427627
0.00011775,117.75,13.47706138956483,13.502238449280965,-8.868950495090841,2.6270035005358203e-14,-1.228794312912054e-19,-207.76155071903653
0.000118,118.0,13.47565215740128,13.500758726671975,-8.819142821402151,2.6316592396733532e-14,-1.2286444510495141e-19,-209.2412733280251
0.00011825,118.25,13.47424324956483,13.499279853690117,-8.769972122816482,2.636263020554704e-14,-1.229205253655431e-19,-210.720146309884
0.0001185,118.5,13.47283466207295,13.497801819953889,-8.72142301268215,2.6408157900107337e-14,-1.2294013859334855e-19,-212.19818004611164
0.00011875,118.75,13.471426390972315,13.496324615516906,-8.673480644150747,2.6453184681454156e-14,-1.228905949983006e-19,-213.67538448309404
0.000119,119.0,13.470018432338536,13.49484823082575,-8.626130697573755,2.6497719491583846e-14,-1.228835542695711e-19,-215.15176917424984
0.00011925,119.25,13.468610782275846,13.49337265666865,-8.579359369393341,2.65417710291196e-14,-1.2291944938451192e-19,-216.62734333135202
0.0001195,119.5,13.467203436916932,13.491897884137611,-8.533153373017292,2.6585347757509953e-14,-1.229293012348544e-19,-218.10211586239032
0.00011975,119.75,13.465796392422716,13.490423904611804,-8.487499907753383,2.662845791223977e-14,-1.2289806870438199e-19,-219.57609538819668
0.00012,120.0,13.46438964498212,13.488950709724252,-8.442386643602362,2.6671109507860274e-14,-1.2289628832736044e-19,-221.04929027574897
0.00012025,120.25,13.46298319081183,13.487478291322319,-8.39780170641174,2.671331035135086e-14,-1.2291700984793974e-19,-222.5217086776818
0.0001205,120.5,13.461577026156165,13.486006641437884,-8.353733675577214,2.6755068049039957e-14,-1.2292000837766025e-19,-223.99335856211704
0.00012075,120.75,13.460171147286882,13.484535752276438,-8.310171555185802,2.6796390012606994e-14,-1.2290164238312216e-19,-225.46424772356372
0.000121,121.0,13.45876555050298,13.483065616192318,-8.267104757784734,2.6837283464961657e-14,-1.2290298008926902e-19,-226.9343838076834
0.00012125,121.25,13.457360232130496,13.481596225659876,-8.224523088159769,2.687775545153298e-14,-1.2291325522344058e-19,-228.40377434012495
0.0001215,121.5,13.45595518852237,13.480127573250789,-8.182416739625477,2.6917812846025988e-14,-1.2291178180797447e-19,-229.87242674921148
0.00012175,121.75,13.454550416058282,13.478659651628602,-8.140776267481234,2.69574623553717e-14,-1.229013968138778e-19,-231.3403483713986
0.000122,122.0,13.453145911144457,13.477192453531714,-8.099592572973675,2.6996710524547834e-14,-1.2290442119299245e-19,-232.80754646828615
0.00012225,122.24999999999999,13.45174167021346,13.475725971753729,-8.058856887354702,2.703556374606016e-14,-1.2290802072112676e-19,-234.27402824627129
0.0001225,122.5,13.450337689724073,13.474260199126844,-8.018560767960897,2.7074028264674924e-14,-1.2290412392495982e-19,-235.7398008731568
0.00012275,122.75,13.448933966161103,13.47279512852109,-7.978696074101663,2.711211018147287e-14,-1.2289874078862969e-19,-237.20487147891032
0.000123,123.00000000000001,13.447530496035226,13.471330752834051,-7.939254952025665,2.714981545773005e-14,-1.229025600366142e-19,-238.66924716595057
0.00012325,123.24999999999999,13.44612727588273,13.469867064978633,-7.90022982035923,2.7187149922861048e-14,-1.2290186210297237e-19,-240.1329350213683
0.0001235,123.5,13.444724302265406,13.46840405787134,-7.8616133667657655,2.722411927827896e-14,-1.2289667929944684e-19,-241.59594212866116
0.00012375,123.75,13.443321571770326,13.466941724435559,-7.8233985262120065,2.7260729100697912e-14,-1.2289357090980123e-19,-243.05827556444223
0.000124,124.0,13.441919081009699,13.465480057596565,-7.785578467498923,2.7296984845205224e-14,-1.2289739662013429e-19,-244.51994240343552
0.00012425,124.25000000000001,13.440516826620577,13.464019050275029,-7.748146580723157,2.7332891851924048e-14,-1.2289475351958324e-19,-245.98094972497137
0.0001245,124.49999999999999,13.439114805264731,13.46255869537911,-7.711096474974095,2.7368455349147655e-14,-1.2288967411363428e-19,-247.4413046208907
0.00012475,124.75,13.437713013628445,13.4610989858107,-7.674421958910278,2.7403680456024032e-14,-1.228869728519464e-19,-248.90101418930078
0.000125,125.0,13.4363114484223,13.4596399144645,-7.638117029113486,2.7438572184950404e-14,-1.2289008124159202e-19,-250.36008553550028
0.00012525,125.25000000000001,13.434910106380926,13.458181474225666,-7.6021758598582325,2.747313544718935e-14,-1.2288730243172173e-19,-251.81852577433384
0.0001255,125.49999999999999,13.433508984262811,13.456723657964675,-7.5665928020238145,2.750737505541447e-14,-1.228825913796393e-19,-253.2763420353252
0.00012575,125.75,13.432108078850108,13.455266458545555,-7.531362365885551,2.7541295725893232e-14,-1.2287956053817611e-19,-254.73354145444577
0.000126,126.0,13.430707386948411,13.453809868827832,-7.496479211371351,2.7574902080328015e-14,-1.2288197745652842e-19,-256.190131172168
0.00012625,126.25,13.429306905386449,13.45235388166689,-7.461938140148318,2.7608198650630858e-14,-1.2287975440863218e-19,-257.6461183331115
0.0001265,126.50000000000001,13.427906631015942,13.45089848991068,-7.427734095757422,2.7641189881002197e-14,-1.2287583176307109e-19,-259.10151008932087
0.00012675,126.74999999999999,13.426506560711347,13.449443686409088,-7.393862148459966,2.767388012971135e-14,-1.228718897304644e-19,-260.55631359091296
0.000127,127.0,13.425106691369646,13.447989464017677,-7.360317487357318,2.7706273670495704e-14,-1.228734923929012e-19,-262.0105359823227
0.00012725,127.25,13.423707019910033,13.446535815599535,-7.327095414611805,2.773837469666842e-14,-1.228723808689531e-19,-263.4641844004651
0.0001275,127.50000000000001,13.422307543273737,13.445082734023124,-7.294191346676877,2.7770187322834143e-14,-1.2286932417809577e-19,-264.91726597687637
0.00012775,127.74999999999999,13.420908258423786,13.443630212172014,-7.2616008010501885,2.78017155863497e-14,-1.2286406382638781e-19,-266.3697878279869
0.000128,128.0,13.419509162344777,13.442178242949515,-7.22931939005802,2.7832963448378567e-14,-1.2286486515760622e-19,-267.821757050486
0.00012825,128.25,13.418110252042558,13.440726819281089,-7.1973428169659,2.7863934797474824e-14,-1.2286521412442715e-19,-269.2731807189114
0.0001285,128.5,13.416711524544047,13.439275934112747,-7.165666878138565,2.7894633451021394e-14,-1.228632624951694e-19,-270.72406588725363
0.00012875,128.75,13.415312976896994,13.437825580420554,-7.1342874514488015,2.792506315643895e-14,-1.2285696170534722e-19,-272.174419579447
0.000129,129.0,13.41391460616975,13.436375751215454,-7.103200491543314,2.7955227591976353e-14,-1.2285713618875768e-19,-273.6242487845466
0.00012925,129.25,13.41251640945095,13.434926439545562,-7.072402027508145,2.7985130369885802e-14,-1.2285849974429869e-19,-275.07356045443987
0.0001295,129.5,13.41111838384932,13.433477638494642,-7.041888165717017,2.8014775037652126e-14,-1.2285764025194346e-19,-276.52236150535924
0.00012975,129.75,13.409720526493473,13.432029341191015,-7.0116550797157915,2.8044165079003436e-14,-1.2285068676491918e-19,-277.97065880898657
0.00013,130.0,13.408322834531642,13.430581540812016,-6.981699006738477,2.807330391450323e-14,-1.228504347333263e-19,-279.4184591879858
0.00013025,130.25,13.406925305131391,13.4291342305857,-6.952016246569562,2.810219490440615e-14,-1.2285268363061667e-19,-280.8657694143007
0.0001305,130.5,13.405527935479435,13.427687403789125,-6.922603164857963,2.8130841349731892e-14,-1.2285226357796186e-19,-282.3125962108758
0.00013075,130.75,13.404130722781412,13.426241053756414,-6.893456184266449,2.8159246493118438e-14,-1.2284450875971918e-19,-283.75894624358773
0.000131,131.0,13.40273366426165,13.424795173882485,-6.8645717819973155,2.818741351926819e-14,-1.2284403700827608e-19,-285.20482611751623
0.00013125,131.25,13.401336757162888,13.423349757623939,-6.8359464895192295,2.8215345557551963e-14,-1.2284722940845265e-19,-286.6502423760622
0.0001315,131.5,13.399939998746078,13.421904798497023,-6.807576896147036,2.8243045682965854e-14,-1.228473845048175e-19,-288.095201502978
0.00013175,131.75,13.398543386290203,13.420460290084515,-6.779459641305483,2.827051691686012e-14,-1.2283937765498193e-19,-289.5397099154854
0.000132,132.0,13.39714691709203,13.419016226038707,-6.751591412784894,2.829776222727863e-14,-1.228385181626267e-19,-290.9837739612932
0.00013225,132.25,13.395750588465846,13.417572600081337,-6.7239689470503485,2.8324784531360407e-14,-1.2284258297985558e-19,-292.4273999186639
0.0001325,132.5,13.394354397743289,13.416129406001192,-6.696589032904178,2.835158669620812e-14,-1.2284320982766353e-19,-293.8705939988088
0.00013275,132.75,13.392958342273158,13.414686637659765,-6.669448504692749,2.8378171539516674e-14,-1.2283575227745348e-19,-295.31336234023655
0.000133,133.0,13.391562419421184,13.413244288993447,-6.642544241104458,2.840454182983381e-14,-1.2283497033328068e-19,-296.7557110065546
0.00013325,133.25,13.390166626569794,13.411802354012476,-6.6158731658238565,2.843070028879525e-14,-1.2283893821528152e-19,-298.19764598752414
0.0001335,133.5,13.388770961117942,13.410360826798103,-6.589432251134779,2.8456649591925955e-14,-1.2283935826793633e-19,-299.63917320189813
0.00013375,133.75,13.387375420480925,13.408919701507395,-6.563218511846518,2.848239236918407e-14,-1.2283199765295431e-19,-301.0802984926063
0.000134,134.0,13.38598000209021,13.40747897237441,-6.5372290045206265,2.8507931205163716e-14,-1.2283113816059908e-19,-302.52102762559167
0.00013425,134.25,13.38458470339315,13.406038633708372,-6.51146082825654,2.853326864118887e-14,-1.2283523528957063e-19,-303.9613662916299
0.0001345,134.5,13.38318952185289,13.404598679890537,-6.485911128131008,2.855840717605876e-14,-1.2283601723374344e-19,-305.4013201094648
0.00013475,134.75,13.381794454948164,13.403159105377975,-6.460577089774018,2.858334926652153e-14,-1.228290508220221e-19,-306.8408946220259
0.000135,135.0,13.380399500173128,13.401719904704033,-6.435455938815061,2.8608097327432685e-14,-1.2282844336125975e-19,-308.280095295969
0.00013525,135.25,13.379004655037141,13.4002810724759,-6.410544941674286,2.863265373372426e-14,-1.2283232723272963e-19,-309.7189275241003
0.0001355,135.5,13.377609917064627,13.398842603371216,-6.385841408763457,2.865702082110314e-14,-1.2283283775826394e-19,-311.1573966287853
0.00013575,135.75,13.376215283794924,13.397404492141034,-6.361342689588758,2.868120088646301e-14,-1.228267437635949e-19,-312.59550785896687
0.000136,136.0,13.374820752782119,13.395966733609704,-6.337046172337032,2.8705196188007224e-14,-1.228263818720769e-19,-314.0332663902959
0.00013625,136.25,13.373426321594845,13.394529322671985,-6.3129492845641,2.872900894710503e-14,-1.2282988446498318e-19,-315.47067732801605
0.0001365,136.5,13.37203198781616,13.393092254289488,-6.2890494961176175,2.8752641348947555e-14,-1.2283035621642628e-19,-316.90774571051315
0.00013675,136.75,13.370637749043407,13.391655523493052,-6.265344314676686,2.877609554290467e-14,-1.2282492138130786e-19,-318.34447650695
0.000137,137.0,13.369243602888064,13.390219125382133,-6.241831285401246,2.8799373642617756e-14,-1.2282473397320033e-19,-319.78087461786794
0.00013725,137.25,13.367849546975558,13.38878305512167,-6.218507991461366,2.882247772775073e-14,-1.2282775835231498e-19,-321.2169448783292
0.0001375,137.5,13.366455578945153,13.387347307938535,-6.195372056666871,2.8845409844606504e-14,-1.2282807500739322e-19,-322.65269206146604
0.00013775,137.75,13.365061696449821,13.385911879123375,-6.172421141369113,2.886817200643399e-14,-1.2282354490106979e-19,-324.08812087662585
0.000138,138.0,13.363667897156109,13.384476764029765,-6.149652942132704,2.889076619349329e-14,-1.2282350612697857e-19,-325.52323597023667
0.00013825,138.25,13.362274178743963,13.383041958070928,-6.127065192081402,2.89131943547077e-14,-1.228259101206338e-19,-326.9580419290733
0.0001385,138.5,13.360880538906635,13.381607456716246,-6.104655663236607,2.893545840824248e-14,-1.2282582611010284e-19,-328.3925432837542
0.00013875,138.75,13.359486975350555,13.380173255492899,-6.082422162709785,2.895756024176539e-14,-1.2282197455037564e-19,-329.82674450710107
0.000139,139.0,13.358093485795214,13.378739349984738,-6.060362532385567,2.8979501712486366e-14,-1.2282207148560368e-19,-331.26065001526257
0.00013925,139.25,13.356700067972996,13.377305735829115,-6.038474649076632,2.900128464871518e-14,-1.2282404250190703e-19,-332.6942641708853
0.0001395,139.5,13.355306719629104,13.375872408713539,-6.016756426592518,2.902291085040306e-14,-1.22823945566679e-19,-334.12759128646286
0.00013975,139.75,13.353913438521431,13.374439364377082,-5.995205812207294,2.9044382089360657e-14,-1.2282037835028736e-19,-335.5606356229185
0.00014,140.0,13.35252022242046,13.373006598609253,-5.973820786301109,2.906570010927331e-14,-1.2282059160778903e-19,-336.99340139074775
0.00014025,140.25,13.351127069109106,13.371574107247012,-5.952599362352989,2.908686662716852e-14,-1.2282245276416728e-19,-338.4258927529889
0.0001405,140.5,13.349733976382634,13.37014188617165,-5.931539588772487,2.910788333392094e-14,-1.2282224596901414e-19,-339.8581138283515
0.00014075,140.75,13.348340942048567,13.368709931309999,-5.910639545625264,2.912875189443142e-14,-1.2281931852512752e-19,-341.29006869000193
0.000141,141.0,13.346947963926572,13.367278238633423,-5.88989734421819,2.9149473947618444e-14,-1.2281968687899405e-19,-342.7217613665778
0.00014125,141.25,13.345555039848318,13.365846804155103,-5.8693111269646,2.9170051107799617e-14,-1.2282106982158066e-19,-344.1531958448973
0.0001415,141.5,13.344162167657402,13.364415623927156,-5.848879069007354,2.919048496516164e-14,-1.2282077901589656e-19,-345.5843760728438
0.00014175,141.75,13.342769345209263,13.362984694041803,-5.828599375161197,2.9210777085903003e-14,-1.2281829101171037e-19,-347.01530595819855
0.000142,142.0,13.34137657037106,13.361554010630472,-5.808470279481138,2.9230929012202323e-14,-1.2281874337610786e-19,-348.4459893695289
0.00014225,142.25,13.339983841021567,13.360123569861413,-5.788490045018442,2.925094226351869e-14,-1.2281992598588987e-19,-349.8764301385882
0.0001425,142.5,13.338591155051088,13.358693367937065,-5.768656965265704,2.9270818337027943e-14,-1.2281946715914384e-19,-351.30663206293696
0.00014275,142.75,13.337198510361365,13.35726340109523,-5.748969361308582,2.9290558707731895e-14,-1.2281712132662543e-19,-352.7365989047718
0.000143,143.0,13.335805904865486,13.355833665608351,-5.729425581385651,2.93101648284049e-14,-1.2281746383109781e-19,-354.1663343916494
0.00014325,143.25,13.334413336487767,13.354404157781456,-5.7100240005595,2.932963813081782e-14,-1.2281858181739447e-19,-355.59584221854425
0.0001435,143.5,13.333020803163674,13.35297487394983,-5.690763022015114,2.9348980026141945e-14,-1.2281815530239112e-19,-357.0251260501715
0.00014375,143.75,13.331628302839746,13.351545810480104,-5.671641074429862,2.93681919050284e-14,-1.228166237257882e-19,-358.4541895198959
0.000144,144.0,13.330235833473504,13.35011696376983,-5.652656611521584,2.9387275137533595e-14,-1.2281718595011079e-19,-359.88303623017066
0.00014425,144.25,13.328843393033324,13.348688330245652,-5.633808111686236,2.940623107427206e-14,-1.228176060027656e-19,-361.3116697543482
0.0001445,144.5,13.327450979498387,13.347259906361197,-5.615094079181376,2.942506104679116e-14,-1.2281698561730618e-19,-362.74009363880305
0.00014475,144.75,13.326058590858587,13.345831688598436,-5.596513041635738,2.944376636762227e-14,-1.2281533125608108e-19,-364.16831140156455
0.000145,145.0,13.324666225114441,13.344403673467218,-5.57806354965723,2.9462348330187376e-14,-1.2281603565207145e-19,-365.5963265327828
0.00014525,145.25,13.32327388027699,13.342975857503816,-5.559744176443216,2.948080820988606e-14,-1.2281653971525723e-19,-367.024142496184
0.0001455,145.5,13.321881554367726,13.341548237269064,-5.541553518871718,2.9499147264442227e-14,-1.2281591932979781e-19,-368.451762730937
0.00014575,145.75,13.320489245418518,13.340120809349639,-5.52349019520533,2.951736673393098e-14,-1.228144265272861e-19,-369.87919065036266
0.000146,146.0,13.31909695147152,13.338693570357853,-5.505552844702971,2.953546784066832e-14,-1.2281488535403212e-19,-371.3064296421489
0.00014625,146.25,13.317704670579081,13.337266516930454,-5.487740127232911,2.955345179023719e-14,-1.2281553158888568e-19,-372.73348306954676
0.0001465,146.5,13.316312400803671,13.33583964572699,-5.470050724288939,2.9571319771808607e-14,-1.2281505337509405e-19,-374.1603542730103
0.00014675,146.75,13.3149201402178,13.334412953431004,-5.452483336890818,2.958907295814708e-14,-1.2281370920659865e-19,-375.587046568997
0.000147,147.0,13.313527886903954,13.332986436750035,-5.435036685209016,2.960671250548526e-14,-1.2281425204387564e-19,-377.01356324996635
0.00014725,147.25,13.312135638954482,13.331560092414627,-5.41770950819701,2.962423955449419e-14,-1.2281457516130241e-19,-378.439907585374
0.0001475,147.5,13.310743394471533,13.330133917176857,-5.4005005645496285,2.9641655230581574e-14,-1.228141551086476e-19,-379.86608282314404
0.00014775,147.75,13.309351151566993,13.328707907811532,-5.383408630759094,2.965896064387827e-14,-1.2281325684220116e-19,-381.29209218846796
0.000148,148.0,13.3079589083624,13.327282061116339,-5.366432500792431,2.967615688909943e-14,-1.228138255288723e-19,-382.71793888366227
0.00014825,148.25,13.30656666298885,13.325856373910899,-5.349570985757204,2.9693245046464135e-14,-1.2281401939932836e-19,-384.1436260891019
0.0001485,148.5,13.305174413586933,13.324430843035454,-5.3328229148104,2.971022618197376e-14,-1.228133731644748e-19,-385.5691569645466
0.00014875,148.75,13.30378215830667,13.323005465352228,-5.31618713332288,2.972710134738118e-14,-1.2281244258628568e-19,-386.9945346477724
0.000149,149.0,13.302389895307428,13.321580237745478,-5.299662502643965,2.9743871580040827e-14,-1.2281284971424342e-19,-388.41976225452396
0.00014925,149.25,13.300997622757832,13.320155157120718,-5.283247899787178,2.9760537903782454e-14,-1.228131728316702e-19,-389.8448428792836
0.0001495,149.5,13.299605338835711,13.318730220403552,-5.266942218295292,2.977710132917069e-14,-1.2281257829560492e-19,-391.269779596449
0.00014975,149.75,13.298213041728022,13.317305424540894,-5.250744366562786,2.979356285346032e-14,-1.2281185451256894e-19,-392.69457545910626
0.00015,150.0,13.296820729630786,13.31588076650115,-5.23465326763105,2.980992346043702e-14,-1.2281246197333128e-19,-394.1192334988507
0.00015025,150.25,13.295428400748987,13.314456243273492,-5.218667858911171,2.982618412124899e-14,-1.2281246843567982e-19,-395.5437567265084
0.0001505,150.5,13.294036053296525,13.313031851866736,-5.202787093008219,2.984234579465066e-14,-1.228119385230999e-19,-396.9681481332644
0.00015075,150.75,13.292643685496149,13.311607589310643,-5.1870099361592885,2.985840942694514e-14,-1.2281129875059488e-19,-398.39241068935826
0.000151,151.0,13.291251295579386,13.310183452656004,-5.171335368097665,2.987437595181762e-14,-1.2281174465264383e-19,-399.8165473439978
0.00015125,151.25,13.289858881786447,13.308759438973992,-5.155762381794997,2.989024629112886e-14,-1.2281177050203798e-19,-401.2405610260096
0.0001515,151.5,13.288466442366195,13.307335545355112,-5.140289984247511,2.990602135514439e-14,-1.2281116950362417e-19,-402.66445464488896
0.00015175,151.75,13.287073975576048,13.30591176891042,-5.124917195044478,2.992170204246625e-14,-1.2281025831248065e-19,-404.0882310895808
0.000152,152.0,13.285681479681946,13.304488106771599,-5.1096430462642335,2.993728923986086e-14,-1.228107042145296e-19,-405.51189322840287
0.00015225,152.25,13.28428895295825,13.303064556090392,-5.094466582231117,2.995278382301756e-14,-1.2281109195544174e-19,-406.9354439096086
0.0001525,152.5,13.282896393687682,13.30164111403766,-5.079386860265075,2.996818665676429e-14,-1.2281065251574132e-19,-408.35888596234213
0.00015275,152.75,13.281503800161286,13.300217777804278,-5.064402949409161,2.9983498594990926e-14,-1.228099028833112e-19,-409.78222219572217
0.000153,153.0,13.280111170678351,13.298794544601407,-5.049513930312645,2.9998720480472624e-14,-1.22810322935966e-19,-411.2054553985946
0.00015325,153.25,13.278718503546331,13.297371411659865,-5.034718895024069,3.001385314559611e-14,-1.2281051034407354e-19,-412.6285883401354
0.0001535,153.5,13.277325797080795,13.295948376229203,-5.020016947708685,3.002889741256431e-14,-1.2281015491490408e-19,-414.0516237707978
0.00015375,153.75,13.27593304960537,13.294525435578638,-5.005407203453473,3.00438540933116e-14,-1.2280942466951957e-19,-415.4745644213635
0.000154,154.0,13.27454025945169,13.293102586997184,-4.990888788203746,3.005872398932381e-14,-1.228098124104317e-19,-416.89741300281725
0.00015425,154.25,13.273147424959292,13.291679827793066,-4.976460838567302,3.007350789233523e-14,-1.2280995458209948e-19,-418.320172206935
0.0001545,154.5,13.271754544475604,13.290257155292815,-4.962122502492042,3.008820658452283e-14,-1.2280954745414174e-19,-419.7428447071848
0.00015475,154.75,13.270361616355856,13.288834566842128,-4.947872938165679,3.010282083841489e-14,-1.228088495204999e-19,-421.1654331578731
0.000155,155.0,13.268968638963042,13.287412059805954,-4.933711313979967,3.011735141670876e-14,-1.228092695731547e-19,-422.58794019404667
0.00015525,155.25,13.267575610667844,13.285989631567949,-4.919636808333124,3.013179907294063e-14,-1.2280944405656517e-19,-424.01036843205287
0.0001555,155.5,13.266182529848578,13.284567279529604,-4.905648610265762,3.014616455167008e-14,-1.22809140326184e-19,-425.4327204703975
0.00015575,155.75,13.264789394891142,13.283145001110935,-4.891745918473349,3.0160448588383394e-14,-1.2280870088648358e-19,-426.8549988890667
0.000156,156.0,13.263396204188977,13.281722793750626,-4.877927941272516,3.017465190930963e-14,-1.2280908216504718e-19,-428.27720624937444
0.00015625,156.25,13.262002956142972,13.28030065490544,-4.8641938964102875,3.018877523206493e-14,-1.2280919202497228e-19,-429.699345094561
0.0001565,156.5,13.26060964916143,13.278878582049359,-4.850543011662545,3.020281926582892e-14,-1.2280873319822626e-19,-431.1214179506429
0.00015675,156.75,13.25921628166002,13.277456572674302,-4.836974523904378,3.0216784711242856e-14,-1.2280847470428484e-19,-432.5434273256983
0.000157,157.0,13.257822852061734,13.276034624290181,-4.823487679114751,3.0230672260224595e-14,-1.2280884305815136e-19,-433.9653757098194
0.00015725,157.25,13.256429358796794,13.274612734424263,-4.810081732187223,3.02444825965894e-14,-1.2280883659580283e-19,-435.38726557573756
0.0001575,157.5,13.255035800302622,13.273190900620358,-4.796755947490998,3.025821639621862e-14,-1.2280823559738902e-19,-436.80909937964174
0.00015775,157.75,13.253642175023804,13.271769120439561,-4.783509597991347,3.0271874326953396e-14,-1.2280776384594592e-19,-438.2308795604396
0.000158,158.0,13.252248481412025,13.270347391460174,-4.770341965280568,3.0285457048409333e-14,-1.2280813219981245e-19,-439.65260853982704
0.00015825,158.25,13.250854717926002,13.268925711277173,-4.757252339376647,3.029896521257514e-14,-1.228083389949656e-19,-441.07428872282725
0.0001585,158.5,13.249460883031453,13.267504077501453,-4.744240019245144,3.031239946397337e-14,-1.2280795125405346e-19,-442.4959224985473
0.00015875,158.75,13.248066975201052,13.266082487760304,-4.731304312022923,3.0325760439551184e-14,-1.228077056848091e-19,-443.917512239696
0.000159,159.0,13.246672992914364,13.264660939697501,-4.718444533019858,3.0339048768494764e-14,-1.2280814512450952e-19,-445.33906030249875
0.00015925,159.25,13.245278934657808,13.263239430972725,-4.7056600055237725,3.0352265072806845e-14,-1.2280806111397856e-19,-446.76056902727544
0.0001595,159.5,13.243884798924594,13.26181795926082,-4.692950061287142,3.036540996746092e-14,-1.2280776384594592e-19,-448.18204073918054
0.00015975,159.75,13.242490584214696,13.260396522252329,-4.68031403979321,3.037848406028866e-14,-1.2280740195442793e-19,-449.60347774767314
0.00016,160.0,13.241096289034806,13.258975117653469,-4.667751288281006,3.039148795179447e-14,-1.228077961576886e-19,-451.024882346532
0.00016025,160.25,13.239701911898251,13.257553743185614,-4.655261161544654,3.0404422235713286e-14,-1.2280775092124885e-19,-452.44625681438595
0.0001605,160.5,13.238307451324989,13.256132396584567,-4.6428430223870185,3.04172874991583e-14,-1.2280753120139864e-19,-453.86760341543356
0.00016075,160.75,13.236912905841539,13.25471107560107,-4.630496240931103,3.043008432250587e-14,-1.228073050191999e-19,-455.28892439893025
0.000161,161.0,13.235518273980961,13.253289778000784,-4.618220194655861,3.044281327921026e-14,-1.2280775092124885e-19,-456.71022199921674
0.00016125,161.25,13.23412355428278,13.251868501563754,-4.606014268195362,3.04554749363427e-14,-1.2280764752367228e-19,-458.13149843624615
0.0001615,161.5,13.232728745292956,13.25044724408372,-4.593877853757988,3.0468069854733355e-14,-1.2280713699813797e-19,-459.55275591628174
0.00016175,161.75,13.231333845563846,13.249026003368673,-4.581810350469955,3.048059858885357e-14,-1.2280687850419655e-19,-460.97399663132796
0.000162,162.0,13.229938853654161,13.247604777240772,-4.5698111644375645,3.049306168663143e-14,-1.2280729855685136e-19,-462.3952227592285
0.00016225,162.25,13.228543768128914,13.246183563535853,-4.557879708528453,3.050545968997296e-14,-1.2280726624510868e-19,-463.8164364641474
0.0001625,162.5,13.227148587559373,13.244762360102813,-4.546015402756868,3.051779313489812e-14,-1.2280686557949948e-19,-465.23763989718753
0.00016275,162.75,13.22575331052304,13.243341164804042,-4.534217673698236,3.0530062551421483e-14,-1.2280689142889362e-19,-466.6588351959585
0.000163,163.0,13.224357935603596,13.241919975515419,-4.522485954533143,3.054226846336831e-14,-1.2280731148154843e-19,-468.0800244845818
0.00016325,163.25,13.22296246139086,13.240498790125823,-4.510819684833638,3.05544113888789e-14,-1.2280722100866894e-19,-469.50120987417694
0.0001635,163.5,13.221566886480744,13.239077606536542,-4.499218310924038,3.05664918405393e-14,-1.2280668463374048e-19,-470.9223934634594
0.00016375,163.75,13.220171209475227,13.237656422661756,-4.487681285315214,3.057851032526028e-14,-1.2280671694548316e-19,-472.34357733824453
0.000164,164.0,13.21877542898231,13.236235236428492,-4.476208066772264,3.0590467344094175e-14,-1.2280713053578944e-19,-473.76476357150983
0.00016425,164.25,13.21737954361596,13.23481404577615,-4.464798120096602,3.060236339272326e-14,-1.2280689142889362e-19,-475.1859542238511
0.0001645,164.5,13.215983551996093,13.233392848655958,-4.453450916459477,3.061419896158535e-14,-1.2280640029040492e-19,-476.6071513440428
0.00016475,164.75,13.21458745274852,13.231971643031466,-4.442165932875126,3.062597453575142e-14,-1.2280645845154174e-19,-478.02835696853504
0.000165,165.0,13.213191244504925,13.230550426878459,-4.430942652271916,3.0637690594743525e-14,-1.2280685911715094e-19,-479.4495731215418
0.00016525,165.25,13.211794925902806,13.229129198184555,-4.419780563273496,3.0649347613007816e-14,-1.2280667817139195e-19,-480.8708018154456
0.0001655,165.5,13.210398495585457,13.22770795494868,-4.408679160508423,3.0660946060035394e-14,-1.2280617410820617e-19,-482.29204505131946
0.00016575,165.75,13.20900195220191,13.22628669518154,-4.397637944122299,3.0672486400238745e-14,-1.2280614825881203e-19,-483.7133048184609
0.000166,166.0,13.207605294406923,13.224865416905532,-4.386656419853814,3.068396909277101e-14,-1.2280662647260366e-19,-485.1345830944683
0.00016625,166.25,13.20620852086092,13.223444118154426,-4.3757340988068245,3.0695394591984385e-14,-1.2280643906449613e-19,-486.55588184557445
0.0001665,166.5,13.20481163022997,13.222022796972858,-4.364870497735935,3.070676334754625e-14,-1.2280602547418986e-19,-487.977203027143
0.00016675,166.75,13.203414621185734,13.220601451416695,-4.3540651386232945,3.0718075804314956e-14,-1.228059802377501e-19,-489.398548583306
0.000167,167.0,13.20201749240546,13.219180079553038,-4.343317548729217,3.0729332402160456e-14,-1.2280623873169153e-19,-490.8199204469639
0.00016725,167.25,13.20062024257191,13.217758679459921,-4.332627260366982,3.0740533576408864e-14,-1.2280623873169153e-19,-492.24132054008015
0.0001675,167.5,13.199222870373346,13.216337249225896,-4.3219938111726774,3.075167975795401e-14,-1.2280599316244718e-19,-493.6627507741049
0.00016775,167.75,13.197825374503497,13.214915786950243,-4.311416743727228,3.0762771373133057e-14,-1.2280605778593253e-19,-495.08421304975803
0.000168,168.0,13.196427753661517,13.213494290743082,-4.3008956055945085,3.077380884354821e-14,-1.2280650368798149e-19,-496.50570925691915
0.00016825,168.25,13.195030006551955,13.212072758725048,-4.2904299491131885,3.0784792586498176e-14,-1.228062710434342e-19,-497.9272412749528
0.0001685,168.5,13.193632131884712,13.210651189026835,-4.280019331649886,3.0795723015086124e-14,-1.2280574759320283e-19,-499.34881097316577
0.00016875,168.75,13.19223412837502,13.209229579789621,-4.269663315211133,3.080660053809456e-14,-1.2280594792600743e-19,-500.77042021038034
0.000169,169.0,13.190835994743402,13.20780792916502,-4.259361466525951,3.0817425559808406e-14,-1.2280629689282835e-19,-502.1920708349816
0.00016925,169.25,13.189437729715637,13.206386235314772,-4.249113356832638,3.0828198480434216e-14,-1.2280611594706935e-19,-503.6137646852294
0.0001695,169.5,13.188039332022736,13.204964496410351,-4.238918562111741,3.0838919696204285e-14,-1.228056700450204e-19,-505.03550358964924
0.00016975,169.75,13.186640800400893,13.203542710633368,-4.228776662727555,3.084958959925138e-14,-1.2280574759320283e-19,-506.45728936663284
0.00017,170.0,13.185242133591473,13.202120876175512,-4.218687243514962,3.086020857743337e-14,-1.22806232269343e-19,-507.8791238244888
0.00017025,170.25,13.183843330340961,13.200698991238287,-4.208649893567819,3.08707770147406e-14,-1.2280590268956768e-19,-509.30100876171366
0.0001705,170.5,13.182444389400946,13.199277054032613,-4.198664206456049,3.088129529139648e-14,-1.228054890992614e-19,-510.72294596738675
0.00017075,170.75,13.181045309528079,13.19785506277923,-4.188729779898159,3.089176378373215e-14,-1.2280552787335262e-19,-512.1449372207719
0.000171,171.0,13.179646089484047,13.196433015708624,-4.1788462158472015,3.0902182864012873e-14,-1.2280580575433965e-19,-513.5669842913769
0.00017125,171.25,13.178246728035539,13.195010911060812,-4.169013120278565,3.091255290083417e-14,-1.2280569589441454e-19,-514.9890889391888
0.0001715,171.5,13.176847223954216,13.193588747084988,-4.159230103392817,3.09228742592188e-14,-1.2280536631463923e-19,-516.4112529150128
0.00017175,171.75,13.175447576016682,13.192166522039797,-4.149496779333605,3.0933147300491844e-14,-1.2280538570168483e-19,-517.8334779602047
0.000172,172.0,13.174047783004454,13.190744234193348,-4.139812766254514,3.094337238210884e-14,-1.2280557310979237e-19,-519.2557658066538
0.00017225,172.25,13.172647843703931,13.189321881822995,-4.130177686115823,3.09535498580411e-14,-1.2280553433570115e-19,-520.6781181770066
0.0001725,172.5,13.17124775690636,13.187899463215022,-4.12059116487565,3.09636800788696e-14,-1.2280522414297144e-19,-522.10053678498
0.00017275,172.75,13.169847521407814,13.186476976664862,-4.111052832229676,3.0973763391660374e-14,-1.2280526291706266e-19,-523.5230233351399
0.000173,173.0,13.168447136009162,13.185054420477131,-4.10156232168296,3.0983800139794415e-14,-1.2280564419562626e-19,-524.9455795228702
0.00017325,173.25,13.167046599516034,13.183631792965434,-4.0921192703483,3.0993790663342806e-14,-1.2280544386282165e-19,-526.3682070345676
0.0001735,173.5,13.165645910738798,13.182209092452023,-4.08272331912281,3.1003735299157686e-14,-1.2280504319721245e-19,-527.7909075479773
0.00017375,173.75,13.164245068492525,13.18078631726805,-4.073374112451308,3.1013634380748e-14,-1.2280518536888023e-19,-529.213682731951
0.000174,174.0,13.162844071596972,13.179363465753571,-4.064071298405815,3.102348823811135e-14,-1.228054890992614e-19,-530.6365342464292
0.00017425,174.25,13.161442918876544,13.177940536257353,-4.054814528479978,3.103329719809932e-14,-1.2280529522880534e-19,-532.0594637426484
0.0001745,174.5,13.16004160916027,13.176517527136582,-4.045603457751006,3.1043061584505684e-14,-1.2280493979963588e-19,-533.4824728634188
0.00017475,174.75,13.158640141281767,13.175094436757059,-4.036437744672268,3.1052781717942716e-14,-1.2280523060531998e-19,-534.9055632429414
0.000175,175.0,13.15723851407924,13.17367126349324,-4.027317051149113,3.106245791567488e-14,-1.2280544386282165e-19,-536.3287365067606
0.00017525,175.25,13.155836726395414,13.172248005728017,-4.018241042337497,3.107209049197493e-14,-1.2280533400289655e-19,-537.7519942719842
0.0001755,175.5,13.15443477707754,13.170824661852468,-4.009209386797218,3.108167975820944e-14,-1.2280493333728734e-19,-539.1753381475328
0.00017575,175.75,13.153032664977353,13.169401230266027,-4.00022175629971,3.109122602271578e-14,-1.2280511428304634e-19,-540.5987697339732
0.000176,176.0,13.151630388951055,13.16797770937651,-3.991277825904126,3.110072959063776e-14,-1.2280537277698776e-19,-542.0222906234902
0.00017625,176.25,13.15022794785928,13.16655409759992,-3.9823772737623147,3.1110190764272745e-14,-1.2280523706766852e-19,-543.4459024000795
0.0001765,176.5,13.14882534056707,13.165130393360217,-3.9735197812607956,3.111960984315482e-14,-1.2280495272433295e-19,-544.8696066397849
0.00017675,176.75,13.147422565943849,13.16370659508944,-3.964705032842176,3.112898712393242e-14,-1.2280521121827437e-19,-546.2934049105608
0.000177,177.0,13.14601962286341,13.162282701227785,-3.95593271608802,3.113832290020591e-14,-1.2280551494865555e-19,-547.7172987722167
0.00017725,177.25,13.144616510203862,13.160858710223355,-3.947202521527976,3.114761746286619e-14,-1.2280528230410826e-19,-549.1412897766459
0.0001775,177.5,13.143213226847635,13.159434620531924,-3.9385141427693067,3.115687110017562e-14,-1.2280501088546977e-19,-550.5653794680774
0.00017775,177.75,13.141809771681437,13.158010430617187,-3.9298672763197398,3.116608409764639e-14,-1.2280514659478902e-19,-551.9895693828137
0.000178,178.0,13.140406143596238,13.1565861389507,-3.9212616216908565,3.117525673787991e-14,-1.228054697122158e-19,-553.4138610493005
0.00017825,178.25,13.139002341487236,13.155161744011686,-3.912696881203274,3.118438930089747e-14,-1.228051595194861e-19,-554.8382559883144
0.0001785,178.5,13.137598364253838,13.1537372442868,-3.904172760104896,3.1193482064218814e-14,-1.2280481055266517e-19,-556.2627557132015
0.00017875,178.75,13.136194210799639,13.152312638270365,-3.895688966412889,3.120253530274133e-14,-1.2280484932675638e-19,-557.6873617296359
0.000179,179.0,13.134789880032402,13.15088792446431,-3.8872452110130977,3.121154928858156e-14,-1.2280505612190952e-19,-559.11207553569
0.00017925,179.25,13.133385370864014,13.149463101378009,-3.8788412074647813,3.1220524291397985e-14,-1.2280495272433295e-19,-560.5368986219913
0.0001795,179.5,13.131980682210484,13.148038167528078,-3.870476672109811,3.122946057846726e-14,-1.2280468130569446e-19,-561.961832471923
0.00017975,179.75,13.130575812991907,13.146613121438497,-3.8621513239434844,3.123835841456457e-14,-1.2280491395024174e-19,-563.3868785615045
0.00018,180.0,13.129170762132455,13.145187961640621,-3.853864884701579,3.124721806180701e-14,-1.2280531461585094e-19,-564.812038359379
0.00018025,180.25,13.127765528560337,13.143762686673021,-3.84561707867166,3.1256039779968806e-14,-1.228049979607727e-19,-566.23731332698
0.0001805,180.5,13.126360111207784,13.14233729508123,-3.83740763279269,3.1264823826555765e-14,-1.228047976279681e-19,-567.6627049187715
0.00018075,180.75,13.12495450901103,13.140911785417982,-3.8292362765284187,3.1273570456686235e-14,-1.2280479116561956e-19,-569.0882145820192
0.000181,181.0,13.123548720910279,13.139486156243114,-3.821102741969025,3.128227992293671e-14,-1.2280512074539488e-19,-570.513843756886
0.00018125,181.25,13.1221427458497,13.138060406123476,-3.8130067636304625,3.1290952475649846e-14,-1.2280498503607563e-19,-571.9395938765244
0.0001815,181.5,13.120736582777385,13.136634533632751,-3.804948078543588,3.1299588363006533e-14,-1.2280481055266517e-19,-573.36546636725
0.00018175,181.75,13.119330230645343,13.135208537351458,-3.7969264261773703,3.130818783090827e-14,-1.2280481055266517e-19,-574.7914626485424
0.000182,182.0,13.117923688409466,13.133782415867033,-3.7889415485031197,3.1316751122824706e-14,-1.2280514659478902e-19,-576.217584132968
0.00018225,182.25,13.116516955029523,13.132356167773692,-3.7809931898083096,3.1325278480094514e-14,-1.2280504319721245e-19,-577.6438322263102
0.0001825,182.5,13.11511002946912,13.130929791672248,-3.7730810967817514,3.1333770141995834e-14,-1.2280472007978567e-19,-579.0702083277522
0.00018275,182.75,13.113702910695686,13.1295032861702,-3.765205018427995,3.13422263456296e-14,-1.2280484932675638e-19,-580.4967138298009
0.000183,183.0,13.112295597680466,13.128076649881724,-3.7573647061494726,3.1350647325768836e-14,-1.228051272077434e-19,-581.9233501182769
0.00018325,183.25,13.110888089398479,13.126649881427564,-3.7495599135605917,3.1359033315153064e-14,-1.2280495918668149e-19,-583.3501185724358
0.0001835,183.5,13.109480384828505,13.125222979434863,-3.7417903965637143,3.136738454455689e-14,-1.2280464253160324e-19,-584.7770205651386
0.00018375,183.75,13.108072482953071,13.123795942537223,-3.734055913274644,3.137570124267428e-14,-1.2280467484334592e-19,-586.2040574627783
0.000184,184.0,13.106664382758423,13.12236876937472,-3.7263562241063397,3.138398363597002e-14,-1.2280501088546977e-19,-587.6312306252815
0.00018425,184.25,13.105256083234506,13.120941458593812,-3.71869109157779,3.139223194896756e-14,-1.2280501088546977e-19,-589.0585414061882
0.0001845,184.5,13.103847583374952,13.119514008847204,-3.71106028038025,3.140044640431574e-14,-1.228047782409225e-19,-590.4859911527973
0.00018475,184.75,13.102438882177045,13.118086418793801,-3.7034635573347554,3.1408627222674365e-14,-1.2280484932675638e-19,-591.9135812061994
0.000185,185.0,13.10102997864172,13.116658687098806,-3.6959006914560315,3.1416774622567474e-14,-1.2280517244418316e-19,-593.3413129011946
0.00018525,185.25,13.099620871773524,13.1152308124336,-3.6883714537718624,3.142488882066497e-14,-1.2280489456319613e-19,-594.7691875664016
0.0001855,185.5,13.098211560580614,13.113802793475585,-3.6808756173865604,3.1432970031847855e-14,-1.2280459083281496e-19,-596.1972065244148
0.00018575,185.75,13.096802044074726,13.112374628908258,-3.6734129574274705,3.1441018469094726e-14,-1.2280472007978567e-19,-597.6253710917437
0.000186,186.0,13.095392321271156,13.110946317421183,-3.665983251127572,3.144903434333705e-14,-1.2280494626198441e-19,-599.0536825788176
0.00018625,186.25,13.093982391188755,13.109517857709942,-3.658586277638795,3.1457017863734773e-14,-1.2280481055266517e-19,-600.4821422900591
0.0001865,186.5,13.092572252849886,13.108089248476006,-3.6512218180853613,3.1464969237739876e-14,-1.2280474592917981e-19,-601.9107515239947
0.00018675,186.75,13.09116190528043,13.106660488426696,-3.6438896555405074,3.147288867098411e-14,-1.2280474592917981e-19,-603.3395115733055
0.000187,187.0,13.08975134750975,13.105231576275227,-3.6365895750904413,3.148077636713615e-14,-1.2280500442312123e-19,-604.7684237247748
0.00018725,187.25,13.088340578570682,13.103802510740673,-3.6293213636520005,3.148863252817143e-14,-1.228049268749388e-19,-606.1974892593283
0.0001875,187.5,13.08692959749951,13.102373290547844,-3.622084810021618,3.149645735443414e-14,-1.2280466191864885e-19,-607.6267094521573
0.00018775,187.75,13.08551840333595,13.100943914427223,-3.6148797048571915,3.150425104452617e-14,-1.2280484286440785e-19,-609.0560855727778
0.000188,188.0,13.08410699512314,13.099514381115053,-3.607705840746526,3.151201379516599e-14,-1.2280514013244048e-19,-610.4856188849475
0.00018825,188.25,13.082695371907608,13.098084689353227,-3.6005630120340295,3.1519745801452946e-14,-1.2280487517615052e-19,-611.915310646773
0.0001885,188.5,13.081283532739262,13.096654837889142,-3.5934510148642658,3.1527447256928044e-14,-1.2280466838099739e-19,-613.3451621108586
0.00018875,188.75,13.079871476671377,13.095224825475842,-3.58636964713797,3.153511835346386e-14,-1.2280479116561956e-19,-614.7751745241587
0.000189,189.0,13.07845920276056,13.093794650871946,-3.5793187086151437,3.1542759281125155e-14,-1.2280509489600073e-19,-616.2053491280544
0.00018925,189.25,13.077046710066758,13.092364312841548,-3.5722980007368124,3.155037022842789e-14,-1.228049074878932e-19,-617.6356871584529
0.0001895,189.5,13.075633997653219,13.0909338101541,-3.565307326660571,3.1557951382398654e-14,-1.2280466838099739e-19,-619.0661898459002
0.00018975,189.75,13.074221064586485,13.089503141584553,-3.558346491224936,3.1565502928465696e-14,-1.228048364020593e-19,-620.4968584154482
0.00019,190.0,13.072807909936369,13.088072305913276,-3.551415301051789,3.1573025050321326e-14,-1.2280507550895513e-19,-621.9276940867259
0.00019025,190.25,13.071394532775946,13.086641301925962,-3.5445135643702197,3.1580517930175824e-14,-1.228048881008476e-19,-623.3586980740397
0.0001905,190.5,13.069980932181531,13.085210128413527,-3.5376410910473766,3.158798174881547e-14,-1.2280456498342082e-19,-624.7898715864735
0.00019075,190.75,13.06856710723266,13.08377878417224,-3.5307976925621043,3.159541668549466e-14,-1.2280472007978567e-19,-626.2212158277608
0.000191,191.0,13.067153057012083,13.082347268003621,-3.52398318210237,3.160282291780033e-14,-1.228049785737271e-19,-627.652731996379
0.00019125,191.25,13.065738780605736,13.080915578714412,-3.517197374390103,3.161020062190068e-14,-1.228048364020593e-19,-629.0844212855887
0.0001915,191.5,13.06432427710273,13.079483715116465,-3.510440085708048,3.1617549972601846e-14,-1.22804687768043e-19,-630.5162848835354
0.00019175,191.75,13.062909545595335,13.078051676026785,-3.5037111338945874,3.162487114324131e-14,-1.2280465545630031e-19,-631.9483239732153
0.000192,192.0,13.061494585178963,13.076619460267503,-3.497010338424514,3.163216430555413e-14,-1.228048881008476e-19,-633.3805397324976
0.00019225,192.25,13.060079394952155,13.07518706666584,-3.490337520239565,3.163942962991674e-14,-1.2280478470327103e-19,-634.8129333341601
0.0001925,192.5,13.058663974016556,13.073754494054008,-3.4836925017711926,3.16466672854024e-14,-1.2280462960690617e-19,-636.2455059459936
0.00019275,192.75,13.057248321476912,13.072321741269226,-3.47707510694274,3.165387743967578e-14,-1.2280467484334592e-19,-637.6782587307747
0.000193,193.0,13.055832436441047,13.070888807153716,-3.470485161249659,3.1661060258860944e-14,-1.2280491395024174e-19,-639.1111928462836
0.00019325,193.25,13.054416318019843,13.069455690554657,-3.463922491591709,3.1668215907780474e-14,-1.2280478470327103e-19,-640.5443094453442
0.0001935,193.5,13.052999965327235,13.068022390324087,-3.4573869262915364,3.16753445500097e-14,-1.2280460375751203e-19,-641.9776096759149
0.00019375,193.75,13.051583377480192,13.066588905318934,-3.4508782951030046,3.168244634777245e-14,-1.228047071550886e-19,-643.4110946810664
0.000194,194.0,13.050166553598691,13.065155234400995,-3.444396429290812,3.168952146181083e-14,-1.2280494626198441e-19,-644.8447655990062
0.00019425,194.25,13.048749492805722,13.063721376436883,-3.437941161464795,3.169657005161973e-14,-1.228048170150137e-19,-646.2786235631187
0.0001945,194.5,13.047332194227254,13.062287330297977,-3.4315123255945807,3.1703592275499956e-14,-1.2280451328463253e-19,-647.7126697020242
0.00019475,194.75,13.045914656992231,13.060853094860404,-3.425109757023276,3.1710588290455127e-14,-1.2280467484334592e-19,-649.1469051395966
0.000195,195.0,13.04449688023256,13.059418669005034,-3.4187332925472393,3.1717558252063186e-14,-1.2280494626198441e-19,-650.5813309949681
0.00019525,195.25,13.043078863083077,13.057984051617439,-3.4123827702518565,3.172450231470649e-14,-1.2280473300448274e-19,-652.015948382563
0.0001955,195.5,13.041660604681557,13.056549241587835,-3.4060580295218306,3.173142063162384e-14,-1.2280456498342082e-19,-653.4507584121671
0.00019575,195.75,13.040242104168687,13.055114237811068,-3.399758911058858,3.1738313354808595e-14,-1.2280475885387688e-19,-654.8857621889333
0.000196,196.0,13.038823360688045,13.053679039186619,-3.3934852569647775,3.174518063488175e-14,-1.2280507550895513e-19,-656.3209608133809
0.00019625,196.25,13.037404373386105,13.052243644618537,-3.387236910580539,3.1752022621317835e-14,-1.2280469423039153e-19,-657.7563553814639
0.0001965,196.5,13.035985141412205,13.050808053015349,-3.381013716492607,3.1758839462496006e-14,-1.228045455963752e-19,-659.1919469846518
0.00019675,196.75,13.034565663918537,13.049372263290174,-3.3748155205434927,3.176563130559911e-14,-1.2280462314455764e-19,-660.6277367098271
0.000197,197.0,13.03314594006014,13.047936274360614,-3.3686421699263,3.177239829648858e-14,-1.2280479116561956e-19,-662.0637256393875
0.00019725,197.25,13.031725968994877,13.046500085148734,-3.362493513020171,3.177914057992615e-14,-1.22804687768043e-19,-663.4999148512672
0.0001975,197.5,13.030305749883434,13.045063694581016,-3.3563693993930106,3.178585829962383e-14,-1.2280449389758692e-19,-664.9363054189857
0.00019775,197.75,13.028885281889286,13.043627101588344,-3.350269679830998,3.1792551598144224e-14,-1.2280449389758692e-19,-666.3728984116578
0.000198,198.0,13.027464564178699,13.042190305105985,-3.344194206416064,3.1799220616777105e-14,-1.2280476531622542e-19,-667.8096948940157
0.00019825,198.25,13.026043595920717,13.040753304073572,-3.3381428323675095,3.1805865495757085e-14,-1.2280464253160324e-19,-669.2466959264278
0.0001985,198.5,13.02462237628714,13.039316097435043,-3.3321154120423455,3.181248637431253e-14,-1.2280451974698107e-19,-670.6839025649579
0.00019875,198.75,13.023200904452514,13.037878684138633,-3.3261118009665704,3.181908339056716e-14,-1.2280462960690617e-19,-672.1213158613683
0.000199,199.0,13.02177917959412,13.03644106313686,-3.3201318559167112,3.182565668141811e-14,-1.2280484286440785e-19,-673.5589368631408
0.00019925,199.25,13.020357200891958,13.035003233386474,-3.314175434764253,3.1832206382749735e-14,-1.2280460375751203e-19,-674.9967666135269
0.0001995,199.5,13.018934967528736,13.033565193848393,-3.308242396471833,3.183873262948174e-14,-1.2280447451054132e-19,-676.4348061516073
0.00019975,199.75,13.017512478689858,13.032126943487793,-3.302332601115408,3.1845235555471734e-14,-1.228046360692547e-19,-677.8730565122089
0.0002,200.0,13.016089733563401,13.03068848127401,-3.296445909981605,3.185171529339489e-14,-1.2280484286440785e-19,-679.3115187259912
0.00020025,200.25,13.01466673134012,13.029249806180495,-3.290582185408926,3.1858171974954086e-14,-1.228047071550886e-19,-680.7501938195056
0.0002005,200.5,13.01324347121342,13.027810917184775,-3.2847412907800053,3.1864605730927005e-14,-1.2280450035993546e-19,-682.189082815226
0.00020075,200.75,13.011819952379348,13.026371813268518,-3.2789230905489593,3.1871016691069865e-14,-1.228046360692547e-19,-683.6281867314825
0.000201,201.0,13.010396174036579,13.024932493417461,-3.2731274503367054,3.1877404983998694e-14,-1.228049268749388e-19,-685.0675065825394
0.00020125,201.25,13.008972135386419,13.023492956621348,-3.2673542367746196,3.188377073739573e-14,-1.2280462960690617e-19,-686.5070433786528
0.0002015,201.5,13.007547835632758,13.022053201873893,-3.2616033174949894,3.189011407805567e-14,-1.2280446158584425e-19,-687.9467981261083
0.00020175,201.75,13.0061232739821,13.020613228172865,-3.2558745611631568,3.1896435131790454e-14,-1.2280447451054132e-19,-689.3867718271371
0.000202,202.0,13.004698449643511,13.01917303451995,-3.250167837569897,3.190273402331226e-14,-1.2280467484334592e-19,-690.8269654800505
0.00020225,202.25,13.00327336182864,13.017732619920809,-3.244483017469274,3.190901087643627e-14,-1.2280455852107228e-19,-692.2673800791924
0.0002025,202.5,13.001848009751683,13.016291983385054,-3.238819972564602,3.191526581412581e-14,-1.2280440342470743e-19,-693.708016614946
0.00020275,202.75,13.000422392629385,13.014851123926114,-3.2331785755748585,3.192149895839855e-14,-1.2280464253160324e-19,-695.1488760738877
0.000203,203.0,12.998996509681021,13.013410040561297,-3.2275587002972332,3.1927710430210903e-14,-1.2280489456319613e-19,-696.5899594387046
0.00020325,203.25,12.997570360128385,13.01196873231176,-3.22196022145956,3.1933900349657264e-14,-1.2280468130569446e-19,-698.0312676882413
0.0002035,203.5,12.996143943195783,13.010527198202444,-3.2163830147076724,3.19400688360146e-14,-1.2280453267167814e-19,-699.4728017975566
0.00020375,203.75,12.994717258110017,13.00908543726215,-3.2108269566423124,3.1946216007649513e-14,-1.2280473300448274e-19,-700.91456273785
0.000204,204.0,12.993290304100373,13.007643448523444,-3.2052919249117053,3.195234198190409e-14,-1.2280493333728734e-19,-702.3565514765567
0.00020425,204.25,12.991863080398609,13.00620123102262,-3.1997777980612367,3.19584468752919e-14,-1.2280470069274006e-19,-703.7987689773801
0.0002045,204.5,12.990435586238952,13.004758783799675,-3.194284455516383,3.196453080354171e-14,-1.228045262093296e-19,-705.2412162003267
0.00020475,204.75,12.989007820858072,13.003316105898369,-3.1888117776219667,3.197059388150568e-14,-1.228047782409225e-19,-706.6838941016327
0.000205,205.0,12.987579783495079,13.00187319636614,-3.1833596457336917,3.197663622304665e-14,-1.228049785737271e-19,-708.126803633861
0.00020525,205.25,12.986151473391518,13.000430054254066,-3.177927942070117,3.1982657941230924e-14,-1.2280466838099739e-19,-709.5699457459358
0.0002055,205.5,12.984722889791342,12.99898667861684,-3.1725165496935106,3.198865914837114e-14,-1.228045262093296e-19,-711.0133213831613
0.00020575,205.75,12.983294031940922,12.997543068512831,-3.1671253525532186,3.199463995593553e-14,-1.2280453913402667e-19,-712.4569314871702
0.000206,206.0,12.981864899089006,12.996099223003986,-3.161754235573449,3.200060047443678e-14,-1.2280473946683128e-19,-713.9007769960145
0.00020625,206.25,12.98043549048674,12.994655141155825,-3.1564030845050413,3.200654081362151e-14,-1.2280464899395178e-19,-715.3448588441764
0.0002065,206.5,12.979005805387638,12.993210822037447,-3.151071785904497,3.201246108251239e-14,-1.2280455205872374e-19,-716.7891779625535
0.00020675,206.75,12.977575843047576,12.99176626472147,-3.1457602271938603,3.201836138931845e-14,-1.2280457790811789e-19,-718.2337352785318
0.000207,207.0,12.976145602724783,12.990321468284016,-3.140468296732548,3.20242418413255e-14,-1.2280477177857395e-19,-719.6785317159853
0.00020725,207.25,12.974715083679826,12.98887643180471,-3.1351958836743243,3.203010254508241e-14,-1.2280453913402667e-19,-721.1235681952899
0.0002075,207.5,12.9732842851756,12.987431154366678,-3.129942877945278,3.203594360644247e-14,-1.228044551234957e-19,-722.5688456333232
0.00020775,207.75,12.971853206477325,12.985985635056478,-3.124709170305799,3.2041765130474816e-14,-1.2280457144576935e-19,-724.0143649435221
0.000208,208.0,12.970421846852526,12.984539872964103,-3.119494652422196,3.2047567221356196e-14,-1.228047265421342e-19,-725.460127035898
0.00020825,208.25,12.968990205571023,12.983093867182957,-3.1142992167249495,3.205334998255431e-14,-1.2280462960690617e-19,-726.9061328170442
0.0002085,208.5,12.967558281904934,12.981647616809873,-3.1091227563846813,3.2059113516868373e-14,-1.2280450035993546e-19,-728.3523831901279
0.00020875,208.75,12.966126075128647,12.98020112094504,-3.103965165376946,3.2064857926341615e-14,-1.2280471361743713e-19,-729.7988790549606
0.000209,209.0,12.96469358451881,12.978754378691997,-3.0988263385526067,3.2070583312154486e-14,-1.228048364020593e-19,-731.2456213080033
0.00020925,209.25,12.96326080935435,12.977307389157625,-3.0937061714980127,3.2076289774804925e-14,-1.2280466191864885e-19,-732.6926108423759
0.0002095,209.5,12.961827748916416,12.975860151452155,-3.0886045605095442,3.208197741414837e-14,-1.2280442927410157e-19,-734.1398485478456
0.00020975,209.75,12.960394402488413,12.974412664689101,-3.0835214026599607,3.208764632931123e-14,-1.228046166822091e-19,-735.5873353108989
0.00021,210.0,12.958960769355961,12.972964927985249,-3.078456595867975,3.209329661858537e-14,-1.2280467484334592e-19,-737.035072014752
0.00021025,210.25,12.957526848806902,12.97151694046065,-3.073410038760424,3.2098928379605725e-14,-1.228046360692547e-19,-738.4830595393519
0.0002105,210.5,12.956092640131287,12.970068701238638,-3.0683816306451908,3.21045417093894e-14,-1.228043969623589e-19,-739.9312987613624
0.00021075,210.75,12.95465814262136,12.968620209445758,-3.063371271578462,3.2110136704250306e-14,-1.2280459083281496e-19,-741.3797905542424
0.000211,211.0,12.95322335557155,12.967171464211752,-3.0583788624371735,3.2115713459694955e-14,-1.2280468130569446e-19,-742.8285357882486
0.00021125,211.25,12.951788278278475,12.96572246466955,-3.0534043047792534,3.212127207059725e-14,-1.2280457144576935e-19,-744.2775353304497
0.0002115,211.5,12.950352910040907,12.964273209955305,-3.0484475008132823,3.2126812631236983e-14,-1.2280448097288985e-19,-745.7267900446957
0.00021175,211.75,12.94891725015979,12.962823699208299,-3.0435083534731566,3.213233523521541e-14,-1.228045262093296e-19,-747.1763007917025
0.000212,212.0,12.947481297938205,12.961373931570925,-3.038586766487561,3.2137839975352464e-14,-1.2280471361743713e-19,-748.6260684290755
0.00021225,212.25,12.946045052681384,12.959923906188727,-3.0336826442369516,3.2143326943858735e-14,-1.2280455205872374e-19,-750.0760938112732
0.0002125,212.5,12.94460851369668,12.958473622210441,-3.0287958917220736,3.214879623237334e-14,-1.228044874352384e-19,-751.5263777895599
0.00021275,212.75,12.943171680293569,12.957023078787794,-3.023926414654464,3.21542479318805e-14,-1.2280461021986057e-19,-752.976921212207
0.000213,213.0,12.941734551783643,12.955572275075582,-3.019074119509078,3.2159682132608085e-14,-1.2280475885387688e-19,-754.4277249244197
0.00021325,213.25,12.940297127480589,12.954121210231673,-3.0142389133919165,3.216509892419688e-14,-1.2280466838099739e-19,-755.8787897683281
0.0002135,213.5,12.938859406700196,12.952669883417022,-3.009420704010116,3.2170498395737944e-14,-1.2280435172591914e-19,-757.3301165829796
0.00021375,213.75,12.93742138876033,12.951218293795575,-3.0046193997436594,3.2175880635690117e-14,-1.2280470069274006e-19,-758.7817062044261
0.000214,214.0,12.935983072980934,12.949766440534292,-2.9998349097159482,3.218124573177973e-14,-1.2280482347736224e-19,-760.2335594657092
0.00021425,214.25,12.934544458684012,12.948314322803098,-2.9950671436632046,3.218659377116741e-14,-1.2280462314455764e-19,-761.6856771969025
0.0002145,214.5,12.933105545193637,12.946861939774902,-2.990316011901165,3.219192484048485e-14,-1.22804506822284e-19,-763.1380602250998
0.00021475,214.75,12.931666331835924,12.945409290625609,-2.985581425387142,3.219723902575321e-14,-1.2280457144576935e-19,-764.5907093743914
0.000215,215.0,12.93022681793902,12.943956374534043,-2.9808632958017305,3.2202536412284125e-14,-1.228047782409225e-19,-766.0436254659572
0.00021525,215.25,12.928787002833111,12.942503190681947,-2.9761615354138815,3.220781708484398e-14,-1.228046166822091e-19,-767.4968093180546
0.0002155,215.5,12.927346885850403,12.94104973825402,-2.9714760570457655,3.2213081127690046e-14,-1.2280435172591914e-19,-768.9502617459816
0.00021575,215.75,12.925906466325113,12.939596016437829,-2.966806774149765,3.221832862448985e-14,-1.2280460375751203e-19,-770.4039835621716
0.000216,216.0,12.924465743593462,12.938142024423815,-2.9621536008751574,3.222355965822351e-14,-1.2280479116561956e-19,-771.8579755761864
0.00021625,216.25,12.92302471699367,12.936687761405272,-2.9575164519377246,3.222877431134547e-14,-1.2280460375751203e-19,-773.3122385947286
0.0002165,216.5,12.92158338586594,12.935233226578402,-2.9528952425844994,3.223397266582005e-14,-1.2280442927410157e-19,-774.7667734215981
0.00021675,216.75,12.92014174955246,12.933778419142213,-2.9482898886723463,3.2239154803041826e-14,-1.228045455963752e-19,-776.2215808577888
0.000217,217.0,12.91869980739738,12.932323338298495,-2.9437003067352174,3.224432080373912e-14,-1.228047071550886e-19,-777.6766617015052
0.00021725,217.25,12.917257558746817,12.930867983251876,-2.9391264138493907,3.2249470748133414e-14,-1.228045455963752e-19,-779.1320167481249
0.0002175,217.5,12.915815002948838,12.92941235320986,-2.9345681275951723,3.225460471597419e-14,-1.2280442927410157e-19,-780.5876467901403
0.00021775,217.75,12.914372139353459,12.927956447382638,-2.9300253661523668,3.2259722786460375e-14,-1.2280473300448274e-19,-782.0435526173624
0.000218,218.0,12.91292896731263,12.926500264983165,-2.9254980483539974,3.2264825038144973e-14,-1.2280487517615052e-19,-783.4997350168354
0.00021825,218.25,12.911485486180236,12.925043805227137,-2.9209860935615874,3.2269911549092055e-14,-1.2280457790811789e-19,-784.9561947728645
0.0002185,218.5,12.91004169531207,12.923587067332981,-2.916489421628951,3.227498239691135e-14,-1.228043969623589e-19,-786.4129326670203
0.00021875,218.75,12.908597594065851,12.922130050521904,-2.9120079529700704,3.228003765868032e-14,-1.2280464899395178e-19,-787.8699494780974
0.000219,219.0,12.907153181801194,12.920672754017774,-2.907541608637946,3.228507741085004e-14,-1.2280464899395178e-19,-789.3272459822268
0.00021925,219.25,12.90570845787961,12.91921517704714,-2.9030903101948375,3.229010172939995e-14,-1.2280455852107228e-19,-790.7848229528598
0.0002195,219.5,12.904263421664506,12.91775731883928,-2.8986539796731456,3.2295110689871794e-14,-1.2280447451054132e-19,-792.2426811607202
0.00021975,219.75,12.902818072521162,12.916299178626115,-2.89423253965815,3.230010436729269e-14,-1.2280456498342082e-19,-793.7008213738854
0.00022,220.0,12.901372409816734,12.914840755642166,-2.889825913351501,3.2305082836082225e-14,-1.228046360692547e-19,-795.1592443578346
0.00022025,220.25,12.89992643292024,12.913382049124621,-2.8854340244421444,3.231004617020491e-14,-1.2280459083281496e-19,-796.61795087538
0.0002205,220.5,12.898480141202562,12.911923058313384,-2.881056797066199,3.231499444320352e-14,-1.2280450035993546e-19,-798.0769416866169
0.00022075,220.75,12.897033534036423,12.91046378245087,-2.8766941559048624,3.2319927728123186e-14,-1.2280472007978567e-19,-799.5362175491299
0.000221,221.0,12.895586610796391,12.909004220782078,-2.8723460262328695,3.232484609741954e-14,-1.228047976279681e-19,-800.9957792179217
0.00022125,221.25,12.89413937085887,12.907544372554604,-2.8680123337978993,3.232974962310903e-14,-1.2280457790811789e-19,-802.4556274453967
0.0002215,221.5,12.892691813602086,12.906084237018659,-2.8636930047822196,3.233463837680179e-14,-1.2280453267167814e-19,-803.9157629813413
0.00022175,221.75,12.89124393840609,12.904623813426996,-2.859387965884091,3.233951242962656e-14,-1.2280460375751203e-19,-805.3761865730048
0.000222,222.0,12.889795744652737,12.903163101034874,-2.8550971443827757,3.2344371852139944e-14,-1.2280479116561956e-19,-806.8368989651274
0.00022225,222.25,12.888347231725692,12.901702099100088,-2.850820468014846,3.2349216714474595e-14,-1.228047265421342e-19,-808.2979008999132
0.0002225,222.5,12.886898399010413,12.90024080688301,-2.846557864932236,3.235404708637164e-14,-1.22804506822284e-19,-809.7591931169912
0.00022275,222.75,12.885449245894147,12.898779223646486,-2.8423092637886103,3.235886303710639e-14,-1.2280462960690617e-19,-811.2207763535159
0.000223,223.0,12.883999771765925,12.897317348655823,-2.838074593800406,3.2363664635398754e-14,-1.228047782409225e-19,-812.682651344178
0.00022325,223.25,12.88254997601655,12.895855181178819,-2.8338537846258234,3.2368451949559325e-14,-1.2280470069274006e-19,-814.1448188211816
0.0002235,223.5,12.881099858038594,12.894392720485788,-2.829646766324087,3.23732250475213e-14,-1.2280460375751203e-19,-815.6072795142118
0.00022375,223.75,12.879649417226386,12.892929965849481,-2.8254534694383024,3.237798399676711e-14,-1.2280486871380199e-19,-817.0700341505192
0.000224,224.0,12.878198652976012,12.891466916545054,-2.8212738250597846,3.2382728864239844e-14,-1.2280495918668149e-19,-818.533083454947
0.00022425,224.25,12.876747564685301,12.890003571850098,-2.8171077647062885,3.238745971648732e-14,-1.2280475239152835e-19,-819.9964281499027
0.0002245,224.5,12.875296151753817,12.88853993104468,-2.812955220278396,3.2392176619693585e-14,-1.2280473300448274e-19,-821.460068955322
0.00022475,224.75,12.873844413582864,12.887075993411251,-2.808816124147956,3.239687963960629e-14,-1.2280495918668149e-19,-822.92400658875
0.000225,225.0,12.872392349575463,12.885611758234626,-2.804690409217501,3.2401568841449265e-14,-1.2280500442312123e-19,-824.388241765374
0.00022525,225.25,12.870939959136356,12.884147224801998,-2.800578008801794,3.240624429006457e-14,-1.2280495272433295e-19,-825.8527751980027
0.0002255,225.5,12.869487241671996,12.882682392402996,-2.7964788565861225,3.241090604994349e-14,-1.2280476531622542e-19,-827.3176075970038
0.00022575,225.75,12.86803419659053,12.881217260329587,-2.792392886710416,3.241555418515483e-14,-1.228049785737271e-19,-828.7827396704137
0.000226,226.0,12.86658082330182,12.879751827876039,-2.7883200338304692,3.242018875925846e-14,-1.2280508197130366e-19,-830.2481721239616
0.00022625,226.25,12.865127121217402,12.878286094338971,-2.784260233000716,3.242480983544544e-14,-1.2280495918668149e-19,-831.7139056610287
0.0002265,226.5,12.863673089750499,12.876820059017389,-2.780213419630286,3.242941747656861e-14,-1.2280464253160324e-19,-833.1799409826128
0.00022675,226.75,12.862218728316018,12.875353721212571,-2.776179529570235,3.2434011745071625e-14,-1.228048364020593e-19,-834.6462787874298
0.000227,227.0,12.86076403633052,12.873887080228084,-2.772158499172222,3.243859270290359e-14,-1.228048881008476e-19,-836.1129197719167
0.00022725,227.25,12.859309013212249,12.872420135369774,-2.768150265173281,3.2443160411657254e-14,-1.2280486871380199e-19,-837.5798646302272
0.0002275,227.5,12.857853658381087,12.870952885945833,-2.764154764652641,3.244771493259914e-14,-1.2280466191864885e-19,-839.0471140541673
0.00022775,227.75,12.856397971258575,12.869485331266697,-2.7601719351178002,3.245225632659946e-14,-1.2280482347736224e-19,-840.5146687333045
0.000228,228.0,12.8549419512679,12.868017470645006,-2.7562017145638626,3.2456784654047694e-14,-1.228049074878932e-19,-841.9825293549959
0.00022825,228.25,12.853485597833876,12.866549303395674,-2.7522440413550604,3.2461299974988976e-14,-1.228048364020593e-19,-843.450696604327
0.0002285,228.5,12.852028910382954,12.865080828835964,-2.7482988541791014,3.2465802349153716e-14,-1.2280478470327103e-19,-844.9191711640367
0.00022875,228.75,12.850571888343207,12.863612046285255,-2.7443660921494075,3.247029183588833e-14,-1.228048364020593e-19,-846.3879537147466
0.000229,229.0,12.849114531144323,12.862142955065126,-2.740445694849657,3.247476849407189e-14,-1.2280504965956098e-19,-847.8570449348741
0.00022925,229.25,12.847656838217612,12.860673554499375,-2.7365376022225134,3.2479232382250576e-14,-1.2280480409031663e-19,-849.3264455006258
0.0002295,229.5,12.846198808995968,12.85920384391405,-2.732641754526243,3.2483683558667005e-14,-1.228047071550886e-19,-850.7961560859505
0.00022975,229.75,12.8447404429139,12.857733822637362,-2.7287580924207706,3.248812208119169e-14,-1.2280494626198441e-19,-852.2661773626384
0.00023,230.0,12.843281739407502,12.856263489999662,-2.724886557028327,3.249254800724061e-14,-1.2280504319721245e-19,-853.7365100003384
0.00023025,230.25,12.84182269791446,12.854792845333458,-2.7210270898188966,3.249696139390792e-14,-1.228049785737271e-19,-855.2071546665431
0.0002305,230.5,12.840363317874028,12.853321887973486,-2.7171796325635165,3.2501362297994916e-14,-1.228048170150137e-19,-856.6781120265155
0.00023075,230.75,12.838903598727041,12.851850617256591,-2.713344127423797,3.25057507759422e-14,-1.2280496564903002e-19,-858.1493827434095
0.000231,231.0,12.837443539915903,12.850379032521735,-2.7095205170099876,3.2510126883748214e-14,-1.2280504965956098e-19,-859.6209674782667
0.00023125,231.25,12.835983140884574,12.848907133109979,-2.7057087442719574,3.251449067710022e-14,-1.228050173478183e-19,-861.0928668900227
0.0002315,231.5,12.834522401078573,12.847434918364515,-2.7019087524547043,3.251884221140292e-14,-1.2280478470327103e-19,-862.5650816354855
0.00023175,231.75,12.833061319944962,12.845962387630694,-2.6981204851723954,3.2523181541711306e-14,-1.228050173478183e-19,-864.0376123693065
0.000232,232.0,12.831599896932355,12.844489540255902,-2.694343886477791,3.2527508722650196e-14,-1.2280513367009195e-19,-865.5104597440993
0.00023225,232.25,12.830138131490893,12.843016375589603,-2.690578900750809,3.253182380854347e-14,-1.2280490102554467e-19,-866.9836244103986
0.0002325,232.5,12.828676023072251,12.841542892983398,-2.686825472651723,3.2536126853442237e-14,-1.228048881008476e-19,-868.4571070166033
0.00023275,232.75,12.827213571129635,12.840069091790928,-2.683083547207209,3.254041791105856e-14,-1.2280507550895513e-19,-869.9309082090721
0.000233,233.0,12.82575077511776,12.838594971367872,-2.679353069868415,3.2544697034685803e-14,-1.2280514659478902e-19,-871.4050286321295
0.00023325,233.25,12.824287634492864,12.837120531071921,-2.675633986405062,3.2548964277326274e-14,-1.2280497211137856e-19,-872.879468928079
0.0002335,233.5,12.822824148712682,12.835645770262838,-2.6719262428591604,3.255321969171904e-14,-1.228048881008476e-19,-874.3542297371638
0.00023375,233.75,12.821360317236463,12.834170688302452,-2.668229785618898,3.255746333027432e-14,-1.228050884336522e-19,-875.8293116975489
0.000234,234.0,12.819896139524941,12.832695284554573,-2.6645445614897447,3.256169524499474e-14,-1.2280522414297144e-19,-877.3047154454287
0.00023425,234.25,12.818431615040346,12.831219558384989,-2.6608705175861855,3.256591548760136e-14,-1.228050173478183e-19,-878.7804416150125
0.0002345,234.5,12.816966743246391,12.829743509161508,-2.6572076012842074,3.257012410956113e-14,-1.228048170150137e-19,-880.2564908384934
0.00023475,234.75,12.815501523608267,12.828267136253976,-2.6535557602980355,3.257432116202198e-14,-1.2280505612190952e-19,-881.7328637460249
0.000235,235.0,12.814035955592638,12.826790439034166,-2.6499149427458555,3.257850669573502e-14,-1.2280514659478902e-19,-883.2095609658346
0.00023525,235.25,12.812570038667639,12.825313416875813,-2.64628509704273,3.258268076117894e-14,-1.2280500442312123e-19,-884.686583124188
0.0002355,235.5,12.81110377230286,12.82383606915468,-2.642666171854156,3.258684340858701e-14,-1.2280487517615052e-19,-886.1639308453214
0.00023575,235.75,12.80963715596935,12.82235839524846,-2.6390581161818263,3.259099468788302e-14,-1.2280502381016684e-19,-887.6416047515413
0.000236,236.0,12.808170189139616,12.820880394536752,-2.6354608794177015,3.25951346486043e-14,-1.2280510135834927e-19,-889.1196054632486
0.00023625,236.25,12.8067028712876,12.819402066401084,-2.631874411240608,3.2599263340024604e-14,-1.2280505612190952e-19,-890.5979335989163
0.0002365,236.5,12.805235201888692,12.817923410224994,-2.628298661569107,3.260338081118065e-14,-1.2280489456319613e-19,-892.0765897750064
0.00023675,236.75,12.803767180419703,12.8164444253939,-2.624733580647867,3.2607487110808865e-14,-1.228052693794112e-19,-893.5555746061005
0.000237,237.0,12.802298806358896,12.81496511129511,-2.6211791191021963,3.2611582287269207e-14,-1.2280524353001705e-19,-895.03488870489
0.00023725,237.25,12.800830079185937,12.813485467317811,-2.61763522783799,3.261566638866649e-14,-1.2280504965956098e-19,-896.5145326821889
0.0002375,237.5,12.799360998381918,12.812005492853112,-2.614101857995251,3.2619739462876714e-14,-1.2280494626198441e-19,-897.9945071468884
0.00023775,237.75,12.797891563429342,12.81052518729404,-2.6105789610227768,3.262380155748436e-14,-1.228051272077434e-19,-899.4748127059606
0.000238,238.0,12.796421773812126,12.809044550035459,-2.607066488742271,3.262785271970714e-14,-1.2280531461585094e-19,-900.955449964541
0.00023825,238.25,12.794951629015578,12.807563580474083,-2.6035643932455854,3.2631892996515774e-14,-1.2280508197130366e-19,-902.4364195259169
0.0002385,238.5,12.793481128526414,12.80608227800855,-2.600072626847387,3.263592243465998e-14,-1.2280505612190952e-19,-903.9177219914513
0.00023875,238.75,12.792010271832737,12.804600642039327,-2.596591142171778,3.2639941080606405e-14,-1.2280516598183462e-19,-905.3993579606743
0.000239,239.0,12.790539058424038,12.80311867196867,-2.5931198922040033,3.264394898046438e-14,-1.2280515305713755e-19,-906.8813280313299
0.00023925,239.25,12.789067487791185,12.801636367200683,-2.5896588301869,3.264794618010408e-14,-1.2280510135834927e-19,-908.3636327993178
0.0002395,239.5,12.787595559426428,12.800153727141419,-2.5862079095726145,3.265193272518217e-14,-1.228050884336522e-19,-909.8462728585826
0.00023975,239.75,12.786123272823385,12.79867075119864,-2.582767084123574,3.26559086610805e-14,-1.228051595194861e-19,-911.3292488013595
0.00024,240.0,12.784650627477046,12.797187438781908,-2.5793363079512224,3.265987403283256e-14,-1.2280523060531998e-19,-912.8125612180933
0.00024025,240.25,12.783177622883755,12.795703789302573,-2.575915535418386,3.266382888524034e-14,-1.2280524353001705e-19,-914.2962106974278
0.0002405,240.5,12.781704258541216,12.794219802173872,-2.5725047210930545,3.2667773262899576e-14,-1.2280504965956098e-19,-915.780197826128
0.00024075,240.75,12.78023053394848,12.792735476810783,-2.5691038198361507,3.267170721013909e-14,-1.2280521121827437e-19,-917.2645231892177
0.000241,241.0,12.778756448605952,12.79125081263002,-2.5657127868524308,3.267563077094809e-14,-1.228051982935773e-19,-918.7491873699806
0.00024125,241.25,12.777282002015372,12.789765809050081,-2.562331577588132,3.267954398909161e-14,-1.2280520475592584e-19,-920.2341909499202
0.0002415,241.5,12.775807193679816,12.788280465491347,-2.558960147682487,3.268344690813537e-14,-1.228050690466066e-19,-921.7195345086542
0.00024175,241.75,12.77433202310369,12.786794781375848,-2.5555984530685127,3.268733957138583e-14,-1.2280524353001705e-19,-923.2052186241523
0.000242,242.0,12.77285648979274,12.785308756127344,-2.5522464500111792,3.26912220218183e-14,-1.228053792393363e-19,-924.6912438726561
0.00024225,242.25,12.771380593254015,12.783822389171338,-2.5489040950114545,3.2695094302190905e-14,-1.2280519183122877e-19,-926.1776108286638
0.0002425,242.5,12.769904332995893,12.782335679935136,-2.5455713447598134,3.2698956455069263e-14,-1.228051595194861e-19,-927.6643200648647
0.00024275,242.75,12.768427708528055,12.78084862784775,-2.542248156223342,3.270280852276712e-14,-1.228053598522907e-19,-929.1513721522505
0.000243,243.0,12.7669507193615,12.779361232339863,-2.538934486695023,3.2706650547275204e-14,-1.2280541155107898e-19,-930.6387676601391
0.00024325,243.25,12.765473365008523,12.777873492843861,-2.535630293697915,3.271048257037385e-14,-1.228051272077434e-19,-932.1265071561392
0.0002435,243.5,12.763995644982714,12.776385408793915,-2.5323355349379364,3.271430463365739e-14,-1.2280516598183462e-19,-933.6145912060856
0.00024375,243.75,12.762517558798963,12.774896979625863,-2.5290501683903575,3.271811677847538e-14,-1.228052693794112e-19,-935.1030203741379
0.000244,244.0,12.761039105973445,12.77340820477717,-2.525774152349297,3.27219190458623e-14,-1.2280541155107898e-19,-936.5917952228311
0.00024425,244.25,12.75956028602362,12.771919083687003,-2.522507445328786,3.2725711476648804e-14,-1.2280523060531998e-19,-938.0809163129975
0.0002445,244.49999999999997,12.758081098468221,12.77042961579632,-2.519250006013921,3.272949411148573e-14,-1.2280514013244048e-19,-939.5703842036805
0.00024475,244.75,12.756601542827264,12.768939800547654,-2.516001793361233,3.2733266990786075e-14,-1.228052176806229e-19,-941.0601994523464
0.000245,245.0,12.75512161862203,12.767449637385159,-2.5127627666348187,3.2737030154655347e-14,-1.228052887664568e-19,-942.550362614842
0.00024525,245.25000000000003,12.75364132537507,12.765959125754648,-2.5095328853139645,3.2740783643001577e-14,-1.2280516598183462e-19,-944.040874245352
0.0002455,245.5,12.752160662610184,12.764468265103671,-2.5063121090468226,3.274452749555906e-14,-1.2280513367009195e-19,-945.53173489633
0.00024575,245.74999999999997,12.750679629852442,12.762977054881366,-2.50310039773681,3.2748261751830856e-14,-1.2280514013244048e-19,-947.0229451186339
0.000246,246.00000000000003,12.749198226628161,12.761485494538464,-2.4998977115910943,3.275198645101996e-14,-1.2280519183122877e-19,-948.5145054615372
0.00024625,246.25,12.747716452464902,12.759993583527324,-2.496704011023444,3.275570163213798e-14,-1.228051789065317e-19,-950.0064164726772
0.0002465,246.49999999999997,12.746234306891473,12.758501321302056,-2.493519256605411,3.2759407334028594e-14,-1.2280514013244048e-19,-951.4986786979448
0.00024675,246.75,12.744751789437913,12.75700870731827,-2.4903434091667997,3.276310359531063e-14,-1.2280534692759362e-19,-952.9912926817295
0.000247,247.0,12.743268899635511,12.755515741033149,-2.4871764298316306,3.276679045431006e-14,-1.2280540508873044e-19,-954.4842589668527
0.00024725,247.25000000000003,12.741785637016767,12.754022421905484,-2.484018279922966,3.277046794916736e-14,-1.228051982935773e-19,-955.9775780945174
0.0002475,247.5,12.740302001115417,12.752528749395793,-2.4808689209150425,3.277413611786067e-14,-1.228050884336522e-19,-957.4712506042075
0.00024775,247.74999999999997,12.738817991466412,12.751034722966073,-2.477728314533246,3.277779499814949e-14,-1.2280527584175973e-19,-958.9652770339277
0.000248,248.0,12.737333607605928,12.74954034207987,-2.4745964227892245,3.278144462750739e-14,-1.2280531461585094e-19,-960.4596579201311
0.00024825,248.25,12.735848849071342,12.748045606202307,-2.471473207890847,3.2785085043228094e-14,-1.2280511428304634e-19,-961.9543937976936
0.0002485,248.50000000000003,12.734363715401253,12.74655051480015,-2.4683586321956583,3.278871628244846e-14,-1.2280504319721245e-19,-963.4494851998513
0.00024875,248.75,12.732878206135446,12.745055067341694,-2.4652526582962415,3.279233838209274e-14,-1.2280526291706266e-19,-964.944932658307
0.000249,248.99999999999997,12.73139232081492,12.743559263296747,-2.462155249067147,3.279595137880587e-14,-1.2280531461585094e-19,-966.4407367032526
0.00024925,249.25,12.729906058981863,12.742063102136658,-2.4590663675745335,3.279955530905849e-14,-1.2280511428304634e-19,-967.9368978633435
0.0002495,249.5,12.728419420179655,12.740566583334385,-2.4559859770283627,3.280315020916957e-14,-1.2280518536888023e-19,-969.4334166656167
0.00024975,249.75000000000003,12.726932403952867,12.739069706364404,-2.452914040866242,3.2806736115251286e-14,-1.2280534046524508e-19,-970.9302936355974
0.00025,250.0,12.725445009847245,12.73757247070268,-2.449850522801907,3.2810313063143e-14,-1.2280556664744383e-19,-972.4275292973209
0.00025025,250.24999999999997,12.72395723740972,12.736074875826683,-2.446795386737677,3.2813881088515024e-14,-1.228052887664568e-19,-973.9251241733184
0.0002505,250.50000000000003,12.722469086188392,12.734576921215414,-2.4437485967169197,3.281744022689114e-14,-1.2280514659478902e-19,-975.4230787845863
0.00025075,250.75,12.720980555732538,12.73307860634944,-2.4407101169983707,3.2820990513593854e-14,-1.2280514659478902e-19,-976.9213936505594
0.000251,250.99999999999997,12.719491645592592,12.731579930710755,-2.43767991211318,3.282453198367922e-14,-1.228052693794112e-19,-978.4200692892454
0.00025125,251.25,12.71800235532016,12.730080893782848,-2.4346579467707943,3.2828064672039414e-14,-1.228052176806229e-19,-979.9191062171532
0.0002515,251.5,12.716512684468002,12.72858149505083,-2.431644185810004,3.2831588613424773e-14,-1.2280519183122877e-19,-981.4185049491706
0.00025175,251.75000000000003,12.715022632590031,12.72708173400119,-2.428638594296778,3.283510384238987e-14,-1.2280531461585094e-19,-982.9182659988111
0.000252,252.0,12.713532199241309,12.725581610121845,-2.425641137557791,3.2838610393228935e-14,-1.2280540508873044e-19,-984.4183898781554
0.00025225,252.24999999999997,12.71204138397805,12.724081122902215,-2.422651781090901,3.284210830007725e-14,-1.2280534046524508e-19,-985.9188770977865
0.0002525,252.5,12.710550186357604,12.722580271833309,-2.419670490517523,3.2845597596932976e-14,-1.2280533400289655e-19,-987.4197281666915
0.00025275,252.75,12.709058605938464,12.721079056407499,-2.4166972316805326,3.2849078317603764e-14,-1.2280538570168483e-19,-988.9209435925023
0.000253,253.00000000000003,12.707566642280256,12.719577476118566,-2.413731970676276,3.2852550495642785e-14,-1.228053986263819e-19,-990.4225238814347
0.00025325,253.25,12.706074294943736,12.718075530461764,-2.4107746737704168,3.285601416444905e-14,-1.2280532754054801e-19,-991.9244695382373
0.0002535,253.49999999999997,12.704581563490784,12.716573218933853,-2.407825307352072,3.285946935728905e-14,-1.2280510135834927e-19,-993.4267810661474
0.00025375,253.75000000000003,12.703088447484403,12.715070541032999,-2.404883838016677,3.286291610724377e-14,-1.228053598522907e-19,-994.929458967002
0.000254,254.0,12.701594946488724,12.71356749625875,-2.4019502326122857,3.286635444714548e-14,-1.2280544386282165e-19,-996.4325037412497
0.00025425,254.24999999999997,12.700101060068983,12.712064084112095,-2.399024458148946,3.2869784409676954e-14,-1.228053598522907e-19,-997.9359158879067
0.0002545,254.5,12.698606787791528,12.710560304095557,-2.396106481749377,3.287320602739273e-14,-1.2280513367009195e-19,-999.4396959044439
0.00025475,254.74999999999997,12.69711212922382,12.709056155712977,-2.3931962707481507,3.287661933266677e-14,-1.2280534046524508e-19,-1000.9438442870241
0.000255,255.00000000000003,12.695617083934417,12.707551638469551,-2.390293792724129,3.2880024357629924e-14,-1.2280534046524508e-19,-1002.4483615304488
0.00025525,255.25,12.694121651492987,12.706046751871918,-2.387399015412119,3.2883421134267967e-14,-1.2280534692759362e-19,-1003.9532481280822
0.0002555,255.49999999999997,12.692625831470282,12.704541495428227,-2.3845119066557676,3.288680969444269e-14,-1.2280522414297144e-19,-1005.4585045717745
0.00025575,255.75,12.69112962343815,12.703035868647914,-2.381632434505128,3.2890190069840074e-14,-1.2280539216403337e-19,-1006.9641313520865
0.000256,256.0,12.689633026969537,12.701529871041764,-2.3787605672484524,3.289356229190833e-14,-1.2280538570168483e-19,-1008.4701289582372
0.00025625,256.25,12.68813604163846,12.70002350212196,-2.3758962733256905,3.289692639195497e-14,-1.228053986263819e-19,-1009.9764978780414
0.0002565,256.5,12.686638667020029,12.69851676140219,-2.3730395212815028,3.290028240116756e-14,-1.228053792393363e-19,-1011.4832385978095
0.00025675,256.75,12.685140902690428,12.697009648397412,-2.37019027986162,3.290363035056246e-14,-1.2280543093812458e-19,-1012.9903516025882
0.000257,257.0,12.68364274822691,12.695502162623889,-2.3673485180452363,3.2906970270923535e-14,-1.2280563773327772e-19,-1014.4978373761113
0.00025725,257.25,12.682144203207809,12.693994303599284,-2.3645142049586774,3.291030219289806e-14,-1.2280554726039822e-19,-1016.0056964007165
0.0002575,257.5,12.680645267212515,12.692486070842733,-2.361687309827886,3.2913626147017355e-14,-1.228054697122158e-19,-1017.5139291572677
0.00025775,257.75,12.679145939821487,12.690977463874619,-2.358867802074925,3.291694216364598e-14,-1.2280556664744383e-19,-1019.0225361253824
0.000258,258.0,12.677646220616243,12.68946848221663,-2.356055651349457,3.292025027292104e-14,-1.228055795721409e-19,-1020.5315177833696
0.00025825,258.25,12.676146109179356,12.687959125391812,-2.3532508274469217,3.292355050484711e-14,-1.2280554079804969e-19,-1022.0408746081887
0.0002585,258.5,12.674645605094458,12.686449392924608,-2.3504533002625254,3.2926842889316616e-14,-1.22805508486307e-19,-1023.5506070753926
0.00025875,258.75,12.67314470794622,12.684939284340777,-2.3476630398738356,3.293012745605958e-14,-1.228055795721409e-19,-1025.060715659225
0.000259,259.0,12.671643417320363,12.683428799167334,-2.3448800165830823,3.293340423458345e-14,-1.228056700450204e-19,-1026.5712008326675
0.00025925,259.25,12.670141732803657,12.681917936932624,-2.342104200835394,3.293667325426704e-14,-1.228054503251702e-19,-1028.0820630673766
0.0002595,259.5,12.668639653983899,12.680406697166381,-2.339335563171909,3.2939934544380714e-14,-1.228054697122158e-19,-1029.59330283362
0.00025975,259.75,12.667137180449929,12.678895079399616,-2.3365740743106964,3.294318813403663e-14,-1.2280563127092919e-19,-1031.1049206003847
0.00026,260.0,12.665634311791617,12.677383083164612,-2.3338197051892213,3.29464340521291e-14,-1.2280572174380868e-19,-1032.6169168353888
0.00026025,260.25,12.664131047599863,12.675870707994928,-2.3310724268867116,3.294967232742759e-14,-1.2280554726039822e-19,-1034.1292920050728
0.0002605,260.5,12.662627387466587,12.67435795342544,-2.328332210578099,3.2952902988596715e-14,-1.2280541155107898e-19,-1035.6420465745596
0.00026075,260.75,12.661123330984738,12.672844818992369,-2.325599027603199,3.29561260641469e-14,-1.2280544386282165e-19,-1037.1551810076317
0.000261,261.0,12.659618877748276,12.671331304233147,-2.3228728495192916,3.295934158237539e-14,-1.2280561834623211e-19,-1038.668695766854
0.00026125,261.25,12.65811402735218,12.669817408686479,-2.320153648019727,3.2962549571458224e-14,-1.2280556664744383e-19,-1040.1825913135224
0.0002615,261.5,12.656608779392442,12.66830313189242,-2.3174413948863624,3.2965750059470026e-14,-1.2280543093812458e-19,-1041.6968681075805
0.00026175,261.75,12.655103133466056,12.666788473392263,-2.314736062069491,3.2968943074335125e-14,-1.2280569589441454e-19,-1043.2115266077378
0.000262,262.0,12.653597089171033,12.665273432728535,-2.312037621729414,3.29721286437692e-14,-1.228057605178999e-19,-1044.7265672714664
0.00026225,262.25,12.652090646106373,12.663758009444996,-2.309346046160631,3.297530679537024e-14,-1.228055989591865e-19,-1046.241990555005
0.0002625,262.5,12.650583803872077,12.662242203086693,-2.3066613077459777,3.297847755663815e-14,-1.2280539216403337e-19,-1047.7577969133074
0.00026275,262.75,12.649076562069148,12.660726013199966,-2.3039833790238835,3.298164095492641e-14,-1.2280579282964257e-19,-1049.2739868000342
0.000263,263.0,12.647568920299575,12.659209439332368,-2.301312232741451,3.298479701738413e-14,-1.2280573466850575e-19,-1050.790560667633
0.00026325,263.25,12.646060878166338,12.657692481032635,-2.298647841777079,3.29879457710462e-14,-1.2280553433570115e-19,-1052.3075189673655
0.0002635,263.5,12.6445524352734,12.656175137850786,-2.2959901790937534,3.2991087242852666e-14,-1.2280537277698776e-19,-1053.8248621492148
0.00026375,263.75,12.643043591225705,12.654657409338105,-2.293339217808168,3.299422145960072e-14,-1.2280563127092919e-19,-1055.3425906618966
0.000264,264.0,12.641534345629188,12.653139295047035,-2.29069493124208,3.299734844788757e-14,-1.228055989591865e-19,-1056.860704952966
0.00026425,264.25,12.640024698090743,12.651620794531244,-2.288057292839336,3.30004682341995e-14,-1.2280549556160994e-19,-1058.3792054687572
0.0002645,264.5,12.638514648218246,12.65010190734574,-2.285426276117903,3.300358084493095e-14,-1.2280551494865555e-19,-1059.898092654262
0.00026475,264.75,12.63700419562054,12.64858263304664,-2.282801854762421,3.300668630633715e-14,-1.2280570235676308e-19,-1061.4173669533611
0.000265,265.0,12.63549333990744,12.647062971191241,-2.280184002651968,3.300978464447745e-14,-1.228057411308543e-19,-1062.9370288087603
0.00026525,265.25,12.633982080689716,12.645542921338041,-2.2775726937855203,3.301287588530348e-14,-1.2280552787335262e-19,-1064.4570786619597
0.0002655,265.5,12.632470417579103,12.644022483046822,-2.274967902237345,3.301596005467808e-14,-1.2280558603448944e-19,-1065.9775169531795
0.00026575,265.75,12.630958350188296,12.642501655878528,-2.272369602234828,3.3019037178328316e-14,-1.2280570235676308e-19,-1067.4983441214724
0.000266,266.0,12.629445878130936,12.64098043939525,-2.2697777681999165,3.302210728178939e-14,-1.2280583806608232e-19,-1069.0195606047512
0.00026625,266.25,12.627933001021622,12.639458833160255,-2.2671923746716827,3.302517039049187e-14,-1.228056506579748e-19,-1070.5411668397458
0.0002665,266.5,12.626419718475896,12.637936836738074,-2.264613396259427,3.3028226529780464e-14,-1.2280552787335262e-19,-1072.063163261926
0.00026675,266.75,12.624906030110251,12.636414449694387,-2.26204080772398,3.303127572486745e-14,-1.228056506579748e-19,-1073.5855503056134
0.000267,267.0,12.623391935542116,12.634891671595996,-2.259474584015307,3.303431800077716e-14,-1.2280571528146015e-19,-1075.108328404004
0.00026725,267.25,12.62187743438986,12.63336850201087,-2.256914700197505,3.303735338243227e-14,-1.228055989591865e-19,-1076.6314979891322
0.0002675,267.5,12.62036252627279,12.631844940508216,-2.254361131403965,3.3040381894672426e-14,-1.2280554726039822e-19,-1078.1550594917837
0.00026775,267.75,12.618847210811152,12.630320986658385,-2.2518138529137546,3.304340356220812e-14,-1.2280553433570115e-19,-1079.679013341616
0.000268,268.0,12.617331487626105,12.628796640032833,-2.2492728401909177,3.304641840956562e-14,-1.2280572820615722e-19,-1081.2033599671668
0.00026825,268.25,12.615815356339754,12.627271900204164,-2.2467380688135754,3.304942646117252e-14,-1.22805508486307e-19,-1082.728099795837
0.0002685,268.5,12.614298816575111,12.625746766746143,-2.2442095144289325,3.305242774137607e-14,-1.2280552141100408e-19,-1084.2532332538583
0.00026875,268.75,12.612781867956127,12.62422123923373,-2.241687152819142,3.305542227439756e-14,-1.2280557310979237e-19,-1085.7787607662708
0.000269,269.0,12.61126451010765,12.62269531724297,-2.239170959951296,3.305841008427771e-14,-1.2280567650736893e-19,-1087.304682757031
0.00026925,269.25,12.609746742655469,12.621169000351014,-2.23666091190137,3.306139119496142e-14,-1.2280558603448944e-19,-1088.8309996489882
0.0002695,269.5,12.608228565226261,12.619642288136232,-2.234156984807545,3.3064365630315845e-14,-1.2280557310979237e-19,-1090.357711863768
0.00026975,269.75,12.606709977447629,12.618115180178103,-2.2316591549476996,3.306733341408524e-14,-1.228056506579748e-19,-1091.884819821897
0.00027,270.0,12.605190978948075,12.616587676057174,-2.2291673987781917,3.3070294569836895e-14,-1.2280576698024843e-19,-1093.4123239428277
0.00027025,270.25,12.603671569357008,12.615059775355098,-2.226681692863033,3.3073249121044976e-14,-1.228056506579748e-19,-1094.9402246449026
0.0002705,270.5,12.602151748304735,12.613531477654673,-2.224202013829419,3.30761970911085e-14,-1.2280548263691287e-19,-1096.468522345328
0.00027075,270.75,12.60063151542247,12.612002782539854,-2.2217283384335658,3.3079138503306555e-14,-1.2280553433570115e-19,-1097.9972174601462
0.000271,271.0,12.599110870342312,12.610473689595638,-2.2192606436089646,3.308207338074473e-14,-1.2280562480858065e-19,-1099.5263104043627
0.00027125,271.25,12.597589812697253,12.608944198408114,-2.216798906392356,3.3085001746438167e-14,-1.2280549556160994e-19,-1101.0558015918866
0.0002715,271.5,12.596068342121184,12.607414308564547,-2.2143431038780403,3.30879236233293e-14,-1.2280540508873044e-19,-1102.5856914354538
0.00027175,271.75,12.594546458248875,12.605884019653265,-2.2118932132945703,3.309083903424348e-14,-1.2280544386282165e-19,-1104.1159803467356
0.000272,272.0,12.593024160715983,12.604353331263644,-2.209449212041011,3.3093748001836034e-14,-1.2280553433570115e-19,-1105.6466687363566
0.00027225,272.25,12.591501449159047,12.602822242986138,-2.207011077616373,3.309665054867434e-14,-1.2280543093812458e-19,-1107.1777570138624
0.0002725,272.5,12.589978323215485,12.601290754412368,-2.20457878757524,3.309954669725548e-14,-1.2280535338994216e-19,-1108.709245587633
0.00027275,272.75,12.588454782523588,12.599758865135,-2.202152319601928,3.310243646996229e-14,-1.2280576698024843e-19,-1110.2411348650014
0.000273,273.0,12.586930826722527,12.598226574747752,-2.1997316515484115,3.310531988901081e-14,-1.2280580575433965e-19,-1111.7734252522487
0.00027325,273.25,12.585406455452336,12.596693882845381,-2.1973167613664417,3.310819697653165e-14,-1.228055601850953e-19,-1113.3061171546192
0.0002735,273.5,12.583881668353925,12.595160789023746,-2.194907627063311,3.311106775458747e-14,-1.228054697122158e-19,-1114.8392109762558
0.00027375,273.75,12.582356465069061,12.593627292879814,-2.192504226766412,3.3113932245129365e-14,-1.228056506579748e-19,-1116.3727071201874
0.000274,274.0,12.580830845240381,12.592093394011552,-2.1901065387704213,3.311679046994487e-14,-1.2280579282964257e-19,-1117.9066059884476
0.00027425,274.25,12.579304808511381,12.590559092017976,-2.187714541465267,3.311964245073851e-14,-1.2280558603448944e-19,-1119.4409079820255
0.0002745,274.5,12.577778354526407,12.589024386499219,-2.185328213291053,3.3122488209149047e-14,-1.228054180134275e-19,-1120.975613500783
0.00027475,274.75,12.576251482930669,12.587489277056441,-2.1829475328136265,3.312532776670632e-14,-1.2280563773327772e-19,-1122.5107229435596
0.000275,275.0,12.574724193370223,12.585953763291789,-2.1805724787617753,3.31281611447798e-14,-1.2280576698024843e-19,-1124.0462367082112
0.00027525,275.25,12.57319648549198,12.584417844808462,-2.178203029953192,3.313098836465824e-14,-1.2280563773327772e-19,-1125.5821551915392
0.0002755,275.5,12.57166835894369,12.582881521210822,-2.1758391652489415,3.3133809447566794e-14,-1.2280554726039822e-19,-1127.1184787891789
0.00027575,275.75,12.57013981337396,12.581344792104165,-2.173480863642168,3.313662441462427e-14,-1.2280558603448944e-19,-1128.6552078958362
0.000276,276.0,12.568610848432225,12.579807657094763,-2.171128104283388,3.3139433286792117e-14,-1.228055989591865e-19,-1130.192342905237
0.00027625,276.25,12.567081463768766,12.578270115789952,-2.168780866408551,3.314223608495338e-14,-1.2280554726039822e-19,-1131.729884210049
0.0002765,276.5,12.565551659034703,12.576732167798205,-2.1664391292952017,3.314503282992958e-14,-1.2280549556160994e-19,-1133.2678322017962
0.00027675,276.75,12.564021433881985,12.575193812728916,-2.1641028723498787,3.314782354243838e-14,-1.22805689432066e-19,-1134.8061872710846
0.000277,277.0,12.562490787963396,12.573655050192448,-2.1617720751336926,3.315060824304307e-14,-1.2280570235676308e-19,-1136.3449498075527
0.00027725,277.25,12.56095972093255,12.572115879800204,-2.159446717290896,3.3153386952230703e-14,-1.2280567650736893e-19,-1137.884120199797
0.0002775,277.5,12.559428232443883,12.570576301164719,-2.157126778504889,3.3156159690428865e-14,-1.2280563773327772e-19,-1139.4236988352827
0.00027775,277.75,12.55789632215266,12.56903631389943,-2.154812238585631,3.31589264779637e-14,-1.228057411308543e-19,-1140.963686100572
0.000278,278.0,12.556363989714962,12.56749591761873,-2.152503077494669,3.316168733500984e-14,-1.2280575405555136e-19,-1142.5040823812697
0.00027825,278.25,12.554831234787697,12.565955111938038,-2.1501992752743955,3.316444228166783e-14,-1.2280563773327772e-19,-1144.0448880619629
0.0002785,278.5,12.553298057028584,12.56441389647389,-2.1479008120044414,3.316719133798072e-14,-1.2280558603448944e-19,-1145.5861035261098
0.00027875,278.75,12.551764456096157,12.56287227084372,-2.1456076678879845,3.316993452389247e-14,-1.2280576698024843e-19,-1147.1277291562815
0.000279,279.0,12.550230431649762,12.561330234665908,-2.1433198232755366,3.317267185919832e-14,-1.2280581867903672e-19,-1148.6697653340934
0.00027925,279.25,12.548695983349559,12.559787787559829,-2.141037258599265,3.3175403363621494e-14,-1.2280566358267186e-19,-1150.212212440172
0.0002795,279.5,12.547161110856507,12.558244929145918,-2.138759954330896,3.3178129056829646e-14,-1.2280558603448944e-19,-1151.7550708540823
0.00027975,279.75,12.54562581383237,12.556701659045563,-2.13648789105458,3.318084895839362e-14,-1.2280584452843086e-19,-1153.2983409544383
0.00028,280.0,12.54409009193973,12.555157976881079,-2.1342210495009533,3.318356308773827e-14,-1.2280590915191621e-19,-1154.8420231189218
0.00028025,280.25,12.542553944841943,12.553613882275751,-2.1319594104813824,3.318627146421844e-14,-1.228057799049455e-19,-1156.3861177242488
0.0002805,280.5,12.541017372203186,12.552069374853911,-2.129702954845028,3.318897410713524e-14,-1.228055989591865e-19,-1157.9306251460903
0.00028075,280.75,12.539480373688411,12.550524454240819,-2.127451663550473,3.3191671035695234e-14,-1.2280584452843086e-19,-1159.4755457591823
0.000281,281.0,12.537942948963382,12.548979120062665,-2.125205517701375,3.319436226896161e-14,-1.22805870377825e-19,-1161.0208799373356
0.00028125,281.25,12.536405097694638,12.547433371946587,-2.122964498479631,3.3197047825929506e-14,-1.2280579282964257e-19,-1162.566628053414
0.0002815,281.5,12.534866819549515,12.545887209520757,-2.1207285871016497,3.319972772554214e-14,-1.2280570235676308e-19,-1164.112790479245
0.00028175,281.75,12.53332811419613,12.54434063241427,-2.1184977648915333,3.320240198665032e-14,-1.2280590915191621e-19,-1165.6593675857303
0.000282,282.0,12.531788981303386,12.54279364025715,-2.116272013314639,3.320507062796406e-14,-1.2280590915191621e-19,-1167.2063597428507
0.00028225,282.25,12.530249420540965,12.54124623268033,-2.1140513139151897,3.3207733668127235e-14,-1.2280580575433965e-19,-1168.753767319672
0.0002825,282.5,12.528709431579328,12.53969840931572,-2.111835648274735,3.321039112573353e-14,-1.228055989591865e-19,-1170.301590684281
0.00028275,282.75,12.527169014089711,12.538150169796225,-2.1096249980710797,3.3213043019286355e-14,-1.2280592207661329e-19,-1171.8498302037767
0.000283,283.0,12.525628167744133,12.536601513755636,-2.1074193451238514,3.321568936715081e-14,-1.2280589622721914e-19,-1173.3984862443651
0.00028325,283.25,12.52408689221537,12.535052440828641,-2.1052186713303844,3.321833018762768e-14,-1.2280590915191621e-19,-1174.9475591713597
0.0002835,283.5,12.522545187176984,12.533502950650895,-2.1030229586223235,3.32209654989693e-14,-1.2280572820615722e-19,-1176.4970493491048
0.00028375,283.75,12.521003052303291,12.53195304285903,-2.100832189026223,3.322359531933971e-14,-1.228058316037338e-19,-1178.0469571409712
0.000284,284.0,12.519460487269376,12.530402717090547,-2.0986463447082078,3.3226219666767123e-14,-1.2280598670009864e-19,-1179.597282909453
0.00028425,284.25,12.51791749175109,12.528851972983846,-2.0964654079099487,3.322883855921725e-14,-1.2280585745312793e-19,-1181.1480270161558
0.0002845,284.5,12.516374065425046,12.527300810178259,-2.0942893609061697,3.3231452014608926e-14,-1.2280584452843086e-19,-1182.6991898217423
0.00028475,284.75,12.514830207968606,12.525749228314092,-2.092118186065831,3.3234060050774706e-14,-1.2280592207661329e-19,-1184.2507716859088
0.000285,285.0,12.5132859190599,12.524197227032486,-2.089951865895131,3.3236662685413744e-14,-1.2280607717297814e-19,-1185.802772967514
0.00028525,285.25,12.511741198377802,12.5226448059755,-2.0877903829690903,3.323925993616441e-14,-1.2280592207661329e-19,-1187.355194024501
0.0002855,285.5,12.510196045601948,12.521091964786216,-2.085633719887993,3.324185182061976e-14,-1.22805870377825e-19,-1188.9080352137853
0.00028575,285.75,12.508650460412715,12.519538703108527,-2.0834818593594653,3.3244438356288455e-14,-1.2280592207661329e-19,-1190.4612968914735
0.000286,286.0,12.507104442491228,12.517985020587178,-2.0813347842197683,3.324701956054817e-14,-1.2280597377540157e-19,-1192.0149794128226
0.00028625,286.25,12.505557991519364,12.516430916867835,-2.0791924773734625,3.3249595450717414e-14,-1.2280592207661329e-19,-1193.5690831321656
0.0002865,286.5,12.504011107179739,12.514876391597122,-2.0770549217530383,3.325216604407097e-14,-1.2280570235676308e-19,-1195.1236084028792
0.00028675,286.75,12.502463789155707,12.513321444422534,-2.0749221003871896,3.325473135780111e-14,-1.2280592207661329e-19,-1196.6785555774666
0.000287,287.0,12.500916037131368,12.511766074992408,-2.072793996434695,3.3257291408971346e-14,-1.2280598670009864e-19,-1198.233925007592
0.00028725,287.25,12.499367850791554,12.51021028295596,-2.070670593121408,3.3259846214587715e-14,-1.228057799049455e-19,-1199.7897170440403
0.0002875,287.5,12.497819229821834,12.508654067963368,-2.0685518736978974,3.326239579161396e-14,-1.2280572820615722e-19,-1201.3459320366333
0.00028775,287.75,12.496270173908506,12.507097429665656,-2.0664378215111148,3.3264940156933163e-14,-1.2280585745312793e-19,-1202.9025703343448
0.000288,288.0,12.494720682738603,12.505540367714667,-2.0643284200358605,3.3267479327301885e-14,-1.2280597377540157e-19,-1204.4596322853326
0.00028825,288.25,12.493170755999882,12.503982881763141,-2.062223652809654,3.327001331942079e-14,-1.228059608507045e-19,-1206.0171182368597
0.0002885,288.5,12.491620393380833,12.502424971464807,-2.060123503390819,3.3272542149949675e-14,-1.2280575405555136e-19,-1207.5750285351933
0.00028875,288.75,12.490069594570663,12.500866636474164,-2.058027955437923,3.3275065835469455e-14,-1.2280597377540157e-19,-1209.1333635258363
0.000289,289.0,12.488518359259306,12.49930787644656,-2.0559369927319,3.327758439243668e-14,-1.2280612887176642e-19,-1210.6921235534417
0.00028925,289.25,12.48696668713741,12.497748691038186,-2.0538505991191296,3.3280097837253526e-14,-1.2280593500131036e-19,-1212.2513089618146
0.0002895,289.5,12.485414577896355,12.496189079906124,-2.051768758471818,3.328260618628276e-14,-1.2280581867903672e-19,-1213.8109200938766
0.00028975,289.75,12.48386203122822,12.49462904270837,-2.0496914547455836,3.328510945580999e-14,-1.22805870377825e-19,-1215.3709572916307
0.00029,290.0,12.482309046825808,12.493068579103703,-2.04761867202184,3.328760766199856e-14,-1.2280599962479571e-19,-1216.9314208962974
0.00029025,290.25,12.480755624382631,12.491507688751751,-2.0455503944448292,3.3290100820958933e-14,-1.228058316037338e-19,-1218.4923112482502
0.0002905,290.5,12.479201763592913,12.489946371313058,-2.0434866061794583,3.329258894876352e-14,-1.2280579282964257e-19,-1220.0536286869424
0.00029075,290.75,12.477647464151584,12.488384626448996,-2.0414272914811096,3.3295072061409216e-14,-1.2280597377540157e-19,-1221.6153735510043
0.000291,291.0,12.476092725754283,12.48682245382173,-2.03937243472457,3.3297550174772765e-14,-1.2280592207661329e-19,-1223.17754617827
0.00029125,291.25,12.474537548097349,12.48525985309426,-2.0373220203456563,3.3300023304679466e-14,-1.2280584452843086e-19,-1224.7401469057418
0.0002915,291.5,12.472981930877824,12.483696823930504,-2.0352760328017183,3.3302491466917865e-14,-1.228058316037338e-19,-1226.3031760694967
0.00029175,291.75,12.471425873793454,12.48213336599519,-2.033234456637098,3.330495467720268e-14,-1.2280585745312793e-19,-1227.8666340048107
0.000292,292.0,12.469869376542677,12.48056947895383,-2.0311972765137076,3.3307412951130443e-14,-1.228059608507045e-19,-1229.4305210461705
0.00029225,292.25,12.468312438824633,12.479005162472768,-2.0291644771532127,3.3309866304247676e-14,-1.2280589622721914e-19,-1230.9948375272327
0.0002925,292.5,12.466755060339153,12.477440416219242,-2.0271360432964967,3.331231475206541e-14,-1.228058316037338e-19,-1232.5595837807589
0.00029275,292.75,12.46519724078676,12.475875239861299,-2.02511195977047,3.331475831002244e-14,-1.228060900976752e-19,-1234.1247601387015
0.000293,293.0,12.463638979868671,12.47430963306776,-2.0230922115176546,3.331719699344137e-14,-1.228061417964635e-19,-1235.690366932242
0.00029325,293.25,12.462080277286788,12.472743595508259,-2.0210767835386907,3.331963081759611e-14,-1.228059608507045e-19,-1237.2564044917415
0.0002935,293.5,12.4605211327437,12.471177126853325,-2.0190656608524424,3.3322059797726394e-14,-1.2280580575433965e-19,-1238.8228731466759
0.00029375,293.75,12.458961545942675,12.469610226774279,-2.017058828561125,3.332448394900122e-14,-1.2280610302237228e-19,-1240.3897732257226
0.000294,294.0,12.457401516587678,12.468042894943222,-2.0150562718804537,3.3326903286475296e-14,-1.228061805705547e-19,-1241.9571050567781
0.00029425,294.25,12.455841044383343,12.466475131033041,-2.013057976085272,3.332931782515601e-14,-1.2280602547418986e-19,-1243.5248689669602
0.0002945,294.5,12.454280129034988,12.464906934717458,-2.011063926470302,3.333172758001774e-14,-1.2280590915191621e-19,-1245.093065282542
0.00029475,294.75,12.452718770248604,12.463338305671051,-2.009074108404508,3.3334132565965697e-14,-1.2280606424828107e-19,-1246.6616943289491
0.000295,295.0,12.451156967730862,12.461769243569158,-2.0070885073709626,3.333653279779263e-14,-1.2280612887176642e-19,-1248.2307564308437
0.00029525,295.25,12.449594721189104,12.460199748087877,-2.005107108911196,3.3338928290245256e-14,-1.2280585745312793e-19,-1249.8002519121246
0.0002955,295.5,12.448032030331339,12.45862981890413,-2.003129898585499,3.3341319058038493e-14,-1.2280590915191621e-19,-1251.3701810958703
0.00029575,295.75,12.446468894866259,12.457059455695685,-2.00115686202804,3.334370511581948e-14,-1.2280597377540157e-19,-1252.940544304316
0.000296,296.0,12.444905314503206,12.45548865814103,-1.9991879849865042,3.3346086478124817e-14,-1.2280603839888693e-19,-1254.5113418589701
0.00029625,296.25,12.443341288952205,12.453917425919448,-1.9972232532605803,3.334846315944633e-14,-1.2280598670009864e-19,-1256.082574080553
0.0002965,296.5,12.441776817923929,12.452345758711129,-1.9952626526607309,3.335083517424508e-14,-1.2280590915191621e-19,-1257.6542412888723
0.00029675,296.75,12.440211901129727,12.45077365619695,-1.9933061690851108,3.3353202536915837e-14,-1.2280597377540157e-19,-1259.226343803051
0.000297,297.0,12.4386465382816,12.449201118058514,-1.991353788539577,3.3355565261744616e-14,-1.2280602547418986e-19,-1260.7988819414868
0.00029725,297.25,12.43708072909221,12.447628143978244,-1.9894054970787898,3.3357923362973883e-14,-1.2280590915191621e-19,-1262.3718560217565
0.0002975,297.5,12.435514473274882,12.446054733639459,-1.9874612807667278,3.336027685481644e-14,-1.2280584452843086e-19,-1263.9452663605416
0.00029775,297.75,12.433947770543586,12.444480886726145,-1.985521125752996,3.33626257514202e-14,-1.2280584452843086e-19,-1265.5191132738553
0.000298,298.0,12.432380620612953,12.442906602923044,-1.983585018292901,3.336497006682604e-14,-1.2280589622721914e-19,-1267.093397076958
0.00029825,298.25,12.430813023198258,12.441331881915657,-1.9816529446916205,3.336730981503249e-14,-1.2280588330252207e-19,-1268.668118084344
0.0002985,298.5,12.429244978015436,12.439756723390342,-1.9797248912657726,3.3369645010009485e-14,-1.2280585745312793e-19,-1270.2432766096588
0.00029875,298.75,12.427676484781063,12.438181127034193,-1.9778008444089374,3.337197566566347e-14,-1.2280585745312793e-19,-1271.8188729658075
0.000299,299.0,12.42610754321236,12.436605092535023,-1.9758807906199507,3.337430179579548e-14,-1.2280598670009864e-19,-1273.3949074649777
0.00029925,299.25,12.424538153027196,12.435028619581402,-1.9739647164474161,3.337662341416541e-14,-1.2280593500131036e-19,-1274.9713804185983
0.0002995,299.5,12.422968313944088,12.43345170786273,-1.972052608451273,3.33789405345056e-14,-1.2280589622721914e-19,-1276.548292137271
0.00029975,299.75,12.42139802568218,12.431874357069145,-1.9701444532664305,3.3381253170486183e-14,-1.228060900976752e-19,-1278.1256429308555
0.0003,300.0,12.419827287961272,12.430296566891494,-1.968240237631091,3.338356133567359e-14,-1.2280602547418986e-19,-1279.7034331085074
0.00030025,300.25,12.418256100501788,12.428718337021358,-1.9663399483322384,3.33858650435942e-14,-1.228059608507045e-19,-1281.281662978643
0.0003005,300.5,12.416684463024794,12.427139667151165,-1.9644435721671185,3.338816430774786e-14,-1.2280593500131036e-19,-1282.8603328488352
0.00030075,300.75,12.41511237525199,12.425560556974048,-1.9625510960067267,3.339045914157351e-14,-1.22806051323584e-19,-1284.4394430259522
0.000301,301.0,12.413539836905711,12.423981006183848,-1.960662506823326,3.339274955840799e-14,-1.228060900976752e-19,-1286.0189938161525
0.00030125,301.25,12.411966847708912,12.422401014475144,-1.9587777916369107,3.33950355715492e-14,-1.2280597377540157e-19,-1287.5989855248574
0.0003015,301.5,12.410393407385195,12.420820581543325,-1.9568969374772887,3.3397317194269473e-14,-1.228058316037338e-19,-1289.179418456677
0.00030175,301.75,12.408819515658776,12.419239707084497,-1.955019931446944,3.3399594439781484e-14,-1.22805870377825e-19,-1290.7602929155046
0.000302,302.0,12.407245172254498,12.417658390795436,-1.9531467607484754,3.340186732119743e-14,-1.2280599962479571e-19,-1292.3416092045643
0.00030225,302.25,12.405670376897834,12.416076632373686,-1.9512774126287002,3.340413585159162e-14,-1.2280585745312793e-19,-1293.923367626315
0.0003025,302.5,12.404095129314873,12.414494431517626,-1.949411874339776,3.340640004401371e-14,-1.228057799049455e-19,-1295.5055684823747
0.00030275,302.75,12.402519429232331,12.412911787926278,-1.9475501332113074,3.340865991145496e-14,-1.2280592207661329e-19,-1297.088212073723
0.000303,303.0,12.400943276377532,12.411328701299368,-1.9456921766690844,3.3410915466807676e-14,-1.22806051323584e-19,-1298.6712987006333
0.00030325,303.25,12.39936667047844,12.409745171337338,-1.9438379921857174,3.341316672292728e-14,-1.2280592207661329e-19,-1300.2548286626636
0.0003035,303.5,12.397789611263608,12.408161197741373,-1.941987567244124,3.341541369264556e-14,-1.2280584452843086e-19,-1301.838802258627
0.00030375,303.75,12.396212098462223,12.40657678021344,-1.9401408893894965,3.341765638873704e-14,-1.2280589622721914e-19,-1303.4232197865604
0.000304,304.0,12.394634131804073,12.40499191845616,-1.9382979462665562,3.3419894823878824e-14,-1.2280598670009864e-19,-1305.0080815438403
0.00030425,304.25,12.393055711019569,12.403406612172857,-1.9364587255649102,3.342212901071215e-14,-1.2280599962479571e-19,-1306.5933878271449
0.0003045,304.5,12.391476835839718,12.401820861067645,-1.9346232149804232,3.3424358961855466e-14,-1.2280585745312793e-19,-1308.1791389323562
0.00030475,304.75,12.389897505996142,12.400234664845328,-1.932791402276818,3.342658468987117e-14,-1.22806051323584e-19,-1309.7653351546724
0.000305,305.0,12.388317721221071,12.398648023211393,-1.930963275312908,3.342880620722567e-14,-1.228061417964635e-19,-1311.3519767886082
0.00030525,305.25,12.386737481247334,12.397060935872007,-1.9291388219930166,3.343102352635052e-14,-1.2280602547418986e-19,-1312.9390641279942
0.0003055,305.5,12.385156785808366,12.39547340253407,-1.9273180302303936,3.3433236659655366e-14,-1.2280589622721914e-19,-1314.5265974659312
0.00030575,305.75,12.383575634638206,12.39388542290524,-1.9255008879973832,3.343544561949491e-14,-1.228061417964635e-19,-1316.1145770947608
0.000306,306.0,12.381994027471489,12.392296996693837,-1.9236873833618227,3.343765041812936e-14,-1.2280619349525178e-19,-1317.7030033061635
0.00030625,306.25,12.380411964043452,12.390708123608842,-1.9218775044369834,3.3439851067784964e-14,-1.2280607717297814e-19,-1319.2918763911582
0.0003065,306.5,12.378829444089927,12.389118803359962,-1.9200712393443509,3.344204758066693e-14,-1.2280588330252207e-19,-1320.8811966400397
0.00030675,306.75,12.37724646734734,12.38752903565765,-1.9182685762629816,3.344423996892665e-14,-1.22806051323584e-19,-1322.470964342351
0.000307,307.0,12.375663033552712,12.385938820213017,-1.916469503466716,3.3446428244622395e-14,-1.2280601254949278e-19,-1324.0611797869847
0.00030725,307.25,12.374079142443655,12.384348156737822,-1.914674009273587,3.3448612419779434e-14,-1.2280601254949278e-19,-1325.6518432621792
0.0003075,307.5,12.372494793758376,12.382757044944546,-1.9128820820083752,3.3450792506402816e-14,-1.2280598670009864e-19,-1327.242955055455
0.00030775,307.75,12.370909987235665,12.381165484546406,-1.9110937100535,3.3452968516444826e-14,-1.2280615472116057e-19,-1328.8345154535953
0.000308,308.0,12.369324722614905,12.379573475257251,-1.9093088818849844,3.345514046176604e-14,-1.2280616764585764e-19,-1330.4265247427497
0.00030825,308.25,12.367738999636064,12.377981016791594,-1.9075275860196508,3.345730835419496e-14,-1.22806051323584e-19,-1332.0189832084075
0.0003085,308.5,12.36615281803969,12.376388108864711,-1.9057498109776543,3.3459472205540597e-14,-1.2280594792600743e-19,-1333.61189113529
0.00030875,308.75,12.36456617756692,12.374794751192526,-1.9039755453427054,3.346163202756027e-14,-1.2280601254949278e-19,-1335.205248807474
0.000309,309.0,12.36297907795947,12.373200943491605,-1.9022047777883904,3.346378783192099e-14,-1.2280601254949278e-19,-1336.7990565083946
0.00030925,309.25,12.361391518959634,12.37160668547918,-1.9004374970274711,3.346593963025849e-14,-1.2280599962479571e-19,-1338.3933145208193
0.0003095,309.5,12.35980350031029,12.370011976873231,-1.8986736917753628,3.346808743418987e-14,-1.2280594792600743e-19,-1339.9880231267705
0.00030975,309.75,12.358215021754887,12.368416817392385,-1.896913350809847,3.347023125528152e-14,-1.2280603839888693e-19,-1341.583182607616
0.00031,310.0,12.356626083037456,12.366821206755903,-1.895156462997256,3.3472371105010845e-14,-1.2280606424828107e-19,-1343.1787932440977
0.00031025,310.25,12.355036683902599,12.365225144683702,-1.8934030172421705,3.347450699482486e-14,-1.2280599962479571e-19,-1344.7748553162992
0.0003105,310.5,12.353446824095487,12.363628630896445,-1.8916530024509992,3.347663893615265e-14,-1.2280601254949278e-19,-1346.3713691035566
0.00031075,310.75,12.351856503361867,12.362031665115433,-1.8899064075907321,3.3478766940373634e-14,-1.2280621934464592e-19,-1347.9683348845676
0.000311,311.0,12.350265721448062,12.360434247062608,-1.888163221715504,3.348089101877952e-14,-1.2280612887176642e-19,-1349.5657529373927
0.00031125,311.25,12.348674478100946,12.358836376460538,-1.886423433918996,3.348301118263244e-14,-1.2280597377540157e-19,-1351.163623539464
0.0003115,311.5,12.347082773067976,12.357238053032477,-1.884687033298781,3.348512744317736e-14,-1.2280594792600743e-19,-1352.761946967524
0.00031175,311.75,12.345490606097167,12.355639276502394,-1.882954009005148,3.3487239811610565e-14,-1.228060900976752e-19,-1354.3607234976057
0.000312,312.0,12.343897976937104,12.354040046594877,-1.8812243502759454,3.348934829904186e-14,-1.2280619349525178e-19,-1355.9599534051233
0.00031225,312.25,12.342304885336926,12.35244036303512,-1.8794980463885622,3.349145291655231e-14,-1.2280597377540157e-19,-1357.5596369648815
0.0003125,312.5,12.340711331046338,12.350840225548994,-1.8777750866241059,3.349355367520651e-14,-1.2280589622721914e-19,-1359.1597744510057
0.00031275,312.75,12.339117313815603,12.349239633863085,-1.8760554603150115,3.349565058602134e-14,-1.2280615472116057e-19,-1360.7603661369146
0.000313,313.0,12.33752283339555,12.347638587704576,-1.874339156880006,3.349774365992842e-14,-1.2280620641994885e-19,-1362.361412295424
0.00031325,313.25,12.335927889537555,12.346037086801262,-1.872626165776557,3.3499832907831437e-14,-1.2280606424828107e-19,-1363.962913198738
0.0003135,313.5,12.334332481993556,12.344435130881603,-1.8709164764650903,3.350191834061829e-14,-1.2280588330252207e-19,-1365.564869118397
0.00031375,313.75,12.332736610516037,12.342832719674764,-1.8692100784570151,3.350399996913008e-14,-1.2280599962479571e-19,-1367.167280325238
0.000314,314.0,12.331140274858049,12.341229852910477,-1.8675069613494566,3.350607780412389e-14,-1.2280615472116057e-19,-1368.7701470895236
0.00031425,314.25,12.329543474773182,12.339626530319117,-1.865807114775033,3.350815185632963e-14,-1.2280607717297814e-19,-1370.373469680883
0.0003145,314.5,12.32794621001558,12.338022751631762,-1.8641105283654715,3.351022213646209e-14,-1.22806051323584e-19,-1371.9772483682393
0.00031475,314.75,12.326348480339938,12.336418516580094,-1.862417191810032,3.3512288655190134e-14,-1.228061417964635e-19,-1373.581483419907
0.000315,315.0,12.324750285501496,12.334813824896393,-1.860727094879557,3.351435142309985e-14,-1.2280625811873714e-19,-1375.1861751036076
0.00031525,315.25,12.323151625256038,12.333208676313564,-1.8590402273790416,3.351641045075086e-14,-1.2280603839888693e-19,-1376.7913236864365
0.0003155,315.5,12.3215524993599,12.331603070565217,-1.8573565791129398,3.351846574868835e-14,-1.2280592207661329e-19,-1378.3969294347833
0.00031575,315.75,12.31995290756995,12.329997007385563,-1.8556761399418065,3.352051732741243e-14,-1.228060900976752e-19,-1380.0029926144387
0.000316,316.0,12.318352849643608,12.328390486509395,-1.8539988998059205,3.3522565197341625e-14,-1.2280624519404006e-19,-1381.6095134906054
0.00031625,316.25,12.316752325338832,12.326783507672134,-1.852324848679289,3.3524609368868723e-14,-1.2280601254949278e-19,-1383.216492327866
0.0003165,316.5,12.315151334414116,12.325176070609889,-1.8506539765351997,3.352664985237268e-14,-1.2280602547418986e-19,-1384.8239293901117
0.00031675,316.75,12.313549876628498,12.323568175059368,-1.8489862734022413,3.352868665818828e-14,-1.2280601254949278e-19,-1386.4318249406329
0.000317,317.0,12.311947951741542,12.321959820757836,-1.8473217293884907,3.353071979656983e-14,-1.228060900976752e-19,-1388.0401792421635
0.00031725,317.25,12.310345559513358,12.320351007443202,-1.845660334632587,3.3532749277746635e-14,-1.2280594792600743e-19,-1389.648992556798
0.0003175,317.5,12.308742699704586,12.318741734854106,-1.8440020792681537,3.3534775111934764e-14,-1.228059608507045e-19,-1391.258265145895
0.00031775,317.75,12.307139372076396,12.317132002729704,-1.842346953490001,3.353679730930695e-14,-1.2280615472116057e-19,-1392.867997270298
0.000318,318.0,12.305535576390495,12.315521810809729,-1.8406949475691388,3.353881587995657e-14,-1.2280619349525178e-19,-1394.478189190272
0.00031825,318.25,12.303931312409116,12.313911158834541,-1.8390460518076477,3.354083083395268e-14,-1.2280606424828107e-19,-1396.0888411654591
0.0003185,318.5,12.302326579895022,12.312300046545179,-1.8374002565049812,3.3542842181351727e-14,-1.2280601254949278e-19,-1397.6999534548215
0.00031875,318.75,12.300721378611502,12.310688473683268,-1.835757552013947,3.354484993216764e-14,-1.2280610302237228e-19,-1399.3115263167326
0.000319,319.0,12.299115708322377,12.30907643999099,-1.834117928764457,3.354685409633607e-14,-1.2280610302237228e-19,-1400.923560009011
0.00031925,319.25,12.297509568791982,12.307463945211127,-1.8324813772175732,3.3548854683769036e-14,-1.228060900976752e-19,-1402.5360547888733
0.0003195,319.5,12.295902959785186,12.305850989087146,-1.8308478878313494,3.3550851704366504e-14,-1.2280594792600743e-19,-1404.1490109128554
0.00031975,319.75,12.294295881067377,12.304237571363075,-1.8292174511165593,3.355284516798673e-14,-1.228061417964635e-19,-1405.7624286369255
0.00032,320.0,12.292688332404461,12.302623691783502,-1.8275900576609216,3.3554835084410786e-14,-1.2280621934464592e-19,-1407.3763082164994
0.00032025,320.25,12.291080313562869,12.30100935009361,-1.825965698080207,3.3556821463396765e-14,-1.22806051323584e-19,-1408.9906499063902
0.0003205,320.5,12.289471824309546,12.299394546039318,-1.824344362983201,3.3558804314691236e-14,-1.2280603839888693e-19,-1410.6054539606826
0.00032075,320.75,12.287862864411956,12.297779279367024,-1.8227260430380299,3.3560783647999885e-14,-1.228060900976752e-19,-1412.2207206329763
0.000321,321.0,12.286253433638079,12.29616354982368,-1.8211107289861816,3.3562759472952215e-14,-1.2280616764585764e-19,-1413.8364501763208
0.00032125,321.25,12.28464353175641,12.294547357156855,-1.8194984115958057,3.3564731799155424e-14,-1.2280612887176642e-19,-1415.4526428431452
0.0003215,321.5,12.28303315853596,12.292930701114834,-1.8178890816281872,3.356670063620574e-14,-1.2280611594706935e-19,-1417.069298885166
0.00032175,321.75,12.28142231374625,12.291313581446389,-1.8162827299020112,3.356866599365924e-14,-1.2280616764585764e-19,-1418.6864185536115
0.000322,322.0,12.279810997157309,12.289695997900841,-1.8146793473079526,3.357062788099688e-14,-1.2280616764585764e-19,-1420.3040020991593
0.00032225,322.25,12.27819920853968,12.288077950228114,-1.8130789247649601,3.357258630767789e-14,-1.2280612887176642e-19,-1421.9220497718873
0.0003225,322.5,12.276586947664416,12.286459438178783,-1.8114814531871681,3.35745412831511e-14,-1.228060900976752e-19,-1423.540561821218
0.00032275,322.75,12.274974214303073,12.284840461503984,-1.8098869235378254,3.357649281682596e-14,-1.2280611594706935e-19,-1425.1595384960165
0.000323,323.0,12.273361008227715,12.283221019955407,-1.8082953268534194,3.357844091803775e-14,-1.2280630981752542e-19,-1426.7789800445937
0.00032325,323.25,12.271747329210916,12.281601113285292,-1.8067066542007473,3.358038559610065e-14,-1.2280619349525178e-19,-1428.3988867147089
0.0003235,323.5,12.270133177025746,12.279980741246485,-1.8051208966438368,3.3582326860318966e-14,-1.2280592207661329e-19,-1430.0192587535155
0.00032375,323.75,12.268518551445776,12.278359903592458,-1.803538045289549,3.358426471995835e-14,-1.22806232269343e-19,-1431.6400964075428
0.000324,324.0,12.266903452245094,12.276738600077204,-1.8019580913181754,3.35861991842113e-14,-1.2280619349525178e-19,-1433.2613999227965
0.00032425,324.25,12.265287879198272,12.27511683045527,-1.8003810259385875,3.3588130262249753e-14,-1.2280611594706935e-19,-1434.883169544731
0.0003245,324.5,12.263671832080385,12.273494594481848,-1.7988068403549953,3.3590057963236306e-14,-1.2280612887176642e-19,-1436.5054055181527
0.00032475,324.75,12.26205531066701,12.271871891912678,-1.7972355258197783,3.3591982296295583e-14,-1.2280619349525178e-19,-1438.1281080873237
0.000325,325.0,12.260438314734222,12.270248722504004,-1.7956670736567062,3.3593903270480055e-14,-1.228061417964635e-19,-1439.7512774959966
0.00032525,325.25,12.25882084405858,12.26862508601266,-1.7941014752145505,3.359582089482222e-14,-1.2280611594706935e-19,-1441.3749139873407
0.0003255,325.5,12.257202898417148,12.267000982196166,-1.7925387218329398,3.359773517834569e-14,-1.228060900976752e-19,-1442.999017803835
0.00032575,325.75,12.255584477587485,12.265376410812504,-1.7909788049060171,3.359964613003681e-14,-1.2280603839888693e-19,-1444.6235891874962
0.000326,326.0,12.253965581347634,12.263751371620188,-1.789421715895806,3.36015537588107e-14,-1.228061417964635e-19,-1446.2486283798125
0.00032625,326.25,12.25234620947613,12.262125864378303,-1.7878674462900515,3.36034580735631e-14,-1.2280599962479571e-19,-1447.8741356216967
0.0003265,326.5,12.250726361752006,12.260499888846558,-1.7863159875704884,3.360535908318132e-14,-1.2280611594706935e-19,-1449.500111153442
0.00032675,326.75,12.249106037954775,12.258873444785204,-1.7847673312660355,3.360725679651613e-14,-1.2280615472116057e-19,-1451.1265552147977
0.000327,327.0,12.24748523786444,12.257246531954983,-1.783221468974724,3.360915122234796e-14,-1.228060900976752e-19,-1452.7534680450183
0.00032725,327.25,12.245863961261492,12.255619150117216,-1.781678392318427,3.361104236943842e-14,-1.22806051323584e-19,-1454.3808498827857
0.0003275,327.5,12.244242207926902,12.253991299033896,-1.7801380929096147,3.3612930246541144e-14,-1.228060900976752e-19,-1456.0087009661045
0.00032775,327.75,12.24261997764213,12.252362978467469,-1.7786005624138705,3.3614814862373874e-14,-1.2280628396813128e-19,-1457.637021532532
0.000328,328.0,12.240997270189125,12.250734188180902,-1.7770657925613143,3.361669622558496e-14,-1.2280633566691956e-19,-1459.2658118190998
0.00032825,328.25,12.239374085350299,12.249104927937713,-1.7755337751071925,3.361857434480442e-14,-1.228062710434342e-19,-1460.8950720622881
0.0003285,328.5,12.237750422908565,12.247475197502046,-1.7740045018012855,3.3620449228654805e-14,-1.2280610302237228e-19,-1462.5248024979546
0.00032875,328.75,12.236126282647305,12.245844996638567,-1.7724779644383302,3.362232088572338e-14,-1.2280611594706935e-19,-1464.155003361434
0.000329,329.0,12.23450166435038,12.244214325112425,-1.7709541548796455,3.3624189324528935e-14,-1.2280606424828107e-19,-1465.785674887576
0.00032925,329.25,12.232876567802132,12.24258318268933,-1.7694330650096752,3.3626054553572445e-14,-1.2280615472116057e-19,-1467.4168173106705
0.0003295,329.5,12.23125099278737,12.240951569135662,-1.767914686703002,3.3627916581347826e-14,-1.228060900976752e-19,-1469.048430864339
0.00032975,329.75,12.229624939091392,12.239319484218235,-1.7663990118857724,3.362977541631438e-14,-1.2280619349525178e-19,-1470.6805157817664
0.00033,330.0,12.227998406499962,12.23768692770435,-1.764886032548602,3.363163106686378e-14,-1.2280620641994885e-19,-1472.3130722956496
0.00033025,330.25,12.226371394799317,12.236053899361892,-1.763375740703525,3.363348354137041e-14,-1.2280628396813128e-19,-1473.9461006381093
0.0003305,330.5,12.224743903776169,12.234420398959394,-1.7618681283518876,3.3635332848202005e-14,-1.2280606424828107e-19,-1475.5796010406075
0.00033075,330.75,12.223115933217695,12.232786426265823,-1.7603631875447114,3.3637178995692326e-14,-1.2280625811873714e-19,-1477.2135737341778
0.000331,331.0,12.221487482911547,12.231151981050674,-1.7588609103965624,3.363902199210834e-14,-1.2280640029040492e-19,-1478.8480189493262
0.00033125,331.25,12.219858552645846,12.229517063083959,-1.7573612890469246,3.3640861845700207e-14,-1.2280619349525178e-19,-1480.4829369160411
0.0003315,331.5,12.21822914220918,12.227881672136235,-1.755864315629611,3.36426985647119e-14,-1.228060900976752e-19,-1482.1183278637668
0.00033175,331.75,12.2165992513906,12.226245807978644,-1.7543699823159205,3.364453215735401e-14,-1.2280616764585764e-19,-1483.7541920213562
0.000332,332.0,12.214968879979624,12.224609470382795,-1.7528782813434447,3.364636263177117e-14,-1.2280619349525178e-19,-1485.3905296172068
0.00033225,332.25,12.213338027766236,12.222972659120824,-1.7513892049716382,3.3648189996091704e-14,-1.2280615472116057e-19,-1487.027340879177
0.0003325,332.5,12.211706694540885,12.221335373965516,-1.749902745449318,3.365001425843812e-14,-1.2280616764585764e-19,-1488.6646260344853
0.00033275,332.75,12.210074880094478,12.219697614690084,-1.7484188950734103,3.3651835426900136e-14,-1.228062710434342e-19,-1490.302385309918
0.000333,333.0,12.208442584218384,12.218059381068244,-1.7469376462016855,3.365365350950233e-14,-1.228063227422225e-19,-1491.9406189317565
0.00033325,333.25,12.206809806704435,12.21642067287423,-1.7454589912162248,3.365546851425345e-14,-1.228061805705547e-19,-1493.5793271257705
0.0003335,333.5,12.205176547344921,12.214781489882807,-1.7439829224933578,3.365728044915685e-14,-1.2280602547418986e-19,-1495.2185101171947
0.00033375,333.75,12.203542805932587,12.213141831869326,-1.7425094324435915,3.365908932218365e-14,-1.22806232269343e-19,-1496.858168130676
0.000334,334.0,12.201908582260641,12.21150169860961,-1.7410385135422815,3.366089514124066e-14,-1.22806232269343e-19,-1498.4983013903914
0.00033425,334.25,12.20027387612274,12.209861089879965,-1.7395701582896534,3.3662697914219296e-14,-1.228061417964635e-19,-1500.1389101200357
0.0003345,334.5,12.198638687313004,12.208220005457237,-1.7381043591791472,3.366449764900595e-14,-1.2280601254949278e-19,-1501.7799945427632
0.00033475,334.75,12.197003015625999,12.206578445118833,-1.7366411087390672,3.366629435345538e-14,-1.2280616764585764e-19,-1503.4215548811674
0.000335,335.0,12.19536686085675,12.204936408642627,-1.735180399561726,3.366808803535879e-14,-1.2280629689282835e-19,-1505.0635913573742
0.00033525,335.25,12.193730222800731,12.203293895806985,-1.7337222242617112,3.366987870249249e-14,-1.2280624519404006e-19,-1506.7061041930165
0.0003355,335.5,12.192093101253873,12.201650906390856,-1.732266575444292,3.367166636262806e-14,-1.2280601254949278e-19,-1508.3490936091443
0.00033575,335.75,12.190455496012541,12.200007440173676,-1.7308134457543407,3.367345102350607e-14,-1.2280621934464592e-19,-1509.9925598263235
0.000336,336.0,12.18881740687357,12.198363496935366,-1.729362827898122,3.367523269280428e-14,-1.2280624519404006e-19,-1511.6365030646355
0.00033625,336.25,12.187178833634226,12.196719076456322,-1.7279147146050158,3.367701137818596e-14,-1.2280615472116057e-19,-1513.2809235436782
0.0003365,336.5,12.185539776092233,12.19507417851747,-1.7264690985970668,3.3678787087310095e-14,-1.2280610302237228e-19,-1514.9258214825318
0.00033675,336.75,12.183900234045757,12.19342880290029,-1.725025972630538,3.368055982780513e-14,-1.2280615472116057e-19,-1516.5711970997124
0.000337,337.0,12.182260207293403,12.1917829493867,-1.7235853295244625,3.3682329607237513e-14,-1.2280615472116057e-19,-1518.2170506133
0.00033725,337.25,12.180619695634233,12.190136617759125,-1.7221471621170836,3.368409643315962e-14,-1.2280620641994885e-19,-1519.8633822408758
0.0003375,337.5,12.17897869886774,12.188489807800613,-1.7207114632340685,3.3685860313119846e-14,-1.2280610302237228e-19,-1521.5101921993885
0.00033775,337.75,12.177337216793866,12.186842519294602,-1.7192782257466548,3.3687621254636606e-14,-1.228061805705547e-19,-1523.157480705399
0.000338,338.0,12.175695249212987,12.185194752025009,-1.7178474425841441,3.3689379265167065e-14,-1.2280621934464592e-19,-1524.805247974992
0.00033825,338.25,12.174052795925931,12.183546505776247,-1.7164191066952728,3.3691134352154706e-14,-1.2280620641994885e-19,-1526.4534942237528
0.0003385,338.5,12.172409856733955,12.181897780333301,-1.7149932110182327,3.3692886523039434e-14,-1.2280615472116057e-19,-1528.102219666699
0.00033875,338.75,12.170766431438757,12.180248575481631,-1.7135697485301513,3.3694635785231645e-14,-1.2280616764585764e-19,-1529.7514245183706
0.000339,339.0,12.169122519842471,12.178598891007134,-1.712148712266897,3.369638214608125e-14,-1.2280629689282835e-19,-1531.4011089928672
0.00033925,339.25,12.167478121747672,12.176948726696214,-1.7107300952841602,3.369812561292485e-14,-1.2280616764585764e-19,-1533.0512733037879
0.0003395,339.5,12.165833236957363,12.175298082335816,-1.709313890627534,3.3699866193095804e-14,-1.2280616764585764e-19,-1534.7019176641838
0.00033975,339.75,12.16418786527499,12.173646957713377,-1.7079000913803275,3.37016038938985e-14,-1.2280629689282835e-19,-1536.353042286625
0.00034,340.0,12.162542006504426,12.171995352616753,-1.706488690684179,3.370333872257752e-14,-1.228062710434342e-19,-1538.0046473832485
0.00034025,340.25,12.160895660449977,12.170343266834307,-1.7050796817000868,3.3705070686364574e-14,-1.2280620641994885e-19,-1539.6567331656943
0.0003405,340.5,12.15924882691638,12.168690700154942,-1.70367305757809,3.3706799792488426e-14,-1.2280610302237228e-19,-1541.3092998450584
0.00034075,340.75,12.157601505708806,12.167037652368032,-1.7022688115057885,3.3708526048149365e-14,-1.228063227422225e-19,-1542.962347631969
0.000341,341.0,12.155953696632855,12.165384123263395,-1.7008669367285654,3.371024946048858e-14,-1.2280634859161663e-19,-1544.6158767366053
0.00034125,341.25,12.154305399494556,12.163730112631322,-1.699467426510602,3.371197003663479e-14,-1.2280621934464592e-19,-1546.2698873686793
0.0003415,341.5,12.152656614100358,12.16207562026265,-1.698070274105014,3.371368778371407e-14,-1.2280615472116057e-19,-1547.9243797373504
0.00034175,341.75,12.151007340257149,12.160420645948689,-1.6966754728023528,3.371540270882449e-14,-1.2280624519404006e-19,-1549.5793540513123
0.000342,342.0,12.149357577772236,12.15876518948115,-1.695283015950691,3.371711481900577e-14,-1.2280633566691956e-19,-1551.2348105188503
0.00034225,342.25,12.14770732645335,12.15710925065226,-1.6938928969144045,3.371882412128548e-14,-1.2280625811873714e-19,-1552.8907493477402
0.0003425,342.5,12.14605658610865,12.155452829254834,-1.6925051090436478,3.3720530622688864e-14,-1.228061417964635e-19,-1554.547170745166
0.00034275,342.75,12.144405356546711,12.153795925082056,-1.691119645731589,3.372223433021365e-14,-1.2280633566691956e-19,-1556.2040749179446
0.000343,343.0,12.142753637576547,12.152138537927566,-1.689736500425546,3.372393525079987e-14,-1.22806232269343e-19,-1557.861462072435
0.00034325,343.25,12.141101429007573,12.150480667585482,-1.688355666590207,3.372563339137579e-14,-1.2280612887176642e-19,-1559.5193324145187
0.0003435,343.5,12.139448730649637,12.148822313850463,-1.686977137678983,3.372732875886765e-14,-1.2280612887176642e-19,-1561.1776861495387
0.00034375,343.75,12.137795542312999,12.147163476517614,-1.685600907180428,3.372902136017465e-14,-1.22806232269343e-19,-1562.836523482387
0.000344,344.0,12.136141863808344,12.145504155382499,-1.6842269686381455,3.373071120213896e-14,-1.2280630981752542e-19,-1564.495844617502
0.00034425,344.25,12.134487694946776,12.143844350241112,-1.6828553156155224,3.37323982915913e-14,-1.22806232269343e-19,-1566.155649758888
0.0003445,344.5,12.132833035539809,12.142184060889937,-1.6814859416670733,3.37340826353607e-14,-1.2280612887176642e-19,-1567.8159391100635
0.00034475,344.75,12.131177885399374,12.140523287125976,-1.6801188403767018,3.373576424024961e-14,-1.2280625811873714e-19,-1569.4767128740248
0.000345,345.0,12.129522244337823,12.138862028746637,-1.6787540053855812,3.373744311300406e-14,-1.2280628396813128e-19,-1571.1379712533635
0.00034525,345.25,12.12786611216792,12.137200285549794,-1.677391430350762,3.373911926035905e-14,-1.2280619349525178e-19,-1572.7997144502074
0.0003455,345.5,12.126209488702836,12.135538057333898,-1.6760311089144448,3.3740792689048127e-14,-1.22806232269343e-19,-1574.4619426661027
0.00034575,345.75,12.124552373756163,12.133875343897774,-1.6746730347602146,3.374246340577866e-14,-1.2280621934464592e-19,-1576.1246561022265
0.000346,346.0,12.122894767141899,12.13221214504067,-1.6733172016237965,3.374413141720231e-14,-1.2280634859161663e-19,-1577.7878549593306
0.00034625,346.25,12.121236668674458,12.130548460562306,-1.6719636032571334,3.374579672996e-14,-1.2280628396813128e-19,-1579.4515394376945
0.0003465,346.5,12.11957807816866,12.128884290262928,-1.6706122334003664,3.37474593506915e-14,-1.2280616764585764e-19,-1581.1157097370738
0.00034675,346.75,12.11791899543973,12.127219633943222,-1.6692630858282143,3.374911928601087e-14,-1.2280625811873714e-19,-1582.7803660567788
0.000347,347.0,12.116259420303312,12.125554491404285,-1.6679161543676286,3.375077654247704e-14,-1.228063227422225e-19,-1584.4455085957147
0.00034725,347.25,12.114599352575448,12.123888862447675,-1.6665714328625438,3.375243112663857e-14,-1.22806232269343e-19,-1586.1111375523265
0.0003475,347.5,12.112938792072589,12.122222746875462,-1.6652289151457873,3.375408304504312e-14,-1.2280625811873714e-19,-1587.7772531245398
0.00034775,347.75,12.111277738611594,12.120556144490157,-1.663888595083451,3.375573230421307e-14,-1.2280625811873714e-19,-1589.4438555098443
0.000348,348.0,12.109616192009725,12.118889055094678,-1.6625504665937072,3.375737891061627e-14,-1.2280633566691956e-19,-1591.1109449053222
0.00034825,348.25,12.107954152084645,12.117221478492397,-1.661214523611326,3.375902287071057e-14,-1.2280637444101078e-19,-1592.7785215076037
0.0003485,348.5,12.106291618654424,12.115553414487199,-1.6598807600589727,3.376066419095313e-14,-1.2280625811873714e-19,-1594.4465855128024
0.00034875,348.75,12.10462859153754,12.113884862883399,-1.6585491698926549,3.376230287777628e-14,-1.2280624519404006e-19,-1596.1151371166018
0.000349,349.0,12.102965070552852,12.112215823485721,-1.6572197471198846,3.3763938937558425e-14,-1.2280633566691956e-19,-1597.7841765142798
0.00034925,349.25,12.101301055519645,12.110546296099333,-1.655892485764266,3.376557237666828e-14,-1.2280628396813128e-19,-1599.453703900668
0.0003495,349.5,12.099636546257585,12.108876280529916,-1.654567379837435,3.376720320147412e-14,-1.2280620641994885e-19,-1601.1237194700855
0.00034975,349.75,12.097971542586745,12.107205776583575,-1.6532444233842407,3.3768831418319805e-14,-1.22806232269343e-19,-1602.7942234164268
0.00035,350.0,12.096306044327594,12.105534784066796,-1.651923610500924,3.377045703349589e-14,-1.2280643906449613e-19,-1604.4652159332052
0.00035025,350.25,12.094640051301,12.103863302786538,-1.650604935297457,3.3772080053283504e-14,-1.2280625811873714e-19,-1606.1366972134626
0.0003505,350.5,12.092973563328231,12.102191332550321,-1.6492883918686705,3.3773700483963635e-14,-1.2280620641994885e-19,-1607.8086674496808
0.00035075,350.75,12.091306580230935,12.100518873165992,-1.6479739743484063,3.377531833179319e-14,-1.2280640029040492e-19,-1609.4811268340088
0.000351,351.0,12.089639101831176,12.098845924441829,-1.6466616769180167,3.3776933602976415e-14,-1.228063615163137e-19,-1611.154075558173
0.00035125,351.25,12.087971127951395,12.097172486186542,-1.645351493773914,3.377854630370841e-14,-1.2280624519404006e-19,-1612.8275138134584
0.0003515,351.5,12.086302658414438,12.09549855820936,-1.6440434191010531,3.378015644018436e-14,-1.2280615472116057e-19,-1614.501441790641
0.00035175,351.75,12.084633693043532,12.093824140319922,-1.642737447114935,3.378176401857581e-14,-1.228063227422225e-19,-1616.175859680079
0.000352,352.0,12.082964231662308,12.092149232328278,-1.6414335720803288,3.378336904500218e-14,-1.22806413215102e-19,-1617.8507676717218
0.00035225,352.25,12.081294274094773,12.090473834044905,-1.640131788279289,3.378497152557403e-14,-1.2280628396813128e-19,-1619.526165955096
0.0003525,352.5,12.079623820165343,12.088797945280705,-1.6388320899837132,3.378657146640228e-14,-1.2280612887176642e-19,-1621.202054719297
0.00035275,352.75,12.077952869698807,12.087121565847081,-1.6375344714910496,3.3788168873574566e-14,-1.2280630981752542e-19,-1622.8784341529197
0.000353,353.0,12.076281422520346,12.085444695555804,-1.636238927151013,3.378976375312697e-14,-1.2280640029040492e-19,-1624.555304444197
0.00035325,353.25,12.074609478455535,12.08376733421908,-1.6349454513264607,3.379135611108703e-14,-1.2280633566691956e-19,-1626.2326657809194
0.0003535,353.5,12.072937037330327,12.082089481649671,-1.6336540383638993,3.379294595348283e-14,-1.2280629689282835e-19,-1627.9105183503289
0.00035375,353.75,12.071264098971069,12.08041113766066,-1.632364682646733,3.379453328631956e-14,-1.228062710434342e-19,-1629.5888623393419
0.000354,354.0,12.069590663204488,12.078732302065548,-1.6310773786055979,3.379611811555141e-14,-1.2280640029040492e-19,-1631.2676979344526
0.00035425,354.25,12.067916729857696,12.077052974678262,-1.6297921206865182,3.3797700447124275e-14,-1.2280634859161663e-19,-1632.9470253217394
0.0003545,354.5,12.066242298758192,12.07537315531315,-1.62850890332491,3.379928028698488e-14,-1.2280630981752542e-19,-1634.6268446868514
0.00035475,354.75,12.064567369733854,12.07369284378506,-1.6272277209808905,3.38008576410574e-14,-1.2280642613979906e-19,-1636.3071562149398
0.000355,355.0,12.06289194261295,12.072012039909195,-1.62594856816595,3.380243251521557e-14,-1.2280630981752542e-19,-1637.987960090805
0.00035525,355.25,12.061216017224115,12.07033074350118,-1.6246714394040043,3.380400491532512e-14,-1.2280628396813128e-19,-1639.6692564988193
0.0003555,355.5,12.059539593396371,12.068648954377192,-1.623396329202258,3.380557484725276e-14,-1.2280620641994885e-19,-1641.3510456228091
0.00035575,355.75,12.057862670959128,12.066966672353717,-1.6221232321048782,3.3807142316843036e-14,-1.2280640029040492e-19,-1643.033327646284
0.000356,356.0,12.05618524974217,12.06528389724765,-1.620852142701672,3.380870732989061e-14,-1.228063227422225e-19,-1644.7161027523507
0.00035625,356.25,12.05450732957565,12.063600628876301,-1.6195830555954924,3.381026989218238e-14,-1.2280621934464592e-19,-1646.3993711237003
0.0003565,356.5,12.052828910290112,12.061916867057471,-1.618315965376385,3.3811830009506464e-14,-1.2280624519404006e-19,-1648.0831329425298
0.00035675,356.75,12.05114999171647,12.060232611609365,-1.6170508666631143,3.3813387687629174e-14,-1.2280633566691956e-19,-1649.7673883906361
0.000357,357.0,12.049470573686015,12.058547862350581,-1.615787754121373,3.3814942932267446e-14,-1.2280633566691956e-19,-1651.45213764942
0.00035725,357.25,12.047790656030415,12.0568626191001,-1.6145266224323183,3.381649574913071e-14,-1.2280624519404006e-19,-1653.1373808999006
0.0003575,357.5,12.046110238581708,12.055176881677337,-1.6132674662658313,3.3818046143929824e-14,-1.2280612887176642e-19,-1654.8231183226637
0.00035775,357.75,12.044429321172315,12.053490649902194,-1.6120102803145167,3.381959412235422e-14,-1.2280634859161663e-19,-1656.5093500978073
0.000358,358.0,12.042747903635018,12.051803923594935,-1.610755059319621,3.3821139690044406e-14,-1.2280640029040492e-19,-1658.196076405065
0.00035825,358.25,12.04106598580298,12.050116702576208,-1.609501798037942,3.382268285263371e-14,-1.228063227422225e-19,-1659.8832974237926
0.0003585,358.5,12.039383567509738,12.048428986667085,-1.6082504912149322,3.382422361575705e-14,-1.2280611594706935e-19,-1661.5710133329153
0.00035875,358.75,12.037700648589183,12.0467407756891,-1.6070011336194803,3.3825761985028246e-14,-1.2280642613979906e-19,-1663.2592243109002
0.000359,359.0,12.036017228875604,12.045052069464143,-1.6057537200692693,3.3827297966012736e-14,-1.228064519891932e-19,-1664.9479305358575
0.00035925,359.25,12.034333308203633,12.043362867814512,-1.6045082453933572,3.382883156426903e-14,-1.2280621934464592e-19,-1666.6371321854883
0.0003595,359.5,12.032648886408284,12.041673170563033,-1.6032647044039967,3.383036278535738e-14,-1.2280610302237228e-19,-1668.3268294369677
0.00035975,359.75,12.030963963324934,12.039982977532839,-1.6020230919476302,3.3831891634817303e-14,-1.2280615472116057e-19,-1670.0170224671617
0.00036,360.0,12.029278538789331,12.03829228854746,-1.6007834029145787,3.383341811814041e-14,-1.2280619349525178e-19,-1671.7077114525412
0.00036025,360.25,12.027592612637589,12.036601103430822,-1.5995456322088595,3.3834942240811636e-14,-1.2280619349525178e-19,-1673.3988965691783
0.0003605,360.5,12.025906184706187,12.034909422007264,-1.5983097747229826,3.383646400831788e-14,-1.2280607717297814e-19,-1675.0905779927364
0.00036075,360.75,12.024219254831968,12.033217244101595,-1.597075825371372,3.38379834261256e-14,-1.2280615472116057e-19,-1676.7827558984072
0.000361,361.0,12.02253182285214,12.031524569538988,-1.5958437791144586,3.383950049965387e-14,-1.2280630981752542e-19,-1678.475430461013
0.00036125,361.25,12.020843888604274,12.02983139814499,-1.5946136309277479,3.384101523431529e-14,-1.2280620641994885e-19,-1680.1686018550106
0.0003615,361.5,12.01915545192631,12.028137729745545,-1.5933853757759862,3.384252763552462e-14,-1.2280612887176642e-19,-1681.862270254455
0.00036175,361.75,12.01746651265654,12.026443564167076,-1.5921590086455986,3.3844037708676504e-14,-1.2280630981752542e-19,-1683.5564358329254
0.000362,362.0,12.015777070633627,12.024748901236345,-1.5909345245683169,3.3845545459118697e-14,-1.2280629689282835e-19,-1685.2510987636554
0.00036225,362.25,12.014087125696587,12.023053740780501,-1.5897119185890465,3.38470508921927e-14,-1.2280620641994885e-19,-1686.9462592195002
0.0003625,362.5,12.012396677684801,12.021358082627147,-1.5884911857394655,3.3848554013242347e-14,-1.2280620641994885e-19,-1688.6419173728534
0.00036275,362.75,12.01070572643801,12.01966192660428,-1.5872723210782618,3.3850054827591665e-14,-1.2280624519404006e-19,-1690.3380733957204
0.000363,363.0,12.009014271796312,12.017965272540238,-1.5860553197076035,3.385155334051828e-14,-1.228062710434342e-19,-1692.0347274597639
0.00036325,363.25,12.007322313600163,12.016268120263758,-1.5848401767417963,3.385304955729379e-14,-1.2280625811873714e-19,-1693.7318797362425
0.0003635,363.5,12.005629851690376,12.014570469604042,-1.5836268872813073,3.3854543483192304e-14,-1.2280619349525178e-19,-1695.4295303959584
0.00036375,363.75,12.003936885908123,12.012872320390658,-1.5824154464530964,3.3856035123468414e-14,-1.2280629689282835e-19,-1697.1276796093432
0.000364,364.0,12.002243416094926,12.011173672453527,-1.5812058494285917,3.38575244833308e-14,-1.2280638736570785e-19,-1698.8263275464744
0.00036425,364.25,12.000549442092673,12.009474525622968,-1.5799980913905423,3.385901156798233e-14,-1.22806232269343e-19,-1700.5254743770329
0.0003645,364.5,11.998854963743597,12.007774879729745,-1.5787921675064893,3.3860496382628525e-14,-1.2280602547418986e-19,-1702.2251202702562
0.00036475,364.75,11.997159980890288,12.006074734604999,-1.5775880729712988,3.386197893245574e-14,-1.2280619349525178e-19,-1703.9252653950016
0.000365,365.0,11.99546449337569,12.004374090080224,-1.5763858030231392,3.386345922260484e-14,-1.2280619349525178e-19,-1705.6259099197762
0.00036525,365.25,11.993768501043103,12.002672945987296,-1.5751853529113071,3.38649372582111e-14,-1.228061805705547e-19,-1707.3270540127044
0.0003655,365.5,11.992072003736174,12.000971302158545,-1.5739867178710012,3.3866413044412655e-14,-1.2280607717297814e-19,-1709.0286978414563
0.00036575,365.75,11.990375001298903,11.999269158426662,-1.5727898931638833,3.3867886586328694e-14,-1.2280610302237228e-19,-1710.7308415733396
0.000366,366.0,11.988677493575636,11.997566514624694,-1.5715948740934105,3.386935788903342e-14,-1.228060900976752e-19,-1712.4334853753078
0.00036625,366.25,11.986979480411076,11.99586337058607,-1.5704016559744431,3.387082695759565e-14,-1.2280615472116057e-19,-1714.1366294139298
0.0003665,366.5,11.985280961650279,11.994159726144664,-1.569210234108249,3.3872293797087206e-14,-1.2280603839888693e-19,-1715.840273855336
0.00036675,366.75,11.983581937138636,11.99245558113472,-1.5680206038216373,3.3873758412561275e-14,-1.228061417964635e-19,-1717.5444188652807
0.000367,367.0,11.981882406721898,11.990750935390816,-1.5668327604831682,3.387522080902649e-14,-1.22806232269343e-19,-1719.2490646091858
0.00036725,367.25,11.980182370246155,11.989045788747921,-1.5656466994725249,3.387668099148632e-14,-1.2280615472116057e-19,-1720.954211252079
0.0003675,367.5,11.978481827557852,11.987340141041445,-1.5644624161550718,3.387813896494736e-14,-1.228060900976752e-19,-1722.6598589585553
0.00036775,367.75,11.976780778503773,11.985633992107157,-1.5632799059217415,3.3879594734397886e-14,-1.2280610302237228e-19,-1724.366007892843
0.000368,368.0,11.975079222931049,11.983927341781172,-1.5620991642050084,3.3881048304782056e-14,-1.2280619349525178e-19,-1726.0726582188292
0.00036825,368.25,11.97337716068716,11.982220189899977,-1.5609201864480657,3.388249968103904e-14,-1.228060900976752e-19,-1727.7798101000235
0.0003685,368.5,11.971674591619927,11.980512536300504,-1.559742968079796,3.388394886811132e-14,-1.22806051323584e-19,-1729.4874636994969
0.00036875,368.75,11.96997151557751,11.978804380820035,-1.5585675045546696,3.388539587092331e-14,-1.22806232269343e-19,-1731.1956191799657
0.000369,369.0,11.968267932408422,11.977095723296182,-1.557393791368977,3.3886840694355756e-14,-1.2280630981752542e-19,-1732.9042767038181
0.00036925,369.25,11.966563841961511,11.975386563566953,-1.5562218240274872,3.388828334328461e-14,-1.228061805705547e-19,-1734.6134364330476
0.0003695,369.5,11.964859244085964,11.973676901470842,-1.5550515980175852,3.388972382258928e-14,-1.228061805705547e-19,-1736.323098529158
0.00036975,369.75,11.963154138631317,11.97196673684662,-1.553883108857955,3.389116213713136e-14,-1.2280625811873714e-19,-1738.0332631533818
0.00037,370.0,11.961448525447445,11.970256069533404,-1.5527163521056584,3.389259829172922e-14,-1.2280628396813128e-19,-1739.7439304665977
0.00037025,370.25,11.959742404384555,11.968544899370697,-1.551551323327494,3.389403229119663e-14,-1.2280625811873714e-19,-1741.4551006293034
0.0003705,370.5,11.958035775293197,11.966833226198435,-1.5503880180765102,3.389546414035094e-14,-1.228061417964635e-19,-1743.166773801566
0.00037075,370.75,11.956328638024267,11.965121049856903,-1.5492264319304627,3.3896893843991987e-14,-1.2280621934464592e-19,-1744.8789501430988
0.000371,371.0,11.954620992428989,11.963408370186702,-1.5480665605073543,3.3898321406876783e-14,-1.228061805705547e-19,-1746.5916298132993
0.00037125,371.25,11.952912838358925,11.961695187028829,-1.5469083994335844,3.389974683375794e-14,-1.228061805705547e-19,-1748.3048129711715
0.0003715,371.5,11.95120417566598,11.95998150022476,-1.5457519443184726,3.390117012939177e-14,-1.2280621934464592e-19,-1750.0184997752406
0.00037175,371.75,11.949495004202388,11.95826730961624,-1.5445971908016716,3.390259129851734e-14,-1.2280615472116057e-19,-1751.7326903837613
0.000372,372.0,11.947785323820725,11.95655261504536,-1.543444134560245,3.3904010345831304e-14,-1.2280612887176642e-19,-1753.4473849546407
0.00037225,372.25,11.946075134373892,11.954837416354582,-1.5422927712806809,3.3905427276026085e-14,-1.2280610302237228e-19,-1755.1625836454189
0.0003725,372.5,11.944364435715135,11.953121713386798,-1.541143096635583,3.390684209379797e-14,-1.2280615472116057e-19,-1756.878286613203
0.00037275,372.75,11.942653227698028,11.951405505985246,-1.5399951063217983,3.390825480382624e-14,-1.2280611594706935e-19,-1758.5944940147554
0.000373,373.0,11.94094151017648,11.949688793993475,-1.538848796075164,3.39096654107482e-14,-1.2280612887176642e-19,-1760.3112060065248
0.00037325,373.25,11.939229283004728,11.947971577255421,-1.5377041616396239,3.391107391919706e-14,-1.2280610302237228e-19,-1762.0284227445802
0.0003735,373.5,11.93751654603734,11.94625385561549,-1.5365611987423444,3.3912480333810044e-14,-1.2280620641994885e-19,-1763.7461443845118
0.00037375,373.75,11.935803299129228,11.944535628918361,-1.5354199031399236,3.391388465920764e-14,-1.2280625811873714e-19,-1765.4643710816395
0.000374,374.0,11.93408954213562,11.94281689700904,-1.534280270625513,3.391528689996868e-14,-1.22806413215102e-19,-1767.1831029909604
0.00037425,374.25,11.932375274912078,11.941097659732913,-1.533142297001359,3.3916687060668186e-14,-1.2280629689282835e-19,-1768.9023402670887
0.0003745,374.5,11.930660497314495,11.93937791693578,-1.532005978055516,3.391808514588525e-14,-1.2280619349525178e-19,-1770.6220830642214
0.00037475,374.75,11.92894520919909,11.937657668463784,-1.5308713095990925,3.3919481160182505e-14,-1.2280640029040492e-19,-1772.342331536217
0.000375,375.0,11.927229410422418,11.935936914163397,-1.5297382874814964,3.3920875108081336e-14,-1.2280629689282835e-19,-1774.0630858366037
0.00037525,375.25,11.925513100841354,11.934215653881438,-1.5286069075615303,3.392226699409943e-14,-1.2280616764585764e-19,-1775.7843461185623
0.0003755,375.5,11.923796280313097,11.932493887465153,-1.5274771656831498,3.3923656822758726e-14,-1.2280607717297814e-19,-1777.5061125348484
0.00037575,375.75,11.922078948695177,11.930771614762119,-1.5263490577129233,3.3925044598564913e-14,-1.228061417964635e-19,-1779.2283852378823
0.000376,376.0,11.920361105845453,11.929048835620257,-1.525222579555212,3.392643032598284e-14,-1.2280619349525178e-19,-1780.9511643797434
0.00037625,376.25,11.918642751622103,11.927325549887817,-1.5240977271252723,3.3927814009473806e-14,-1.2280615472116057e-19,-1782.6744501121846
0.0003765,376.5,11.916923885883637,11.925601757413405,-1.5229744963260692,3.3929195653503494e-14,-1.228061417964635e-19,-1784.398242586596
0.00037675,376.75,11.91520450848888,11.923877458046048,-1.521852883077931,3.393057526252158e-14,-1.2280612887176642e-19,-1786.122541953953
0.000377,377.0,11.913484619296987,11.92215265163506,-1.5207328833413514,3.3931952840937264e-14,-1.2280621934464592e-19,-1787.8473483649411
0.00037725,377.25,11.911764218167434,11.920427338030116,-1.5196144930843505,3.3933328393156405e-14,-1.2280612887176642e-19,-1789.5726619698846
0.0003775,377.5,11.910043304960015,11.91870151708136,-1.5184977082571605,3.393470192358931e-14,-1.2280610302237228e-19,-1791.2984829186405
0.00037775,377.75,11.908321879534855,11.916975188639178,-1.5173825248384178,3.393607343663052e-14,-1.228061417964635e-19,-1793.0248113608225
0.000378,378.0,11.906599941752388,11.915248352554293,-1.5162689388428434,3.393744293663449e-14,-1.22806232269343e-19,-1794.7516474457077
0.00037825,378.25,11.90487749147338,11.91352100867778,-1.5151569462930075,3.3938810427952464e-14,-1.2280616764585764e-19,-1796.4789913222216
0.0003785,378.5,11.903154528558915,11.911793156861124,-1.5140465431963355,3.394017591494029e-14,-1.22806232269343e-19,-1798.2068431388766
0.00037875,378.75,11.901431052870388,11.910064796956151,-1.512937725582777,3.3941539401938274e-14,-1.2280630981752542e-19,-1799.9352030438504
0.000379,379.0,11.899707064269522,11.908335928814985,-1.5118304895189258,3.3942900893246975e-14,-1.22806232269343e-19,-1801.6640711850164
0.00037925,379.25,11.897982562618356,11.906606552290103,-1.5107248310799413,3.394426039316394e-14,-1.2280624519404006e-19,-1803.3934477098974
0.0003795,379.5,11.896257547779243,11.904876667234383,-1.5096207463264308,3.394561790599139e-14,-1.2280620641994885e-19,-1805.123332765618
0.00037975,379.75,11.894532019614859,11.90314627350104,-1.508518231340952,3.394697343601625e-14,-1.2280621934464592e-19,-1806.8537264989604
0.00038,380.0,11.892805977988193,11.901415370943589,-1.5074172822419096,3.3948326987486055e-14,-1.2280630981752542e-19,-1808.5846290564123
0.00038025,380.25,11.891079422762548,11.89968395941589,-1.5063178951563225,3.394967856464548e-14,-1.2280624519404006e-19,-1810.3160405841106
0.0003805,380.5,11.889352353801547,11.897952038772212,-1.505220066196724,3.395102817174399e-14,-1.2280619349525178e-19,-1812.0479612277888
0.00038075,380.75,11.887624770969126,11.896219608867144,-1.5041237914966084,3.3952375813015963e-14,-1.2280616764585764e-19,-1813.7803911328572
0.000381,381.0,11.885896674129539,11.894486669555603,-1.503029067224961,3.395372149265675e-14,-1.228062710434342e-19,-1815.513330444399
0.00038125,381.25,11.884168063147346,11.89275322069282,-1.5019358895609374,3.395506521485899e-14,-1.2280628396813128e-19,-1817.2467793071821
0.0003815,381.5,11.88243893788743,11.891019262134373,-1.5008442546712975,3.395640698382021e-14,-1.2280610302237228e-19,-1818.9807378656276
0.00038175,381.75,11.88070929821498,11.88928479373625,-1.4997541587385446,3.395774680372309e-14,-1.2280615472116057e-19,-1820.7152062637513
0.000382,382.0,11.878979143995496,11.887549815354722,-1.4986655979823857,3.395908467871163e-14,-1.2280615472116057e-19,-1822.450184645278
0.00038225,382.25,11.877248475094797,11.885814326846397,-1.4975785686312573,3.396042061292724e-14,-1.2280612887176642e-19,-1824.1856731536045
0.0003825,382.5,11.875517291379008,11.884078328068268,-1.4964930668987524,3.396175461051635e-14,-1.2280607717297814e-19,-1825.921671931733
0.00038275,382.75,11.873785592714565,11.882341818877652,-1.4954090890194958,3.3963086675610716e-14,-1.228063227422225e-19,-1827.6581811223489
0.000383,383.0,11.872053378968216,11.880604799132174,-1.4943266312635568,3.3964416812303795e-14,-1.2280638736570785e-19,-1829.395200867827
0.00038325,383.25,11.870320650007017,11.878867268689794,-1.4932456899088633,3.396574502468659e-14,-1.22806232269343e-19,-1831.1327313102076
0.0003835,383.5,11.868587405698333,11.877129227408851,-1.4921662612182345,3.396707131685521e-14,-1.2280619349525178e-19,-1832.8707725911504
0.00038375,383.75,11.866853645909842,11.87539067514802,-1.4910883414755598,3.396839569289131e-14,-1.22806232269343e-19,-1834.609324851981
0.000384,384.0,11.865119370509522,11.873651611766267,-1.4900119269994914,3.3969718156838586e-14,-1.2280620641994885e-19,-1836.3483882337339
0.00038425,384.25,11.863384579365665,11.871912037122895,-1.4889370141164555,3.3971038712738423e-14,-1.2280616764585764e-19,-1838.0879628771065
0.0003845,384.5,11.861649272346863,11.870171951077586,-1.487863599138236,3.397235736463739e-14,-1.228061805705547e-19,-1839.8280489224144
0.00038475,384.75,11.859913449322026,11.868431353490353,-1.4867916783975217,3.397367411656783e-14,-1.22806232269343e-19,-1841.5686465096474
0.000385,385.0,11.85817711016036,11.866690244221479,-1.4857212482619206,3.397498897252446e-14,-1.2280620641994885e-19,-1843.3097557785213
0.00038525,385.25,11.85644025473138,11.8649486231316,-1.4846523051048588,3.39763019364998e-14,-1.22806232269343e-19,-1845.051376868402
0.0003855,385.5,11.854702882904903,11.863206490081799,-1.4835848452822549,3.39776130124917e-14,-1.2280628396813128e-19,-1846.7935099182014
0.00038575,385.75,11.852964994551055,11.861463844933384,-1.4825188651763173,3.397892220448391e-14,-1.228063615163137e-19,-1848.536155066616
0.000386,386.0,11.851226589540264,11.85972068754798,-1.4814543612012796,3.398022951642294e-14,-1.2280633566691956e-19,-1850.2793124520201
0.00038625,386.25,11.849487667743261,11.857977017787539,-1.4803913297783493,3.3981534952253214e-14,-1.22806232269343e-19,-1852.022982212462
0.0003865,386.5,11.847748229031076,11.856232835514408,-1.479329767314436,3.3982838515924566e-14,-1.2280620641994885e-19,-1853.7671644855927
0.00038675,386.75,11.846008273275052,11.854488140591235,-1.4782696702366374,3.398414021137298e-14,-1.228063615163137e-19,-1855.5118594087655
0.000387,387.0,11.844267800346822,11.852742932880956,-1.4772110350061693,3.398544004249747e-14,-1.2280630981752542e-19,-1857.2570671190456
0.00038725,387.25,11.842526810118324,11.85099721224684,-1.476153858089862,3.398673801319513e-14,-1.2280629689282835e-19,-1859.0027877531609
0.0003875,387.5,11.840785302461802,11.84925097855261,-1.475098135936986,3.398803412736854e-14,-1.2280621934464592e-19,-1860.7490214473924
0.00038775,387.75,11.839043277249795,11.8475042316622,-1.4740438650224754,3.3989328388906606e-14,-1.2280634859161663e-19,-1862.495768337802
0.000388,388.0,11.837300734355141,11.845756971439855,-1.4729910418529233,3.3990620801661604e-14,-1.2280638736570785e-19,-1864.243028560146
0.00038825,388.25,11.835557673650982,11.844009197750154,-1.4719396629415051,3.399191136948402e-14,-1.2280628396813128e-19,-1865.9908022498475
0.0003885,388.5,11.833814095010753,11.842260910458053,-1.4708897247867296,3.399320009622988e-14,-1.2280629689282835e-19,-1867.7390895419476
0.00038875,388.75,11.832069998308196,11.840512109428822,-1.4698412239067455,3.399448698574179e-14,-1.2280638736570785e-19,-1869.4878905711785
0.000389,389.0,11.83032538341734,11.838762794528009,-1.4687941568522804,3.399577204182599e-14,-1.2280637444101078e-19,-1871.2372054719915
0.00038925,389.25,11.82858025021252,11.837012965621494,-1.4677485201813192,3.3997055268287057e-14,-1.2280640029040492e-19,-1872.9870343785076
0.0003895,389.5,11.826834598568364,11.835262622575526,-1.4667043104372632,3.399833666893524e-14,-1.2280628396813128e-19,-1874.737377424475
0.00038975,389.75,11.825088428359797,11.833511765256658,-1.4656615241819608,3.399961624756748e-14,-1.2280650368798149e-19,-1876.4882347433434
0.00039,390.0,11.82334173946204,11.831760393531763,-1.4646201580101699,3.400089400794472e-14,-1.2280642613979906e-19,-1878.239606468238
0.00039025,390.25,11.821594531750604,11.83000850726799,-1.4635802085252154,3.400216995382635e-14,-1.2280633566691956e-19,-1879.9914927320108
0.0003905,390.5,11.819846805101308,11.828256106332814,-1.4625416723172735,3.400344408897748e-14,-1.22806232269343e-19,-1881.7438936671867
0.00039075,390.75,11.81809855939025,11.8265031905941,-1.461504545990323,3.400471641715016e-14,-1.228063227422225e-19,-1883.496809405901
0.000391,391.0,11.816349794493837,11.824749759919985,-1.4604688261831706,3.4005986942060705e-14,-1.228063615163137e-19,-1885.2502400800154
0.00039125,391.25,11.814600510288754,11.822995814178903,-1.4594345095416423,3.400725566742399e-14,-1.2280634859161663e-19,-1887.0041858210986
0.0003915,391.5,11.812850706651991,11.821241353239664,-1.4584015926959857,3.4008522596960727e-14,-1.228062710434342e-19,-1888.7586467603362
0.00039175,391.75,11.811100383460824,11.819486376971383,-1.4573700722952059,3.4009787734378705e-14,-1.22806413215102e-19,-1890.5136230286168
0.000392,392.0,11.809349540592825,11.81773088524347,-1.4563399450205274,3.401105108335029e-14,-1.2280642613979906e-19,-1892.2691147565308
0.00039225,392.25,11.807598177925854,11.815974877925623,-1.4553112075613235,3.4012312647546545e-14,-1.2280634859161663e-19,-1894.0251220743792
0.0003925,392.5,11.805846295338064,11.81421835488786,-1.4542838565941976,3.4013572430644424e-14,-1.2280620641994885e-19,-1895.7816451121403
0.00039275,392.75,11.8040938927079,11.81246131600058,-1.4532578888091985,3.4014830436308156e-14,-1.2280621934464592e-19,-1897.5386839994208
0.000393,393.0,11.80234096991409,11.810703761134448,-1.4522333009296262,3.4016086668166835e-14,-1.2280628396813128e-19,-1899.2962388655524
0.00039325,393.25,11.800587526835663,11.808945690160428,-1.4512100896859015,3.401734112984838e-14,-1.2280621934464592e-19,-1901.0543098395735
0.0003935,393.5,11.798833563351929,11.807187102949845,-1.4501882517937108,3.401859382498666e-14,-1.22806232269343e-19,-1902.8128970501557
0.00039375,393.75,11.797079079342486,11.805427999374336,-1.4491677839870838,3.4019844757202976e-14,-1.22806232269343e-19,-1904.5720006256647
0.000394,394.0,11.795324074687228,11.803668379305797,-1.4481486830315338,3.4021093930083815e-14,-1.2280625811873714e-19,-1906.3316206942027
0.00039425,394.25,11.793568549266329,11.801908242616447,-1.4471309456989694,3.402234134721459e-14,-1.2280620641994885e-19,-1908.0917573835543
0.0003945,394.5,11.791812502960251,11.80014758917886,-1.4461145687462966,3.4023587012186734e-14,-1.2280615472116057e-19,-1909.852410821141
0.00039475,394.75,11.790055935649747,11.798386418865913,-1.4450995489491254,3.402483092857929e-14,-1.2280624519404006e-19,-1911.6135811340885
0.000395,395.0,11.788298847215856,11.79662473155075,-1.4440858831132601,3.402607309993678e-14,-1.228062710434342e-19,-1913.37526844925
0.00039525,395.25,11.786541237539897,11.794862527106828,-1.4430735680510536,3.4027313529802744e-14,-1.2280625811873714e-19,-1915.1374728931726
0.0003955,395.5,11.78478310650348,11.793099805407964,-1.4420626005609218,3.402855222172683e-14,-1.228061805705547e-19,-1916.900194592037
0.00039575,395.75,11.783024453988505,11.791336566328267,-1.4410529774588416,3.402978917924645e-14,-1.2280624519404006e-19,-1918.663433671734
0.000396,396.0,11.78126527987714,11.789572809742117,-1.44004469559111,3.4031024405864796e-14,-1.2280640029040492e-19,-1920.4271902578844
0.00039625,396.25,11.779505584051854,11.787808535524201,-1.4390377518104756,3.4032257905084166e-14,-1.2280621934464592e-19,-1922.1914644757992
0.0003965,396.5,11.777745366395392,11.786043743549573,-1.4380321429548637,3.403348968041304e-14,-1.228061805705547e-19,-1923.9562564504279
0.00039675,396.75,11.775984626790777,11.784278433693567,-1.4370278658795301,3.403471973534785e-14,-1.2280637444101078e-19,-1925.7215663064333
0.000397,397.0,11.77422336512133,11.782512605831812,-1.436024917469836,3.4035948073351035e-14,-1.2280640029040492e-19,-1927.487394168189
0.00039725,397.25,11.772461581270639,11.780746259840218,-1.4350232946189325,3.4037174697884307e-14,-1.2280629689282835e-19,-1929.2537401597833
0.0003975,397.5,11.770699275122585,11.778979395594993,-1.4340229942074834,3.403839961241559e-14,-1.2280619349525178e-19,-1931.0206044050085
0.00039775,397.75,11.768936446561321,11.777212012972717,-1.4330240131280696,3.403962282040091e-14,-1.2280619349525178e-19,-1932.7879870272839
0.000398,398.0,11.767173095471287,11.775444111850232,-1.4320263483059394,3.404084432526264e-14,-1.2280633566691956e-19,-1934.5558881497682
0.00039825,398.25,11.765409221737203,11.773675692104662,-1.4310299966725457,3.4042064130422456e-14,-1.2280624519404006e-19,-1936.324307895339
0.0003985,398.5,11.763644825244068,11.771906753613493,-1.4300349551434652,3.404328223930835e-14,-1.2280621934464592e-19,-1938.0932463865074
0.00039875,398.75,11.761879905877157,11.770137296254491,-1.429041220651611,3.4044498655336564e-14,-1.2280630981752542e-19,-1939.862703745509
0.000399,399.0,11.760114463522035,11.768367319905717,-1.4280487901605023,3.404571338188994e-14,-1.2280621934464592e-19,-1941.6326800942825
0.00039925,399.25,11.758348498064532,11.766596824445497,-1.4270576606406853,3.4046926422350766e-14,-1.22806232269343e-19,-1943.4031755545043
0.0003995,399.5,11.756582009390767,11.764825809752459,-1.4260678290495394,3.4048137780107646e-14,-1.2280620641994885e-19,-1945.1741902475421
0.00039975,399.75,11.754814997387129,11.763054275705594,-1.425079292356592,3.404934745853768e-14,-1.2280634859161663e-19,-1946.9457242944068
0.0004,400.0,11.753047461940294,11.761282222184159,-1.4240920475631385,3.405055546098476e-14,-1.22806413215102e-19,-1948.7177778158427
0.00040025,400.25,11.751279402937207,11.759509649067684,-1.423106091676463,3.4051761790792355e-14,-1.2280619349525178e-19,-1950.4903509323167
0.0004005,400.5,11.749510820265092,11.757736556236049,-1.422121421688668,3.405296645131032e-14,-1.2280621934464592e-19,-1952.2634437639529
0.00040075,400.75,11.747741713811449,11.75596294356942,-1.4211380346089773,3.405416944587712e-14,-1.2280620641994885e-19,-1954.03705643058
0.000401,401.0,11.745972083464052,11.75418881094823,-1.4201559274764262,3.40553707777983e-14,-1.2280621934464592e-19,-1955.8111890517696
0.00040125,401.25,11.744201929110956,11.752414158253199,-1.4191750973354025,3.4056570450379094e-14,-1.2280615472116057e-19,-1957.5858417468014
0.0004015,401.5,11.742431250640486,11.750638985365397,-1.4181955412151381,3.405776846693115e-14,-1.2280616764585764e-19,-1959.3610146346034
0.00040175,401.75,11.740660047941242,11.74886329216618,-1.4172172561619008,3.4058964830754884e-14,-1.2280620641994885e-19,-1961.136707833822
0.000402,402.0,11.738888320902097,11.747087078537154,-1.4162402392512576,3.4060159545118093e-14,-1.2280633566691956e-19,-1962.912921462846
0.00040225,402.25,11.737116069412206,11.745310344360234,-1.4152644875641043,3.406135261328829e-14,-1.2280624519404006e-19,-1964.689655639766
0.0004025,402.5,11.735343293360984,11.743533089517667,-1.414289998166397,3.4062544038539514e-14,-1.2280624519404006e-19,-1966.4669104823329
0.00040275,402.75,11.733569992638133,11.741755313891987,-1.413316768140642,3.40637338241347e-14,-1.22806232269343e-19,-1968.2446861080134
0.000403,403.0,11.731796167133611,11.739977017365979,-1.4123447945987269,3.406492197330441e-14,-1.2280633566691956e-19,-1970.022982634023
0.00040325,403.25,11.730021816737663,11.738198199822723,-1.4113740746576637,3.4066108489279037e-14,-1.228062710434342e-19,-1971.8018001772782
0.0004035,403.5,11.728246941340796,11.736418861145648,-1.410404605419165,3.406729337529554e-14,-1.2280628396813128e-19,-1973.5811388543539
0.00040375,403.75,11.726471540833796,11.734639001218449,-1.4094363840018849,3.4068476634579917e-14,-1.2280634859161663e-19,-1975.3609987815514
0.000404,404.0,11.724695615107711,11.732858619925066,-1.4084694075544493,3.406965827032606e-14,-1.228063615163137e-19,-1977.1413800749342
0.00040425,404.25,11.722919164053867,11.731077717149748,-1.407503673228566,3.407083828572778e-14,-1.228063227422225e-19,-1978.9222828502516
0.0004045,404.5,11.721142187563851,11.72929629277715,-1.406539178157902,3.40720166839855e-14,-1.2280629689282835e-19,-1980.7037072228504
0.00040475,404.75,11.71936468552953,11.727514346692104,-1.4055759194984085,3.4073193468288817e-14,-1.2280643906449613e-19,-1982.4856533078969
0.000405,405.0,11.717586657843038,11.725731878779724,-1.4046138944328255,3.4074368641795507e-14,-1.22806413215102e-19,-1984.2681212202774
0.00040525,405.25,11.715808104396766,11.72394888892541,-1.4036531001482833,3.407554220766329e-14,-1.2280638736570785e-19,-1986.051111074592
0.0004055,405.5,11.714029025083393,11.72216537701491,-1.4026935338174402,3.407671416905661e-14,-1.2280625811873714e-19,-1987.8346229850904
0.00040575,405.75,11.712249419795846,11.720381342934242,-1.4017351926289074,3.407788452912921e-14,-1.2280651661267856e-19,-1989.6186570657576
0.000406,406.0,11.710469288427335,11.718596786569686,-1.4007780737991662,3.407905329100324e-14,-1.228065424620727e-19,-1991.4032134303145
0.00040625,406.25,11.708688630871327,11.716811707807794,-1.399822174549817,3.4080220457800914e-14,-1.2280640029040492e-19,-1993.1882921922063
0.0004065,406.5,11.70690744702156,11.715026106535465,-1.3988674920877178,3.4081386032651194e-14,-1.2280621934464592e-19,-1994.9738934645354
0.00040675,406.75,11.705125736772038,11.71323998263986,-1.3979140236354857,3.408255001867247e-14,-1.2280656831146684e-19,-1996.76001736014
0.000407,407.0,11.703343500017029,11.71145333600841,-1.396961766443953,3.408371241895181e-14,-1.2280668463374048e-19,-1998.546663991591
0.00040725,407.25,11.701560736651073,11.709666166528807,-1.3960107177687229,3.4084873236576424e-14,-1.228065424620727e-19,-2000.3338334711946
0.0004075,407.5,11.699777446568966,11.707878474089096,-1.3950608748501532,3.4086032474640294e-14,-1.2280638736570785e-19,-2002.1215259109051
0.00040775,407.75,11.697993629665772,11.706090258577579,-1.3941122349443278,3.4087190136227005e-14,-1.2280650368798149e-19,-2003.9097414224223
0.000408,408.0,11.696209285836826,11.704301519882819,-1.393164795336019,3.4088346224389034e-14,-1.2280650368798149e-19,-2005.6984801171816
0.00040825,408.25,11.694424414977714,11.702512257893652,-1.3922185533143419,3.408950074217907e-14,-1.2280643906449613e-19,-2007.4877421063497
0.0004085,408.5,11.692639016984298,11.700722472499248,-1.391273506152709,3.409065369265667e-14,-1.228063615163137e-19,-2009.2775275007539
0.00040875,408.75,11.690853091752695,11.698932163589049,-1.3903296511412966,3.409180507887107e-14,-1.2280646491389027e-19,-2011.0678364109524
0.000409,409.0,11.689066639179286,11.697141331052721,-1.3893869855979772,3.409295490384068e-14,-1.2280656831146684e-19,-2012.8586689472795
0.00040925,409.25,11.68727965916072,11.695349974780239,-1.3884455068434927,3.409410317058419e-14,-1.228064519891932e-19,-2014.6500252197616
0.0004095,409.5,11.685492151593904,11.693558094661961,-1.3875052121818399,3.409524988212718e-14,-1.2280646491389027e-19,-2016.4419053380386
0.00040975,409.75,11.683704116376003,11.691765690588428,-1.3865660989377846,3.409639504148507e-14,-1.2280640029040492e-19,-2018.2343094115727
0.00041,410.0,11.681915553404448,11.689972762450441,-1.3856281644607957,3.409753865164266e-14,-1.228064519891932e-19,-2020.0272375495597
0.00041025,410.25,11.68012646257693,11.688179310139086,-1.3846914061046949,3.409868071558514e-14,-1.2280642613979906e-19,-2021.8206898609149
0.0004105,410.5,11.678336843791401,11.686385333545788,-1.3837558212093748,3.40998212363046e-14,-1.2280646491389027e-19,-2023.6146664542139
0.00041075,410.75,11.676546696946073,11.684590832562227,-1.382821407129887,3.410096021678314e-14,-1.2280649076328442e-19,-2025.4091674377737
0.000411,411.0,11.67475602193941,11.68279580708031,-1.3818881612484246,3.410209765997244e-14,-1.2280659416086099e-19,-2027.2041929196896
0.00041125,411.25,11.672964818670154,11.681000256992249,-1.380956080950146,3.4103233568824665e-14,-1.2280652953737563e-19,-2028.9997430077528
0.0004115,411.5,11.671173087037282,11.67920418219064,-1.380025163602855,3.4104367946298903e-14,-1.2280649076328442e-19,-2030.7958178093609
0.00041175,411.75,11.669380826940053,11.677407582568256,-1.3790954065943588,3.410550079534441e-14,-1.2280664585964927e-19,-2032.592417431746
0.000412,412.0,11.66758803827796,11.67561045801814,-1.3781668073375337,3.4106632118880196e-14,-1.228067621819229e-19,-2034.3895419818616
0.00041225,412.25,11.66579472095078,11.673812808433603,-1.3772393632505995,3.4107761919825875e-14,-1.228065424620727e-19,-2036.187191566398
0.0004125,412.5,11.664000874858525,11.672014633708223,-1.376313071739225,3.4108890201108025e-14,-1.2280637444101078e-19,-2037.9853662917785
0.00041275,412.75,11.66220649990148,11.670215933735923,-1.3753879302193872,3.411001696564348e-14,-1.2280637444101078e-19,-2039.7840662640785
0.000413,413.0,11.660411595980174,11.668416708410838,-1.3744639361353237,3.411114221631913e-14,-1.2280637444101078e-19,-2041.5832915891635
0.00041325,413.25,11.658616162995399,11.66661695762739,-1.3735410869344664,3.411226595602247e-14,-1.2280637444101078e-19,-2043.3830423726113
0.0004135,413.5,11.656820200848207,11.664816681280374,-1.372619380047189,3.4113388187648024e-14,-1.2280651661267856e-19,-2045.1833187196266
0.00041375,413.75,11.655023709439899,11.663015879264773,-1.371698812923357,3.41145089140807e-14,-1.2280643906449613e-19,-2046.984120735228
0.000414,414.0,11.653226688672028,11.661214551475824,-1.370779383037397,3.411562813817565e-14,-1.2280659416086099e-19,-2048.7854485241764
0.00041425,414.25,11.651429138446414,11.659412697809035,-1.369861087868966,3.411674586278872e-14,-1.2280649076328442e-19,-2050.5873021909656
0.0004145,414.5,11.64963105866512,11.657610318160172,-1.3689439248851145,3.4117862090782855e-14,-1.2280650368798149e-19,-2052.3896818398293
0.00041475,414.75,11.647832449230469,11.655807412425359,-1.3680278915624327,3.411897682501147e-14,-1.2280643906449613e-19,-2054.1925875746424
0.000415,415.0,11.64603331004504,11.654003980500926,-1.3671129854051185,3.412009006829847e-14,-1.2280640029040492e-19,-2055.996019499074
0.00041525,415.25,11.64423364101166,11.652200022283477,-1.366199203921983,3.4121201823468526e-14,-1.2280647783858735e-19,-2057.799977716524
0.0004155,415.5,11.64243344203341,11.650395537669926,-1.3652865446069729,3.41223120933534e-14,-1.228064519891932e-19,-2059.6044623300754
0.00041575,415.75,11.640632713013623,11.648590526557445,-1.3643750049682444,3.412342088077548e-14,-1.2280658123616391e-19,-2061.4094734425553
0.000416,416.0,11.63883145385589,11.646784988843471,-1.3634645825393465,3.412452818852786e-14,-1.228066329349522e-19,-2063.21501115653
0.00041625,416.25,11.637029664464047,11.644978924425672,-1.3625552748594703,3.4125634019404425e-14,-1.2280655538676977e-19,-2065.0210755743283
0.0004165,416.5,11.635227344742189,11.643172333201983,-1.3616470794554258,3.4126738376206253e-14,-1.2280643906449613e-19,-2066.827666798018
0.00041675,416.75,11.633424494594651,11.641365215070682,-1.3607399938633868,3.412784126172513e-14,-1.228064519891932e-19,-2068.634784929319
0.000417,417.0,11.631621113926032,11.639557569930268,-1.3598340156461548,3.412894267872376e-14,-1.2280652953737563e-19,-2070.4424300697333
0.00041725,417.25,11.629817202641176,11.637749397679487,-1.3589291423711656,3.4130042629965734e-14,-1.2280650368798149e-19,-2072.2506023205146
0.0004175,417.5,11.628012760645172,11.635940698217407,-1.3580253715915267,3.413114111822183e-14,-1.228065424620727e-19,-2074.059301782593
0.00041775,417.75,11.626207787843372,11.634131471443352,-1.357122700874578,3.4132238146253666e-14,-1.2280671048313463e-19,-2075.868528556649
0.000418,418.0,11.62440228414136,11.632321717256877,-1.3562211278123035,3.413333371679398e-14,-1.2280674925722584e-19,-2077.6782827431234
0.00041825,418.25,11.622596249444982,11.630511435557796,-1.3553206500008106,3.413442783257649e-14,-1.2280659416086099e-19,-2079.488564442205
0.0004185,418.5,11.620789683660334,11.62870062624624,-1.3544212650221714,3.41355204963421e-14,-1.2280652953737563e-19,-2081.2993737537613
0.00041875,418.75,11.61898258669375,11.626889289222595,-1.3535229704725897,3.413661171082269e-14,-1.228066329349522e-19,-2083.1107107774055
0.000419,419.0,11.61717495845182,11.625077424387456,-1.352625763973579,3.4137701478721456e-14,-1.228067621819229e-19,-2084.922575612545
0.00041925,419.25,11.615366798841382,11.6232650316417,-1.3517296431489207,3.4138789802742665e-14,-1.2280664585964927e-19,-2086.7349683583006
0.0004195,419.5,11.613558107769515,11.62145211088659,-1.3508346056054577,3.413987668559776e-14,-1.228065424620727e-19,-2088.5478891134107
0.00041975,419.75,11.611748885143555,11.619638662023533,-1.3499406489691825,3.414096212998929e-14,-1.2280671048313463e-19,-2090.3613379764674
0.00042,420.0,11.609939130871075,11.617824684954195,-1.3490477708893234,3.414204613859135e-14,-1.2280682680540827e-19,-2092.1753150458053
0.00042025,420.25,11.6081288448599,11.616010179580506,-1.34815596901829,3.41431287140791e-14,-1.2280668463374048e-19,-2093.9898204194947
0.0004205,420.5,11.606318027018101,11.614195145804711,-1.3472652409942163,3.414420985913499e-14,-1.2280664585964927e-19,-2095.8048541952908
0.00042075,420.75,11.604506677253992,11.612379583529295,-1.346375584469151,3.4145289576432636e-14,-1.228067621819229e-19,-2097.620416470706
0.000421,421.0,11.60269479547614,11.610563492656969,-1.3454869971203995,3.414636786861742e-14,-1.2280669755843755e-19,-2099.436507343032
0.00042125,421.25,11.600882381593344,11.60874687309071,-1.3445994766272165,3.414744473833587e-14,-1.2280667170904341e-19,-2101.253126909291
0.0004215,421.5,11.599069435514657,11.60692972473388,-1.343713020651722,3.414852018824178e-14,-1.2280659416086099e-19,-2103.070275266121
0.00042175,421.75,11.597255957149375,11.60511204748998,-1.342827626874898,3.414959422098025e-14,-1.2280680095601412e-19,-2104.8879525100215
0.000422,422.0,11.59544194640704,11.603293841262769,-1.3419432930010564,3.4150666839168356e-14,-1.2280677510661998e-19,-2106.7061587372314
0.00042225,422.25,11.593627403197432,11.601475105956268,-1.3410600167373175,3.4151738045424335e-14,-1.228066329349522e-19,-2108.5248940437323
0.0004225,422.5,11.591812327430583,11.59965584147481,-1.340177795776091,3.415280784237378e-14,-1.2280652953737563e-19,-2110.3441585251903
0.00042275,422.75,11.589996719016757,11.597836047722971,-1.339296627823567,3.415387623263367e-14,-1.228066329349522e-19,-2112.16395227703
0.000423,423.0,11.58818057786647,11.596015724605556,-1.3384165106098604,3.4154943218793145e-14,-1.2280652953737563e-19,-2113.984275394445
0.00042325,423.25,11.586363903890474,11.594194872027622,-1.3375374418686434,3.415600880344258e-14,-1.2280659416086099e-19,-2115.80512797238
0.0004235,423.5,11.584546696999773,11.59237348989453,-1.33665941931956,3.415707298917974e-14,-1.2280660708555806e-19,-2117.6265101054696
0.00042375,423.75,11.5827289571056,11.590551578111894,-1.3357824406958958,3.415813577859384e-14,-1.2280667170904341e-19,-2119.448421888107
0.000424,424.0,11.580910684119438,11.588729136585524,-1.3349065037548054,3.41591971742465e-14,-1.228066329349522e-19,-2121.270863414477
0.00042425,424.25,11.579091877953012,11.58690616522151,-1.3340316062554687,3.416025717870062e-14,-1.2280665878434634e-19,-2123.0938347784904
0.0004245,424.5,11.57727253851828,11.585082663926313,-1.3331577459408095,3.41613157945265e-14,-1.228065424620727e-19,-2124.9173360736886
0.00042475,424.75,11.575452665727445,11.583258632606531,-1.3322849205720821,3.4162373024286e-14,-1.2280671048313463e-19,-2126.74136739347
0.000425,425.0,11.573632259492957,11.581434071168996,-1.3314131279334434,3.416342887051358e-14,-1.228067234078317e-19,-2128.565928831005
0.00042525,425.25,11.571811319727493,11.579608979520822,-1.3305423658102187,3.416448333574504e-14,-1.2280673633252877e-19,-2130.391020479179
0.0004255,425.5,11.569989846343976,11.577783357569485,-1.3296726319708563,3.416553642252358e-14,-1.2280665878434634e-19,-2132.216642430516
0.00042575,425.75,11.568167839255574,11.575957205222613,-1.3288039242023095,3.416658813338412e-14,-1.2280656831146684e-19,-2134.042794777388
0.000426,426.0,11.566345298375682,11.57413052238805,-1.3279362403146284,3.4167638470834304e-14,-1.2280671048313463e-19,-2135.869477611951
0.00042625,426.25,11.564522223617942,11.57230330897393,-1.32706957811875,3.416868743738321e-14,-1.2280667170904341e-19,-2137.6966910260708
0.0004265,426.5,11.562698614896235,11.570475564888744,-1.3262039354085995,3.416973503554732e-14,-1.2280668463374048e-19,-2139.5244351112565
0.00042675,426.75,11.560874472124672,11.568647290041143,-1.3253393099963986,3.4170781267834956e-14,-1.2280662001025513e-19,-2141.3527099588573
0.000427,427.0,11.559049795217609,11.566818484339999,-1.3244756997162521,3.417182613672735e-14,-1.2280680095601412e-19,-2143.1815156600023
0.00042725,427.25,11.557224584089637,11.564989147694456,-1.323613102404885,3.417286964470717e-14,-1.2280673633252877e-19,-2145.010852305544
0.0004275,427.5,11.555398838655586,11.56315928001396,-1.3227515158849699,3.417391179426461e-14,-1.2280669755843755e-19,-2146.8407199860426
0.00042775,427.75,11.553572558830517,11.561328881208187,-1.321890937991752,3.4174952587881726e-14,-1.2280673633252877e-19,-2148.671118791815
0.000428,428.0,11.551745744529734,11.559497951187035,-1.3210313665838331,3.417599202801367e-14,-1.2280674925722584e-19,-2150.502048812965
0.00042825,428.25,11.549918395668774,11.557666489860656,-1.3201727995229444,3.4177030117117146e-14,-1.228067621819229e-19,-2152.333510139345
0.0004285,428.5,11.548090512163409,11.555834497139493,-1.3193152346562562,3.417806685765632e-14,-1.2280677510661998e-19,-2154.165502860508
0.00042875,428.75,11.54626209392965,11.554001972934236,-1.3184586698437757,3.417910225208739e-14,-1.2280693020298483e-19,-2155.9980270657643
0.000429,429.0,11.54443314088374,11.552168917155779,-1.3176031029686948,3.4180136302839795e-14,-1.2280698190177312e-19,-2157.8310828442213
0.00042925,429.25,11.542603652942155,11.550335329715278,-1.3167485319171757,3.418116901234458e-14,-1.2280693020298483e-19,-2159.664670284724
0.0004295,429.5,11.540773630021613,11.548501210524169,-1.3158949545610295,3.41822003830403e-14,-1.2280683973010534e-19,-2161.498789475833
0.00042975,429.75,11.538943072039059,11.546666559494142,-1.3150423687846913,3.4183230417357576e-14,-1.228068138807112e-19,-2163.3334405058595
0.00043,430.0,11.537111978911677,11.54483137653709,-1.3141907724955242,3.418425911770052e-14,-1.228068138807112e-19,-2165.1686234629105
0.00043025,430.25,11.53528035055688,11.54299566156516,-1.3133401636038384,3.418528648647487e-14,-1.2280678803131705e-19,-2167.0043384348423
0.0004305,430.5,11.533448186892317,11.541159414490789,-1.3124905400055629,3.418631252609389e-14,-1.228068138807112e-19,-2168.840585509212
0.00043075,430.75,11.531615487835866,11.539322635226654,-1.3116418996087873,3.418733723896301e-14,-1.2280693020298483e-19,-2170.6773647733476
0.000431,431.0,11.52978225330565,11.537485323685665,-1.310794240343874,3.4188360627461336e-14,-1.228069948264702e-19,-2172.5146763143357
0.00043125,431.25,11.527948483220008,11.53564747978095,-1.3099475601456905,3.418938269396963e-14,-1.2280693020298483e-19,-2174.3525202190517
0.0004315,431.5,11.526114177497528,11.533809103425867,-1.3091018569372077,3.4190403440876217e-14,-1.2280683973010534e-19,-2176.1908965741345
0.00043175,431.75,11.52427933605701,11.531970194534106,-1.3082571286492108,3.4191422870561683e-14,-1.2280702067586433e-19,-2178.0298054658956
0.000432,432.0,11.522443958817506,11.530130753019534,-1.3074133732365203,3.419244098538046e-14,-1.228069431276819e-19,-2179.8692469804664
0.00043225,432.25,11.520608045698287,11.528290778796267,-1.3065705886558854,3.419345778768869e-14,-1.228069043535907e-19,-2181.7092212037346
0.0004325,432.5,11.518771596618858,11.526450271778778,-1.3057287728478235,3.419447327985008e-14,-1.2280691727828776e-19,-2183.5497282212223
0.00043275,432.75,11.516934611498954,11.524609231881682,-1.304887923769638,3.419548746422069e-14,-1.2280698190177312e-19,-2185.3907681183186
0.000433,433.0,11.515097090258541,11.522767659019818,-1.3040480394001832,3.419650034313061e-14,-1.228069948264702e-19,-2187.232340980183
0.00043325,433.25,11.513259032817816,11.520925553108277,-1.3032091177203782,3.419751191891168e-14,-1.2280696897707605e-19,-2189.074446891723
0.0004335,433.5,11.511420439097206,11.51908291406245,-1.3023711566963232,3.419852219390335e-14,-1.228069431276819e-19,-2190.9170859375517
0.00043375,433.75,11.509581309017364,11.517239741797948,-1.301534154306754,3.419953117043748e-14,-1.2280686557949948e-19,-2192.7602582020536
0.000434,434.0,11.507741642499175,11.5153960362306,-1.3006981085523863,3.420053885082015e-14,-1.2280687850419655e-19,-2194.6039637694007
0.00043425,434.25,11.505901439463756,11.513551797276476,-1.2998630174366352,3.4201545237359223e-14,-1.2280691727828776e-19,-2196.4482027235254
0.0004345,434.5,11.504060699832445,11.51170702485193,-1.2990288789492146,3.4202550332370194e-14,-1.2280695605237898e-19,-2198.292975148072
0.00043475,434.75,11.502219423526817,11.509861718873552,-1.2981956910918475,3.420355413816107e-14,-1.2280698190177312e-19,-2200.138281126449
0.000435,435.0,11.50037761046867,11.508015879258133,-1.2973634518873165,3.4204556657014223e-14,-1.228069948264702e-19,-2201.984120741868
0.00043525,435.25,11.498535260580029,11.50616950592271,-1.2965321593614403,3.4205557891213883e-14,-1.2280693020298483e-19,-2203.830494077291
0.0004355,435.5,11.49669237378315,11.504322598784608,-1.2957018115266843,3.4206557843051883e-14,-1.228069043535907e-19,-2205.6774012153924
0.00043575,435.75,11.494848950000513,11.502475157761374,-1.294872406407068,3.4207556514812714e-14,-1.228069948264702e-19,-2207.5248422386267
0.000436,436.0,11.49300498915483,11.500627182770772,-1.2940439420478242,3.420855390875535e-14,-1.2280696897707605e-19,-2209.3728172292285
0.00043625,436.25,11.491160491169031,11.498778673730797,-1.2932164164971027,3.420955002714069e-14,-1.228069431276819e-19,-2211.221326269203
0.0004365,436.5,11.489315455966281,11.496929630559736,-1.292389827789285,3.421054487223726e-14,-1.228068526548024e-19,-2213.0703694402646
0.00043675,436.75,11.487469883469966,11.49508005317609,-1.2915641739702186,3.4211538446306294e-14,-1.228069431276819e-19,-2214.91994682391
0.000437,437.0,11.485623773603706,11.493229941498587,-1.2907394531075778,3.421253075158372e-14,-1.2280693020298483e-19,-2216.770058501413
0.00043725,437.25,11.48377712629133,11.49137929544618,-1.2899156632715694,3.421352179030739e-14,-1.2280693020298483e-19,-2218.620704553821
0.0004375,437.5,11.48192994145691,11.489528114938105,-1.2890928025180097,3.421451156472284e-14,-1.2280693020298483e-19,-2220.471885061895
0.00043775,437.75,11.480082219024728,11.487676399893834,-1.288270868914431,3.421550007706837e-14,-1.2280711114874383e-19,-2222.323600106167
0.000438,438.0,11.478233958919306,11.485824150233055,-1.28744986054889,3.421648732955716e-14,-1.2280709822404676e-19,-2224.1758497669457
0.00043825,438.25,11.47638516106538,11.483971365875675,-1.286629775513645,3.421747332440433e-14,-1.2280705944995555e-19,-2226.0286341243263
0.0004385,438.5,11.474535825387914,11.482118046741816,-1.2858106118898258,3.421845806383269e-14,-1.2280696897707605e-19,-2227.8819532581847
0.00043875,438.75,11.47268595181209,11.480264192751923,-1.2849923677648756,3.4219441550057946e-14,-1.2280700775116726e-19,-2229.7358072480783
0.000439,439.0,11.470835540263325,11.478409803826628,-1.2841750412485393,3.422042378527081e-14,-1.2280695605237898e-19,-2231.590196173373
0.00043925,439.25,11.468984590667247,11.47655487988678,-1.2833586304537712,3.422140477166399e-14,-1.228069948264702e-19,-2233.44512011322
0.0004395,439.5,11.467133102949717,11.474699420853518,-1.2825431334797117,3.422238451143789e-14,-1.2280702067586433e-19,-2235.3005791464825
0.00043975,439.75,11.465281077036813,11.472843426648195,-1.2817285484372798,3.422336300678588e-14,-1.2280704652525848e-19,-2237.156573351805
0.00044,440.0,11.463428512854836,11.470986897192354,-1.280914873458755,3.4224340259876505e-14,-1.228070852993497e-19,-2239.013102807647
0.00044025,440.25,11.461575410330314,11.46912983240779,-1.2801021066773113,3.422531627288037e-14,-1.228070336005614e-19,-2240.8701675922116
0.0004405,440.5,11.459721769389992,11.467272232216645,-1.2792902462101292,3.422629104797576e-14,-1.2280696897707605e-19,-2242.727767783356
0.00044075,440.75,11.457867589960836,11.465414096541185,-1.2784792901907596,3.422726458733401e-14,-1.228070852993497e-19,-2244.5859034588157
0.000441,441.0,11.456012871970035,11.463555425303902,-1.2776692367715952,3.422823689310177e-14,-1.2280713699813797e-19,-2246.4445746960996
0.00044125,441.25,11.454157615345004,11.461696218427521,-1.2768600841070796,3.422920796742784e-14,-1.2280707237465262e-19,-2248.3037815724792
0.0004415,441.5,11.452301820013371,11.459836475835058,-1.2760518303385058,3.4230177812468656e-14,-1.2280700775116726e-19,-2250.163524164943
0.00044175,441.75,11.450445485902994,11.457976197449742,-1.2752444736179804,3.423114643037383e-14,-1.2280705944995555e-19,-2252.023802550259
0.000442,442.0,11.44858861294194,11.456115383195005,-1.2744380121180614,3.4232113823268444e-14,-1.228070852993497e-19,-2253.8846168049963
0.00044225,442.25,11.446731201058505,11.454254032994516,-1.2736324440138058,3.4233079993279704e-14,-1.2280705944995555e-19,-2255.745967005485
0.0004425,442.5,11.444873250181201,11.45239214677221,-1.2728277674664878,3.423404494254256e-14,-1.2280704652525848e-19,-2257.6078532277916
0.00044275,442.75,11.443014760238766,11.450529724452249,-1.2720239806485678,3.4235008673185135e-14,-1.2280709822404676e-19,-2259.4702755477515
0.000443,443.0,11.441155731160144,11.448666765958997,-1.271221081752821,3.423597118731122e-14,-1.228072145463204e-19,-2261.333234041004
0.00044325,443.25,11.439296162874513,11.446803271217043,-1.270419068974377,3.423693248702675e-14,-1.2280695605237898e-19,-2263.196728782958
0.0004435,443.5,11.437436055311256,11.444939240151253,-1.2696179404948646,3.4237892574445414e-14,-1.2280695605237898e-19,-2265.0607598487477
0.00044375,443.75,11.435575408399986,11.443074672686711,-1.2688176945068363,3.423885145167417e-14,-1.2280709822404676e-19,-2266.925327313289
0.000444,444.0,11.43371422207053,11.441209568748707,-1.268018329222901,3.423980912079577e-14,-1.2280709822404676e-19,-2268.790431251294
0.00044425,444.25,11.431852496252933,11.439343928262748,-1.2672198428580348,3.424076558389517e-14,-1.228069948264702e-19,-2270.656071737253
0.0004445,444.5,11.429990230877454,11.437477751154626,-1.266422233613761,3.424172084306508e-14,-1.2280705944995555e-19,-2272.5222488453755
0.00044475,444.75,11.42812742587458,11.435611037350345,-1.2656254997023817,3.424267490039155e-14,-1.2280695605237898e-19,-2274.3889626496566
0.000445,445.0,11.426264081175002,11.433743786776104,-1.2648296393562428,3.424362775793658e-14,-1.2280709822404676e-19,-2276.2562132238972
0.00044525,445.25,11.42440019670964,11.431875999358338,-1.2640346508099587,3.424457941776441e-14,-1.2280696897707605e-19,-2278.1240006416633
0.0004455,445.5,11.422535772409622,11.430007675023749,-1.2632405322845721,3.4245529881947044e-14,-1.2280695605237898e-19,-2279.992324976252
0.00044575,445.75,11.4206708082063,11.42813881369926,-1.2624472820121142,3.424647915254989e-14,-1.2280695605237898e-19,-2281.8611863007404
0.000446,446.0,11.41880530403123,11.426269415311987,-1.2616548982439646,3.424742723161448e-14,-1.2280704652525848e-19,-2283.730584688014
0.00044625,446.25,11.416939259816202,11.42439947978927,-1.2608633792338746,3.42483741211846e-14,-1.228069431276819e-19,-2285.60052021073
0.0004465,446.5,11.415072675493207,11.422529007058731,-1.2600727232226558,3.424931982331182e-14,-1.228069431276819e-19,-2287.4709929412697
0.00044675,446.75,11.413205550994457,11.420657997048194,-1.2592829284615408,3.425026434004118e-14,-1.2280714992283504e-19,-2289.3420029518065
0.000447,447.0,11.411337886252381,11.418786449685692,-1.2584939932210926,3.4251207673393974e-14,-1.2280713699813797e-19,-2291.213550314309
0.00044725,447.25,11.40946968119962,11.416914364899473,-1.2577059157742367,3.4252149825393834e-14,-1.2280704652525848e-19,-2293.085635100529
0.0004475,447.5,11.40760093576903,11.415041742618055,-1.2569186943806911,3.425309079807212e-14,-1.228069948264702e-19,-2294.958257381946
0.00044775,447.75,11.405731649893683,11.413168582770176,-1.256132327311031,3.42540305934538e-14,-1.2280695605237898e-19,-2296.831417229825
0.000448,448.0,11.403861823506865,11.411294885284747,-1.2553468128555743,3.42549692135402e-14,-1.228069431276819e-19,-2298.7051147152533
0.00044825,448.25,11.401991456542076,11.409420650090926,-1.2545621493053276,3.425590666033502e-14,-1.2280687850419655e-19,-2300.5793499090755
0.0004485,448.5,11.400120548933028,11.4075458771182,-1.2537783349358684,3.425684293584973e-14,-1.2280698190177312e-19,-2302.4541228818016
0.00044875,448.75,11.398249100613649,11.405670566296182,-1.2529953680374801,3.425777804208942e-14,-1.2280696897707605e-19,-2304.3294337038187
0.000449,449.0,11.39637711151808,11.403794717554687,-1.2522132469196616,3.4258711981035735e-14,-1.2280695605237898e-19,-2306.2052824453135
0.00044925,449.25,11.394504581580671,11.401918330823772,-1.251431969893082,3.425964475467271e-14,-1.2280702067586433e-19,-2308.081669176229
0.0004495,449.5,11.392631510735997,11.40004140603376,-1.2506515352539085,3.4260576364992115e-14,-1.2280693020298483e-19,-2309.9585939662416
0.00044975,449.75,11.390757898918826,11.398163943115183,-1.2498719413095873,3.4261506813979484e-14,-1.2280693020298483e-19,-2311.8360568848175
0.00045,450.0,11.388883746064154,11.396285941998773,-1.2490931863866401,3.426243610359702e-14,-1.2280702067586433e-19,-2313.714058001228
0.00045025,450.25,11.387009052107185,11.394407402615478,-1.248315268813512,3.426336423580931e-14,-1.228069043535907e-19,-2315.592597384523
0.0004505,450.5,11.385133816983336,11.392528324896512,-1.2475381869059627,3.4264291212588744e-14,-1.2280683973010534e-19,-2317.471675103489
0.00045075,450.75,11.383258040628228,11.390648708773304,-1.2467619389898654,3.4265217035901506e-14,-1.228069948264702e-19,-2319.3512912266965
0.000451,451.0,11.381381722977704,11.388768554177473,-1.245986523409398,3.426614170769059e-14,-1.228069431276819e-19,-2321.231445822528
0.00045125,451.25,11.37950486396781,11.386887861040858,-1.2452119385110783,3.4267065229901426e-14,-1.2280698190177312e-19,-2323.1121389591426
0.0004515,451.5,11.37762746353481,11.385006629295566,-1.2444381826287145,3.426798760448724e-14,-1.228069043535907e-19,-2324.993370704435
0.00045175,451.75,11.37574952161517,11.383124858873911,-1.2436652541059976,3.426890883339512e-14,-1.2280707237465262e-19,-2326.87514112609
0.000452,452.0,11.373871038145577,11.3812425497084,-1.2428931513052905,3.426982891854911e-14,-1.2280700775116726e-19,-2328.7574502916013
0.00045225,452.25,11.371992013062917,11.379359701731758,-1.2421218725910728,3.4270747861875706e-14,-1.228069431276819e-19,-2330.640298268243
0.0004525,452.5,11.370112446304296,11.377476314876972,-1.241351416314735,3.4271665665309225e-14,-1.2280689142889362e-19,-2332.5236851230293
0.00045275,452.75,11.368232337807022,11.375592389077239,-1.2405817808380901,3.4272582330777895e-14,-1.2280698190177312e-19,-2334.407610922762
0.000453,453.0,11.36635168750862,11.37370792426593,-1.2398129645420055,3.427349786018704e-14,-1.2280698190177312e-19,-2336.292075734071
0.00045325,453.25,11.364470495346817,11.371822920376651,-1.2390449658078009,3.42744122554445e-14,-1.2280689142889362e-19,-2338.1770796233495
0.0004535,453.5,11.362588761259548,11.36993737734334,-1.2382777830015967,3.4275325518465895e-14,-1.2280686557949948e-19,-2340.0626226566596
0.00045375,453.75,11.360706485184966,11.368051295100047,-1.2375114145043364,3.427623765116084e-14,-1.228069948264702e-19,-2341.948704899953
0.000454,454.0,11.358823667061428,11.366164673581029,-1.2367458587137496,3.427714865541619e-14,-1.228069948264702e-19,-2343.8353264189727
0.00045425,454.25,11.356940306827495,11.364277512720763,-1.235981114029101,3.427805853312131e-14,-1.2280693020298483e-19,-2345.722487279237
0.0004545,454.5,11.355056404421942,11.362389812453998,-1.235217178837118,3.42789672861734e-14,-1.2280686557949948e-19,-2347.6101875460035
0.00045475,454.75,11.353171959783749,11.360501572715684,-1.2344540515343174,3.42798749164637e-14,-1.2280682680540827e-19,-2349.498427284316
0.000455,455.0,11.351286972852103,11.358612793440946,-1.2336917305362711,3.428078142586081e-14,-1.2280689142889362e-19,-2351.387206559056
0.00045525,455.25,11.349401443566403,11.356723474565138,-1.2329302142589098,3.4281686816235905e-14,-1.2280696897707605e-19,-2353.2765254348637
0.0004555,455.5,11.347515371866251,11.354833616023948,-1.2321695011025942,3.428259108946796e-14,-1.2280686557949948e-19,-2355.1663839760536
0.00045575,455.75,11.345628757691454,11.352943217753168,-1.2314095894823902,3.428349424743006e-14,-1.228070336005614e-19,-2357.056782246832
0.000456,456.0,11.343741600982032,11.351052279688805,-1.230650477830524,3.4284396291972804e-14,-1.2280700775116726e-19,-2358.9477203111965
0.00045625,456.25,11.341853901678205,11.349160801767077,-1.2298921645804093,3.4285297224949366e-14,-1.2280700775116726e-19,-2360.8391982329244
0.0004565,456.5,11.339965659720406,11.347268783924473,-1.2291346481524477,3.428619704822075e-14,-1.228069431276819e-19,-2362.731216075528
0.00045675,456.75,11.338076875049266,11.34537622609769,-1.2283779269764044,3.428709576364213e-14,-1.2280705944995555e-19,-2364.6237739023118
0.000457,457.0,11.336187547605633,11.343483128223621,-1.2276219994997586,3.428799337304632e-14,-1.2280696897707605e-19,-2366.5168717763795
0.00045725,457.25,11.334297677330547,11.341589490239363,-1.2268668641732834,3.428888987826871e-14,-1.2280696897707605e-19,-2368.410509760638
0.0004575,457.5,11.332407264165264,11.33969531208219,-1.2261125194370317,3.428978528115258e-14,-1.2280693020298483e-19,-2370.304687917811
0.00045775,457.75,11.33051630805124,11.337800593689687,-1.225358963736108,3.429067958353539e-14,-1.2280695605237898e-19,-2372.1994063103134
0.000458,458.0,11.328624808930142,11.335905334999584,-1.224606195535956,3.429157278723239e-14,-1.2280693020298483e-19,-2374.094665000417
0.00045825,458.25,11.32673276674383,11.334009535949837,-1.223854213302599,3.429246489406148e-14,-1.2280693020298483e-19,-2375.9904640501627
0.0004585,458.5,11.324840181434379,11.332113196478723,-1.2231030154863483,3.429335590584836e-14,-1.2280702067586433e-19,-2377.8868035212777
0.00045875,458.75,11.322947052944068,11.330216316524623,-1.2223526005520702,3.429424582441303e-14,-1.228069431276819e-19,-2379.7836834753766
0.000459,459.0,11.321053381215373,11.328318896026122,-1.2216029669815893,3.429513465155339e-14,-1.2280695605237898e-19,-2381.681103973878
0.00045925,459.25,11.319159166190978,11.326420934922027,-1.2208541132576927,3.4296022389070016e-14,-1.228070336005614e-19,-2383.5790650779745
0.0004595,459.5,11.317264407813774,11.324522433151403,-1.2201060378502424,3.42969090387713e-14,-1.2280704652525848e-19,-2385.4775668485986
0.00045975,459.75,11.31536910602685,11.322623390653522,-1.2193587392386669,3.429779460246e-14,-1.2280702067586433e-19,-2387.376609346479
0.00046,460.0,11.313473260773497,11.320723807367827,-1.2186122159199426,3.429867908191687e-14,-1.2280707237465262e-19,-2389.276192632174
0.00046025,460.25,11.311576871997218,11.318823683233985,-1.2178664663927836,3.42995624789254e-14,-1.228069948264702e-19,-2391.176316766015
0.0004605,460.5,11.309679939641711,11.316923018191911,-1.2171214891433362,3.4300444795276874e-14,-1.2280693020298483e-19,-2393.07698180809
0.00046075,460.75,11.307782463650877,11.315021812181726,-1.2163772826671313,3.430132603275701e-14,-1.2280693020298483e-19,-2394.978187818275
0.000461,461.0,11.30588444396882,11.313120065143723,-1.2156338454767674,3.4302206193129675e-14,-1.2280691727828776e-19,-2396.8799348562775
0.00046125,461.25,11.303985880539848,11.311217777018419,-1.2148911760866954,3.430308527816142e-14,-1.228069431276819e-19,-2398.7822229815815
0.0004615,461.5,11.302086773308472,11.309314947746577,-1.2141492729990997,3.4303963289626687e-14,-1.2280693020298483e-19,-2400.6850522534246
0.00046175,461.75,11.300187122219402,11.307411577269153,-1.213408134725108,3.4304840229294327e-14,-1.228069948264702e-19,-2402.5884227308475
0.000462,462.0,11.298286927217548,11.305507665527278,-1.2126677597946753,3.4305716098911516e-14,-1.2280711114874383e-19,-2404.492334472723
0.00046225,462.25,11.296386188248027,11.303603212462308,-1.2119281467376346,3.430659090022816e-14,-1.2280691727828776e-19,-2406.396787537692
0.0004625,462.5,11.294484905256144,11.301698218015916,-1.211189294067915,3.430746463500198e-14,-1.228070336005614e-19,-2408.3017819840843
0.00046275,462.75,11.292583078187427,11.299792682129876,-1.2104512003141756,3.430833730498522e-14,-1.2280705944995555e-19,-2410.2073178701253
0.000463,463.0,11.290680706987585,11.297886604746147,-1.2097138640221288,3.430920891190857e-14,-1.228070852993497e-19,-2412.113395253855
0.00046325,463.25,11.288777791602536,11.295979985806921,-1.2089772837367079,3.4310079457505435e-14,-1.228069431276819e-19,-2414.0200141930795
0.0004635,463.5,11.286874331978398,11.294072825254718,-1.208241457987952,3.431094894351708e-14,-1.2280689142889362e-19,-2415.9271747452826
0.00046375,463.75,11.284970328061481,11.292165123032152,-1.2075063853199064,3.431181737167934e-14,-1.2280711114874383e-19,-2417.834876967849
0.000464,464.0,11.28306577979831,11.290256879082035,-1.2067720642919864,3.431268474370659e-14,-1.2280713699813797e-19,-2419.743120917966
0.00046425,464.25,11.281160687135598,11.288348093347404,-1.2060384934647872,3.4313551061315986e-14,-1.2280691727828776e-19,-2421.6519066525966
0.0004645,464.5,11.279255050020257,11.286438765771543,-1.2053056713869184,3.431441632623251e-14,-1.228069043535907e-19,-2423.561234228459
0.00046475,464.75,11.277348868399407,11.284528896297932,-1.2045735966154736,3.431528054017578e-14,-1.228069948264702e-19,-2425.471103702069
0.000465,465.0,11.27544214222036,11.282618484870232,-1.2038422677249156,3.4316143704844094e-14,-1.2280695605237898e-19,-2427.3815151297676
0.00046525,465.25,11.273534871430623,11.280707531432313,-1.2031116832911977,3.431700582193851e-14,-1.2280695605237898e-19,-2429.292468567688
0.0004655,465.5,11.271627055977914,11.278796035928284,-1.2023818418771977,3.431786689316797e-14,-1.2280687850419655e-19,-2431.2039640717157
0.00046575,465.75,11.269718695810141,11.276883998302461,-1.201652742055285,3.431872692023607e-14,-1.228069431276819e-19,-2433.1160016975396
0.000466,466.0,11.267809790875411,11.274971418499314,-1.2009243824157394,3.43195859048252e-14,-1.2280696897707605e-19,-2435.028581500686
0.00046625,466.25,11.265900341122029,11.27305829646354,-1.2001967615485876,3.432044384862057e-14,-1.2280696897707605e-19,-2436.9417035364595
0.0004665,466.5,11.263990346498499,11.271144632140157,-1.1994698780288124,3.4321300753315216e-14,-1.2280689142889362e-19,-2438.8553678598446
0.00046675,466.75,11.262079806953519,11.269230425474275,-1.1987437304447115,3.4322156620596933e-14,-1.2280705944995555e-19,-2440.7695745257265
0.000467,467.0,11.260168722435996,11.267315676411222,-1.1980183173999535,3.4323011452132415e-14,-1.2280700775116726e-19,-2442.684323588779
0.00046725,467.25,11.258257092895015,11.265400384896516,-1.1972936375004575,3.432386524959116e-14,-1.228069431276819e-19,-2444.5996151034838
0.0004675,467.5,11.256344918279872,11.26348455087586,-1.1965696893417506,3.4324718014650543e-14,-1.2280693020298483e-19,-2446.51544912414
0.00046775,467.75,11.254432198540059,11.26156817429525,-1.195846471523867,3.432556974898274e-14,-1.2280709822404676e-19,-2448.4318257047507
0.000468,468.0,11.252518933625261,11.259651255100819,-1.1951239826655369,3.432642045423893e-14,-1.2280704652525848e-19,-2450.3487448991823
0.00046825,468.25,11.250605123485357,11.257733793238911,-1.1944022213858436,3.432727013207314e-14,-1.2280698190177312e-19,-2452.2662067610904
0.0004685,468.5,11.248690768070432,11.255815788656188,-1.1936811862889773,3.432811878414725e-14,-1.2280696897707605e-19,-2454.184211343813
0.00046875,468.75,11.24677586733075,11.253897241299404,-1.192960875992794,3.432896641211798e-14,-1.2280696897707605e-19,-2456.1027587005965
0.000469,469.0,11.24486042121679,11.251978151115512,-1.1922412891301208,3.43298130176212e-14,-1.2280696897707605e-19,-2458.0218488844885
0.00046925,469.25,11.242944429679214,11.250058518051672,-1.1915224243347102,3.4330658602295634e-14,-1.228069043535907e-19,-2459.9414819483286
0.0004695,469.5,11.241027892668885,11.248138342055299,-1.1908042802284264,3.4331503167787854e-14,-1.228068526548024e-19,-2461.861657944703
0.00046975,469.75,11.239110810136854,11.246217623073985,-1.1900868554415887,3.4332346715739335e-14,-1.2280696897707605e-19,-2463.7823769260167
0.00047,470.0,11.23719318203438,11.244296361055518,-1.1893701486205273,3.433318924777082e-14,-1.2280691727828776e-19,-2465.703638944483
0.00047025,470.25,11.235275008312904,11.242374555947874,-1.1886541584131451,3.433403076550591e-14,-1.2280693020298483e-19,-2467.6254440521266
0.0004705,470.5,11.233356288924067,11.24045220769928,-1.1879388834552393,3.433487127057607e-14,-1.2280689142889362e-19,-2469.5477923007215
0.00047075,470.75,11.231437023819709,11.238529316258147,-1.187224322391172,3.433571076460772e-14,-1.228069948264702e-19,-2471.470683741854
0.000471,471.0,11.229517212951851,11.23660588157307,-1.1865104738811898,3.4336549249206624e-14,-1.2280698190177312e-19,-2473.3941184269315
0.00047125,471.25,11.227596856272722,11.23468190359284,-1.1857973365870427,3.433738672598148e-14,-1.228069948264702e-19,-2475.318096407161
0.0004715,471.5,11.225675953734742,11.232757382266486,-1.1850849091585747,3.433822319654879e-14,-1.2280695605237898e-19,-2477.242617733514
0.00047175,471.75,11.223754505290513,11.230832317543237,-1.184373190254031,3.43390586625201e-14,-1.2280698190177312e-19,-2479.1676824567626
0.000472,472.0,11.221832510892847,11.22890670937247,-1.1836621785487564,3.4339893125486416e-14,-1.2280695605237898e-19,-2481.093290627531
0.00047225,472.25,11.21990997049474,11.226980557703786,-1.182951872717828,3.4340726587041676e-14,-1.228069043535907e-19,-2483.019442296214
0.0004725,472.5,11.217986884049381,11.225053862487094,-1.1822422714214114,3.4341559048787644e-14,-1.228069043535907e-19,-2484.9461375129067
0.00047275,472.75,11.216063251510155,11.223126623672393,-1.1815333733332087,3.434239051232115e-14,-1.228069431276819e-19,-2486.8733763276086
0.000473,473.0,11.214139072830635,11.221198841209855,-1.1808251771426612,3.43432209792186e-14,-1.228070852993497e-19,-2488.801158790146
0.00047325,473.25,11.212214347964597,11.219270515049885,-1.1801176815382641,3.434405045105936e-14,-1.2280707237465262e-19,-2490.7294849501154
0.0004735,473.5,11.210289076865996,11.2173416451432,-1.1794108851940048,3.4344878929430625e-14,-1.2280696897707605e-19,-2492.6583548568
0.00047375,473.75,11.208363259488987,11.215412231440602,-1.1787047867968528,3.434570641591469e-14,-1.2280711114874383e-19,-2494.587768559398
0.000474,474.0,11.206436895787917,11.213482273893092,-1.177999385048633,3.434653291207355e-14,-1.2280716284753212e-19,-2496.517726106909
0.00047425,474.25,11.204509985717323,11.211551772451866,-1.1772946786518224,3.4347358419472157e-14,-1.2280702067586433e-19,-2498.4482275481346
0.0004745,474.5,11.202582529231929,11.209620727068378,-1.1765906662966605,3.434818293968332e-14,-1.228069948264702e-19,-2500.379272931622
0.00047475,474.75,11.200654526286659,11.207689137694263,-1.175887346681235,3.434900647427498e-14,-1.2280718869692626e-19,-2502.310862305738
0.000475,475.0,11.198725976836625,11.205757004281354,-1.175184718519513,3.434982902479488e-14,-1.2280720162162333e-19,-2504.2429957186464
0.00047525,475.25,11.196796880837127,11.203824326781648,-1.1744827805279587,3.435065059279375e-14,-1.2280707237465262e-19,-2506.1756732183526
0.0004755,475.5,11.194867238243663,11.201891105147327,-1.1737815314124893,3.435147117983016e-14,-1.2280698190177312e-19,-2508.1088948526744
0.00047575,475.75,11.192937049011912,11.19995733933085,-1.1730809698826967,3.4352290787457886e-14,-1.2280693020298483e-19,-2510.0426606691526
0.000476,476.0,11.191006313097745,11.198023029284855,-1.1723810946650393,3.4353109417210587e-14,-1.2280707237465262e-19,-2511.9769707151463
0.00047625,476.25,11.189075030457236,11.196088174962142,-1.1716819044889377,3.4353927070624943e-14,-1.2280693020298483e-19,-2513.9118250378597
0.0004765,476.5,11.187143201046634,11.19415277631568,-1.1709833980736146,3.435474374924546e-14,-1.2280695605237898e-19,-2515.847223684321
0.00047675,476.75,11.185210824822384,11.192216833298719,-1.1702855741421831,3.435555945461189e-14,-1.2280705944995555e-19,-2517.7831667012815
0.000477,477.0,11.183277901741121,11.190280345864672,-1.169588431434475,3.4356374188244e-14,-1.2280716284753212e-19,-2519.7196541353296
0.00047725,477.25,11.181344431759669,11.188343313967126,-1.1688919686920103,3.4357187951664586e-14,-1.2280711114874383e-19,-2521.656686032875
0.0004775,477.5,11.179410414835043,11.18640573755991,-1.1681961846444957,3.4358000746404246e-14,-1.2280687850419655e-19,-2523.59426244009
0.00047775,477.75,11.177475850924445,11.184467616597038,-1.167501078029886,3.4358812573988887e-14,-1.228069948264702e-19,-2525.5323834029623
0.000478,478.0,11.175540739985264,11.182528951032664,-1.166806647602124,3.435962343592454e-14,-1.2280711114874383e-19,-2527.471048967337
0.00047825,478.25,11.173605081975083,11.180589740821176,-1.1661128921148673,3.436043333372028e-14,-1.2280707237465262e-19,-2529.4102591788246
0.0004785,478.5,11.171668876851673,11.17864998591725,-1.1654198103075952,3.436124226889297e-14,-1.228070336005614e-19,-2531.35001408275
0.00047875,478.75,11.169732124572988,11.176709686275666,-1.1647274009322148,3.436205024295485e-14,-1.2280705944995555e-19,-2533.290313724335
0.000479,479.0,11.167794825097177,11.174768841851371,-1.1640356627551633,3.436285725739834e-14,-1.2280711114874383e-19,-2535.231158148629
0.00047925,479.25,11.165856978382573,11.172827452599533,-1.1633445945433423,3.4363663313718965e-14,-1.228071240734409e-19,-2537.1725474004684
0.0004795,479.5,11.1639185843877,11.170885518475552,-1.1626541950513922,3.436446841342003e-14,-1.2280709822404676e-19,-2539.1144815244484
0.00047975,479.75,11.161979643071264,11.168943039435016,-1.1619644630417822,3.436527255800024e-14,-1.2280711114874383e-19,-2541.0569605649844
0.00048,480.0,11.160040154392165,11.167000015433695,-1.1612753972919452,3.436607574893862e-14,-1.228070852993497e-19,-2542.999984566305
0.00048025,480.25,11.15810011830949,11.165056446427535,-1.160586996581747,3.436687798771726e-14,-1.2280714992283504e-19,-2544.943553572466
0.0004805,480.5,11.156159534782507,11.163112332372645,-1.15989925968116,3.436767927582609e-14,-1.2280713699813797e-19,-2546.887667627356
0.00048075,480.75,11.154218403770685,11.161167673225425,-1.1592121853632145,3.436847961475044e-14,-1.2280724039571454e-19,-2548.832326774577
0.000481,481.0,11.152276725233659,11.159222468942442,-1.1585257724172764,3.4369279005956095e-14,-1.2280729209450283e-19,-2550.7775310575585
0.00048125,481.25,11.150334499131267,11.157276719480414,-1.1578400196355674,3.437007745091188e-14,-1.2280717577222919e-19,-2552.7232805195868
0.0004815,481.5,11.148391725423533,11.155330424796235,-1.1571549258001024,3.437087495109447e-14,-1.228070852993497e-19,-2554.6695752037654
0.00048175,481.75,11.146448404070656,11.153383584847075,-1.1564704896966513,3.437167150797601e-14,-1.228070852993497e-19,-2556.616415152925
0.000482,482.0,11.144504535033033,11.151436199590252,-1.1557867101271877,3.437246712300917e-14,-1.2280713699813797e-19,-2558.563800409748
0.00048225,482.25,11.142560118271243,11.14948826898327,-1.155103585895191,3.43732617976497e-14,-1.228070336005614e-19,-2560.511731016732
0.0004825,482.5,11.140615153746046,11.147539792983858,-1.1544211157924615,3.4374055533361175e-14,-1.228069431276819e-19,-2562.460207016143
0.00048275,482.75,11.138669641418394,11.145590771549932,-1.153739298618071,3.4374848331602687e-14,-1.2280716284753212e-19,-2564.40922845007
0.000483,483.0,11.136723581249427,11.143641204639602,-1.153058133185865,3.437564019381395e-14,-1.2280705944995555e-19,-2566.3587953603983
0.00048325,483.25,11.134776973200461,11.14169109221113,-1.1523776183120527,3.437643112143779e-14,-1.228070336005614e-19,-2568.3089077888712
0.0004835,483.5,11.132829817233006,11.139740434222956,-1.1516977528028185,3.437722111592483e-14,-1.2280691727828776e-19,-2570.2595657770457
0.00048375,483.75,11.13088211330875,11.137789230633791,-1.151018535467708,3.4378010178721265e-14,-1.2280698190177312e-19,-2572.2107693662106
0.000484,484.0,11.128933861389575,11.135837481402504,-1.1503399651328325,3.437879831125403e-14,-1.2280693020298483e-19,-2574.1625185974967
0.00048425,484.25,11.126985061437534,11.133885186488133,-1.1496620406255766,3.437958551495315e-14,-1.228069948264702e-19,-2576.114813511868
0.0004845,484.5,11.125035713414878,11.13193234584995,-1.1489847607611727,3.438037179125648e-14,-1.2280695605237898e-19,-2578.0676541500497
0.00048475,484.75,11.123085817284037,11.129978959447412,-1.1483081243628563,3.4381157141597454e-14,-1.2280695605237898e-19,-2580.02104055259
0.000485,485.0,11.121135373007624,11.128025027240131,-1.1476321302685433,3.438194156739035e-14,-1.228070336005614e-19,-2581.974972759869
0.00048525,485.25,11.119184380548436,11.126070549187917,-1.1469567773170697,3.4382725070052574e-14,-1.228070336005614e-19,-2583.9294508120834
0.0004855,485.5,11.117232839869459,11.124115525250808,-1.146282064335877,3.4383507651009324e-14,-1.228069948264702e-19,-2585.8844747491935
0.00048575,485.75,11.115280750933856,11.122159955389014,-1.1456079901601512,3.438428931168144e-14,-1.2280707237465262e-19,-2587.840044610986
0.000486,486.0,11.113328113704979,11.120203839562901,-1.1449345536400428,3.4385070053470706e-14,-1.2280700775116726e-19,-2589.7961604370994
0.00048625,486.25,11.111374928146358,11.118247177733041,-1.1442617536253166,3.4385849877782034e-14,-1.228069948264702e-19,-2591.7528222669607
0.0004865,486.5,11.109421194221708,11.116289969860297,-1.1435895889520966,3.4386628786028144e-14,-1.2280698190177312e-19,-2593.710030139703
0.00048675,486.75,11.107466911894932,11.114332215905621,-1.1429180584684884,3.4387406779617405e-14,-1.2280711114874383e-19,-2595.6677840943785
0.000487,487.0,11.105512081130108,11.112373915830144,-1.1422471610356117,3.4388183859939246e-14,-1.2280716284753212e-19,-2597.6260841698568
0.00048725,487.25,11.103556701891504,11.110415069595195,-1.1415768955151182,3.438896002838625e-14,-1.2280711114874383e-19,-2599.584930404805
0.0004875,487.5,11.10160077414357,11.108455677162334,-1.1409072607573902,3.438973528635876e-14,-1.2280705944995555e-19,-2601.5443228376657
0.00048775,487.75,11.099644297850931,11.106495738493306,-1.140238255619666,3.439050963525287e-14,-1.228070852993497e-19,-2603.504261506695
0.000488,488.0,11.0976872729784,11.104535253550031,-1.139569878973383,3.439128307644578e-14,-1.228070852993497e-19,-2605.464746449971
0.00048825,488.25,11.09572969949097,11.102574222294589,-1.1389021296922577,3.4392055611317865e-14,-1.2280705944995555e-19,-2607.4257777054127
0.0004885,488.5,11.093771577353822,11.100612644689237,-1.1382350066401203,3.439282724125727e-14,-1.228069431276819e-19,-2609.3873553107637
0.00048875,488.75000000000006,11.091812906532311,11.098650520696497,-1.1375685086838894,3.4393597967647926e-14,-1.228070336005614e-19,-2611.3494793035043
0.000489,488.99999999999994,11.089853686991976,11.096687850279066,-1.1369026347054205,3.439436779185496e-14,-1.2280707237465262e-19,-2613.3121497209345
0.00048925,489.25,11.087893918698539,11.094724633399778,-1.1362373835893365,3.439513671524668e-14,-1.228069948264702e-19,-2615.275366600222
0.0004895,489.5,11.085933601617903,11.092760870021637,-1.1355727542110339,3.4395904739199186e-14,-1.2280686557949948e-19,-2617.239129978364
0.00048975,489.74999999999994,11.083972735716149,11.09079656010792,-1.1349087454487308,3.4396671865084366e-14,-1.228069043535907e-19,-2619.2034398920805
0.00049,490.0,11.082011320959543,11.088831703622049,-1.1342453561961527,3.439743809425542e-14,-1.228070336005614e-19,-2621.1682963779517
0.00049025,490.25,11.080049357314527,11.086866300527618,-1.1335825853483887,3.439820342806875e-14,-1.2280698190177312e-19,-2623.1336994723833
0.0004905,490.50000000000006,11.078086844747734,11.084900350788445,-1.1329204317889012,3.43989678678885e-14,-1.2280693020298483e-19,-2625.0996492115555
0.00049075,490.75,11.076123783225963,11.082933854368525,-1.1322588944086784,3.4399731415074685e-14,-1.2280696897707605e-19,-2627.066145631475
0.000491,491.0,11.074160172716208,11.080966811231994,-1.1315979721138112,3.440049407096871e-14,-1.2280704652525848e-19,-2629.0331887680077
0.00049125,491.25000000000006,11.072196013185632,11.078999221343198,-1.130937663809637,3.440125583691519e-14,-1.228069431276819e-19,-2631.000778656803
0.0004915,491.49999999999994,11.070231304601583,11.077031084666775,-1.13027796838762,3.4402016714266496e-14,-1.2280693020298483e-19,-2632.968915333226
0.00049175,491.75,11.068266046931587,11.075062401167434,-1.129618884750936,3.440277670437086e-14,-1.2280677510661998e-19,-2634.9375988325664
0.000492,492.00000000000006,11.06630024014335,11.07309317081007,-1.1289604118160441,3.440353580855805e-14,-1.228068138807112e-19,-2636.9068291899302
0.00049225,492.24999999999994,11.064333884204764,11.071123393559771,-1.1283025484995208,3.440429402816101e-14,-1.228068526548024e-19,-2638.876606440229
0.0004925,492.5,11.062366979083885,11.069153069381853,-1.1276452937063193,3.4405051364520466e-14,-1.2280689142889362e-19,-2640.846930618148
0.00049275,492.75,11.060399524748965,11.067182198241806,-1.1269886463483199,3.440580781897305e-14,-1.228069043535907e-19,-2642.8178017581954
0.000493,492.99999999999994,11.058431521168428,11.065210780105298,-1.126332605351269,3.4406563392836975e-14,-1.2280686557949948e-19,-2644.789219894702
0.00049325,493.25,11.056462968310871,11.063238814938163,-1.1256771696429357,3.440731808743368e-14,-1.228069043535907e-19,-2646.761185061837
0.0004935,493.5,11.054493866145084,11.061266302706391,-1.125022338141458,3.440807190409238e-14,-1.228068138807112e-19,-2648.73369729361
0.00049375,493.75000000000006,11.052524214640023,11.059293243376239,-1.1243681097677536,3.440882484413821e-14,-1.2280696897707605e-19,-2650.706756623762
0.000494,494.0,11.050554013764827,11.057319636914137,-1.1237144834572934,3.440957690887799e-14,-1.228070336005614e-19,-2652.680363085863
0.00049425,494.25,11.048583263488815,11.055345483286654,-1.1230614581481666,3.441032809962179e-14,-1.228069043535907e-19,-2654.6545167133463
0.0004945,494.50000000000006,11.046611963781483,11.053370782460517,-1.1224090327693046,3.441107841768741e-14,-1.2280677510661998e-19,-2656.629217539484
0.00049475,494.74999999999994,11.044640114612504,11.051395534402724,-1.1217572062524874,3.441182786438864e-14,-1.228069431276819e-19,-2658.6044655972764
0.000495,495.0,11.04266771595173,11.049419739080419,-1.1211059775440195,3.441257644102104e-14,-1.228069948264702e-19,-2660.5802609195816
0.00049525,495.25000000000006,11.040694767769187,11.047443396460913,-1.1204553455916033,3.441332414888342e-14,-1.2280689142889362e-19,-2662.556603539088
0.0004955,495.49999999999994,11.038721270035087,11.045466506511731,-1.1198053093320806,3.4414070989282316e-14,-1.2280686557949948e-19,-2664.5334934882694
0.00049575,495.75,11.036747222719812,11.043489069200584,-1.1191558677093754,3.44148169635203e-14,-1.2280687850419655e-19,-2666.510930799416
0.000496,496.0,11.034772625793925,11.04151108449531,-1.1185070196814144,3.4415562072881784e-14,-1.228069431276819e-19,-2668.488915504691
0.00049625,496.24999999999994,11.032797479228165,11.039532552363955,-1.1178587642055635,3.4416306318654464e-14,-1.2280687850419655e-19,-2670.4674476360456
0.0004965,496.5,11.030821782993446,11.037553472774858,-1.117211100225958,3.4417049702133734e-14,-1.2280691727828776e-19,-2672.4465272251423
0.00049675,496.75,11.02884553706086,11.035573845696428,-1.116564026697941,3.441779222461106e-14,-1.2280702067586433e-19,-2674.4261543035723
0.000497,497.00000000000006,11.026868741401682,11.033593671097249,-1.1159175425893932,3.441853388735985e-14,-1.2280700775116726e-19,-2676.406328902753
0.00049725,497.24999999999994,11.024891395987355,11.031612948946094,-1.1152716468683648,3.441927469165678e-14,-1.2280691727828776e-19,-2678.3870510539073
0.0004975,497.5,11.022913500789496,11.029631679211965,-1.1146263384916244,3.442001463878625e-14,-1.2280691727828776e-19,-2680.3683207880363
0.00049775,497.75000000000006,11.020935055779914,11.027649861864038,-1.1139816164224308,3.4420753730028754e-14,-1.228069431276819e-19,-2682.3501381359624
0.000498,497.99999999999994,11.018956060930577,11.025667496871657,-1.1133374796376796,3.442149196664681e-14,-1.2280709822404676e-19,-2684.332503128343
0.00049825,498.25,11.01697651621364,11.023684584204332,-1.11269392711612,3.4422229349906224e-14,-1.2280691727828776e-19,-2686.315415795668
0.0004985,498.5,11.014996421601428,11.021701123831718,-1.1120509578268365,3.4422965881080496e-14,-1.228068138807112e-19,-2688.2988761682823
0.00049875,498.74999999999994,11.013015777066443,11.019717115723745,-1.1114085707419927,3.4423701561439276e-14,-1.2280677510661998e-19,-2690.282884276255
0.000499,499.0,11.011034582581363,11.017732559850485,-1.1107667648481176,3.4424436392234336e-14,-1.2280674925722584e-19,-2692.2674401495165
0.00049925,499.25,11.009052838119043,11.015747456182163,-1.1101255391328966,3.442517037472071e-14,-1.228067234078317e-19,-2694.252543817837
0.0004995,499.50000000000006,11.00707054365251,11.013761804689244,-1.1094848925733103,3.4425903510161135e-14,-1.2280682680540827e-19,-2696.2381953107565
0.00049975,499.75,11.00508769915497,11.011775605342349,-1.1088448241530044,3.4426635799814534e-14,-1.2280673633252877e-19,-2698.2243946576523
0.0005,500.0,11.003104304599802,11.009788858112257,-1.10820533286857,3.4427367244922024e-14,-1.2280671048313463e-19,-2700.2111418877444
0.00050025,500.25000000000006,11.001120359960556,11.007801562969926,-1.1075664177174227,3.442809784672802e-14,-1.2280673633252877e-19,-2702.198437030075
0.0005005,500.49999999999994,10.999135865210963,11.005813719886536,-1.1069280776861812,3.4428827606484614e-14,-1.228067234078317e-19,-2704.1862801134657
0.00050075,500.75,10.997150820324926,11.003825328833429,-1.1062903117679876,3.442955652544012e-14,-1.2280691727828776e-19,-2706.1746711665714
0.000501,501.00000000000006,10.995165225276525,11.001836389782119,-1.1056531189693892,3.443028460482514e-14,-1.2280693020298483e-19,-2708.1636102178827
0.00050125,501.24999999999994,10.993179080040008,10.999846902704277,-1.1050164982975437,3.4431011845873554e-14,-1.2280677510661998e-19,-2710.1530972957235
0.0005015,501.5,10.991192384589802,10.997856867571805,-1.1043804487483606,3.443173824982694e-14,-1.2280678803131705e-19,-2712.1431324281957
0.00050175,501.75,10.989205138900504,10.99586628435677,-1.1037449693243946,3.4432463817923124e-14,-1.2280689142889362e-19,-2714.1337156432296
0.000502,501.99999999999994,10.987217342946893,10.9938751530314,-1.1031100590419867,3.4433188551382305e-14,-1.2280691727828776e-19,-2716.1248469686016
0.00050225,502.25,10.985228996703913,10.991883473568087,-1.1024757169178425,3.443391245142795e-14,-1.2280691727828776e-19,-2718.1165264319125
0.0005025,502.5,10.983240100146688,10.989891245939456,-1.1018419419571943,3.443463551929125e-14,-1.2280683973010534e-19,-2720.108754060546
0.00050275,502.75000000000006,10.981250653250507,10.987898470118289,-1.1012087331722515,3.4435357756199646e-14,-1.2280693020298483e-19,-2722.101529881713
0.000503,503.0,10.979260655990847,10.985905146077528,-1.100576089588442,3.4436079163363036e-14,-1.228069043535907e-19,-2724.094853922473
0.00050325,503.25,10.97727010834334,10.98391127379029,-1.0999440102316647,3.4436799741994627e-14,-1.2280680095601412e-19,-2726.0887262097094
0.0005035,503.50000000000006,10.975279010283806,10.981916853229913,-1.0993124941169043,3.443751949331532e-14,-1.2280673633252877e-19,-2728.083146770088
0.00050375,503.74999999999994,10.973287361788223,10.979921884369896,-1.098681540265449,3.4438238418542275e-14,-1.2280693020298483e-19,-2730.078115630105
0.000504,504.0,10.971295162832758,10.977926367183922,-1.0980511477111332,3.443895651887524e-14,-1.2280707237465262e-19,-2732.0736328160788
0.00050425,504.25000000000006,10.969302413393745,10.975930301645818,-1.097421315489727,3.4439673795517236e-14,-1.2280693020298483e-19,-2734.0696983541825
0.0005045,504.49999999999994,10.967309113447682,10.973933687729566,-1.096792042628102,3.444039024967898e-14,-1.2280680095601412e-19,-2736.0663122704354
0.00050475,504.75,10.96531526297125,10.971936525409404,-1.0961633281554746,3.4441105882567514e-14,-1.228067234078317e-19,-2738.063474590596
0.000505,505.0,10.963320861941298,10.969938814659718,-1.0955351711151453,3.444182069537251e-14,-1.2280669755843755e-19,-2740.0611853402834
0.00050525,505.24999999999994,10.961325910334848,10.967940555455051,-1.0949075705514453,3.4442534689286945e-14,-1.2280678803131705e-19,-2742.059444544949
0.0005055,505.5,10.95933040812909,10.965941747770165,-1.0942805254977919,3.4443247865511464e-14,-1.228068138807112e-19,-2744.058252229837
0.00050575,505.75,10.95733435530139,10.96394239157998,-1.0936540349940964,3.444396022524307e-14,-1.2280691727828776e-19,-2746.05760842002
0.000506,506.00000000000006,10.955337751829287,10.96194248685958,-1.0930280980932745,3.4444671769661483e-14,-1.2280687850419655e-19,-2748.0575131404207
0.00050625,506.25,10.953340597690488,10.959942033584218,-1.092402713848712,3.444538249994975e-14,-1.228069043535907e-19,-2750.0579664157835
0.0005065,506.5,10.95134289286287,10.957941031729355,-1.091777881302852,3.444609241729855e-14,-1.228069043535907e-19,-2752.0589682706454
0.00050675,506.75000000000006,10.949344637324488,10.955939481270633,-1.0911535995046193,3.444680152289497e-14,-1.2280680095601412e-19,-2754.0605187293672
0.000507,506.99999999999994,10.947345831053562,10.953937382183836,-1.0905298675159045,3.444750981790889e-14,-1.2280683973010534e-19,-2756.0626178161638
0.00050725,507.25,10.945346474028486,10.951934734444922,-1.0899066843990235,3.444821730351352e-14,-1.2280687850419655e-19,-2758.065265555079
0.0005075,507.50000000000006,10.943346566227822,10.949931538030066,-1.0892840492053792,3.44489239808897e-14,-1.228068526548024e-19,-2760.0684619699346
0.00050775,507.74999999999994,10.941346107630308,10.94792779291561,-1.088661960993095,3.444962985121471e-14,-1.2280695605237898e-19,-2762.072207084391
0.000508,508.0,10.939345098214842,10.945923499078043,-1.088040418832438,3.4450334915648685e-14,-1.2280711114874383e-19,-2764.0765009219585
0.00050825,508.25,10.937343537960505,10.94391865649403,-1.0874194217943274,3.4451039175355105e-14,-1.2280696897707605e-19,-2766.0813435059704
0.0005085,508.49999999999994,10.935341426846545,10.94191326514045,-1.0867989689395543,3.445174263150509e-14,-1.2280687850419655e-19,-2768.0867348595507
0.00050875,508.75,10.933338764852373,10.93990732499435,-1.086179059335072,3.4452445285266204e-14,-1.2280704652525848e-19,-2770.092675005652
0.000509,509.0,10.931335551957577,10.937900836032917,-1.0855596920598014,3.4453147137788955e-14,-1.2280717577222919e-19,-2772.0991639670833
0.00050925,509.25000000000006,10.929331788141914,10.935893798233527,-1.0849408661934425,3.445384819022722e-14,-1.228070336005614e-19,-2774.1062017664744
0.0005095,509.49999999999994,10.927327473385313,10.933886211573755,-1.0843225808054218,3.445454844374247e-14,-1.228069431276819e-19,-2776.1137884262457
0.00050975,509.75,10.925322607667866,10.931878076031348,-1.0837048349712899,3.4455247899492686e-14,-1.228070336005614e-19,-2778.121923968654
0.00051,510.00000000000006,10.923317190969836,10.929869391584194,-1.0830876277788029,3.445594655861885e-14,-1.2280713699813797e-19,-2780.130608415807
0.00051025,510.24999999999994,10.921311223271662,10.927860158210374,-1.0824709583163499,3.445664442226533e-14,-1.228070336005614e-19,-2782.139841789627
0.0005105,510.5,10.919304704553948,10.925850375888158,-1.081854825661798,3.445734149158406e-14,-1.2280695605237898e-19,-2784.149624111843
0.00051075,510.75,10.917297634797464,10.923840044595995,-1.0812392288989678,3.4458037767723547e-14,-1.228069431276819e-19,-2786.1599554040063
0.000511,510.99999999999994,10.915290013983153,10.921829164312506,-1.0806241671235108,3.4458733251815344e-14,-1.228069431276819e-19,-2788.170835687496
0.00051125,511.25,10.913281842092129,10.919817735016446,-1.0800096394329324,3.4459427944994396e-14,-1.228069431276819e-19,-2790.1822649835544
0.0005115,511.5,10.911273119105667,10.917805756686727,-1.0793956449162567,3.4460121848403245e-14,-1.2280704652525848e-19,-2792.194243313274
0.00051175,511.75000000000006,10.909263845005219,10.915793229302512,-1.078782182664799,3.446081496318099e-14,-1.2280696897707605e-19,-2794.2067706974885
0.000512,512.0,10.907254019772404,10.913780152843085,-1.078169251783747,3.446150729044987e-14,-1.2280696897707605e-19,-2796.2198471569163
0.00051225,512.25,10.905243643389001,10.911766527287908,-1.0775568513779101,3.446219883133555e-14,-1.2280705944995555e-19,-2798.233472712093
0.0005125,512.5,10.90323271583697,10.909752352616723,-1.076944980539531,3.446288958697123e-14,-1.2280698190177312e-19,-2800.2476473832776
0.00051275,512.75,10.901221237098431,10.907737628809334,-1.0763336383711417,3.4463579558486723e-14,-1.228071240734409e-19,-2802.262371190666
0.000513,513.0,10.89920920715567,10.905722355845711,-1.0757228239865468,3.4464268746995067e-14,-1.2280720162162333e-19,-2804.2776441542906
0.00051325,513.25,10.89719662599115,10.903706533706009,-1.0751125364994567,3.44649571536127e-14,-1.2280711114874383e-19,-2806.293466293992
0.0005135,513.5,10.895183493587494,10.901690162370587,-1.0745027750130833,3.446564477946361e-14,-1.228070852993497e-19,-2808.309837629414
0.00051375,513.75,10.893169809927496,10.89967324181997,-1.07389353863691,3.4466331625668425e-14,-1.2280716284753212e-19,-2810.32675818003
0.000514,514.0,10.89115557499412,10.897655772034812,-1.0732848264934096,3.446701769333109e-14,-1.2280717577222919e-19,-2812.3442279651895
0.00051425,514.25,10.889140788770487,10.89563775299596,-1.072676637704028,3.4467702983558915e-14,-1.2280714992283504e-19,-2814.362247004041
0.0005145,514.5,10.887125451239896,10.893619184684535,-1.0720689713775013,3.446838749746679e-14,-1.2280713699813797e-19,-2816.380815315466
0.00051475,514.75,10.885109562385813,10.891600067081722,-1.0714618266332823,3.446907123616624e-14,-1.2280705944995555e-19,-2818.399932918279
0.000515,515.0,10.88309312219186,10.889580400168848,-1.0708552026021754,3.446975420075219e-14,-1.2280709822404676e-19,-2820.4195998311534
0.00051525,515.25,10.881076130641842,10.88756018392745,-1.070249098413579,3.447043639232297e-14,-1.228071240734409e-19,-2822.439816072552
0.0005155,515.5,10.879058587719719,10.885539418339336,-1.069643513184843,3.447111781198442e-14,-1.2280713699813797e-19,-2824.4605816606645
0.00051575,515.75,10.877040493409618,10.88351810338638,-1.0690384460434172,3.44717984608391e-14,-1.2280709822404676e-19,-2826.48189661362
0.000516,516.0,10.875021847695837,10.881496239050596,-1.0684338961283226,3.4472478339973004e-14,-1.2280718869692626e-19,-2828.503760949404
0.00051625,516.25,10.873002650562844,10.879473825314205,-1.0678298625771525,3.4473157450475546e-14,-1.2280714992283504e-19,-2830.5261746857955
0.0005165,516.5,10.87098290199526,10.877450862159709,-1.0672263445149255,3.447383579344367e-14,-1.228070852993497e-19,-2832.5491378402917
0.00051675,516.75,10.868962601977888,10.875427349569664,-1.0666233410768626,3.447451336997101e-14,-1.2280704652525848e-19,-2834.572650430337
0.000517,517.0,10.866941750495682,10.87340328752679,-1.0660208514091973,3.4475190181134773e-14,-1.2280707237465262e-19,-2836.596712473212
0.00051725,517.25,10.864920347533776,10.871378676013993,-1.065418874657975,3.447586622801553e-14,-1.228070852993497e-19,-2838.621323986007
0.0005175,517.5,10.86289839307746,10.869353515014385,-1.0648174099589336,3.447654151170141e-14,-1.228071240734409e-19,-2840.646484985616
0.00051775,517.75,10.860875887112194,10.867327804511236,-1.0642164564539414,3.447721603327727e-14,-1.2280726624510868e-19,-2842.6721954887657
0.000518,518.0,10.8588528296236,10.86530154448794,-1.0636160132974073,3.4477889793811553e-14,-1.2280726624510868e-19,-2844.6984555120603
0.00051825,518.25,10.856829220597472,10.863274734928089,-1.0630160796427257,3.447856279437615e-14,-1.228072145463204e-19,-2846.725265071913
0.0005185,518.5,10.854805060019764,10.861247375815543,-1.0624166546308913,3.447923503605044e-14,-1.2280717577222919e-19,-2848.752624184458
0.00051875,518.75,10.852780347876594,10.859219467134224,-1.0618177374131872,3.447990651991056e-14,-1.2280720162162333e-19,-2850.780532865776
0.000519,519.0,10.85075508415425,10.857191008868192,-1.0612193271522432,3.448057724701636e-14,-1.228073050191999e-19,-2852.8089911318093
0.00051925,519.25,10.848729268839183,10.855162001001723,-1.0606214230091688,3.4481247218431077e-14,-1.2280718869692626e-19,-2854.8379989982777
0.0005195,519.5,10.84670290191801,10.853132443519355,-1.060024024132776,3.448191643522546e-14,-1.2280714992283504e-19,-2856.867556480646
0.00051975,519.75,10.844675983377504,10.851102336405695,-1.0594271296814044,3.4482584898467035e-14,-1.2280718869692626e-19,-2858.897663594306
0.00052,520.0,10.842648513204617,10.849071679645531,-1.058830738824118,3.448325260920711e-14,-1.2280722747101747e-19,-2860.928320354469
0.00052025,520.25,10.840620491386455,10.847040473223807,-1.0582348507309622,3.448391956850037e-14,-1.228071240734409e-19,-2862.9595267761943
0.0005205,520.5,10.838591917910291,10.845008717125594,-1.0576394645632463,3.448458577740904e-14,-1.2280696897707605e-19,-2864.991282874406
0.00052075,520.75,10.836562792763566,10.84297641133624,-1.0570445794843297,3.448525123699214e-14,-1.2280711114874383e-19,-2867.0235886637606
0.000521,521.0,10.834533115933878,10.840943555841214,-1.0564501946704685,3.4485915948292506e-14,-1.2280711114874383e-19,-2869.0564441587876
0.00052125,521.25,10.832502887409,10.838910150626134,-1.0558563092986037,3.44865799123564e-14,-1.228070852993497e-19,-2871.089849373867
0.0005215,521.5,10.830472107176854,10.836876195676824,-1.0552629225355232,3.448724313023759e-14,-1.2280709822404676e-19,-2873.123804323177
0.00052175,521.75,10.828440775225543,10.83484169097927,-1.0546700335541166,3.448790560298666e-14,-1.228071240734409e-19,-2875.1583090207323
0.000522,522.0,10.826408891543316,10.83280663651957,-1.0540776415391238,3.4488567331638077e-14,-1.2280714992283504e-19,-2877.193363480431
0.00052225,522.25,10.824376456118598,10.830771032284028,-1.0534857456743607,3.448922831722977e-14,-1.2280711114874383e-19,-2879.2289677159733
0.0005225,522.5,10.822343468939975,10.828734878259212,-1.0528943451318231,3.448988856080714e-14,-1.2280713699813797e-19,-2881.2651217407893
0.00052275,522.75,10.820309929996192,10.826698174431742,-1.0523034390934234,3.44905480634124e-14,-1.2280709822404676e-19,-2883.301825568259
0.000523,523.0,10.818275839276161,10.824660920788387,-1.0517130267517891,3.44912068260718e-14,-1.2280717577222919e-19,-2885.3390792116134
0.00052325,523.25,10.81624119676896,10.82262311731611,-1.0511231072981697,3.4491864849814975e-14,-1.2280718869692626e-19,-2887.3768826838896
0.0005235,523.5,10.814206002463822,10.820584764002161,-1.0505336799119356,3.4492522135679034e-14,-1.2280711114874383e-19,-2889.415235997839
0.00052375,523.75,10.812170256350147,10.818545860833831,-1.0499447437820961,3.449317868469797e-14,-1.2280726624510868e-19,-2891.45413916617
0.000524,524.0,10.8101339584175,10.816506407798578,-1.0493562981079558,3.449383449788984e-14,-1.2280733086859404e-19,-2893.493592201423
0.00052425,524.25,10.80809710865561,10.814466404884039,-1.0487683420886853,3.449448957627609e-14,-1.2280724039571454e-19,-2895.533595115962
0.0005245,524.5,10.80605970705436,10.812425852078055,-1.0481808749134258,3.4495143920885646e-14,-1.2280707237465262e-19,-2897.574147921946
0.00052475,524.75,10.8040217536038,10.810384749368625,-1.0475938957767623,3.4495797532744355e-14,-1.228071240734409e-19,-2899.615250631375
0.000525,525.0,10.801983248294146,10.808343096743913,-1.0470074038839832,3.449645041286215e-14,-1.228072145463204e-19,-2901.6569032560883
0.00052525,525.25,10.799944191115772,10.806300894192221,-1.0464213984420299,3.449710256225241e-14,-1.2280717577222919e-19,-2903.6991058077792
0.0005255,525.5,10.79790458205922,10.804258141701983,-1.0458358786499546,3.4497753981935936e-14,-1.2280716284753212e-19,-2905.7418582980185
0.00052575,525.75,10.795864421115182,10.802214839261893,-1.04525084370837,3.4498404672930527e-14,-1.2280717577222919e-19,-2907.785160738107
0.000526,526.0,10.793823708274525,10.800170986860776,-1.0446662928299975,3.449905463623809e-14,-1.2280714992283504e-19,-2909.829013139226
0.00052625,526.25,10.791782443528268,10.798126584487596,-1.0440822252284065,3.4499703872863997e-14,-1.2280726624510868e-19,-2911.873415512405
0.0005265,526.5,10.7897406268676,10.796081632131534,-1.0434986401072714,3.450035238382105e-14,-1.2280729209450283e-19,-2913.9183678684676
0.00052675,526.75,10.787698258283866,10.794036129781915,-1.0429155366754934,3.4501000170119017e-14,-1.228072145463204e-19,-2915.963870218085
0.000527,527.0,10.785655337768569,10.791990077428236,-1.0423329141528608,3.450164723275192e-14,-1.2280713699813797e-19,-2918.009922571765
0.00052725,527.25,10.783611865313384,10.789943475060129,-1.041750771760681,3.450229357271718e-14,-1.2280720162162333e-19,-2920.0565249398724
0.0005275,527.5,10.78156784091014,10.787896322667354,-1.0411691087120827,3.450293919101967e-14,-1.2280722747101747e-19,-2922.103677332646
0.00052775,527.75,10.779523264550827,10.785848620239937,-1.040587924221829,3.450358408866127e-14,-1.2280717577222919e-19,-2924.1513797600637
0.000528,528.0,10.777478136227595,10.783800367768023,-1.0400072175170008,3.450422826662814e-14,-1.2280720162162333e-19,-2926.1996322319783
0.00052825,528.25,10.775432455932762,10.78175156524191,-1.0394269878253408,3.4504871725909866e-14,-1.2280716284753212e-19,-2928.248434758091
0.0005285,528.5,10.773386223658802,10.77970221265209,-1.0388472343646675,3.450551446750349e-14,-1.2280725332041161e-19,-2930.297787347911
0.00052875,528.75,10.771339439398345,10.777652309989218,-1.0382679563587274,3.450615649240304e-14,-1.2280725332041161e-19,-2932.3476900107835
0.000529,529.0,10.769292103144192,10.775601857244059,-1.0376891530424186,3.450679780158691e-14,-1.228072145463204e-19,-2934.3981427559424
0.00052925,529.25,10.767244214889292,10.773550854407574,-1.037110823649721,3.4507438396036974e-14,-1.2280725332041161e-19,-2936.4491455924262
0.0005295,529.5,10.765195774626768,10.771499301470987,-1.03653296740333,3.450807827674246e-14,-1.2280722747101747e-19,-2938.5006985290142
0.00052975,529.75,10.76314678234989,10.76944719842558,-1.0359555835353627,3.4508717444689665e-14,-1.2280738256738232e-19,-2940.5528015744208
0.00053,530.0,10.761097238052102,10.76739454526276,-1.0353786712881154,3.4509355900849315e-14,-1.2280740841677647e-19,-2942.6054547372405
0.00053025,530.25,10.759047141726995,10.765341341974146,-1.034802229902512,3.450999364619559e-14,-1.2280733086859404e-19,-2944.6586580258554
0.0005305,530.5,10.756996493368328,10.763287588551627,-1.034226258607898,3.4510630681710045e-14,-1.2280724039571454e-19,-2946.7124114483745
0.00053075,530.75,10.754945292970017,10.761233284987131,-1.0336507566430913,3.451126700837131e-14,-1.2280724039571454e-19,-2948.766715012869
0.000531,531.0,10.752893540526136,10.759178431272765,-1.0330757232562717,3.451190262714251e-14,-1.2280725332041161e-19,-2950.8215687272364
0.00053125,531.25,10.750841236030922,10.75712302740079,-1.032501157695574,3.451253753899021e-14,-1.228072145463204e-19,-2952.8769725992115
0.0005315,531.5,10.748788379478771,10.755067073363678,-1.0319270591998575,3.4513171744888384e-14,-1.2280731794389697e-19,-2954.932926636323
0.00053175,531.75,10.746734970864235,10.75301056915405,-1.0313534270127565,3.451380524580806e-14,-1.2280746011556475e-19,-2956.98943084595
0.000532,532.0,10.744681010182033,10.750953514764703,-1.0307802603882854,3.4514438042704864e-14,-1.2280744719086768e-19,-2959.046485235298
0.00053225,532.25,10.742626497427032,10.748895910188548,-1.0302075585820338,3.451507013653783e-14,-1.228073437932911e-19,-2961.104089811453
0.0005325,532.5,10.740571432594269,10.74683775541864,-1.0296353208416094,3.45157015282734e-14,-1.2280724039571454e-19,-2963.16224458136
0.00053275,532.75,10.73851581567893,10.744779050448287,-1.0290635464160665,3.4516332218875105e-14,-1.2280740841677647e-19,-2965.2209495517145
0.000533,533.0,10.736459646676371,10.742719795270919,-1.0284922345665124,3.4516962209291127e-14,-1.2280740841677647e-19,-2967.280204729083
0.00053325,533.25,10.734402925582094,10.74065998988011,-1.0279213845546322,3.4517591500473066e-14,-1.228073954920794e-19,-2969.340010119892
0.0005335,533.5,10.732345652391773,10.738599634269637,-1.0273509956322378,3.4518220093379913e-14,-1.228073954920794e-19,-2971.4003657303647
0.00053375,533.75,10.730287827101229,10.736538728433425,-1.0267810670565705,3.4518847988967755e-14,-1.2280742134147354e-19,-2973.4612715665753
0.000534,534.0,10.728229449706452,10.734477272365545,-1.0262115980956628,3.4519475188177424e-14,-1.2280735671798818e-19,-2975.5227276344554
0.00053425,534.25,10.72617052020358,10.732415266060222,-1.0256425880176985,3.452010169195315e-14,-1.2280740841677647e-19,-2977.584733939779
0.0005345,534.5,10.724111038588914,10.730352709511877,-1.025074036081249,3.4520727501246545e-14,-1.2280738256738232e-19,-2979.6472904881243
0.00053475,534.75,10.722051004858915,10.728289602715087,-1.0245059415502125,3.4521352617006374e-14,-1.2280740841677647e-19,-2981.710397284913
0.000535,535.0,10.7199904190102,10.72622594566457,-1.023938303698927,3.452197704016614e-14,-1.2280749888965597e-19,-2983.774054335431
0.00053525,535.25,10.717929281039545,10.724161738355203,-1.0233711218019943,3.452260077166281e-14,-1.228073954920794e-19,-2985.838261644798
0.0005355,535.5,10.715867590943883,10.722096980782055,-1.0228043951246943,3.4523223812440685e-14,-1.2280735671798818e-19,-2987.903019217945
0.00053575,535.75,10.713805348720305,10.720031672940346,-1.0222381229378452,3.452384616344127e-14,-1.228072145463204e-19,-2989.9683270596556
0.000536,536.0,10.711742554366054,10.717965814825416,-1.0216723045226541,3.452446782559085e-14,-1.2280714992283504e-19,-2992.0341851745848
0.00053625,536.25,10.709679207878546,10.715899406432792,-1.0211069391594954,3.4525088799819174e-14,-1.2280729209450283e-19,-2994.1005935672088
0.0005365,536.5,10.707615309255337,10.713832447758264,-1.0205420261178701,3.452570908706333e-14,-1.2280731794389697e-19,-2996.167552241736
0.00053675,536.75,10.70555085849415,10.711764938797671,-1.0199775646760834,3.4526328688257604e-14,-1.2280747304026182e-19,-2998.23506120233
0.000537,537.0,10.703485855592861,10.709696879547003,-1.019413554121633,3.452694760432115e-14,-1.2280755058844425e-19,-3000.3031204529966
0.00053725,537.25,10.701420300549508,10.707628270002434,-1.0188499937419107,3.452756583617659e-14,-1.2280746011556475e-19,-3002.3717299975674
0.0005375,537.5,10.69935419336228,10.70555911016032,-1.0182868828149685,3.4528183384753835e-14,-1.228073954920794e-19,-3004.4408898396823
0.00053775,537.75,10.697287534029531,10.703489400017174,-1.017724220624175,3.452880025098007e-14,-1.2280742134147354e-19,-3006.5105999828265
0.000538,538.0,10.695220322549766,10.701419139569627,-1.0171620064637157,3.452941643576737e-14,-1.228073954920794e-19,-3008.5808604303747
0.00053825,538.25,10.693152558921643,10.699348328814487,-1.0166002396267393,3.45300319400313e-14,-1.2280733086859404e-19,-3010.6516711855134
0.0005385,538.5,10.691084243143981,10.697276967748838,-1.016038919395092,3.45306467646947e-14,-1.2280738256738232e-19,-3012.7230322511627
0.00053875,538.75,10.689015375215766,10.695205056369806,-1.0154780450595358,3.45312609106777e-14,-1.2280742134147354e-19,-3014.7949436301947
0.000539,539.0,10.686945955136121,10.693132594674662,-1.0149176159203603,3.4531874378885364e-14,-1.2280747304026182e-19,-3016.8674053253394
0.00053925,539.25,10.684875982904337,10.691059582660865,-1.0143576312775082,3.453248717022626e-14,-1.2280742134147354e-19,-3018.940417339137
0.0005395,539.5,10.682805458519859,10.688986020326059,-1.0137980904213568,3.453309928561625e-14,-1.228073954920794e-19,-3021.0139796739422
0.00053975,539.75,10.680734381982289,10.686911907668042,-1.0132389926473706,3.453371072596845e-14,-1.2280733086859404e-19,-3023.0880923319583
0.00054,540.0,10.678662753291384,10.684837244684749,-1.0126803372616053,3.453432149218103e-14,-1.2280736964268525e-19,-3025.162755315253
0.00054025,540.25,10.676590572447056,10.682762031374269,-1.0121221235701614,3.453493158515563e-14,-1.2280736964268525e-19,-3027.2379686257314
0.0005405,540.5,10.674517839449377,10.680686267734895,-1.0115643508695473,3.4535541005801174e-14,-1.2280733086859404e-19,-3029.3137322651064
0.00054075,540.75,10.672444554298565,10.678609953765054,-1.0110070184617244,3.453614975502386e-14,-1.2280736964268525e-19,-3031.3900462349466
0.000541,541.0,10.67037071699501,10.676533089463323,-1.0104501256582252,3.453675783371502e-14,-1.2280742134147354e-19,-3033.466910536679
0.00054125,541.25,10.66829632753924,10.674455674828437,-1.0098936717709246,3.4537365242769436e-14,-1.2280747304026182e-19,-3035.5443251715647
0.0005415,541.5,10.66622138593195,10.67237770985931,-1.0093376561031118,3.4537971983089166e-14,-1.2280735671798818e-19,-3037.62229014069
0.00054175,541.75,10.664145892173986,10.670299194555023,-1.0087820779625776,3.453857805557358e-14,-1.2280746011556475e-19,-3039.700805444979
0.000542,542.0,10.66206984626635,10.668220128914779,-1.0082269366672243,3.453918346110721e-14,-1.2280758936253546e-19,-3041.7798710852217
0.00054225,542.25,10.6599932482102,10.666140512937952,-1.0076722315352191,3.453978820057806e-14,-1.228075764378384e-19,-3043.8594870620486
0.0005425,542.5,10.657916098006847,10.664060346624101,-1.007117961875156,3.454039227488141e-14,-1.228074342661706e-19,-3045.9396533759
0.00054275,542.75,10.655838395657762,10.661979629972933,-1.006564127000518,3.454099568490984e-14,-1.2280756351314132e-19,-3048.020370027068
0.000543,543.0,10.653760141164561,10.65989836298432,-1.006010726234606,3.454159843154117e-14,-1.2280760228723253e-19,-3050.101637015681
0.00054325,543.25,10.651681334529028,10.65781654565826,-1.0054577589020088,3.45422005156567e-14,-1.228075247390501e-19,-3052.1834543417403
0.0005435,543.5,10.64960197575309,10.65573417799488,-1.0049052243197925,3.4542801938144966e-14,-1.2280738256738232e-19,-3054.2658220051208
0.00054375,543.75,10.647522064838835,10.653651259994547,-1.0043531218058253,3.4543402699891875e-14,-1.2280749888965597e-19,-3056.3487400054532
0.000544,544.0,10.645441601788505,10.651567791657788,-1.0038014506890012,3.454400280176859e-14,-1.228074342661706e-19,-3058.4322083422126
0.00054425,544.25,10.643360586604489,10.64948377298523,-1.0032502102998877,3.454460224464975e-14,-1.2280736964268525e-19,-3060.5162270147716
0.0005445,544.5,10.641279019289348,10.647399203977626,-1.002699399961254,3.454520102941725e-14,-1.228073437932911e-19,-3062.600796022375
0.00054475,544.75,10.639196899845773,10.645314084635983,-1.0021490189968658,3.454579915695035e-14,-1.2280749888965597e-19,-3064.6859153640185
0.000545,545.0,10.637114228276635,10.643228414961426,-1.001599066742597,3.4546396628113646e-14,-1.2280744719086768e-19,-3066.7715850385753
0.00054525,545.25,10.635031004584935,10.64114219495522,-1.0010495425344637,3.45469934437752e-14,-1.2280738256738232e-19,-3068.8578050447813
0.0005455,545.5,10.632947228773848,10.639055424618824,-1.0005004456983635,3.454758960481031e-14,-1.228073050191999e-19,-3070.944575381177
0.00054575,545.75,10.630862900846687,10.636968103953835,-0.9999517755658491,3.454818511209167e-14,-1.2280731794389697e-19,-3073.0318960461655
0.000546,546.0,10.628778020806926,10.634880232961972,-0.9994035314793023,3.4548779966477344e-14,-1.2280738256738232e-19,-3075.1197670380284
0.00054625,546.25,10.626692588658198,10.63279181164514,-0.9988557127796952,3.454937416882891e-14,-1.2280735671798818e-19,-3077.208188354861
0.0005465,546.5,10.62460660440428,10.630702840005492,-0.9983083187969314,3.454996772001513e-14,-1.2280738256738232e-19,-3079.297159994508
0.00054675,546.75,10.622520068049106,10.628613318045229,-0.997761348869687,3.4550560620902184e-14,-1.2280747304026182e-19,-3081.3866819547716
0.000547,547.0,10.620432979596764,10.626523245766709,-0.9972148023453874,3.455115287234171e-14,-1.228074859649589e-19,-3083.476754233293
0.00054725,547.25,10.6183453390515,10.624432623172453,-0.9966686785711394,3.4551744475188816e-14,-1.2280729209450283e-19,-3085.567376827548
0.0005475,547.5,10.6162571464177,10.622341450265173,-0.9961229768851336,3.4552335430305806e-14,-1.2280731794389697e-19,-3087.658549734828
0.00054775,547.75,10.614168401699915,10.620249727047735,-0.9955776966302762,3.4552925738552436e-14,-1.2280746011556475e-19,-3089.750272952266
0.000548,548.0,10.612079104902849,10.618157453523134,-0.9950328371591923,3.455351540077396e-14,-1.2280742134147354e-19,-3091.8425464768666
0.00054825,548.25,10.609989256031353,10.616064629694518,-0.9944883978246642,3.45541044178191e-14,-1.2280725332041161e-19,-3093.9353703054826
0.0005485,548.5,10.607898855090427,10.613971255565225,-0.9939443779704762,3.455469279054377e-14,-1.2280735671798818e-19,-3096.028744434776
0.00054875,548.75,10.605807902085244,10.61187733113874,-0.993400776945296,3.4555280519801344e-14,-1.228072145463204e-19,-3098.122668861261
0.000549,549.0,10.603716397021106,10.609782856418661,-0.9928575941082749,3.4555867606430755e-14,-1.228072145463204e-19,-3100.21714358134
0.00054925,549.25,10.601624339903475,10.607687831408763,-0.9923148288173366,3.4556454051274414e-14,-1.228072145463204e-19,-3102.3121685912374
0.0005495,549.5,10.599531730737977,10.605592256113088,-0.991772480419244,3.4557039855181915e-14,-1.2280724039571454e-19,-3104.407743886914
0.00054975,549.75,10.597438569530372,10.603496130535705,-0.9912305482694431,3.45576250190003e-14,-1.2280726624510868e-19,-3106.5038694642953
0.00055,550.0,10.595344856286586,10.601399454680852,-0.9906890317323066,3.4558209543562253e-14,-1.228073050191999e-19,-3108.6005453191483
0.00055025,550.25,10.593250591012694,10.59930222855293,-0.9901479301717253,3.455879342970393e-14,-1.2280727916980576e-19,-3110.697771447072
0.0005505,550.5,10.591155773714918,10.597204452156516,-0.9896072429425261,3.4559376678268644e-14,-1.2280724039571454e-19,-3112.7955478434847
0.00055075,550.75,10.58906040439964,10.595106125496349,-0.9890669694042676,3.455995929009721e-14,-1.228073437932911e-19,-3114.8938745036526
0.000551,551.0,10.58696448307339,10.593007248577294,-0.9885271089262578,3.456054126601612e-14,-1.228072145463204e-19,-3116.9927514227065
0.00055125,551.25,10.584868009742845,10.590907821404373,-0.9879876608778366,3.4561122606855315e-14,-1.2280722747101747e-19,-3119.0921785956284
0.0005515,551.5,10.582770984414841,10.588807843982789,-0.987448624619308,3.456170331345193e-14,-1.2280725332041161e-19,-3121.1921560172123
0.00055175,551.75,10.580673407096365,10.586707316317897,-0.9869099995155617,3.4562283386640564e-14,-1.228073437932911e-19,-3123.292683682104
0.000552,552.0,10.578575277794553,10.584606238415185,-0.9863717849415196,3.456286282724159e-14,-1.228073954920794e-19,-3125.3937615848154
0.00055225,552.25,10.576476596516692,10.58250461028029,-0.9858339802720161,3.4563441636078824e-14,-1.2280735671798818e-19,-3127.4953897197097
0.0005525,552.5,10.574377363270225,10.58040243191905,-0.9852965848725099,3.456401981398324e-14,-1.2280713699813797e-19,-3129.597568080952
0.00055275,552.75,10.572277578062739,10.578299703337425,-0.9847595981130046,3.456459736178334e-14,-1.2280725332041161e-19,-3131.7002966625755
0.000553,553.0,10.570177240901975,10.576196424541555,-0.9842230193731185,3.45651742802934e-14,-1.228073437932911e-19,-3133.8035754584453
0.00055325,553.25,10.568076351795831,10.574092595537698,-0.9836868480335194,3.456575057033117e-14,-1.2280725332041161e-19,-3135.907404462304
0.0005535,553.5,10.565974910752352,10.571988216332219,-0.9831510834674078,3.4566326232721543e-14,-1.2280725332041161e-19,-3138.0117836677823
0.00055375,553.75,10.563872917779735,10.569883286931745,-0.9826157250486568,3.4566901268286956e-14,-1.228073954920794e-19,-3140.116713068255
0.000554,554.0,10.561770372886318,10.567777807343044,-0.9820807721618123,3.456747567783567e-14,-1.2280742134147354e-19,-3142.222192656958
0.00055425,554.25,10.559667276080605,10.565671777572982,-0.9815462241928694,3.456804946217943e-14,-1.2280731794389697e-19,-3144.3282224270197
0.0005545,554.5,10.557563627371245,10.563565197628545,-0.9810120805201958,3.456862262213711e-14,-1.2280722747101747e-19,-3146.434802371455
0.00055475,554.75,10.555459426767035,10.561458067516986,-0.980478340522973,3.456919515852513e-14,-1.2280716284753212e-19,-3148.541932483016
0.000555,555.0,10.553354674276923,10.559350387245674,-0.9799450035909664,3.4569767072145806e-14,-1.2280717577222919e-19,-3150.649612754328
0.00055525,555.25,10.55124936991001,10.5572421568221,-0.9794120691153574,3.457033836380493e-14,-1.2280713699813797e-19,-3152.7578431779007
0.0005555,555.5,10.549143513675544,10.555133376253867,-0.9788795364798779,3.4570909034315404e-14,-1.2280722747101747e-19,-3154.8666237461343
0.00055575,555.75,10.54703710558293,10.553024045548828,-0.9783474050694398,3.457147908448771e-14,-1.2280716284753212e-19,-3156.975954451174
0.000556,556.0,10.544930145641715,10.550914164714946,-0.9778156742792502,3.457204851511827e-14,-1.228073050191999e-19,-3159.085835285055
0.00055625,556.25,10.5428226338616,10.548803733760336,-0.9772843435049533,3.4572617327006985e-14,-1.228072145463204e-19,-3161.1962662396654
0.0005565,556.5,10.540714570252439,10.54669275269328,-0.9767534121335486,3.457318552096084e-14,-1.2280727916980576e-19,-3163.3072473067205
0.00055675,556.75,10.538605954824234,10.544581221522222,-0.976222879556152,3.4573753097784444e-14,-1.2280735671798818e-19,-3165.4187784777796
0.000557,557.0,10.536496787587128,10.542469140255749,-0.9756927451729914,3.457432005826836e-14,-1.2280735671798818e-19,-3167.530859744252
0.00055725,557.25,10.534387068551425,10.540356508902574,-0.975163008385476,3.457488640320667e-14,-1.2280731794389697e-19,-3169.6434910974262
0.0005575,557.5,10.532276797727576,10.53824332747153,-0.9746336685877791,3.457545213340051e-14,-1.2280727916980576e-19,-3171.75667252847
0.00055775,557.75,10.530165975126184,10.536129595971692,-0.9741047251753439,3.457601724964866e-14,-1.2280720162162333e-19,-3173.8704040283087
0.000558,558.0,10.528054600757995,10.534015314412255,-0.9735761775531246,3.4576581752735903e-14,-1.2280714992283504e-19,-3175.9846855877468
0.00055825,558.25,10.525942674633907,10.531900482802543,-0.9730480251267455,3.457714564345053e-14,-1.2280717577222919e-19,-3178.0995171974587
0.0005585,558.5,10.52383019676497,10.529785101152072,-0.9725202672939289,3.457770892258791e-14,-1.228072145463204e-19,-3180.2148988479285
0.00055875,558.75,10.521717167162384,10.527669169470496,-0.9719929034565468,3.4578271590941016e-14,-1.2280725332041161e-19,-3182.330830529505
0.000559,559.0,10.519603585837489,10.525552687767604,-0.9714659330249898,3.4578833649288936e-14,-1.2280726624510868e-19,-3184.447312232397
0.00055925,559.25,10.517489452801788,10.523435656053335,-0.9709393554100083,3.457939509841423e-14,-1.2280727916980576e-19,-3186.5643439466653
0.0005595,559.5,10.51537476806692,10.521318074337808,-0.9704131700141062,3.457995593910654e-14,-1.228072145463204e-19,-3188.6819256621925
0.00055975,559.75,10.513259531644682,10.519199942631284,-0.9698873762443742,3.45805161721531e-14,-1.2280722747101747e-19,-3190.8000573687164
0.00056,560.0,10.51114374354702,10.517081260944138,-0.9693619735169552,3.458107579832735e-14,-1.228072145463204e-19,-3192.9187390558627
0.00056025,560.25,10.509027403786018,10.514962029286917,-0.9688369612470425,3.458163481840619e-14,-1.2280727916980576e-19,-3195.037970713085
0.0005605,560.5,10.506910512373922,10.512842247670426,-0.9683123388397895,3.458219323317355e-14,-1.2280722747101747e-19,-3197.157752329576
0.00056075,560.75,10.50479306932312,10.510721916105501,-0.9677881057083176,3.458275104341104e-14,-1.2280724039571454e-19,-3199.2780838945
0.000561,561.0,10.502675074646147,10.508601034603133,-0.9672642612735388,3.4583308249886466e-14,-1.2280735671798818e-19,-3201.398965396868
0.00056125,561.25,10.500556528355691,10.506479603174474,-0.9667408049560978,3.458386485337111e-14,-1.228073437932911e-19,-3203.5203968255255
0.0005615,561.5,10.498437430464588,10.50435762183086,-0.966217736168317,3.45844208546433e-14,-1.228073050191999e-19,-3205.642378169142
0.00056175,561.75,10.49631778098582,10.502235090583762,-0.9656950543269969,3.4584976254479015e-14,-1.2280738256738232e-19,-3207.7649094162393
0.000562,562.0,10.494197579932514,10.500112009444766,-0.9651727588583034,3.458553105364053e-14,-1.228073437932911e-19,-3209.8879905552335
0.00056225,562.25,10.492076827317954,10.497988378425633,-0.9646508491872952,3.458608525289356e-14,-1.2280727916980576e-19,-3212.011621574367
0.0005625,562.5,10.489955523155567,10.495864197538381,-0.9641293247287136,3.458663885301086e-14,-1.2280726624510868e-19,-3214.135802461619
0.00056275,562.75,10.487833667458919,10.493739466795054,-0.9636081849053548,3.458719185476285e-14,-1.2280742134147354e-19,-3216.260533204947
0.000563,563.0,10.485711260241747,10.491614186207851,-0.9630874291479344,3.458774425890631e-14,-1.2280736964268525e-19,-3218.3858137921493
0.00056325,563.25,10.483588301517912,10.48948835578914,-0.9625670568867745,3.4588296066201445e-14,-1.2280733086859404e-19,-3220.5116442108615
0.0005635,563.5,10.48146479130144,10.487361975551458,-0.962047067543817,3.4588847277415496e-14,-1.2280720162162333e-19,-3222.638024448543
0.00056375,563.75,10.479340729606491,10.485235045507483,-0.9615274605453321,3.458939789331339e-14,-1.2280726624510868e-19,-3224.764954492517
0.000564,564.0,10.477216116447378,10.483107565670046,-0.9610082353262643,3.458994791464645e-14,-1.2280726624510868e-19,-3226.8924343299545
0.00056425,564.25,10.475090951838569,10.480979536052107,-0.9604893913216619,3.459049734216944e-14,-1.2280720162162333e-19,-3229.0204639478943
0.0005645,564.5,10.472965235794668,10.478850956666804,-0.9599709279582956,3.459104617664412e-14,-1.2280718869692626e-19,-3231.149043333197
0.00056475,564.75,10.47083896833043,10.476721827527426,-0.9594528446670517,3.4591594418829994e-14,-1.228073954920794e-19,-3233.278172472576
0.000565,565.0,10.46871214946076,10.474592148647394,-0.958935140887819,3.4592142069472973e-14,-1.2280736964268525e-19,-3235.4078513526074
0.00056525,565.25,10.466584779200716,10.472461920040269,-0.9584178160604677,3.4592689129322414e-14,-1.2280724039571454e-19,-3237.538079959732
0.0005655,565.5,10.464456857565487,10.470331141719798,-0.957900869616227,3.4593235599134694e-14,-1.2280720162162333e-19,-3239.6688582802026
0.00056575,565.75,10.46232838457042,10.468199813699869,-0.9573843009908476,3.45937814796639e-14,-1.2280716284753212e-19,-3241.800186300133
0.000566,566.0,10.460199360231005,10.466067935994493,-0.9568681096286211,3.459432677165061e-14,-1.2280722747101747e-19,-3243.932064005508
0.00056625,566.25,10.458069784562884,10.463935508617842,-0.9563522949739024,3.459487147583883e-14,-1.2280717577222919e-19,-3246.0644913821584
0.0005665,566.5,10.45593965758184,10.46180253158426,-0.9558368564629605,3.4595415592979565e-14,-1.2280718869692626e-19,-3248.197468415741
0.00056675,566.75,10.45380897930381,10.459669004908232,-0.955321793535896,3.459595912382159e-14,-1.2280729209450283e-19,-3250.330995091769
0.000567,567.0,10.451677749744865,10.4575349286044,-0.9548071056409901,3.459650206910015e-14,-1.2280731794389697e-19,-3252.4650713956016
0.00056725,567.25,10.449545968921235,10.455400302687524,-0.9542927922277895,3.459704442955398e-14,-1.2280720162162333e-19,-3254.5996973124775
0.0005675,567.5,10.447413636849294,10.453265127172472,-0.9537788527392599,3.4597586205928786e-14,-1.2280716284753212e-19,-3256.73487282753
0.00056775,567.75,10.445280753545557,10.451129402074356,-0.9532652866188653,3.459812739896802e-14,-1.228071240734409e-19,-3258.8705979256447
0.000568,568.0,10.443147319026687,10.448993127408409,-0.952752093319943,3.459866800940173e-14,-1.2280705944995555e-19,-3261.0068725915917
0.00056825,568.25,10.441013333309499,10.446856303189987,-0.9522392722961781,3.459920803796338e-14,-1.228070852993497e-19,-3263.143696810013
0.0005685,568.5,10.438878796410947,10.444718929434627,-0.9517268229927119,3.4599747485393404e-14,-1.2280714992283504e-19,-3265.2810705653733
0.00056875,568.75,10.436743708348137,10.442581006158006,-0.9512147448592534,3.4600286352430044e-14,-1.2280720162162333e-19,-3267.418993841995
0.000569,569.0,10.434608069138315,10.44044253337591,-0.9507030373546623,3.460082463979812e-14,-1.228073437932911e-19,-3269.557466624092
0.00056925,569.25,10.432471878798882,10.438303511104294,-0.9501916999365491,3.4601362348225935e-14,-1.2280725332041161e-19,-3271.6964888957064
0.0005695,569.5,10.430335137347374,10.43616393935937,-0.9496807320524914,3.460189947844871e-14,-1.2280714992283504e-19,-3273.8360606406313
0.00056975,569.75,10.428197844801478,10.434023818157375,-0.9491701331576644,3.460243603119948e-14,-1.228070852993497e-19,-3275.976181842627
0.00057,570.0,10.426060001179028,10.4318831475147,-0.9486599027154058,3.460297200719794e-14,-1.2280709822404676e-19,-3278.1168524853006
0.00057025,570.25,10.423921606498,10.42974192744789,-0.9481500401884342,3.4603507407167216e-14,-1.2280717577222919e-19,-3280.2580725521107
0.0005705,570.5,10.421782660776522,10.427600157973677,-0.94764054503074,3.4604042231837394e-14,-1.2280716284753212e-19,-3282.3998420263233
0.00057075,570.75,10.41964316403286,10.425457839108928,-0.9471314167008802,3.460457648193638e-14,-1.228073437932911e-19,-3284.542160891073
0.000571,571.0,10.417503116285427,10.423314970870635,-0.9466226546657303,3.460511015817874e-14,-1.228075247390501e-19,-3286.685029129366
0.00057125,571.25,10.415362517552792,10.421171553275943,-0.9461142583921535,3.460564326128254e-14,-1.2280738256738232e-19,-3288.828446724058
0.0005715,571.5,10.413221367853653,10.419027586342173,-0.9456062273392171,3.460617579197273e-14,-1.2280725332041161e-19,-3290.972413657828
0.00057175,571.75,10.411079667206861,10.416883070086781,-0.9450985609698861,3.4606707750972134e-14,-1.2280735671798818e-19,-3293.11692991322
0.000572,572.0,10.408937415631412,10.414738004527358,-0.9445912587553765,3.460723913899029e-14,-1.2280746011556475e-19,-3295.2619954726424
0.00057225,572.25,10.406794613146449,10.412592389681636,-0.944084320167017,3.460776995674018e-14,-1.2280740841677647e-19,-3297.4076103183643
0.0005725,572.5,10.404651259771258,10.410446225567531,-0.9435777446679913,3.4608300204941734e-14,-1.2280729209450283e-19,-3299.5537744324706
0.00057275,572.75,10.402507355525266,10.40829951220309,-0.9430715317252766,3.460882988431269e-14,-1.2280727916980576e-19,-3301.7004877969102
0.000573,573.0,10.400362900428048,10.406152249606524,-0.9425656808139892,3.46093589955576e-14,-1.228073437932911e-19,-3303.847750393477
0.00057325,573.25,10.398217894499332,10.404004437796146,-0.9420601914103434,3.460988753938446e-14,-1.2280731794389697e-19,-3305.9955622038547
0.0005735,573.5,10.396072337758975,10.401856076790386,-0.9415550629840437,3.461041551650817e-14,-1.2280731794389697e-19,-3308.1439232096145
0.00057375,573.75,10.393926230226988,10.399707166607913,-0.9410502950055718,3.461094292764149e-14,-1.2280717577222919e-19,-3310.292833392089
0.000574,574.0,10.39177957192353,10.39755770726748,-0.9405458869551896,3.4611469773484016e-14,-1.2280709822404676e-19,-3312.442292732522
0.00057425,574.25,10.389632362868893,10.395407698788006,-0.9400418383123706,3.461199605473879e-14,-1.228073437932911e-19,-3314.5923012119956
0.0005745,574.5,10.387484603083525,10.393257141188654,-0.9395381485467778,3.461252177211574e-14,-1.2280727916980576e-19,-3316.7428588113467
0.00057475,574.75,10.38533629258801,10.391106034488622,-0.9390348171358432,3.4613046926322674e-14,-1.2280731794389697e-19,-3318.893965511378
0.000575,575.0,10.38318743140308,10.388954378707218,-0.9385318435649647,3.461357151805429e-14,-1.2280736964268525e-19,-3321.0456212927825
0.00057525,575.25,10.381038019549612,10.386802173863948,-0.9380292273178824,3.461409554800872e-14,-1.2280742134147354e-19,-3323.1978261360523
0.0005755,575.5,10.378888057048627,10.38464941997857,-0.9375269678683901,3.4614619016890975e-14,-1.2280735671798818e-19,-3325.3505800214302
0.00057575,575.75,10.376737543921285,10.382496117070865,-0.937025064697691,3.461514192540396e-14,-1.2280735671798818e-19,-3327.503882929136
0.000576,576.0,10.374586480188897,10.380342265160783,-0.9365235172940392,3.4615664274237503e-14,-1.228073954920794e-19,-3329.657734839217
0.00057625,576.25,10.372434865872911,10.378187864268412,-0.9360223251463171,3.461618606408488e-14,-1.2280727916980576e-19,-3331.812135731589
0.0005765,576.5,10.370282700994927,10.376032914413939,-0.935521487737013,3.461670729564624e-14,-1.2280731794389697e-19,-3333.9670855860627
0.00057675,576.75,10.368129985576681,10.373877415617802,-0.9350210045487674,3.461722796961962e-14,-1.228073437932911e-19,-3336.1225843822
0.000577,577.0,10.365976719640058,10.371721367900566,-0.9345208750733011,3.461774808669004e-14,-1.2280731794389697e-19,-3338.278632099434
0.00057725,577.25,10.36382290320708,10.369564771282903,-0.9340210988037468,3.4618267647545964e-14,-1.2280729209450283e-19,-3340.4352287170987
0.0005775,577.5,10.361668536299923,10.367407625785578,-0.9335216752266562,3.461878665288271e-14,-1.228073437932911e-19,-3342.5923742144237
0.00057775,577.75,10.359513618940898,10.365249931429611,-0.9330226038295372,3.4619305103393507e-14,-1.228074859649589e-19,-3344.750068570391
0.000578,578.0,10.357358151152463,10.363091688236105,-0.9325238841091796,3.4619822999758604e-14,-1.2280749888965597e-19,-3346.908311763895
0.00057825,578.25,10.355202132957213,10.36093289622632,-0.9320255155616441,3.46203403426617e-14,-1.228073954920794e-19,-3349.06710377368
0.0005785,578.5,10.353045564377894,10.358773555421758,-0.9315274976736578,3.462085713279333e-14,-1.2280746011556475e-19,-3351.226444578243
0.00057875,578.75,10.350888445437398,10.356613665843957,-0.9310298299390801,3.462137337084195e-14,-1.2280747304026182e-19,-3353.3863341560436
0.000579,579.0,10.348730776158748,10.354453227514599,-0.9305325118592418,3.4621889057483085e-14,-1.2280744719086768e-19,-3355.5467724854025
0.00057925,579.25,10.346572556565121,10.352292240455515,-0.9300355429349687,3.4622404193395705e-14,-1.2280740841677647e-19,-3357.7077595444853
0.0005795,579.5,10.344413786679825,10.350130704688725,-0.9295389226588465,3.462291877926561e-14,-1.2280746011556475e-19,-3359.869295311276
0.00057975,579.75,10.34225446652633,10.34796862023637,-0.9290426505277297,3.462343281577654e-14,-1.2280760228723253e-19,-3362.0313797636295
0.00058,580.0,10.340094596128228,10.345805987120707,-0.9285467260472446,3.4623946303599346e-14,-1.228076669107179e-19,-3364.194012879293
0.00058025,580.25,10.337934175509268,10.343642805364155,-0.9280511487216946,3.46244592434083e-14,-1.2280756351314132e-19,-3366.3571946358466
0.0005805,580.5,10.335773204693334,10.341479074989385,-0.9275559180456511,3.462497163588452e-14,-1.2280756351314132e-19,-3368.5209250106154
0.00058075,580.75,10.333611683704456,10.339314796019096,-0.9270610335212067,3.462548348170706e-14,-1.228075764378384e-19,-3370.6852039809046
0.000581,581.0,10.331449612566807,10.337149968476128,-0.9265664946575336,3.462599478154213e-14,-1.228075247390501e-19,-3372.850031523872
0.00058125,581.25,10.3292869913047,10.334984592383485,-0.9260723009633272,3.462650553605938e-14,-1.2280755058844425e-19,-3375.0154076165168
0.0005815,581.5,10.327123819942594,10.332818667764336,-0.9255784519395017,3.462701574593527e-14,-1.2280764106132375e-19,-3377.181332235665
0.00058175,581.75,10.324960098505088,10.330652194641996,-0.9250849470903105,3.46275254118442e-14,-1.228077056848091e-19,-3379.3478053580047
0.000582,582.0,10.32279582701692,10.328485173039931,-0.9245917859282548,3.4628034534447824e-14,-1.228077056848091e-19,-3381.5148269600704
0.00058225,582.25,10.320631005502975,10.326317602981712,-0.9240989679667011,3.462854311441117e-14,-1.2280762813662668e-19,-3383.682397018288
0.0005825,582.5,10.31846563398828,10.324149484491018,-0.9236064927121861,3.4629051152406084e-14,-1.2280758936253546e-19,-3385.8505155089824
0.00058275,582.75,10.316299712498,10.321980817591767,-0.9231143596721038,3.462955864910242e-14,-1.2280771860950617e-19,-3388.0191824082344
0.000583,583.0,10.31413324105745,10.319811602307992,-0.9226225683627176,3.4630065605157226e-14,-1.228077961576886e-19,-3390.1883976920085
0.00058325,583.25,10.311966219692074,10.317641838663851,-0.9221311183005433,3.4630572021231015e-14,-1.2280771860950617e-19,-3392.3581613361494
0.0005835,583.5,10.309798648427472,10.315471526683673,-0.9216400089944885,3.4631077897991066e-14,-1.2280769276011203e-19,-3394.5284733163285
0.00058375,583.75,10.307630527289376,10.313300666391926,-0.9211492399567426,3.463158323610266e-14,-1.2280773153420325e-19,-3396.699333608075
0.000584,584.0,10.305461856303667,10.311129257813226,-0.9206588107074803,3.463208803621836e-14,-1.2280773153420325e-19,-3398.8707421867757
0.00058425,584.25,10.303292635496357,10.308957300972308,-0.9201687207678044,3.463259229899414e-14,-1.2280774445890032e-19,-3401.0426990276937
0.0005845,584.5,10.301122864893614,10.306784795893993,-0.919678969652219,3.463309602509278e-14,-1.2280771860950617e-19,-3403.215204106008
0.00058475,584.75,10.29895254452173,10.304611742603356,-0.9191895568761446,3.4633599215175054e-14,-1.228078866305681e-19,-3405.388257396645
0.000585,585.0,10.29678167440716,10.302438141125556,-0.9187004819641933,3.4634101869889043e-14,-1.2280789955526517e-19,-3407.561858874445
0.00058525,585.25,10.294610254576478,10.3002639914859,-0.9182117444401228,3.463460398988628e-14,-1.2280784785647689e-19,-3409.7360085141
0.0005855,585.5,10.292438285056416,10.298089293709952,-0.9177233438184469,3.4635105575825025e-14,-1.228077573835974e-19,-3411.9107062900484
0.00058575,585.75,10.290265765873839,10.295914047823292,-0.9172352796207276,3.4635606628361613e-14,-1.228077961576886e-19,-3414.0859521767097
0.000586,586.0,10.288092697055752,10.293738253851641,-0.9167475513756345,3.463610714813969e-14,-1.2280789955526517e-19,-3416.26174614836
0.00058625,586.25,10.28591907862931,10.291561911820889,-0.9162601586113113,3.4636607135806346e-14,-1.2280789955526517e-19,-3418.438088179113
0.0005865,586.5,10.2837449106218,10.289385021757084,-0.9157731008479727,3.463710659201544e-14,-1.2280791247996224e-19,-3420.614978242917
0.00058675,586.75,10.281570193060658,10.287207583686422,-0.91528637760968,3.463760551741884e-14,-1.2280787370587103e-19,-3422.7924163135785
0.000587,587.0,10.279394925973454,10.285029597635216,-0.91479998842846,3.463810391265583e-14,-1.2280786078117396e-19,-3424.970402364785
0.00058725,587.25,10.277219109387895,10.282851063629918,-0.9143139328361698,3.463860177836911e-14,-1.2280784785647689e-19,-3427.1489363700825
0.0005875,587.5,10.275042743331843,10.280671981697159,-0.9138282103569113,3.463909911520814e-14,-1.2280787370587103e-19,-3429.3280183028414
0.00058775,587.75,10.27286582783329,10.278492351863704,-0.9133428205187311,3.4639595923820385e-14,-1.2280791247996224e-19,-3431.5076481362958
0.000588,588.0,10.270688362920371,10.276312174156434,-0.9128577628569807,3.464009220484081e-14,-1.2280799002814467e-19,-3433.687825843566
0.00058825,588.25,10.26851034862136,10.27413144860238,-0.9123730369070646,3.464058795890776e-14,-1.2280791247996224e-19,-3435.8685513976197
0.0005885,588.5,10.266331784964676,10.271950175228739,-0.9118886421972233,3.464108318666632e-14,-1.2280787370587103e-19,-3438.0498247712617
0.00058875,588.75,10.264152671978877,10.269768354062846,-0.9114045782591244,3.464157788875964e-14,-1.2280780908238567e-19,-3440.2316459371555
0.000589,589.0,10.261973009692657,10.26758598513216,-0.9109208446319436,3.4642072065818355e-14,-1.2280778323299153e-19,-3442.4140148678416
0.00058925,589.25,10.259792798134852,10.265403068464272,-0.9104374408549027,3.464256571847651e-14,-1.228077961576886e-19,-3444.596931535729
0.0005895,589.5,10.257612037334443,10.263219604086963,-0.9099543664596258,3.4643058847374874e-14,-1.2280786078117396e-19,-3446.780395913038
0.00058975,589.75,10.25543072732055,10.261035592028126,-0.9094716209813543,3.464355145315229e-14,-1.2280804172693295e-19,-3448.964407971874
0.00059,590.0,10.253248868122427,10.258851032315798,-0.9089892039631365,3.464404353643511e-14,-1.228080158775388e-19,-3451.148967684203
0.00059025,590.25,10.251066459769476,10.25666592497814,-0.9085071149478856,3.4644535097853136e-14,-1.2280791247996224e-19,-3453.33407502186
0.0005905,590.5,10.24888350229123,10.254480270043494,-0.9080253534707852,3.464502613804285e-14,-1.2280780908238567e-19,-3455.519729956507
0.00059075,590.75,10.246699995717371,10.25229406754033,-0.907543919070669,3.46455166576388e-14,-1.2280789955526517e-19,-3457.7059324596703
0.000591,591.0,10.244515940077713,10.250107317497246,-0.9070628112943112,3.464600665726316e-14,-1.2280802880223588e-19,-3459.892682502754
0.00059125,591.25,10.242331335402222,10.247920019942981,-0.9065820296882655,3.464649613754147e-14,-1.2280789955526517e-19,-3462.07998005702
0.0005915,591.5,10.240146181720984,10.245732174906438,-0.9061015737912756,3.4646985099105974e-14,-1.2280791247996224e-19,-3464.267825093562
0.00059175,591.75,10.237960479064245,10.24354378241666,-0.9056214431459073,3.4647473542587016e-14,-1.2280808050102417e-19,-3466.456217583341
0.000592,592.0,10.23577422746238,10.241354842502808,-0.9051416373023207,3.464796146860255e-14,-1.2280805465163002e-19,-3468.6451574971916
0.00059225,592.25,10.233587426945904,10.239165355194189,-0.9046621558105382,3.464844887777394e-14,-1.2280793832935638e-19,-3470.834644805812
0.0005925,592.5,10.231400077545471,10.236975320520271,-0.9041829982131865,3.4648935770729226e-14,-1.2280784785647689e-19,-3473.02467947973
0.00059275,592.75,10.22921217929188,10.234784738510664,-0.9037041640564436,3.464942214809455e-14,-1.2280792540465931e-19,-3475.215261489338
0.000593,593.0,10.22702373221606,10.23259360919507,-0.9032256528949599,3.4649908010483734e-14,-1.2280784785647689e-19,-3477.4063908049297
0.00059325,593.25,10.22483473634909,10.230401932603362,-0.90274746428202,3.465039335851398e-14,-1.2280789955526517e-19,-3479.5980673966387
0.0005935,593.5,10.22264519172218,10.228209708765656,-0.9022695977612385,3.4650878192809175e-14,-1.2280791247996224e-19,-3481.790291234346
0.00059375,593.75,10.220455098366685,10.226016937712085,-0.9017920528837557,3.4651362513991294e-14,-1.228079771034476e-19,-3483.983062287916
0.000594,594.0,10.218264456314094,10.223823619472908,-0.9013148292079628,3.465184632267005e-14,-1.2280787370587103e-19,-3486.1763805270934
0.00059425,594.25,10.21607326559604,10.221629754078563,-0.9008379262904779,3.465232961945853e-14,-1.2280786078117396e-19,-3488.370245921437
0.0005945,594.5,10.213881526244286,10.219435341559732,-0.9003613436788094,3.465281240497648e-14,-1.2280793832935638e-19,-3490.564658440269
0.00059475,594.75,10.211689238290747,10.217240381947114,-0.8998850809274368,3.4653294679841795e-14,-1.2280796417875053e-19,-3492.7596180528867
0.000595,595.0,10.209496401767467,10.215044875271559,-0.8994091375974355,3.465377644466007e-14,-1.2280799002814467e-19,-3494.955124728442
0.00059525,595.25,10.207303016706632,10.212848821564064,-0.8989335132493579,3.465425770004034e-14,-1.2280791247996224e-19,-3497.1511784359373
0.0005955,595.5,10.205109083140567,10.210652220855794,-0.8984582074363294,3.465473844659825e-14,-1.228079771034476e-19,-3499.347779144208
0.00059575,595.75,10.202914601101734,10.208455073178053,-0.8979832197148333,3.465521868494762e-14,-1.2280780908238567e-19,-3501.544926821949
0.000596,596.0,10.200719570622738,10.206257378562265,-0.897508549649299,3.465569841569002e-14,-1.2280773153420325e-19,-3503.742621437736
0.00059625,596.25,10.198523991736316,10.20405913703999,-0.8970341968038694,3.465617763943042e-14,-1.2280787370587103e-19,-3505.940862960012
0.0005965,596.5,10.196327864475348,10.201860348642953,-0.8965601607348109,3.4656656356780435e-14,-1.2280809342572124e-19,-3508.1396513570485
0.00059675,596.75,10.194131188872854,10.199661013403022,-0.8960864410024313,3.465713456834982e-14,-1.2280808050102417e-19,-3510.3389865969784
0.000597,597.0,10.191933964961985,10.197461131352153,-0.8956130371749755,3.4657612274736154e-14,-1.2280813219981245e-19,-3512.5388686478486
0.00059725,597.25,10.189736192776037,10.195260702522475,-0.8951399488193557,3.4658089476540413e-14,-1.2280808050102417e-19,-3514.739297477526
0.0005975,597.5,10.18753787234844,10.19305972694635,-0.8946671754935588,3.465856617437017e-14,-1.228080675763271e-19,-3516.9402730536503
0.00059775,597.75,10.185339003712768,10.190858204656175,-0.8941947167628206,3.46590423688312e-14,-1.228081968232978e-19,-3519.141795343826
0.000598,598.0,10.183139586902726,10.188656135684449,-0.8937225721987021,3.46595180605171e-14,-1.228082872961773e-19,-3521.3438643155523
0.00059825,598.25,10.180939621952165,10.18645352006386,-0.8932507413713352,3.465999325002488e-14,-1.2280811927511538e-19,-3523.5464799361407
0.0005985,598.5,10.178739108895066,10.184250357827336,-0.8927792238424518,3.466046793795813e-14,-1.228081063504183e-19,-3525.7496421726655
0.00059875,598.75,10.17653804776555,10.182046649007827,-0.892308019180547,3.466094212491865e-14,-1.2280811927511538e-19,-3527.953350992175
0.000599,599.0,10.174336438597877,10.179842393638395,-0.8918371269606732,3.466141581149612e-14,-1.2280827437148023e-19,-3530.157606361606
0.00059925,599.25,10.172134281426452,10.17763759175229,-0.8913665467564331,3.4661888998283604e-14,-1.2280822267269195e-19,-3532.36240824771
0.0005995,599.5,10.169931576285801,10.175432243383003,-0.8908962781322096,3.466236168588076e-14,-1.228081063504183e-19,-3534.567756616998
0.00059975,599.75,10.167728323210602,10.173226348564027,-0.8904263206619115,3.4662833874883545e-14,-1.228081968232978e-19,-3536.773651435973
0.0006,600.0,10.165524522235668,10.171019907329022,-0.8899566739217953,3.466330556587866e-14,-1.2280805465163002e-19,-3538.9800926709795
