t_s,x1_um,x2_um,Vout_mV
0.39738405517185205,13.70399317031304,13.7106512483227,-0.013998847515398864
0.39738425517185205,13.703991193444669,13.71065051417458,-0.01403044102256209
0.39738445517185206,13.703989212826338,13.710649778346813,-0.01406210660535018
0.39738465517185206,13.70398722845503,13.710649040835577,-0.01409384419597305
0.39738485517185207,13.703985240327794,13.710648301636947,-0.014125653801352207
0.397385055171852,13.703983248441755,13.710647560747294,-0.014157535123693065
0.397385255171852,13.703981252794097,13.710646818163768,-0.014189486951196685
0.39738545517185203,13.703979253382087,13.710646073882813,-0.014221509019683736
0.39738565517185204,13.703977250203058,13.710645327900929,-0.014253601096032633
0.39738585517185204,13.703975243254419,13.710644580214522,-0.014285763024261032
0.39738605517185205,13.703973232533649,13.710643830819896,-0.014317994725525805
0.39738625517185205,13.703971218038296,13.710643079713247,-0.014350296198123048
0.39738645517185206,13.703969199765982,13.710642326890824,-0.014382667380959141
0.39738665517185207,13.703967177714395,13.710641572349948,-0.014415107012318407
0.39738685517185207,13.703965151881297,13.710640816087206,-0.014447614713882112
0.397387055171852,13.703963122264522,13.710640058099234,-0.014480190236482728
0.397387255171852,13.703961088861979,13.710639298382562,-0.014512833410679389
0.39738745517185203,13.70395905167164,13.710638536933613,-0.014545544146703636
0.39738765517185204,13.70395701069155,13.710637773748706,-0.014578322434495578
0.39738785517185204,13.703954965919836,13.710637008824065,-0.014611168343694846
0.39738805517185205,13.703952917354675,13.710636242157024,-0.014644080776133944
0.39738825517185206,13.70395086499433,13.710635473744382,-0.014677059125015785
0.39738845517185206,13.703948808837131,13.710634703582881,-0.01471010313995899
0.39738865517185207,13.703946748881476,13.710633931669186,-0.01474321263801795
0.3973888551718521,13.70394468512584,13.710633157999846,-0.01477638751842216
0.397389055171852,13.703942617568764,13.710632382571301,-0.014809627762566968
0.39738925517185203,13.703940546208857,13.710631605379879,-0.014842933434050513
0.39738945517185204,13.703938471044808,13.710630826422593,-0.01487630390283392
0.39738965517185204,13.703936392075361,13.710630045696721,-0.014909738125636661
0.39738985517185205,13.703934309299344,13.710629263199035,-0.014943235898054623
0.39739005517185205,13.703932222715647,13.710628478926328,-0.01497679702333945
0.39739025517185206,13.703930132323235,13.710627692875269,-0.015010421389564904
0.39739045517185206,13.703928038121138,13.71062690504242,-0.015044108969626864
0.39739065517185207,13.703925940108466,13.710626115424223,-0.015077859821243333
0.397390855171852,13.703923838284389,13.710625324017442,-0.015111673678245998
0.397391055171852,13.703921732648148,13.710624530819699,-0.015145549258256097
0.39739125517185203,13.703919623199052,13.710623735827827,-0.01517948631734469
0.39739145517185204,13.703917509936485,13.710622939038752,-0.015213484644590672
0.39739165517185204,13.7039153928599,13.710622140449262,-0.015247544116548122
0.39739185517185205,13.703913271968819,13.710621340056036,-0.015281664697246278
0.39739205517185205,13.703911147262827,13.71062053785564,-0.015315846438189564
0.39739225517185206,13.703909018741593,13.710619733844673,-0.015350089334425325
0.39739245517185207,13.703906886404832,13.710618928020937,-0.015384392056296391
0.39739265517185207,13.703904750252347,13.710618120381394,-0.015418754239181182
0.397392855171852,13.703902610284006,13.710617310923084,-0.015453175657374021
0.397393055171852,13.703900466499743,13.710616499642926,-0.015487656175469648
0.39739325517185203,13.703898318899554,13.71061568653771,-0.015522195748305923
0.39739345517185204,13.70389616748352,13.710614871604108,-0.015556794421002015
0.39739365517185204,13.703894012251784,13.71061405483868,-0.01559145232894887
0.39739385517185205,13.70389185320455,13.7106132362392,-0.0156261683413484
0.39739405517185206,13.703889690342088,13.710612415802855,-0.015660941835105156
0.39739425517185206,13.703887523664754,13.710611593526789,-0.015695772590143688
0.39739445517185207,13.703885353172954,13.710610769408024,-0.015730660458748037
0.3973946551718521,13.703883178867171,13.710609943443485,-0.01576560538632186
0.397394855171852,13.703881000747955,13.710609115629945,-0.015800607411378727
0.39739505517185203,13.703878818815925,13.710608285964067,-0.015835666665581
0.39739525517185204,13.703876633071763,13.710607454443233,-0.015870782532713422
0.39739545517185204,13.703874443516217,13.71060662106515,-0.01590595392044742
0.39739565517185205,13.703872250150106,13.710605785826953,-0.015941180661170597
0.39739585517185205,13.703870052974317,13.710604948725798,-0.015976462594519528
0.39739605517185206,13.703867851989802,13.710604109758703,-0.016011799656096427
0.39739625517185206,13.70386564719758,13.71060326892256,-0.01604719187746916
0.39739645517185207,13.703863438598738,13.710602426214136,-0.016082639386171223
0.397396655171852,13.70386122619443,13.710601581630522,-0.016118141965891675
0.397396855171852,13.703859009985873,13.710600735169756,-0.016153698270971767
0.39739705517185203,13.70385678997435,13.710599886829035,-0.016189308093221135
0.39739725517185204,13.703854566161217,13.71059903660562,-0.016224971259322995
0.39739745517185204,13.703852338547884,13.710598184496654,-0.016260687694879792
0.39739765517185205,13.703850107135843,13.710597330499128,-0.016296457424413196
0.39739785517185205,13.703847871926635,13.710596474609911,-0.016332280571364113
0.39739805517185206,13.703845632921883,13.710595616825897,-0.016368157196691206
0.39739825517185207,13.703843390123264,13.710594757145294,-0.016404085923119968
0.39739845517185207,13.703841143532518,13.710593895565394,-0.0164400664610061
0.397398655171852,13.703838893151456,13.710593032083565,-0.016476098614482557
0.39739885517185203,13.703836638981958,13.710592166697003,-0.016512182315883264
0.39739905517185203,13.703834381025956,13.710591299402747,-0.016548317625683123
0.39739925517185204,13.703832119285464,13.71059043019769,-0.016584504732538013
0.39739945517185205,13.703829853762542,13.710589559079294,-0.01662074320078186
0.39739965517185205,13.70382758445933,13.710588686045458,-0.01665703200063992
0.39739985517185206,13.703825311378019,13.710587811093584,-0.016693370963442568
0.39740005517185206,13.70382303452087,13.710586934221007,-0.016729759967188913
0.39740025517185207,13.703820753890207,13.710586055424917,-0.016766199021280345
0.3974004551718521,13.703818469488423,13.710585174702336,-0.016802688266520552
0.397400655171852,13.703816181317972,13.710584292050221,-0.0168392278703766
0.39740085517185203,13.703813889381358,13.710583407466753,-0.01687581664436063
0.39740105517185204,13.703811593681166,13.710582520949409,-0.016912454224440796
0.39740125517185204,13.703809294220033,13.710581632495686,-0.01694914043182651
0.39740145517185205,13.703806991000667,13.710580742102904,-0.0169858752224848
0.39740165517185205,13.703804684025826,13.710579849768221,-0.017022658687140306
0.39740185517185206,13.703802373298345,13.710578955488623,-0.017059491051275313
0.39740205517185206,13.70380005882111,13.710578059261632,-0.017096371959869947
0.39740225517185207,13.703797740597077,13.71057716108534,-0.017133300331338235
0.397402455171852,13.703795418629253,13.710576260957232,-0.01717027601781912
0.397402655171852,13.703793092920717,13.710575358874785,-0.017207298919422426
0.39740285517185203,13.703790763474606,13.710574454835283,-0.017244369074453987
0.39740305517185204,13.703788430294114,13.710573548835848,-0.017281486659456648
0.39740325517185204,13.703786093382504,13.710572640873512,-0.017318651910587998
0.39740345517185205,13.703783752743092,13.710571730946569,-0.01735586364567228
0.39740365517185205,13.703781408379259,13.710570819052613,-0.017393121493835442
0.39740385517185206,13.703779060294444,13.710569905189251,-0.017430425297026608
0.39740405517185207,13.703776708492144,13.710568989353911,-0.017467775038999097
0.39740425517185207,13.703774352975922,13.71056807154384,-0.017505170845310423
0.397404455171852,13.703771993749399,13.710567151756111,-0.017542612983311893
0.39740465517185203,13.703769630816254,13.710566229988277,-0.01758010118549266
0.39740485517185203,13.70376726418022,13.710565306238584,-0.017617634324225136
0.39740505517185204,13.703764893845097,13.710564380504616,-0.017655212275091682
0.39740525517185205,13.703762519814742,13.71056345278393,-0.017692834964734762
0.39740545517185205,13.703760142093067,13.71056252307391,-0.017730502465198653
0.39740565517185206,13.703757760684045,13.710561591371754,-0.017768214993929485
0.39740585517185206,13.703755375591715,13.71056065767452,-0.0178059728610132
0.39740605517185207,13.703752986820154,13.710559721980614,-0.01784377489947213
0.3974062551718521,13.703750594373519,13.710558784287716,-0.01788162073309945
0.397406455171852,13.703748198256005,13.710557844593529,-0.01791951022890425
0.39740665517185203,13.703745798471877,13.710556902895556,-0.017957443403047953
0.39740685517185204,13.703743395025452,13.710555959191115,-0.017995420420781255
0.39740705517185204,13.703740987921108,13.710555013477334,-0.018033441596486156
0.39740725517185205,13.703738577163278,13.710554065751776,-0.01807150675681955
0.39740745517185205,13.703736162756444,13.710553116012814,-0.018109614733686788
0.39740765517185206,13.703733744705152,13.710552164258102,-0.018147765428505845
0.39740785517185206,13.703731323014004,13.710551210485272,-0.01818595879894399
0.39740805517185207,13.703728897687649,13.710550254691764,-0.01822419495549653
0.397408255171852,13.703726468730805,13.71054929687482,-0.018262474161476205
0.397408455171852,13.703724036148234,13.710548337031522,-0.01830079680577705
0.39740865517185203,13.703721599944759,13.710547375160342,-0.018339161745398576
0.39740885517185204,13.703719160125251,13.710546411259031,-0.018377568599630332
0.39740905517185204,13.70371671669464,13.710545445325343,-0.01841601726472756
0.39740925517185205,13.703714269657905,13.71054447735685,-0.018454507793676665
0.39740945517185206,13.703711819020093,13.710543507350902,-0.01849304039619521
0.39740965517185206,13.703709364786286,13.710542535304661,-0.018531615438731924
0.39740985517185207,13.703706906961639,13.710541561215674,-0.018570232848245088
0.3974100551718521,13.703704445551335,13.710540585082407,-0.018608891422279564
0.397410255171852,13.703701980560632,13.710539606902557,-0.01864759108985657
0.39741045517185203,13.703699511994827,13.710538626673799,-0.01868633184342405
0.39741065517185203,13.703697039859279,13.710537644393602,-0.01872511383623461
0.39741085517185204,13.703694564159392,13.710536660059239,-0.01876393738238847
0.39741105517185205,13.703692084900629,13.710535673667767,-0.01880280295453214
0.39741125517185205,13.703689602088494,13.710534685217697,-0.018841709443643752
0.39741145517185206,13.703687115728547,13.710533694706816,-0.018880656465787547
0.39741165517185206,13.703684625826401,13.710532702132925,-0.018919643950291047
0.39741185517185207,13.70368213238772,13.710531707493605,-0.018958671991307668
0.3974120551718521,13.703679635418212,13.710530710786227,-0.018997740847816715
0.397412255171852,13.703677134923645,13.710529712007945,-0.01903685094361251
0.39741245517185203,13.70367463090983,13.710528711156261,-0.019076002312841452
0.39741265517185204,13.703672123382624,13.710527708229705,-0.019115193724660036
0.39741285517185204,13.703669612347943,13.710526703225977,-0.019154425138035853
0.39741305517185205,13.703667097811744,13.71052569614277,-0.019193696584989955
0.39741325517185205,13.703664579780034,13.710524686977566,-0.019233008266635893
0.39741345517185206,13.703662058258871,13.7105236757276,-0.019272360553179737
0.39741365517185206,13.703659533254365,13.710522662389922,-0.019311753983920047
0.39741385517185207,13.703657004772664,13.710521646962968,-0.019351187559627243
0.397414055171852,13.70365447281997,13.710520629444607,-0.0193906608277706
0.397414255171852,13.703651937402526,13.710519609832613,-0.019430173777209334
0.39741445517185203,13.703649398526625,13.71051858812456,-0.019469726548128313
0.39741465517185204,13.703646856198612,13.710517564317799,-0.01950931945418327
0.39741485517185204,13.703644310424876,13.71051653840944,-0.019548952982489883
0.39741505517185205,13.703641761211847,13.710515510396899,-0.019588627281482855
0.39741525517185206,13.703639208566,13.710514480278738,-0.01962834109918617
0.39741545517185206,13.703636652493863,13.710513448052629,-0.019668094426871088
0.39741565517185207,13.703634093002002,13.710512413716248,-0.01970788734086274
0.3974158551718521,13.70363153009703,13.710511377267036,-0.019747720095411692
0.397416055171852,13.70362896378561,13.710510338702186,-0.019787593122682877
0.39741625517185203,13.70362639407444,13.710509298018684,-0.019827507032799858
0.39741645517185203,13.70362382097027,13.710508255214844,-0.019867460952290115
0.39741665517185204,13.703621244479885,13.71050721028859,-0.019907454357106395
0.39741685517185205,13.703618664610113,13.71050616323763,-0.0199474873019407
0.39741705517185205,13.70361608136784,13.710505114059497,-0.019987559978337448
0.39741725517185206,13.703613494759976,13.710504062751468,-0.020027672760495413
0.39741745517185206,13.703610904793484,13.710503009310594,-0.02006782620526781
0.39741765517185207,13.70360831147537,13.710501953734152,-0.020108020569978083
0.3974178551718521,13.70360571481267,13.710500896020688,-0.02014825462625562
0.397418055171852,13.703603114812474,13.710499836167804,-0.02018852842172035
0.39741825517185203,13.703600511481902,13.710498774173077,-0.020228842095787982
0.39741845517185204,13.703597904828124,13.710497710033792,-0.020269196014586436
0.39741865517185204,13.703595294858347,13.710496643746966,-0.020309590771000596
0.39741885517185205,13.703592681579815,13.710495575309947,-0.020350026530840833
0.39741905517185205,13.703590064999817,13.710494504721039,-0.020390502306626142
0.39741925517185206,13.703587445125676,13.710493431977829,-0.020431018170615853
0.39741945517185207,13.703584821964753,13.710492357077802,-0.02047157432371825
0.39741965517185207,13.703582195524453,13.71049128001815,-0.0205121711985838
0.397419855171852,13.70357956581222,13.710490200795778,-0.020552809459593917
0.397420055171852,13.70357693283553,13.71048911940823,-0.0205934890322664
0.39742025517185203,13.703574296601897,13.710488035853636,-0.020634209078752585
0.39742045517185204,13.703571657118879,13.710486950129534,-0.020674969732982974
0.39742065517185204,13.70356901439406,13.710485862233297,-0.020715771260196213
0.39742085517185205,13.703566368435066,13.710484772162014,-0.02075661416262084
0.39742105517185206,13.70356371924957,13.71048367991248,-0.020797499179475296
0.39742125517185206,13.703561066845262,13.710482585482461,-0.020838425924724627
0.39742145517185207,13.703558411229876,13.71048148886985,-0.02087939381236239
0.3974216551718521,13.703555752411186,13.710480390072126,-0.020920403007684493
0.397421855171852,13.703553090396989,13.710479289086551,-0.02096145384352569
0.39742205517185203,13.703550425195127,13.710478185910095,-0.021002546895182196
0.39742225517185203,13.703547756813471,13.71047708053942,-0.021043682980343318
0.39742245517185204,13.70354508525993,13.710475972972594,-0.02108486132189881
0.39742265517185205,13.703542410542438,13.710474863207152,-0.021126081702523315
0.39742285517185205,13.70353973266897,13.710473751240535,-0.021167344282596187
0.39742305517185206,13.703537051647524,13.710472637069888,-0.021208649466013654
0.39742325517185206,13.703534367486146,13.710471520692037,-0.021249997904613502
0.39742345517185207,13.7035316801929,13.710470402103617,-0.021291390385843042
0.3974236551718521,13.703528989775885,13.710469281302727,-0.02133282599020981
0.397423855171852,13.703526296243236,13.710468158286762,-0.021374304664256178
0.39742405517185203,13.703523599603104,13.710467033053032,-0.021415826633004537
0.39742425517185204,13.703520899863689,13.71046590559854,-0.021457392375089535
0.39742445517185204,13.703518197033212,13.710464775919972,-0.02149900262280411
0.39742465517185205,13.703515491119926,13.710463644013966,-0.02154065807937491
0.39742485517185205,13.703512782132108,13.710462509878587,-0.0215823577582765
0.39742505517185206,13.703510070078067,13.710461373511079,-0.021624101745238326
0.39742525517185207,13.703507354966144,13.710460234908624,-0.02166589033745108
0.39742545517185207,13.703504636804698,13.710459094068067,-0.021707724091789136
0.397425655171852,13.70350191560213,13.710457950985923,-0.0217496038247989
0.397425855171852,13.70349919136686,13.710456805658874,-0.02179153009844802
0.39742605517185203,13.703496464107332,13.710455658084882,-0.021833501934736013
0.39742625517185204,13.703493733832019,13.710454508261058,-0.0218755195418302
0.39742645517185204,13.70349100054942,13.710453356184415,-0.021917583293042903
0.39742665517185205,13.703488264268067,13.710452201851627,-0.021959693827327077
0.39742685517185206,13.703485524996504,13.71045104525903,-0.022001852049276283
0.39742705517185206,13.703482782743315,13.710449886403403,-0.022044058313799374
0.39742725517185207,13.703480037517092,13.71044872528252,-0.022086311740316795
0.3974274551718521,13.703477289326463,13.710447561893343,-0.02212861263667404
0.397427655171852,13.703474538180073,13.71044639623272,-0.022170961455914833
0.39742785517185203,13.703471784086599,13.71044522829713,-0.022213358923025568
0.39742805517185203,13.70346902705473,13.710444058082711,-0.022255806034864784
0.39742825517185204,13.70346626709319,13.71044288558639,-0.022298302865419926
0.39742845517185205,13.703463504210712,13.71044171080566,-0.022340848735219146
0.39742865517185205,13.703460738416053,13.710440533737355,-0.02238344402327461
0.39742885517185206,13.703457969718002,13.71043935437811,-0.02242608926648747
0.39742905517185206,13.703455198125354,13.710438172724212,-0.022468785280048423
0.39742925517185207,13.703452423646942,13.710436988771587,-0.02251153315743773
0.3974294551718521,13.703449646291604,13.710435802517361,-0.022554332607784618
0.397429655171852,13.703446866068202,13.710434613958636,-0.022597183272658177
0.39742985517185203,13.703444082985614,13.710433423092127,-0.022640085566728696
0.39743005517185204,13.703441297052747,13.71043222991425,-0.02268304011459744
0.39743025517185204,13.703438508278515,13.71043103442107,-0.022726047825840374
0.39743045517185205,13.703435716671859,13.710429836608304,-0.022769109877937645
0.39743065517185205,13.70343292224173,13.710428636473296,-0.022812225573021868
0.39743085517185206,13.703430124997105,13.710427434012693,-0.022855394960303844
0.39743105517185207,13.703427324946963,13.710426229223067,-0.02289861846433903
0.39743125517185207,13.703424522100311,13.710425022100607,-0.022941896801670945
0.397431455171852,13.703421716466174,13.710423812641139,-0.02298523098081917
0.397431655171852,13.703418908053585,13.710422600840273,-0.023028622138623715
0.39743185517185203,13.703416096871594,13.710421386695273,-0.02307206945460603
0.39743205517185204,13.703413282929263,13.710420170202557,-0.023115573152628886
0.39743225517185204,13.703410466235672,13.71041895135846,-0.02315913374664827
0.39743245517185205,13.703407646799912,13.710417730158925,-0.023202752049777925
0.39743265517185206,13.703404824631093,13.710416506599513,-0.02324642917428933
0.39743285517185206,13.703401999738333,13.71041528067577,-0.023290166158035298
0.39743305517185207,13.70339917213076,13.710414052384806,-0.023333962131136542
0.3974332551718521,13.70339634181752,13.7104128217228,-0.023377817478674782
0.397433455171852,13.703393508807757,13.710411588685831,-0.02342173280823891
0.39743365517185203,13.703390673110642,13.710410353269571,-0.02346570903411467
0.39743385517185204,13.703387834735352,13.710409115469298,-0.02350974737721158
0.39743405517185204,13.703384993691076,13.710407875280525,-0.023553848709423956
0.39743425517185205,13.703382149987002,13.710406632700138,-0.02359801220035067
0.39743445517185205,13.703379303632332,13.710405387724066,-0.023642238376946102
0.39743465517185206,13.703376454636283,13.710404140348105,-0.02368652794556703
0.39743485517185206,13.703373603008075,13.71040289056764,-0.0237308819267155
0.39743505517185207,13.703370748756937,13.71040163837764,-0.02377530165503886
0.3974352551718521,13.703367891892107,13.710400383773631,-0.023819787750127313
0.397435455171852,13.703365032422829,13.710399126752193,-0.023864339565926037
0.39743565517185203,13.703362170358345,13.710397867308977,-0.023908957761332707
0.39743585517185204,13.703359305707915,13.710396605439389,-0.02395364319907315
0.39743605517185204,13.703356438480798,13.710395341138373,-0.023998397120422576
0.39743625517185205,13.703353568686264,13.710394074400773,-0.024043220762495456
0.39743645517185205,13.703350696333576,13.710392805222867,-0.02408811358993689
0.39743665517185206,13.703347821432015,13.710391533600188,-0.02413307611859894
0.39743685517185207,13.703344943990855,13.710390259528042,-0.024178109163129
0.39743705517185207,13.703342064019376,13.710388983001245,-0.024223213924986994
0.397437255171852,13.70333918152687,13.710387704014208,-0.024268391928769777
0.397437455171852,13.703336296522613,13.710386422562847,-0.02431364287395945
0.39743765517185203,13.703333409015897,13.710385138642541,-0.024358967118790074
0.39743785517185204,13.703330519016008,13.710383852248468,-0.024404365427727615
0.39743805517185204,13.703327626532236,13.710382563375317,-0.024449838960707244
0.39743825517185205,13.703324731573876,13.71038127201728,-0.02449538927313337
0.39743845517185206,13.703321834150213,13.710379978169463,-0.02454101679955906
0.39743865517185206,13.703318934270534,13.710378681827374,-0.024586721414669627
0.39743885517185207,13.703316031944128,13.710377382985941,-0.0246325039301908
0.3974390551718521,13.703313127180282,13.710376081639714,-0.02467836546260975
0.397439255171852,13.703310219988277,13.710374777782725,-0.024724307532711848
0.39743945517185203,13.7033073103774,13.710373471409275,-0.0247703312580605
0.39743965517185204,13.703304398356925,13.710372162514862,-0.02481643622689604
0.39743985517185204,13.703301483936123,13.710370851094176,-0.02486262323451578
0.39744005517185205,13.703298567124264,13.7103695371416,-0.02490889335229071
0.39744025517185205,13.703295647930618,13.71036822065101,-0.02495524806506394
0.39744045517185206,13.703292726364445,13.710366901616055,-0.025001688954975
0.39744065517185206,13.703289802434995,13.710365580031985,-0.025048215654218997
0.39744085517185207,13.703286876151518,13.710364255893253,-0.025094828847573792
0.3974410551718521,13.703283947523254,13.71036292919408,-0.025141529559066463
0.397441255171852,13.703281016559435,13.71036159992816,-0.02518831923565955
0.39744145517185203,13.703278083269298,13.710360268088658,-0.02523519973326737
0.39744165517185204,13.703275147662056,13.710358933670353,-0.025282170995320555
0.39744185517185204,13.703272209746913,13.71035759666746,-0.025329233539209954
0.39744205517185205,13.703269269533074,13.71035625707403,-0.025376388339099384
0.39744225517185205,13.703266327029727,13.710354914883544,-0.02542363680205139
0.39744245517185206,13.703263382246059,13.710353570088957,-0.025470980768027274
0.39744265517185207,13.703260435191234,13.710352222683989,-0.025518421076687153
0.39744285517185207,13.703257485874412,13.710350872663039,-0.025565957673185324
0.397443055171852,13.703254534304738,13.71034952001979,-0.02561359160930791
0.39744325517185203,13.703251580491346,13.710348164747527,-0.02566132425026501
0.39744345517185203,13.703248624443358,13.710346806838976,-0.025709157404139874
0.39744365517185204,13.703245666169883,13.710345446286977,-0.02575709259370267
0.39744385517185205,13.703242705680012,13.710344083085802,-0.025805129551633277
0.39744405517185205,13.703239742982829,13.710342717228825,-0.02585326929390452
0.39744425517185206,13.703236778087389,13.7103413487091,-0.02590151314127648
0.39744445517185206,13.703233811002749,13.710339977519117,-0.02594986286805109
0.39744465517185207,13.703230841737941,13.71033860365103,-0.025998320452975725
0.3974448551718521,13.703227870301982,13.710337227098695,-0.026046885753687396
0.397445055171852,13.703224896703864,13.710335847855196,-0.026095559661114577
0.39744525517185203,13.703221920952572,13.710334465913354,-0.026144343449440666
0.39744545517185204,13.70321894305707,13.710333081265397,-0.026193238856942035
0.39744565517185204,13.703215963026302,13.710331693902965,-0.026242248086042048
0.39744585517185205,13.703212980869193,13.71033030381922,-0.02629137149093336
0.39744605517185205,13.703209996594648,13.710328911007021,-0.026340609683767637
0.39744625517185206,13.703207010211544,13.710327515458902,-0.026389963924209163
0.39744645517185206,13.703204021728753,13.710326117166815,-0.026439435912192888
0.39744665517185207,13.703201031155116,13.710324716122123,-0.026489027823026912
0.3974468551718521,13.703198038499453,13.710323312316802,-0.02653874096042436
0.397447055171852,13.70319504377056,13.710321905743795,-0.026588575390011426
0.39744725517185203,13.703192046977204,13.710320496395193,-0.026638532442521956
0.39744745517185204,13.703189048128142,13.710319084262661,-0.026688613776820493
0.39744765517185204,13.703186047232098,13.710317669337256,-0.026738821538743376
0.39744785517185205,13.703183044297775,13.71031625161001,-0.026789157714245494
0.39744805517185205,13.70318003933385,13.710314831073584,-0.02683962223763746
0.39744825517185206,13.703177032348963,13.710313407719672,-0.026890216385169526
0.39744845517185207,13.70317402335174,13.710311981539641,-0.026940941771732663
0.39744865517185207,13.70317101235078,13.710310552524229,-0.026991800511232268
0.397448855171852,13.703167999354651,13.710309120663688,-0.027042795035222934
0.39744905517185203,13.703164984371886,13.710307685950134,-0.02709392548956485
0.39744925517185203,13.703161967410999,13.710306248374879,-0.027145193013066404
0.39744945517185204,13.703158948480468,13.71030480792896,-0.027196599173561046
0.39744965517185205,13.70315592758874,13.71030336460277,-0.027248146050206028
0.39744985517185205,13.703152904744247,13.710301918386042,-0.02729983623348246
0.39745005517185206,13.703149879955369,13.710300469269875,-0.02735167059582207
0.39745025517185206,13.703146853230459,13.710299017245417,-0.02740364985008706
0.39745045517185207,13.703143824577845,13.710297562303275,-0.027455775597562536
0.3974506551718521,13.703140794005815,13.710296104433475,-0.02750804987955879
0.397450855171852,13.70313776152263,13.710294643625376,-0.027560475261556396
0.39745105517185203,13.703134727136515,13.710293179868815,-0.027613053575867515
0.39745125517185204,13.70313169085565,13.71029171315484,-0.027665785065088405
0.39745145517185204,13.703128652688191,13.710290243473542,-0.027718671380325032
0.39745165517185205,13.70312561264225,13.710288770814577,-0.027771714521644852
0.39745185517185205,13.703122570725913,13.710287295166893,-0.027824917026607037
0.39745205517185206,13.703119526947221,13.710285816519296,-0.027878281406804827
0.39745225517185206,13.703116481314176,13.710284334862383,-0.02793180786184247
0.39745245517185207,13.703113433834742,13.71028285018576,-0.027985497970654402
0.397452655171852,13.703110384516846,13.710281362478682,-0.028039353688003133
0.397452855171852,13.703107333368374,13.710279871729691,-0.028093377520006287
0.39745305517185203,13.703104280397175,13.710278377926713,-0.02814757241006317
0.39745325517185204,13.703101225611055,13.71027688105964,-0.02820193886779459
0.39745345517185204,13.703098169017771,13.710275381117592,-0.028256478356064117
0.39745365517185205,13.70309511062505,13.710273878089298,-0.028311192849114628
0.39745385517185206,13.703092050440565,13.710272371962688,-0.028366084970054776
0.39745405517185206,13.703088988471958,13.71027086272536,-0.02842115748504198
0.39745425517185207,13.703085924726807,13.710269350366548,-0.02847641103618658
0.3974544551718521,13.703082859212664,13.71026783487471,-0.028531847356026194
0.397454655171852,13.703079791937029,13.710266316237776,-0.02858746868874631
0.39745485517185203,13.703076722907356,13.710264794442866,-0.02864327794193507
0.39745505517185203,13.703073652131051,13.71026326947735,-0.028699277481743782
0.39745525517185204,13.703070579615474,13.710261741329857,-0.028755468056894388
0.39745545517185205,13.70306750536793,13.71026020998811,-0.028811851680305606
0.39745565517185205,13.703064429395686,13.710258675439206,-0.028868430876482106
0.39745585517185206,13.703061351705955,13.71025713766941,-0.02892520884768054
0.39745605517185206,13.703058272305903,13.710255596666165,-0.02898218720823763
0.39745625517185207,13.703055191202637,13.710254052417099,-0.029039367262188236
0.3974564551718521,13.703052108403217,13.710252504909228,-0.029096751201686075
0.397456655171852,13.703049023914653,13.71025095412878,-0.02915434184213057
0.39745685517185203,13.703045937743902,13.710249400061311,-0.029212142485292747
0.39745705517185204,13.703042849897864,13.710247842694125,-0.029270154178337324
0.39745725517185204,13.703039760383385,13.710246282013898,-0.029328378759261076
0.39745745517185205,13.703036669207261,13.710244718006836,-0.029386818636578015
0.39745765517185205,13.703033576376228,13.710243150658254,-0.029445476926726527
0.39745785517185206,13.70303048189697,13.710241579953252,-0.029504356721588326
0.39745805517185206,13.70302738577611,13.710240005878607,-0.029563458940653094
0.39745825517185207,13.703024288020215,13.71023842842018,-0.029622785751717506
0.397458455171852,13.703021188635791,13.710236847563248,-0.029682339859345208
0.397458655171852,13.70301808762929,13.710235263292176,-0.029742124691671642
0.39745885517185203,13.703014985007105,13.710233675591859,-0.02980214281213183
0.39745905517185204,13.703011880775566,13.71023208444824,-0.029862395382827735
0.39745925517185204,13.703008774940932,13.710230489846348,-0.0299228848415038
0.39745945517185205,13.703005667509418,13.710228891770488,-0.029983614198639437
0.39745965517185206,13.703002558487169,13.710227290204033,-0.030044587204193764
0.39745985517185206,13.702999447880261,13.710225685132004,-0.030105805490304914
0.39746005517185207,13.702996335694717,13.710224076539065,-0.030167270983614783
0.3974602551718521,13.702993221936483,13.71022246440944,-0.030228986263703704
0.397460455171852,13.70299010661145,13.710220848726438,-0.030290954656760027
0.39746065517185203,13.70298698972544,13.710219229472742,-0.030353179884612603
0.39746085517185203,13.702983871284207,13.71021760663289,-0.030415663234370706
0.39746105517185204,13.702980751293435,13.710215980190664,-0.03047840700149901
0.39746125517185205,13.70297762975874,13.71021435012928,-0.030541414065111766
0.39746145517185205,13.702974506685678,13.710212716431002,-0.030604688076538288
0.39746165517185206,13.702971382079728,13.710211079078023,-0.030668232438516768
0.39746185517185206,13.702968255946294,13.710209438054186,-0.030732048403265964
0.39746205517185207,13.702965128290714,13.710207793342335,-0.030796138593596683
0.3974622551718521,13.702961999118255,13.710206144924632,-0.030860506205905656
0.397462455171852,13.702958868434115,13.71020449278224,-0.030925155225540842
0.39746265517185203,13.702955736243407,13.710202836897182,-0.030990088367787237
0.39746285517185204,13.702952602551177,13.710201177252229,-0.03105530728623032
0.39746305517185204,13.702949467362393,13.710199513829284,-0.031120814846934422
0.39746325517185205,13.702946330681948,13.710197846609413,-0.031186614571779965
0.39746345517185205,13.70294319251467,13.710196175572733,-0.03125271070623436
0.39746365517185206,13.702940052865289,13.710194500701222,-0.03131910506346006
0.39746385517185207,13.70293691173847,13.710192821976301,-0.03138580005358677
0.39746405517185207,13.702933769138792,13.710191139378932,-0.03145279870835134
0.397464255171852,13.702930625070762,13.710189452889036,-0.03152010488264164
0.397464455171852,13.702927479538804,13.710187762486006,-0.03158772269108276
0.39746465517185203,13.702924332547255,13.710186068151192,-0.03165565367876789
0.39746485517185204,13.702921184100376,13.710184369865027,-0.03172390059727094
0.39746505517185204,13.70291803420234,13.710182667607329,-0.03179246680057917
0.39746525517185205,13.702914882857243,13.710180961356834,-0.03186135648303479
0.39746545517185206,13.702911730069097,13.71017925109248,-0.03193057329839185
0.39746565517185206,13.702908575841816,13.710177536794708,-0.032000118863526994
0.39746585517185207,13.702905420179238,13.71017581844293,-0.03206999623521248
0.3974660551718521,13.702902263085116,13.71017409601577,-0.0321402090949989
0.397466255171852,13.702899104563112,13.710172369490756,-0.03221076198233322
0.39746645517185203,13.702895944616795,13.710170638846694,-0.032281657665194245
0.39746665517185203,13.702892783249652,13.710168904062723,-0.03235289834008781
0.39746685517185204,13.70288962046507,13.710167165117232,-0.03242448725574188
0.39746705517185205,13.702886456266356,13.710165421987629,-0.03249642842550474
0.39746725517185205,13.702883290656722,13.710163674650408,-0.0325687265255494
0.39746745517185206,13.702880123639284,13.710161923084092,-0.03264138354692175
0.39746765517185206,13.702876955217064,13.710160167266505,-0.0327144023183512
0.39746785517185207,13.70287378539299,13.710158407174934,-0.03278778629487285
0.3974680551718521,13.7028706141699,13.710156642785536,-0.03286153982396285
0.397468255171852,13.702867441550534,13.710154874074089,-0.03293566732107063
0.39746845517185203,13.702864267537523,13.710153101018346,-0.03301017056317454
0.39746865517185204,13.702861092133418,13.71015132359507,-0.033085052695283355
0.39746885517185204,13.702857915340655,13.710149541780291,-0.03316031749036519
0.39746905517185205,13.702854737161585,13.710147755548896,-0.03323596963107518
0.39746925517185205,13.702851557598457,13.71014596487625,-0.03331201288808752
0.39746945517185206,13.7028483766534,13.710144169739042,-0.03338844922450775
0.39746965517185207,13.702845194328463,13.710142370112937,-0.03346528203839903
0.39746985517185207,13.702842010625577,13.71014056597269,-0.03354251541968113
0.397470055171852,13.702838825546584,13.710138757291903,-0.03362015438482832
0.397470255171852,13.702835639093207,13.710136944045926,-0.033698201570663604
0.39747045517185203,13.702832451267069,13.710135126209915,-0.03377665971049185
0.39747065517185204,13.702829262069676,13.710133303758488,-0.03385553230620653
0.39747085517185204,13.702826071502447,13.710131476665119,-0.033934823761110774
0.39747105517185205,13.702822879566682,13.71012964490246,-0.03401453903392216
0.39747125517185206,13.702819686263565,13.710127808445307,-0.03409468019061085
0.39747145517185206,13.702816491594175,13.710125967267668,-0.03417525035194793
0.39747165517185207,13.702813295559483,13.710124121342929,-0.03425625326931582
0.3974718551718521,13.702810098160343,13.710122270643263,-0.03433769365329292
0.397472055171852,13.702806899397507,13.710120415140675,-0.034419576024096114
0.39747225517185203,13.702803699271593,13.71011855480913,-0.034501902281719295
0.39747245517185203,13.702800497783114,13.710116689621534,-0.034584675800163285
0.39747265517185204,13.702797294932473,13.710114819549986,-0.03466790061366582
0.39747285517185205,13.702794090719951,13.710112944565363,-0.034751581730883656
0.39747305517185205,13.702790885145715,13.710111064639408,-0.03483572278815351
0.39747325517185206,13.702787678209802,13.710109179744888,-0.03492032598363265
0.39747345517185206,13.702784469912137,13.710107289853635,-0.035005394847442875
0.39747365517185207,13.70278126025253,13.71010539493647,-0.03509093368470177
0.3974738551718521,13.702778049230664,13.710103494963029,-0.035176947728157916
0.397474055171852,13.702774836846098,13.710101589905108,-0.03526343936563254
0.39747425517185203,13.702771623098267,13.71009967973396,-0.03535041157534694
0.39747445517185204,13.70276840798648,13.710097764420206,-0.035437868069558474
0.39747465517185204,13.702765191509933,13.710095843933134,-0.035525813676502975
0.39747485517185205,13.702761973667688,13.710093918242574,-0.035614252187604035
0.39747505517185205,13.702758754458666,13.710091987319451,-0.035703185920419316
0.39747525517185206,13.702755533881676,13.710090051133747,-0.035792618423013185
0.39747545517185207,13.7027523119354,13.710088109654276,-0.03588255420653153
0.39747565517185207,13.702749088618388,13.710086162849493,-0.035972997779661176
0.397475855171852,13.702745863929044,13.710084210689686,-0.03606395120767174
0.397476055171852,13.702742637865654,13.71008225314426,-0.03615541777925301
0.39747625517185203,13.702739410426364,13.71008029018158,-0.036247401659159205
0.39747645517185204,13.702736181609197,13.710078321769071,-0.03633990770263415
0.39747665517185204,13.702732951412028,13.710076347876106,-0.03643293810766164
0.39747685517185205,13.7027297198326,13.710074368471522,-0.03652649583667116
0.39747705517185206,13.70272648686852,13.710072383523299,-0.03662058467713392
0.39747725517185206,13.70272325251726,13.710070392998082,-0.036715209528956544
0.39747745517185207,13.702720016776151,13.710068396864234,-0.0368103729486743
0.3974776551718521,13.702716779642378,13.710066395089957,-0.03690607758926057
0.397477855171852,13.702713541112988,13.710064387642896,-0.03700232682820979
0.39747805517185203,13.702710301184894,13.710062374489317,-0.037099125197872514
0.39747825517185204,13.702707059854857,13.710060355596028,-0.0371964762225389
0.39747845517185204,13.702703817119493,13.710058330931076,-0.03729438179779495
0.39747865517185205,13.702700572975282,13.710056300461611,-0.0373928450410674
0.39747885517185205,13.702697327418544,13.71005426415361,-0.03749187004678319
0.39747905517185206,13.702694080445472,13.710052221972687,-0.03759146094961318
0.39747925517185206,13.70269083205209,13.710050173886398,-0.03769161931966552
0.39747945517185207,13.702687582234283,13.710048119861492,-0.03779234790052878
0.3974796551718521,13.702684330987786,13.710046059863732,-0.03789365031167729
0.397479855171852,13.702681078308185,13.710043993857907,-0.03799553090673178
0.39748005517185203,13.702677824190907,13.710041921810845,-0.03809799130397294
0.39748025517185204,13.70267456863123,13.710039843688946,-0.0382010338085453
0.39748045517185204,13.702671311624277,13.710037759457814,-0.038304661526537005
0.39748065517185205,13.702668053165022,13.71003566908172,-0.03840887871509937
0.39748085517185205,13.702664793248275,13.710033572526717,-0.03851368724333313
0.39748105517185206,13.702661531868687,13.7100314697588,-0.03861908900157048
0.39748125517185207,13.702658269020759,13.710029360743508,-0.0387250865429666
0.39748145517185207,13.702655004698832,13.710027245445039,-0.0388316835905881
0.397481655171852,13.702651738897078,13.710025123828137,-0.03893888289656049
0.397481855171852,13.702648471609518,13.710022995858935,-0.03904668544262761
0.39748205517185203,13.702645202830006,13.710020861502773,-0.0391550933915222
0.39748225517185204,13.70264193255223,13.71001872072388,-0.039264109872293
0.39748245517185204,13.70263866076973,13.710016573486131,-0.03937373808912307
0.39748265517185205,13.702635387475858,13.71001441975548,-0.03948397859238275
0.39748285517185206,13.70263211266381,13.710012259497192,-0.03959483302444764
0.39748305517185206,13.70262883632662,13.710010092675637,-0.03970630387779775
0.39748325517185207,13.702625558457152,13.710007919254243,-0.03981839440285213
0.3974834551718521,13.702622279048096,13.710005739198579,-0.039931105075113923
0.397483655171852,13.702618998091976,13.710003552473928,-0.0400444369578086
0.39748385517185203,13.70261571558114,13.710001359044888,-0.04015839186444601
0.39748405517185204,13.702612431507776,13.709999158874787,-0.04027297276987406
0.39748425517185204,13.702609145863885,13.709996951928817,-0.04038818025080412
0.39748445517185205,13.702605858641304,13.70999473817224,-0.040504014824375274
0.39748465517185205,13.702602569831688,13.709992517570027,-0.04062047758331095
0.39748485517185206,13.702599279426524,13.70999029008589,-0.04073757077485397
0.39748505517185206,13.702595987417117,13.709988055684132,-0.04085529572354144
0.39748525517185207,13.7025926937946,13.709985814330619,-0.040973651870836784
0.3974854551718521,13.702589398549915,13.709983565990555,-0.0410926397662711
0.397485655171852,13.702586101673841,13.709981310628178,-0.04121226088651041
0.39748585517185203,13.702582803156966,13.709979048207435,-0.041332516809044255
0.39748605517185204,13.702579502989702,13.709976778694463,-0.041453406418700926
0.39748625517185204,13.702576201162271,13.709974502054896,-0.0415749295829911
0.39748645517185205,13.702572897664721,13.709972218253622,-0.04169708696741169
0.39748665517185205,13.702569592486913,13.709969927254686,-0.04181987999550305
0.39748685517185206,13.702566285618527,13.709967629024362,-0.04194330733208685
0.39748705517185207,13.702562977049052,13.709965323528808,-0.04206736811715052
0.39748725517185207,13.702559666767783,13.7099630107337,-0.0421920621669705
0.397487455171852,13.702556354763844,13.709960690603578,-0.042317390419449354
0.39748765517185203,13.702553041026164,13.709958363104848,-0.04244335152381387
0.39748785517185203,13.70254972554348,13.709956028204264,-0.042569943888670664
0.39748805517185204,13.702546408304341,13.709953685868417,-0.04269716646417946
0.39748825517185205,13.702543089297109,13.709951336062822,-0.042825019290211264
0.39748845517185205,13.70253976850995,13.709948978753655,-0.042953501549145325
0.39748865517185206,13.702536445930845,13.70994661390881,-0.04308261047868734
0.39748885517185206,13.702533121547562,13.709944241495732,-0.043212344326284874
0.39748905517185207,13.7025297953477,13.709941861481079,-0.043342702202083506
0.3974892551718521,13.702526467318659,13.70993947383134,-0.04347368333637801
0.397489455171852,13.702523137447624,13.709937078515281,-0.043605284301170444
0.39748965517185203,13.702519805721607,13.709934675501398,-0.04373750252517047
0.39748985517185204,13.70251647212741,13.709932264757638,-0.04387033616301132
0.39749005517185204,13.702513136651646,13.709929846251274,-0.044003784106327506
0.39749025517185205,13.702509799280726,13.709927419951851,-0.044137842581288556
0.39749045517185205,13.702506460000857,13.709924985829035,-0.04427250817768642
0.39749065517185206,13.702503118798054,13.709922543852207,-0.04440777807576263
0.39749085517185206,13.702499775658136,13.709920093989837,-0.044543650509988646
0.39749105517185207,13.702496430566711,13.709917636212255,-0.04468012159761859
0.3974912551718521,13.70249308350919,13.709915170490401,-0.044817187064091484
0.397491455171852,13.70248973447078,13.709912696795223,-0.0449548431367429
0.39749165517185203,13.702486383436488,13.709910215096846,-0.04509308704444378
0.39749185517185204,13.702483030391129,13.709907725366106,-0.04523191525009861
0.39749205517185204,13.70247967531929,13.70990522757571,-0.045371322286685535
0.39749225517185205,13.702476318205377,13.709902721698148,-0.04551130358946622
0.39749245517185205,13.702472959033578,13.709900207705333,-0.04565185537819331
0.39749265517185206,13.702469597787882,13.709897685569171,-0.04579297401478393
0.39749285517185207,13.702466234452073,13.709895155263885,-0.04593465333255777
0.39749305517185207,13.702462869009722,13.709892616763671,-0.04607688789889283
0.397493255171852,13.702459501444203,13.7098900700424,-0.04621967293090868
0.39749345517185203,13.70245613173868,13.709887515073468,-0.046363004350713714
0.39749365517185203,13.702452759876108,13.709884951832553,-0.04650687560290613
0.39749385517185204,13.70244938583924,13.70988238029565,-0.04665128040715337
0.39749405517185205,13.702446009610611,13.70987980043872,-0.04679621299515615
0.39749425517185205,13.70244263117256,13.709877212237032,-0.046941668571185965
0.39749445517185206,13.70243925050721,13.70987461566769,-0.04708764046623096
0.39749465517185206,13.702435867596481,13.709872010708624,-0.04723412152614396
0.39749485517185207,13.702432482422077,13.709869397337954,-0.04738110507101305
0.3974950551718521,13.702429094965497,13.709866775533214,-0.0475285853277829
0.397495255171852,13.702425705208041,13.70986414527273,-0.04767655588585785
0.39749545517185203,13.702422313130779,13.709861506536745,-0.04782500851754612
0.39749565517185204,13.702418918714582,13.709858859305491,-0.04797393580204026
0.39749585517185204,13.702415521940116,13.70985620355888,-0.048123331029927455
0.39749605517185205,13.702412122787836,13.709853539276931,-0.048273187671118975
0.39749625517185205,13.70240872123798,13.709850866441952,-0.04842349690575387
0.39749645517185206,13.702405317270578,13.709848185036417,-0.04857425055205132
0.39749665517185206,13.702401910865458,13.709845495042698,-0.04872544101723635
0.39749685517185207,13.70239850200223,13.709842796442873,-0.04887706138528622
0.3974970551718521,13.7023950906603,13.709840089221226,-0.04902910255375597
0.397497255171852,13.702391676818861,13.709837373362506,-0.04918155564987719
0.39749745517185203,13.702388260456894,13.709834648851606,-0.049334412263227344
0.39749765517185204,13.702384841553176,13.709831915672975,-0.049487664878807826
0.39749785517185204,13.702381420086274,13.70982917381276,-0.04964130442293179
0.39749805517185205,13.702377996034544,13.709826423258093,-0.0497953213233733
0.39749825517185206,13.702374569376126,13.709823663996382,-0.049949706482276014
0.39749845517185206,13.702371140088967,13.709820896014696,-0.050104451627718656
0.39749865517185207,13.702367708150796,13.709818119300888,-0.05025954801908206
0.3974988551718521,13.702364273539132,13.709815333844668,-0.050414985314542846
0.397499055171852,13.702360836231291,13.70981253963588,-0.050570753914792765
0.39749925517185203,13.702357396204379,13.709809736664228,-0.05072684488124097
0.39749945517185203,13.702353953435301,13.709806924919615,-0.05088324951524762
0.39749965517185204,13.702350507900741,13.709804104394054,-0.05103995716935484
0.39749985517185205,13.70234705957719,13.709801275079844,-0.051196957780430194
0.39750005517185205,13.702343608440929,13.709798436969324,-0.051354241843867776
0.39750025517185206,13.702340154468034,13.709795590054668,-0.051511800519401976
0.39750045517185206,13.702336697634372,13.70979273433005,-0.05166962315880187
0.39750065517185207,13.70233323791562,13.70978986979016,-0.05182769935004596
0.3975008551718521,13.702329775287225,13.709786996429923,-0.051986019132552234
0.397501055171852,13.70232630972446,13.709784114243984,-0.05214457338215273
0.39750125517185203,13.702322841202376,13.709781223228461,-0.052303351781545805
0.39750145517185204,13.70231936969583,13.709778323380455,-0.05246234358327649
0.39750165517185204,13.702315895179476,13.70977541469738,-0.052621538544302085
0.39750185517185205,13.70231241762777,13.709772497176418,-0.05278092719055196
0.39750205517185205,13.702308937014967,13.709769570815464,-0.05294049977743912
0.39750225517185206,13.702305453315121,13.709766635614056,-0.05310024525741413
0.39750245517185206,13.702301966502084,13.70976369157191,-0.05326015329460776
0.39750265517185207,13.702298476549526,13.709760738688681,-0.053420214189624234
0.3975028551718521,13.702294983430905,13.709757776964206,-0.053580418562362016
0.397503055171852,13.702291487119494,13.709754806400138,-0.05374075549104398
0.39750325517185203,13.702287987588361,13.7097518269984,-0.053901214623395255
0.39750345517185204,13.702284484810392,13.709748838760985,-0.05406178616300083
0.39750365517185204,13.702280978758271,13.709745841689772,-0.05422246097895253
0.39750385517185205,13.7022774694045,13.709742835788278,-0.054383228556550166
0.39750405517185206,13.702273956721378,13.709739821060483,-0.05454407866213166
0.39750425517185206,13.702270440681023,13.709736797510567,-0.05470500153208285
0.39750445517185207,13.702266921255363,13.709733765142468,-0.0548659881954808
0.3975046551718521,13.702263398416141,13.7097307239613,-0.05502702886252866
0.397504855171852,13.702259872134908,13.709727673972994,-0.055188113438046096
0.39750505517185203,13.702256342383029,13.709724615183706,-0.05534923237394998
0.39750525517185203,13.702252809131693,13.709721547599395,-0.055510376850573764
0.39750545517185204,13.702249272351906,13.709718471226513,-0.05567153797584216
0.39750565517185205,13.702245732014482,13.70971538607285,-0.05583270588642413
0.39750585517185205,13.70224218809006,13.709712292146273,-0.05599387141523468
0.39750605517185206,13.702238640549107,13.70970918945456,-0.056155026019257676
0.39750625517185206,13.702235089361903,13.709706078005567,-0.05631616155046598
0.39750645517185207,13.702231534498555,13.709702957808528,-0.05647726873345222
0.3975066551718521,13.702227975928997,13.709699828872855,-0.05663833886156462
0.397506855171852,13.702224413622982,13.709696691207922,-0.05679936378789362
0.39750705517185203,13.702220847550102,13.709693544822922,-0.056960336027154994
0.39750725517185204,13.702217277679768,13.709690389728276,-0.057121247118921276
0.39750745517185204,13.702213703981224,13.709687225934667,-0.057282088934404056
0.39750765517185205,13.702210126423548,13.709684053452849,-0.05744285383456061
0.39750785517185205,13.702206544975652,13.709680872293278,-0.05760353492582188
0.39750805517185206,13.702202959606279,13.709677682467197,-0.05776412482623682
0.39750825517185207,13.70219937028401,13.709674483986415,-0.057924615983486395
0.39750845517185207,13.702195776977263,13.70967127686278,-0.058085001416308936
0.3975086551718521,13.702192179654299,13.709668061107859,-0.05824527482564376
0.397508855171852,13.702188578283216,13.70966483673346,-0.058405429999030506
0.39750905517185203,13.702184972831954,13.709661603752306,-0.05856546005732128
0.39750925517185204,13.702181363268298,13.709658362177045,-0.05872535878771851
0.39750945517185204,13.702177749559874,13.709655112020108,-0.05888512057399678
0.39750965517185205,13.702174131674168,13.709651853293815,-0.05904474023692347
0.39750985517185206,13.7021705095785,13.709648586011413,-0.059204211828185214
0.39751005517185206,13.702166883240045,13.709645310186117,-0.05936352994904274
0.39751025517185207,13.702163252625834,13.709642025830961,-0.05952268974141163
0.3975104551718521,13.702159617702746,13.709638732958656,-0.05968168697506551
0.397510655171852,13.702155978437524,13.709635431582678,-0.059840516780087866
0.39751085517185203,13.702152334796752,13.709632121716531,-0.0599991746387611
0.39751105517185203,13.702148686746883,13.709628803373604,-0.06015765651228719
0.39751125517185204,13.702145034254233,13.709625476566869,-0.06031595903427401
0.39751145517185205,13.702141377284972,13.709622141309678,-0.060474078593157635
0.39751165517185205,13.702137715805137,13.709618797615665,-0.06063201150759109
0.39751185517185206,13.702134049780629,13.709615445498272,-0.060789754645800144
0.39751205517185206,13.702130379177214,13.709612084970544,-0.06094730548343248
0.39751225517185207,13.702126703960536,13.709608716045489,-0.06110466167288772
0.3975124551718521,13.702123024096096,13.709605338736617,-0.061261820429824886
0.397512655171852,13.702119339549272,13.709601953057176,-0.061418779567838165
0.39751285517185203,13.702115650285316,13.709598559020034,-0.06157553743312023
0.39751305517185204,13.702111956269357,13.709595156637757,-0.06173209279926732
0.39751325517185204,13.702108257466405,13.709591745923408,-0.06188844393077169
0.39751345517185205,13.702104553841334,13.709588326889802,-0.0620445895784213
0.39751365517185205,13.702100845358906,13.70958489954942,-0.06220052896931186
0.39751385517185206,13.702097131983777,13.709581463914251,-0.062356261892151155
0.39751405517185207,13.702093413680467,13.709578019996645,-0.06251178773097932
0.39751425517185207,13.702089690413395,13.70957456780876,-0.0626671061791406
0.3975144551718521,13.702085962146858,13.70957110736246,-0.06282221733771955
0.397514655171852,13.70208222884505,13.70956763866908,-0.0629771218674166
0.39751485517185203,13.702078490472054,13.7095641617399,-0.06313182043583662
0.39751505517185204,13.702074746991844,13.709560676586321,-0.06328631354378116
0.39751525517185204,13.70207099836828,13.709557183219342,-0.06344060219891674
0.39751545517185205,13.70206724456513,13.709553681649481,-0.063594687879763
0.39751565517185206,13.702063485546056,13.709550171886857,-0.0637485724034527
0.39751585517185206,13.702059721274614,13.709546653941816,-0.06390225718907243
0.39751605517185207,13.702055951714266,13.709543127824327,-0.06405574410329926
0.3975162551718521,13.702052176828376,13.709539593543898,-0.06420903540665616
0.397516455171852,13.70204839658021,13.709536051109469,-0.06436213384758692
0.39751665517185203,13.702044610932939,13.709532500530061,-0.06451504189903645
0.39751685517185203,13.702040819849644,13.709528941814407,-0.0646677622341502
0.39751705517185204,13.702037023293313,13.709525374970859,-0.06482029785716577
0.39751725517185205,13.702033221226845,13.709521800007186,-0.06497265221496443
0.39751745517185205,13.702029413613053,13.709518216930762,-0.06512482898645464
0.39751765517185206,13.70202560041466,13.709514625749033,-0.06527683151127543
0.39751785517185206,13.702021781594311,13.709511026468977,-0.06542866355110477
0.39751805517185207,13.702017957114561,13.70950741909706,-0.06558032919751858
0.3975182551718521,13.702014126937891,13.709503803639148,-0.06573183295203862
0.397518455171852,13.702010291026692,13.709500180101015,-0.06588317913655914
0.39751865517185203,13.70200644934329,13.709496548488147,-0.06603437213226986
0.39751885517185204,13.70200260184992,13.709492908805577,-0.0661854166405557
0.39751905517185204,13.701998748508753,13.70948926105775,-0.06633631770870273
0.39751925517185205,13.701994889281883,13.709485605248558,-0.06648708068203164
0.39751945517185205,13.70199102413133,13.709481941381904,-0.06663771054851074
0.39751965517185206,13.701987153019045,13.709478269461181,-0.06678821260529702
0.39751985517185207,13.701983275906914,13.709474589489325,-0.06693859238364308
0.39752005517185207,13.701979392756746,13.709470901468647,-0.06708885574390992
0.3975202551718521,13.701975503530294,13.709467205400992,-0.06723900869957516
0.397520455171852,13.70197160818924,13.70946350128815,-0.0673890569400542
0.39752065517185203,13.701967706695205,13.709459789131357,-0.06753900649316433
0.39752085517185204,13.70196379900975,13.709456068931335,-0.06768886359996884
0.39752105517185204,13.701959885094372,13.709452340688186,-0.06783863479037014
0.39752125517185205,13.701955964910512,13.70944860440161,-0.0679883266451921
0.39752145517185206,13.70195203841955,13.709444860071159,-0.06813794547633073
0.39752165517185206,13.701948105582813,13.709441107695831,-0.06828749790886192
0.39752185517185207,13.701944166361578,13.70943734727409,-0.06843699075224313
0.3975220551718521,13.701940220717058,13.709433578803782,-0.06858643106515483
0.397522255171852,13.701936268610424,13.70942980228235,-0.06873582593051084
0.39752245517185203,13.701932310002785,13.709426017707061,-0.06888518215992719
0.39752265517185204,13.701928344855212,13.70942222507462,-0.06903450684811838
0.39752285517185204,13.70192437312872,13.709418424381207,-0.06918380723637563
0.39752305517185205,13.701920394784285,13.709414615622402,-0.06933309077691972
0.39752325517185205,13.701916409782829,13.709410798793314,-0.0694823649889339
0.39752345517185206,13.701912418085232,13.709406973888902,-0.06963163705941489
0.39752365517185206,13.701908419652336,13.70940314090356,-0.06978091443223244
0.39752385517185207,13.701904414444932,13.709399299831194,-0.0699302046515587
0.3975240551718521,13.701900402423783,13.709395450665113,-0.07007951543595355
0.397524255171852,13.7018963835496,13.709391593398076,-0.07022885464156005
0.39752445517185203,13.701892357783066,13.709387728022735,-0.0703782297442127
0.39752465517185204,13.70188832508481,13.709383854531156,-0.07052764842335063
0.39752485517185204,13.70188428541545,13.709379972914991,-0.07067711840682349
0.39752505517185205,13.701880238735546,13.709376083165315,-0.07082664756242645
0.39752525517185205,13.70187618500564,13.709372185272631,-0.07097624389790015
0.39752545517185206,13.701872124186231,13.709368279227142,-0.0711259152589888
0.39752565517185207,13.701868056237794,13.709364365018736,-0.07127566933515458
0.39752585517185207,13.701863981120766,13.709360442636799,-0.0714255139756245
0.3975260551718521,13.701859898795563,13.709356512070212,-0.07157545709163597
0.397526255171852,13.701855809222568,13.709352573307308,-0.0717255067026063
0.39752645517185203,13.701851712362133,13.709348626335904,-0.07187567090260846
0.39752665517185204,13.701847608174589,13.709344671143711,-0.0720259573896729
0.39752685517185204,13.70184349662024,13.709340707717871,-0.07217637403793775
0.39752705517185205,13.701839377659367,13.709336736045135,-0.07232692870839735
0.39752725517185206,13.701835251252223,13.709332756111728,-0.07247762934144673
0.39752745517185206,13.701831117359044,13.709328767903362,-0.07262848395688168
0.39752765517185207,13.701826975940039,13.709324771405328,-0.07277950053698143
0.3975278551718521,13.7018228269554,13.709320766602763,-0.0729306867170748
0.397528055171852,13.701818670365299,13.709316753480266,-0.07308205030320335
0.39752825517185203,13.701814506129887,13.709312732022035,-0.07323359907867355
0.39752845517185204,13.701810334209299,13.709308702211779,-0.0733853408805597
0.39752865517185204,13.701806154563652,13.709304664032707,-0.07353728359987204
0.39752885517185205,13.701801967153045,13.709300617467676,-0.0736894350348042
0.39752905517185205,13.701797771937565,13.70929656249936,-0.07384180266995169
0.39752925517185206,13.701793568877283,13.709292499109925,-0.07399439413678027
0.39752945517185206,13.701789357932256,13.709288427281173,-0.07414721702666298
0.39752965517185207,13.701785139062522,13.709284346994421,-0.07430027896272674
0.3975298551718521,13.70178091222812,13.70928025823054,-0.07445358759985232
0.397530055171852,13.701776677389066,13.709276160970024,-0.07460715052132023
0.39753025517185203,13.701772434505367,13.709272055193242,-0.07476097495806264
0.39753045517185204,13.701768183537027,13.709267940880064,-0.07491506828533848
0.39753065517185204,13.701763924444027,13.709263818010026,-0.07506943781019124
0.39753085517185205,13.701759657186352,13.709259686562232,-0.0752240908528185
0.39753105517185205,13.701755381723979,13.709255546515354,-0.07537903474657189
0.39753125517185206,13.701751098016866,13.709251397847646,-0.07553427682177263
0.39753145517185207,13.70174680602498,13.70924724053734,-0.07568982398775641
0.39753165517185207,13.701742505708266,13.709243074562119,-0.07584568330303809
0.3975318551718521,13.701738197026677,13.709238899899427,-0.07600186171771971
0.39753205517185203,13.701733879940154,13.709234716526305,-0.07615836617990202
0.39753225517185203,13.701729554408633,13.709230524419395,-0.07631520363585859
0.39753245517185204,13.701725220392055,13.709226323554944,-0.076472381029775
0.39753265517185205,13.70172087785035,13.70922211390898,-0.07662990511594031
0.39753285517185205,13.701716526743452,13.709217895457337,-0.07678778241752574
0.39753305517185206,13.701712167031284,13.709213668175442,-0.0769460195381139
0.39753325517185206,13.701707798673779,13.709209432038444,-0.0771046230031759
0.39753345517185207,13.701703421630858,13.709205187021114,-0.07726359932454224
0.3975336551718521,13.701699035862456,13.709200933097867,-0.07742295500040298
0.397533855171852,13.701694641328498,13.70919667024275,-0.07758269651526331
0.39753405517185203,13.701690237988911,13.709192398429781,-0.0777428299923999
0.39753425517185204,13.701685825803628,13.70918811763257,-0.07790336158993136
0.39753445517185204,13.701681404732577,13.709183827824491,-0.07806429739701078
0.39753465517185205,13.701676974735697,13.709179528978614,-0.07822564345927359
0.39753485517185205,13.701672535772923,13.70917522106768,-0.07838740580021736
0.39753505517185206,13.7016680878042,13.709170904064097,-0.07854959042120167
0.39753525517185206,13.701663630789472,13.709166577939941,-0.07871220330144825
0.39753545517185207,13.701659164688689,13.709162242667341,-0.07887524999510158
0.3975356551718521,13.701654689461806,13.70915789821796,-0.07903873621152452
0.397535855171852,13.70165020506878,13.709153544563298,-0.0792026675138065
0.39753605517185203,13.701645711469578,13.70914918167457,-0.07936704943499101
0.39753625517185204,13.701641208624173,13.7091448095227,-0.07953188748028589
0.39753645517185204,13.701636696492542,13.70914042807831,-0.07969718712724505
0.39753665517185205,13.701632175034675,13.709136037311728,-0.07986295382572312
0.39753685517185205,13.701627644210555,13.709131637193291,-0.08002919267229613
0.39753705517185206,13.701623103980188,13.709127227692994,-0.0801959088058166
0.39753725517185207,13.701618554303582,13.70912280878065,-0.08036310728823712
0.39753745517185207,13.701613995140752,13.709118380425828,-0.08053079312550418
0.3975376551718521,13.701609426451723,13.709113942597833,-0.08069897129284448
0.39753785517185203,13.70160484819653,13.709109495265718,-0.0808676467347179
0.39753805517185203,13.701600260335214,13.709105038398258,-0.08103682436500496
0.39753825517185204,13.701595662827831,13.709100571964127,-0.08120650890427243
0.39753845517185205,13.70159105563444,13.709096095931905,-0.0813767048638189
0.39753865517185205,13.701586438715117,13.709091610269871,-0.08154741683209712
0.39753885517185206,13.701581812029948,13.709087114946142,-0.08171864928836078
0.39753905517185206,13.701577175539025,13.709082609928616,-0.08189040668032568
0.39753925517185207,13.701572529202455,13.709078095184948,-0.08206269342416983
0.3975394551718521,13.701567872980354,13.709073570682568,-0.08223551390453332
0.397539655171852,13.701563206832857,13.709069036388666,-0.08240887247447032
0.39753985517185203,13.701558530720098,13.709064492270565,-0.08258277307077065
0.39754005517185204,13.701553844602236,13.709059938295175,-0.08275721982535844
0.39754025517185204,13.701549148439433,13.709055374429337,-0.08293221670544206
0.39754045517185205,13.70154444219187,13.709050800639714,-0.08310776764424242
0.39754065517185205,13.701539725819739,13.709046216892753,-0.08328387654436947
0.39754085517185206,13.701534999283242,13.7090416231547,-0.08346054727782198
0.39754105517185206,13.7015302625426,13.709037019391594,-0.08363778368598768
0.39754125517185207,13.70152551555805,13.709032405569326,-0.08381558952679546
0.3975414551718521,13.701520758289826,13.709027781653875,-0.08399396820872265
0.397541655171852,13.7015159906982,13.709023147610866,-0.08417292332562755
0.39754185517185203,13.70151121274344,13.709018503405868,-0.08435245831684107
0.39754205517185204,13.701506424385833,13.709013849004284,-0.08453257659324587
0.39754225517185204,13.701501625585687,13.70900918437134,-0.08471328153747486
0.39754245517185205,13.701496816303317,13.709004509472075,-0.08489457650386165
0.39754265517185206,13.701491996499058,13.70899982427136,-0.08507646481844064
0.39754285517185206,13.70148716613326,13.708995128733935,-0.08525894972488515
0.39754305517185207,13.70148232516628,13.708990422824666,-0.08544203412695177
0.3975432551718521,13.701477473558507,13.708985706508047,-0.08562572112657486
0.3975434551718521,13.701472611270328,13.70898097974858,-0.08581001366935782
0.39754365517185203,13.701467738262156,13.708976242510605,-0.08599491467586337
0.39754385517185203,13.701462854494416,13.708971494758313,-0.08618042704181908
0.39754405517185204,13.701457959927554,13.708966736455734,-0.08636655363780943
0.39754425517185205,13.701453054522025,13.708961967566752,-0.08655329730948086
0.39754445517185205,13.701448138238309,13.708957188055097,-0.08674066087749065
0.39754465517185206,13.701443211036894,13.70895239788471,-0.08692864675187101
0.39754485517185206,13.701438272878287,13.708947597019126,-0.08711725760234888
0.39754505517185207,13.701433323723014,13.708942785421936,-0.08730649591897974
0.3975452551718521,13.701428363531619,13.708937963056593,-0.08749636416856353
0.397545455171852,13.701423392264662,13.708933129886423,-0.08768686479680432
0.39754565517185203,13.70141840988271,13.708928285874618,-0.087878000228522
0.39754585517185204,13.701413416346362,13.708923430984239,-0.08806977286733494
0.39754605517185204,13.70140841161623,13.70891856517822,-0.08826218509587133
0.39754625517185205,13.701403395652939,13.708913688419514,-0.08845523910211332
0.39754645517185205,13.701398368417133,13.708908800671066,-0.08864893694979588
0.39754665517185206,13.701393329869473,13.70890390189561,-0.08884328079648025
0.39754685517185206,13.701388279970642,13.70889899205587,-0.08903827269357786
0.39754705517185207,13.701383218681334,13.708894071114454,-0.08923391467570743
0.3975472551718521,13.701378145962266,13.708889139033865,-0.08943020876069518
0.397547455171852,13.70137306177417,13.708884195776486,-0.08962715694952003
0.39754765517185203,13.701367966077795,13.70887924130459,-0.08982476122653232
0.39754785517185204,13.701362858833914,13.708874275580333,-0.09002302355912598
0.39754805517185204,13.701357740003308,13.708869298566094,-0.09022194555828728
0.39754825517185205,13.701352609546788,13.708864310223937,-0.0904215290350388
0.39754845517185206,13.701347467425169,13.70885931051595,-0.09062177568729539
0.39754865517185206,13.701342313599296,13.708854299404168,-0.09082268717681526
0.39754885517185207,13.701337148030026,13.708849276850515,-0.0910242651529282
0.3975490551718521,13.701331970678234,13.708844242816832,-0.09122651125253572
0.3975492551718521,13.701326781504822,13.708839197264858,-0.09142942710011086
0.39754945517185203,13.701321580470697,13.708834140156231,-0.09163301430764172
0.39754965517185203,13.701316367536794,13.708829071452506,-0.09183727446558392
0.39754985517185204,13.70131114266406,13.708823991115523,-0.09204220876651424
0.39755005517185205,13.701305905813465,13.708818899106705,-0.09224781872523567
0.39755025517185205,13.701300656945994,13.708813795387597,-0.09245410566717283
0.39755045517185206,13.701295396022655,13.708808679919686,-0.09266107090958985
0.39755065517185206,13.70129012300447,13.708803552664357,-0.0928687157615903
0.39755085517185207,13.701284837852478,13.708798413582922,-0.09307704152411737
0.3975510551718521,13.701279540527747,13.708793262636613,-0.09328604948995366
0.397551255171852,13.701274230991345,13.708788099786581,-0.093495740943663
0.39755145517185203,13.701268909204378,13.708782924993885,-0.09370611716182345
0.39755165517185204,13.701263575127959,13.708777738219895,-0.09391717902503142
0.39755185517185204,13.701258228723221,13.70877253942558,-0.09412892773142281
0.39755205517185205,13.701252869951317,13.70876732857204,-0.09434136430821717
0.39755225517185205,13.701247498773416,13.708762105620316,-0.09455448977021527
0.39755245517185206,13.701242115150709,13.70875687053139,-0.09476830512806841
0.39755265517185207,13.701236719044408,13.708751623266163,-0.09498281138827834
0.39755285517185207,13.701231310415732,13.708746363785476,-0.09519800955319732
0.3975530551718521,13.701225889225933,13.708741092050095,-0.0954139006210282
0.397553255171852,13.701220455436271,13.708735808020725,-0.09563048558576401
0.39755345517185203,13.701215009008028,13.70873051165824,-0.0958477651840698
0.39755365517185204,13.701209549902503,13.708725202923386,-0.09606574020863337
0.39755385517185204,13.701204078081014,13.708719881776858,-0.09628441148198046
0.39755405517185205,13.7011985935049,13.708714548179374,-0.0965037797545378
0.39755425517185206,13.701193096135517,13.708709202091592,-0.09672384577628212
0.39755445517185206,13.701187585934234,13.708703843474114,-0.09694461029674016
0.39755465517185207,13.701182062862445,13.708698472287479,-0.09716607406498859
0.3975548551718521,13.70117652688156,13.708693088492177,-0.09738823782965401
0.3975550551718521,13.701170977953009,13.708687692048631,-0.09761110233891311
0.39755525517185203,13.70116541603824,13.708682282917291,-0.09783466826710774
0.39755545517185203,13.701159841098711,13.7086768610588,-0.0980589360024875
0.39755565517185204,13.701154253095911,13.708671426433497,-0.09828390622746151
0.39755585517185205,13.701148651991334,13.708665979001855,-0.09850957946194133
0.39755605517185205,13.701143037746506,13.7086605187243,-0.0987359562287037
0.39755625517185206,13.70113741032296,13.708655045561212,-0.09896303705339053
0.39755645517185206,13.701131769682254,13.708649559472926,-0.09919082246450896
0.39755665517185207,13.701126115785955,13.708644060419717,-0.0994193129934312
0.3975568551718521,13.701120448595661,13.70863854836182,-0.0996485091743947
0.397557055171852,13.701114768072982,13.70863302325942,-0.09987841154443818
0.39755725517185203,13.701109074179534,13.708627485072864,-0.10010902042747453
0.39755745517185204,13.701103366876971,13.708621933762446,-0.10034033613366658
0.39755765517185204,13.70109764612695,13.708616369288366,-0.10057235908154986
0.39755785517185205,13.701091911891153,13.708610791610894,-0.10080508959570421
0.39755805517185205,13.701086164131276,13.70860520069025,-0.10103852800650628
0.39755825517185206,13.701080402809033,13.708599596486629,-0.10127267465012989
0.39755845517185207,13.701074627886161,13.70859397896017,-0.10150752986854572
0.39755865517185207,13.701068839324405,13.708588348070975,-0.10174309400952153
0.3975588551718521,13.701063037085534,13.708582703779106,-0.10197936742662204
0.397559055171852,13.701057221131336,13.708577046044585,-0.10221635047914304
0.39755925517185203,13.70105139142361,13.708571374827699,-0.10245404322112767
0.39755945517185204,13.701045547924174,13.708565690088498,-0.1026924458847726
0.39755965517185204,13.70103969059487,13.708559991787089,-0.10293155868130348
0.39755985517185205,13.701033819397544,13.7085542798836,-0.10317138177044814
0.39756005517185206,13.70102793429407,13.70854855433813,-0.10341191532024813
0.39756025517185206,13.701022035246336,13.708542815110741,-0.1036531595070587
0.39756045517185207,13.701016122216247,13.708537062161467,-0.10389511451554882
0.3975606551718521,13.701010195165724,13.70853129545029,-0.10413778053870118
0.3975608551718521,13.701004254056706,13.708525514937175,-0.1043811577778122
0.39756105517185203,13.70099829885115,13.708519720582043,-0.10462524644242417
0.39756125517185203,13.700992329511024,13.708513912345103,-0.10487004642563932
0.39756145517185204,13.700986345998318,13.708508090186308,-0.10511555782704761
0.39756165517185205,13.700980348275037,13.708502254065682,-0.10536178071497722
0.39756185517185205,13.700974336303204,13.708496403943279,-0.1056087151100176
0.39756205517185206,13.700968310044852,13.708490539779127,-0.105856361043222
0.39756225517185206,13.700962269462044,13.708484661533225,-0.10610471855610765
0.39756245517185207,13.700956214516841,13.708478769165538,-0.10635378770065534
0.3975626551718521,13.700950145171335,13.708472862636004,-0.10660356853930993
0.397562855171852,13.70094406138763,13.708466941904529,-0.10685406114491032
0.39756305517185203,13.700937963127842,13.708461006930994,-0.10710526560096799
0.39756325517185204,13.70093185035411,13.708455057675497,-0.10735718174729267
0.39756345517185204,13.700925723028575,13.708449094098036,-0.10760980948175917
0.39756365517185205,13.700919581113414,13.708443116158547,-0.10786314879389396
0.39756385517185205,13.700913424570809,13.70843712381706,-0.10811719958630685
0.39756405517185206,13.700907253362951,13.708431117033586,-0.10837196177388911
0.39756425517185207,13.700901067452056,13.708425095768096,-0.10862743528381358
0.39756445517185207,13.700894866800356,13.708419059980542,-0.1088836200555346
0.3975646551718521,13.700888651370095,13.70841300963086,-0.10914051604078812
0.397564855171852,13.700882421123534,13.708406944678938,-0.10939812320351994
0.39756505517185203,13.700876176022946,13.708400865084661,-0.10965644152017204
0.39756525517185204,13.700869916030623,13.708394770807995,-0.10991547085686619
0.39756545517185204,13.700863641108871,13.708388661809089,-0.11017521086806696
0.39756565517185205,13.700857351220009,13.708382538047797,-0.11043566151671137
0.39756585517185206,13.700851046326372,13.708376399484155,-0.1106968226049503
0.39756605517185206,13.700844726390315,13.708370246078186,-0.11095869394872941
0.39756625517185207,13.700838391374202,13.708364077789886,-0.11122127537778953
0.3975664551718521,13.700832041240409,13.708357894579224,-0.11148456673566634
0.3975666551718521,13.700825675951334,13.708351696406156,-0.11174856787969052
0.39756685517185203,13.700819295469389,13.708345483230609,-0.11201327868091424
0.39756705517185204,13.700812899756993,13.70833925501249,-0.11227869902440502
0.39756725517185204,13.700806488776587,13.708333011711682,-0.11254482880880513
0.39756745517185205,13.700800062490622,13.708326753288448,-0.1128116675421477
0.39756765517185205,13.700793620861566,13.708320479702646,-0.11307921510064886
0.39756785517185206,13.7007871638519,13.708314190914319,-0.113347471235951
0.39756805517185206,13.70078069142412,13.708307886883532,-0.11361643567887907
0.39756825517185207,13.700774203540728,13.708301567570324,-0.11388610817529972
0.3975684551718521,13.700767700164256,13.708295232934724,-0.11415648848612153
0.397568655171852,13.70076118125724,13.708288882936733,-0.11442757638721962
0.39756885517185203,13.70075464678222,13.708282517536341,-0.11469937166973673
0.39756905517185204,13.700748096701773,13.708276136693504,-0.11497187413963188
0.39756925517185204,13.700741530978465,13.708269740368175,-0.11524508361798107
0.39756945517185205,13.7007349495749,13.708263328520392,-0.11551899983183606
0.39756965517185205,13.70072835245367,13.708256901110403,-0.11579362225881727
0.39756985517185206,13.700721739577396,13.708250458098115,-0.11606895073742397
0.39757005517185207,13.700715110908712,13.708243999443672,-0.11634498492485733
0.39757025517185207,13.700708466410259,13.708237525107181,-0.1166217244943539
0.3975704551718521,13.700701806044696,13.708231035048742,-0.11689916913518561
0.397570655171852,13.70069512977469,13.708224529228437,-0.11717731855258236
0.39757085517185203,13.700688437562926,13.70821800760632,-0.11745617246804121
0.39757105517185204,13.700681729372096,13.708211470142441,-0.11773573061886296
0.39757125517185204,13.700675005164907,13.708204916796825,-0.11801599275846102
0.39757145517185205,13.700668264904088,13.708198347529484,-0.11829695865628402
0.39757165517185206,13.700661508552363,13.70819176230064,-0.11857862786567198
0.39757185517185206,13.70065473607248,13.70818516107048,-0.11886099993756263
0.39757205517185207,13.7006479474272,13.708178543799066,-0.11914407460093096
0.3975722551718521,13.700641142579286,13.708171910446607,-0.11942785146528548
0.3975724551718521,13.700634321491524,13.708165260973283,-0.11971233015696986
0.39757265517185203,13.700627484126711,13.708158595339272,-0.11999751031908391
0.39757285517185204,13.700620630447647,13.708151913504727,-0.12028339161180022
0.39757305517185204,13.70061376041715,13.708145215429786,-0.12056997371188931
0.39757325517185205,13.700606873998051,13.708138501074574,-0.12085725631303607
0.39757345517185205,13.70059997115319,13.7081317703992,-0.12114523912576067
0.39757365517185206,13.700593051845424,13.708125023363756,-0.12143392187741851
0.39757385517185206,13.70058611603761,13.708118259928623,-0.12172330400691976
0.39757405517185207,13.700579163692627,13.708111480053994,-0.12201338509936581
0.3975742551718521,13.700572194773363,13.708104683700059,-0.122304164811639
0.397574455171852,13.700565209242715,13.70809787082711,-0.12259564271402393
0.39757465517185203,13.700558207063589,13.708091041395425,-0.12288781839450921
0.39757485517185204,13.700551188198904,13.708084195365265,-0.12318069145830182
0.39757505517185204,13.700544152611597,13.708077332696874,-0.12347426152815064
0.39757525517185205,13.700537100264603,13.708070453350489,-0.12376852824426551
0.39757545517185205,13.700530031120877,13.708063557286327,-0.12406349126431752
0.39757565517185206,13.700522945143383,13.708056644464587,-0.12435915026343873
0.39757585517185207,13.700515842295093,13.708049714845464,-0.12465550493422224
0.39757605517185207,13.700508722538995,13.708042768389438,-0.12495255467749995
0.3975762551718521,13.700501585838074,13.708035805056795,-0.1252502990439791
0.39757645517185203,13.700494432155345,13.70802882480783,-0.12554873766173755
0.39757665517185203,13.700487261453816,13.708021827602925,-0.12584787006861667
0.39757685517185204,13.700480073696513,13.70801481340246,-0.12614769582015045
0.39757705517185205,13.700472868846466,13.708007782166801,-0.12644821448989677
0.39757725517185205,13.70046564686673,13.708000733856295,-0.1267494256693546
0.39757745517185206,13.700458407720351,13.707993668431277,-0.1270513289679639
0.39757765517185206,13.700451151370396,13.707986585852076,-0.12735392401310588
0.39757785517185207,13.700443877779938,13.707979486078992,-0.12765721045010275
0.3975780551718521,13.70043658691206,13.707972369072321,-0.12796118794221778
0.3975782551718521,13.70042927872986,13.70796523479259,-0.12826585592983614
0.39757845517185203,13.700421953196432,13.70795808320028,-0.1285712138532259
0.39757865517185204,13.700414610274889,13.707950914255722,-0.1288772613558684
0.39757885517185204,13.700407249928352,13.707943727919425,-0.12918399794787674
0.39757905517185205,13.70039987211995,13.707936524151869,-0.12949142315772544
0.39757925517185205,13.700392476812821,13.707929302913529,-0.1297995365321657
0.39757945517185206,13.700385063970113,13.707922064164864,-0.13010833763622556
0.39757965517185206,13.700377633554984,13.707914807866317,-0.13041782605320976
0.39757985517185207,13.700370185530591,13.707907533978325,-0.13072800138469975
0.3975800551718521,13.700362719860117,13.707900242461303,-0.13103886325055378
0.397580255171852,13.70035523650674,13.707892933275662,-0.1313504112888203
0.39758045517185203,13.700347735433644,13.70788560638191,-0.13166264504220584
0.39758065517185204,13.700340216604037,13.707878261740793,-0.13197556377710606
0.39758085517185204,13.700332679981116,13.707870899312667,-0.13228916719440917
0.39758105517185205,13.700325125528103,13.707863519058144,-0.13260345478017854
0.39758125517185205,13.700317553208214,13.70785612093782,-0.13291842603900733
0.39758145517185206,13.700309962984688,13.70784870491228,-0.13323408049401855
0.39758165517185207,13.700302354820757,13.707841270942101,-0.13355041768686488
0.39758185517185207,13.700294728679667,13.707833818987838,-0.13386743717772892
0.3975820551718521,13.700287084524675,13.70782634901004,-0.13418513854532296
0.39758225517185203,13.700279422319044,13.707818860969246,-0.1345035213868007
0.39758245517185203,13.700271742026036,13.707811354825969,-0.13482258531811073
0.39758265517185204,13.700264043608934,13.707803830540719,-0.13514232997346656
0.39758285517185205,13.700256327031017,13.70779628807444,-0.1354627545493832
0.39758305517185205,13.700248592255578,13.70778872738759,-0.1357838587031594
0.39758325517185206,13.700240839245913,13.707781148440834,-0.13610564194558292
0.39758345517185206,13.700233067965328,13.707773551194894,-0.13642810376026612
0.39758365517185207,13.700225278377138,13.707765935610468,-0.13675124364948021
0.3975838551718521,13.700217470444654,13.707758301648244,-0.13707506113415488
0.397584055171852,13.70020964413121,13.707750649268899,-0.13739955575378854
0.39758425517185203,13.700201799400133,13.707742978433089,-0.13772472706680838
0.39758445517185204,13.700193936214758,13.707735289101471,-0.13805057465003032
0.39758465517185204,13.700186054538436,13.707727581234675,-0.13837709809901877
0.39758485517185205,13.700178154334516,13.707719854793329,-0.13870429702799694
0.39758505517185205,13.700170235566361,13.707712109738202,-0.13903217091685177
0.39758525517185206,13.700162298197327,13.707704346030217,-0.1393607190401493
0.39758545517185206,13.700154342190784,13.707696563629964,-0.1396899410677635
0.39758565517185207,13.700146367510115,13.707688762498272,-0.14001983646379537
0.3975858551718521,13.700138374118694,13.707680942595953,-0.1403504047110656
0.397586055171852,13.70013036197992,13.707673103883812,-0.14068164531102217
0.39758625517185203,13.700122331057173,13.70766524632263,-0.1410135577841085
0.39758645517185204,13.700114281313859,13.707657369873193,-0.1413461416692117
0.39758665517185204,13.700106212713381,13.707649474496261,-0.14167939652403022
0.39758685517185205,13.700098125219151,13.707641560152586,-0.14201332192498192
0.39758705517185206,13.700090018794581,13.707633626802906,-0.14234791746720418
0.39758725517185206,13.700081893403098,13.70762567440795,-0.1426831827645538
0.39758745517185207,13.700073749008123,13.707617702928765,-0.14301911710719095
0.3975876551718521,13.700065585573089,13.707609712326164,-0.143355719988571
0.3975878551718521,13.700057403061429,13.70760170256095,-0.14369299097457036
0.39758805517185203,13.700049201436594,13.707593673594054,-0.14403092952972077
0.39758825517185203,13.700040980662017,13.707585625386388,-0.14436953513752548
0.39758845517185204,13.700032740701156,13.707577557898857,-0.14470880729989644
0.39758865517185205,13.700024481517463,13.707569471092343,-0.14504874553752917
0.39758885517185205,13.7000162030744,13.707561364927729,-0.1453893493898093
0.39758905517185206,13.700007905335431,13.707553239365874,-0.14573061841481236
0.39758925517185206,13.699999588264026,13.707545094367628,-0.14607255218930396
0.39758945517185207,13.699991251823658,13.707536929893829,-0.14641515030873958
0.3975896551718521,13.699982895977802,13.707528745905304,-0.14675841238726475
0.397589855171852,13.699974520689947,13.707520542363325,-0.14710233758044236
0.39759005517185203,13.699966125923572,13.707512319228641,-0.14744692554223257
0.39759025517185204,13.699957711642163,13.70750407646224,-0.14779217577044984
0.39759045517185204,13.699949277809223,13.707495814025139,-0.14813808773027645
0.39759065517185205,13.699940824388241,13.70748753187835,-0.14848466090551682
0.39759085517185205,13.699932351342722,13.707479229982871,-0.14883189479859762
0.39759105517185206,13.699923858636168,13.707470908299682,-0.14917978893056788
0.39759125517185206,13.699915346232093,13.707462566789756,-0.14952834284109884
0.39759145517185207,13.699906814094003,13.707454205414047,-0.14987755608848388
0.3975916551718521,13.699898262185416,13.707445824133506,-0.15022742824963878
0.397591855171852,13.69988969046985,13.707437422909063,-0.15057795892000414
0.39759205517185203,13.699881098910826,13.707429001701632,-0.15092914771393467
0.39759225517185204,13.699872487471868,13.707420560472624,-0.15128099374057002
0.39759245517185204,13.699863856116503,13.70741209918283,-0.1516334967107698
0.39759265517185205,13.69985520480826,13.70740361779335,-0.1519866561015135
0.39759285517185206,13.699846533510678,13.707395116265293,-0.152340471378579
0.39759305517185206,13.699837842187291,13.707386594559752,-0.15269494202621695
0.39759325517185207,13.699829130801634,13.707378052637823,-0.1530500675471502
0.3975934551718521,13.699820399317248,13.707369490460577,-0.15340584746257413
0.3975936551718521,13.699811647697686,13.70736090798907,-0.1537622813121566
0.39759385517185203,13.699802875906487,13.707352305184349,-0.15411936865393872
0.39759405517185203,13.699794083907198,13.707343682007448,-0.1544771090647313
0.39759425517185204,13.699785271663377,13.70733503841938,-0.15483550213952063
0.39759445517185205,13.69977643913857,13.707326374381164,-0.15519454749186423
0.39759465517185205,13.69976758629634,13.70731768985423,-0.15555424429094325
0.39759485517185206,13.699758713100236,13.707308984799528,-0.15591459216697487
0.39759505517185206,13.699749819513823,13.707300259178206,-0.15627559063740806
0.39759525517185207,13.699740905500658,13.707291512951453,-0.15663723916766473
0.3975954551718521,13.699731971024308,13.707282746080452,-0.15699953724145657
0.397595655171852,13.699723016048337,13.707273958526374,-0.15736248436068356
0.39759585517185203,13.699714040536305,13.707265150250368,-0.15772608004583755
0.39759605517185204,13.699705044451784,13.707256321213583,-0.15809032383539756
0.39759625517185204,13.699696027758346,13.707247471377139,-0.15845521528623288
0.39759645517185205,13.699686990419554,13.707238600702157,-0.15882075397350198
0.39759665517185205,13.699677932398986,13.707229709149738,-0.15918693949065296
0.39759685517185206,13.699668853660212,13.707220796680964,-0.15955377144942315
0.39759705517185207,13.69965975416681,13.70721186325721,-0.1599212491718974
0.39759725517185207,13.69965063388235,13.707202908839703,-0.16028937209040942
0.3975974551718521,13.699641492770407,13.707193933389542,-0.16065813981723692
0.397597655171852,13.699632330794563,13.70718493686801,-0.16102755181639303
0.39759785517185203,13.699623147918391,13.70717591923636,-0.16139760757023947
0.39759805517185204,13.699613944105472,13.707166880455832,-0.1617683065788713
0.39759825517185204,13.69960471931938,13.707157820487657,-0.16213964836052713
0.39759845517185205,13.699595473523699,13.707148739293052,-0.16251163245148648
0.39759865517185206,13.699586206682008,13.707139636833224,-0.1628842584060698
0.39759885517185206,13.69957691875789,13.707130513069352,-0.16325752579663855
0.39759905517185207,13.699567609714919,13.707121367962616,-0.1636314342135952
0.3975992551718521,13.699558279516678,13.707112201474175,-0.16400598326538307
0.3975994551718521,13.699548928126754,13.70710301356526,-0.16438117249124692
0.39759965517185203,13.699539555508723,13.70709380419745,-0.1647570010394555
0.39759985517185203,13.699530161626164,13.707084573331755,-0.16513346866904635
0.39760005517185204,13.699520746442657,13.70707532092951,-0.16551057484085982
0.39760025517185205,13.699511309921787,13.707066046952045,-0.16588831903362777
0.39760045517185205,13.699501852027133,13.707056751360668,-0.16626670074386918
0.39760065517185206,13.699492372722274,13.707047434116674,-0.16664571948589005
0.39760085517185206,13.699482871970792,13.707038095181348,-0.1670253747917837
0.39760105517185207,13.69947334973626,13.707028734515955,-0.16740566621143035
0.3976012551718521,13.699463805982266,13.707019352081742,-0.16778659331249762
0.397601455171852,13.699454240672377,13.707009947839966,-0.16816815568033402
0.39760165517185203,13.699444653770177,13.707000521751832,-0.16855035291839318
0.39760185517185204,13.699435045239246,13.706991073778562,-0.1689331846475982
0.39760205517185204,13.699425415043152,13.706981603881665,-0.16931665016873626
0.39760225517185205,13.699415763145474,13.706972112022463,-0.16970074895388565
0.39760245517185205,13.69940608950978,13.706962598162178,-0.17008548062229956
0.39760265517185206,13.699396394099647,13.706953062262196,-0.17047084464736648
0.39760285517185207,13.699386676878648,13.706943504283888,-0.17085684051998404
0.39760305517185207,13.699376937810346,13.706933924188604,-0.1712434677485591
0.3976032551718521,13.699367176858319,13.706924321937686,-0.17163072585900777
0.397603455171852,13.699357393986126,13.706914697492456,-0.17201861439464755
0.39760365517185203,13.69934758915734,13.706905050814223,-0.17240713291662838
0.39760385517185204,13.699337762335515,13.706895381864282,-0.1727962810032863
0.39760405517185204,13.69932791348422,13.706885690603913,-0.17318605825057426
0.39760425517185205,13.699318042567016,13.706875976994384,-0.17357646427195447
0.39760445517185206,13.699308149547463,13.706866240996943,-0.17396749869839825
0.39760465517185206,13.699298234389117,13.70685648257331,-0.1743591606569317
0.39760485517185207,13.699288297055531,13.706846701684618,-0.1747514498623271
0.3976050551718521,13.69927833751026,13.706836898292243,-0.17514436584047674
0.3976052551718521,13.699268355716853,13.706827072357601,-0.17553790807491276
0.39760545517185203,13.699258351638866,13.7068172238421,-0.1759320760662128
0.39760565517185203,13.699248325239836,13.706807352707115,-0.1763268693324375
0.39760585517185204,13.699238276483314,13.706797458914021,-0.17672228740847434
0.39760605517185205,13.699228205332837,13.706787542424177,-0.17711832984647466
0.39760625517185205,13.699218111751946,13.706777603198923,-0.17751499621574487
0.39760645517185206,13.699207995704182,13.706767641199585,-0.177912286102746
0.39760665517185206,13.699197857153075,13.70675765638747,-0.17831019911109391
0.39760685517185207,13.699187696062161,13.706747648723884,-0.17870873486155942
0.3976070551718521,13.699177512394964,13.706737618170099,-0.1791078929920679
0.397607255171852,13.699167306115019,13.706727564687913,-0.17950767257329603
0.39760745517185203,13.699157077185838,13.706717488238427,-0.17990807340496917
0.39760765517185204,13.699146825570947,13.706707388783066,-0.18030909499076853
0.39760785517185204,13.699136551233858,13.70669726628327,-0.18071073682106958
0.39760805517185205,13.699126254138092,13.706687120700463,-0.18111299840306117
0.39760825517185205,13.699115934247155,13.706676951996057,-0.18151587926074494
0.39760845517185206,13.699105591524562,13.706666760131442,-0.18191937893493587
0.39760865517185207,13.699095225933808,13.706656545067995,-0.18232349698326186
0.39760885517185207,13.6990848374384,13.706646306767082,-0.182728232980164
0.3976090551718521,13.699074426001832,13.706636045190049,-0.18313358651689646
0.397609255171852,13.699063991587604,13.706625760298229,-0.18353955720141374
0.39760945517185203,13.6990535341592,13.706615452052935,-0.18394614465882153
0.39760965517185204,13.699043053680109,13.70660512041547,-0.18435334853070073
0.39760985517185204,13.699032550113811,13.706594765347566,-0.18476116797287045
0.39761005517185205,13.69902202342379,13.706584386810446,-0.18516960267892424
0.39761025517185206,13.699011473573515,13.706573984765496,-0.18557865221276088
0.39761045517185206,13.699000900526464,13.70656355917417,-0.18598831606845398
0.39761065517185207,13.698990304246102,13.706553109997902,-0.1863985937565266
0.3976108551718521,13.698979684695887,13.706542637198112,-0.18680948480395104
0.3976110551718521,13.698969041839288,13.70653214073621,-0.1872209887541492
0.39761125517185203,13.698958375639753,13.706521620573582,-0.18763310516687778
0.39761145517185204,13.698947686060729,13.706511076671596,-0.18804583361868626
0.39761165517185204,13.698936973065669,13.706500508991615,-0.18845917370223036
0.39761185517185205,13.698926236618009,13.70648991749498,-0.18887312502672962
0.39761205517185205,13.698915476681188,13.706479302143018,-0.18928768721785283
0.39761225517185206,13.698904693218644,13.706468662897034,-0.1897028599177184
0.39761245517185206,13.698893886193796,13.706457999718582,-0.19011864250004396
0.39761265517185207,13.698883055570072,13.70644731256915,-0.1905350343641498
0.3976128551718521,13.69887220131089,13.70643660140999,-0.1909520352231888
0.397613055171852,13.698861323379663,13.706425866202556,-0.19136964457112585
0.39761325517185203,13.698850421739795,13.706415106908281,-0.19178786191837272
0.39761345517185204,13.698839496354696,13.706404323488593,-0.19220668679109273
0.39761365517185204,13.698828547187759,13.70639351590489,-0.19262611873166413
0.39761385517185205,13.698817574202382,13.706382684118568,-0.1930461572985642
0.39761405517185205,13.69880657736195,13.706371828091,-0.19346680206636926
0.39761425517185206,13.698795556629847,13.70636094778354,-0.19388805262575473
0.39761445517185207,13.69878451196945,13.706350043157531,-0.1943099085834952
0.39761465517185207,13.69877344334413,13.7063391141743,-0.19473236956246429
0.3976148551718521,13.698762350717258,13.70632816079515,-0.19515543520163467
0.397615055171852,13.698751234052194,13.706317182981385,-0.19557910515596055
0.39761525517185203,13.698740093312292,13.70630618069481,-0.19600337846512456
0.39761545517185204,13.698728928460897,13.706295153896505,-0.1964282550052997
0.39761565517185204,13.698717739461358,13.706284102547892,-0.19685373429058264
0.39761585517185205,13.698706526277013,13.706273026610402,-0.19727981582731827
0.39761605517185206,13.698695288871194,13.706261926045446,-0.19770649913757857
0.39761625517185206,13.698684027207227,13.706250800814418,-0.1981337837591628
0.39761645517185207,13.698672741248435,13.7062396508787,-0.19856166924559712
0.3976166551718521,13.698661430958131,13.706228476199653,-0.198990155166135
0.3976168551718521,13.698650096299623,13.706217276738625,-0.19941924110575704
0.39761705517185203,13.698638737236216,13.706206052456949,-0.19984892666505152
0.39761725517185204,13.698627353731197,13.706194803315935,-0.20027921146069178
0.39761745517185204,13.698615945747864,13.706183529276876,-0.2007100951247206
0.39761765517185205,13.698604513249501,13.70617223030106,-0.20114157730502696
0.39761785517185205,13.69859305619938,13.706160906349833,-0.20157365756586756
0.39761805517185206,13.698581574560773,13.706149557384888,-0.20200633504013596
0.39761825517185206,13.698570068296947,13.706138183367298,-0.2024396096051859
0.39761845517185207,13.698558537371152,13.70612678425847,-0.20287348075972295
0.3976186551718521,13.698546981746643,13.706115360019796,-0.2033079480178006
0.397618855171852,13.698535401386668,13.706103910612649,-0.20374301090869937
0.39761905517185203,13.698523796254452,13.706092435998393,-0.20417866897741008
0.39761925517185204,13.698512166313238,13.706080936138362,-0.2046149217839091
0.39761945517185204,13.698500511526237,13.706069410993887,-0.20505176890364163
0.39761965517185205,13.698488831856674,13.706057860526274,-0.20548920992740038
0.39761985517185205,13.69847712726775,13.706046284696816,-0.20592724446132624
0.39762005517185206,13.698465397722675,13.706034683466788,-0.20636587212690793
0.39762025517185207,13.698453643184637,13.706023056797447,-0.206805092560982
0.39762045517185207,13.698441863616829,13.706011404650035,-0.20724490541573293
0.3976206551718521,13.698430058982428,13.705999726985855,-0.20768531027011222
0.39762085517185203,13.698418229244611,13.705988023766572,-0.20812630623146916
0.39762105517185203,13.698406374366535,13.705976294953198,-0.208567893206577
0.39762125517185204,13.698394494311355,13.705964540507091,-0.2090100706976372
0.39762145517185205,13.69838258904223,13.705952760389602,-0.2094528382219293
0.39762165517185205,13.6983706585223,13.705940954562054,-0.20989619531168877
0.39762185517185206,13.698358702714701,13.705929122985758,-0.21034014151410663
0.39762205517185206,13.698346721582556,13.705917265622011,-0.21078467639132997
0.39762225517185207,13.698334715088988,13.705905382432082,-0.2112297995204615
0.3976224551718521,13.698322683197103,13.705893473377238,-0.21167551049355973
0.3976226551718521,13.69831062587001,13.705881538418714,-0.21212180891763904
0.39762285517185203,13.698298543070806,13.705869577517744,-0.2125686944145454
0.39762305517185204,13.69828643476257,13.705857590635528,-0.2130161666214529
0.39762325517185204,13.698274300908382,13.70584557773326,-0.21346422519011926
0.39762345517185205,13.698262141471321,13.705833538772119,-0.2139128697873819
0.39762365517185205,13.698249956414447,13.705821473713732,-0.2143620994908248
0.39762385517185206,13.698237745700808,13.705809382519128,-0.21481191413278755
0.39762405517185206,13.698225509293454,13.70579726514954,-0.21526231329111475
0.39762425517185207,13.698213247155426,13.705785121566262,-0.21571329648107498
0.3976244551718521,13.698200959249746,13.705772951730555,-0.2161648632325521
0.397624655171852,13.698188645539442,13.705760755603675,-0.21661701308991957
0.39762485517185203,13.698176305987522,13.705748533146847,-0.21706974561254258
0.39762505517185204,13.698163940556986,13.705736284321299,-0.21752306037402536
0.39762525517185204,13.698151549210834,13.705724009088224,-0.21797695696271235
0.39762545517185205,13.69813913191205,13.705711707408806,-0.21843143498156356
0.39762565517185205,13.698126688623612,13.705699379244214,-0.21888649404815397
0.39762585517185206,13.698114219308483,13.705687024555587,-0.21934213379467382
0.39762605517185207,13.69810172392963,13.705674643304066,-0.2197983538679287
0.39762625517185207,13.69808920245,13.705662235450765,-0.2202551539293391
0.3976264551718521,13.698076654832533,13.70564980095692,-0.22071253346366987
0.39762665517185203,13.698064081040163,13.705637339783959,-0.22117049170016373
0.39762685517185203,13.69805148103581,13.705624851892813,-0.22162902851852065
0.39762705517185204,13.698038854782386,13.705612337244697,-0.22208814342709146
0.39762725517185205,13.698026202242799,13.70559979580081,-0.22254783594861427
0.39762745517185205,13.69801352337994,13.705587227522335,-0.22300810562008747
0.39762765517185206,13.698000818156697,13.705574632370432,-0.22346895199276953
0.39762785517185206,13.697988086535945,13.705562010306249,-0.2239303746321794
0.39762805517185207,13.697975328480554,13.705549361290918,-0.22439237311809615
0.3976282551718521,13.697962543953375,13.70553668528555,-0.22485494704455908
0.3976284551718521,13.69794973291726,13.70552398225124,-0.22531809601986774
0.39762865517185203,13.697936895335047,13.705511252149067,-0.2257818196664532
0.39762885517185204,13.697924031169556,13.705498494940088,-0.2262461176213929
0.39762905517185204,13.69791114038361,13.705485710585346,-0.2267109895356386
0.39762925517185205,13.697898222940019,13.70547289904587,-0.22717643507453084
0.39762945517185205,13.69788527880158,13.705460060282872,-0.22764245363231575
0.39762965517185206,13.697872307931082,13.705447194257594,-0.2281090445585818
0.39762985517185206,13.697859310291298,13.705434300930921,-0.22857620769008932
0.39763005517185207,13.697846285845,13.70542138026397,-0.2290439425371502
0.3976302551718521,13.697833234554942,13.705408432217842,-0.2295122486240034
0.397630455171852,13.697820156383878,13.705395456753626,-0.22998112548868452
0.39763065517185203,13.697807051294543,13.70538245383238,-0.23045057268354663
0.39763085517185204,13.697793919249662,13.705369423415156,-0.2309205897744795
0.39763105517185204,13.69778076021195,13.705356365462988,-0.23139117634142992
0.39763125517185205,13.697767574144116,13.705343279936885,-0.23186233197827164
0.39763145517185206,13.697754361008856,13.70533016679785,-0.23233405629280546
0.39763165517185206,13.697741120768855,13.705317026006856,-0.23280634890675914
0.39763185517185207,13.697727853386786,13.705303857524871,-0.23327920945578734
0.3976320551718521,13.697714558825314,13.705290661312835,-0.2337526375894718
0.3976322551718521,13.697701237047092,13.705277437331677,-0.23422663297132118
0.39763245517185203,13.69768788801477,13.705264185542411,-0.23470119513491167
0.39763265517185203,13.697674511690968,13.705250905906324,-0.23517632319393877
0.39763285517185204,13.697661108038309,13.70523759838411,-0.2356520171233063
0.39763305517185205,13.697647677019408,13.70522426293678,-0.23612827642875442
0.39763325517185205,13.697634218596859,13.70521089952533,-0.23660510062966414
0.39763345517185206,13.69762073273325,13.705197508110732,-0.2370824892590578
0.39763365517185206,13.697607219391164,13.705184088653947,-0.23756044186359904
0.39763385517185207,13.697593678533162,13.705170641115917,-0.23803895800359284
0.3976340551718521,13.697580110121796,13.705157165457564,-0.23851803725298518
0.3976342551718521,13.697566514119615,13.705143661639795,-0.23899767919936354
0.39763445517185203,13.69755289048915,13.7051301296235,-0.23947788344382312
0.39763465517185204,13.697539239192917,13.705116569369544,-0.23995864960150026
0.39763485517185204,13.697525560193426,13.705102980838786,-0.240439977300773
0.39763505517185205,13.697511853453179,13.705089363992064,-0.24092186618379358
0.39763525517185205,13.697498118934657,13.705075718790193,-0.24140431590635567
0.39763545517185206,13.697484356600341,13.705062045193975,-0.24188732613789407
0.39763565517185206,13.697470566412694,13.705048343164517,-0.24237089606886036
0.39763585517185207,13.69745674833416,13.70503461266264,-0.24285502531889205
0.3976360551718521,13.697442902327182,13.705020853649085,-0.24333971362878024
0.397636255171852,13.69742902835419,13.705007066084729,-0.24382496050660524
0.39763645517185203,13.697415126377598,13.704993249930418,-0.24431076547421557
0.39763665517185204,13.697401196359811,13.704979405147002,-0.24479712806641993
0.39763685517185204,13.69738723826322,13.704965531695297,-0.24528404783152566
0.39763705517185205,13.697373252050209,13.704951629536117,-0.2457715243312043
0.39763725517185206,13.697359237683141,13.704937698630244,-0.24625955714049144
0.39763745517185206,13.697345195124377,13.704923738938453,-0.24674814584778668
0.39763765517185207,13.69733112433626,13.704909750421493,-0.2472372900548537
0.3976378551718521,13.697317025281121,13.704895733040102,-0.24772698937682058
0.3976380551718521,13.697302897921277,13.704881686755002,-0.24821724344217896
0.39763825517185203,13.697288742219046,13.704867611526891,-0.2487080518926488
0.39763845517185203,13.69727455813671,13.704853507316454,-0.24919941438372256
0.39763865517185204,13.69726034563656,13.704839374084354,-0.2496913305838483
0.39763885517185205,13.697246104680863,13.704825211791562,-0.2501837996424297
0.39763905517185205,13.697231835231877,13.704811020398756,-0.25067682120966606
0.39763925517185206,13.697217537251845,13.704796799866532,-0.25117039502957467
0.39763945517185206,13.697203210703004,13.704782550155619,-0.2516645206057323
0.39763965517185207,13.697188855547568,13.70476827122673,-0.25215919745479803
0.3976398551718521,13.69717447174775,13.704753963040561,-0.2526544251065124
0.3976400551718521,13.697160059265746,13.704739625557792,-0.2531502031036981
0.39764025517185203,13.697145618063738,13.704725258739083,-0.2536465310021219
0.39764045517185204,13.697131148103889,13.704710862545069,-0.2541434083710455
0.39764065517185204,13.697116649348356,13.704696436936382,-0.2546408347923996
0.39764085517185205,13.697102121759286,13.704681981873632,-0.25513880986133414
0.39764105517185205,13.697087565298805,13.70466749731741,-0.25563733318608123
0.39764125517185206,13.697072979929034,13.704652983228286,-0.25613640438795465
0.39764145517185207,13.697058365612076,13.704638439566821,-0.2566360231013503
0.39764165517185207,13.697043722310024,13.704623866293552,-0.25713618897374557
0.3976418551718521,13.697029049984952,13.704609263369004,-0.2576369016657
0.397642055171852,13.697014348598932,13.704594630753784,-0.2581381606721568
0.39764225517185203,13.696999618114006,13.704579968408732,-0.25863996504088727
0.39764245517185204,13.696984858492213,13.704565276294137,-0.25914231484324035
0.39764265517185204,13.696970069695583,13.704550554370575,-0.25964520956998494
0.39764285517185205,13.69695525168612,13.704535802598604,-0.2601486487247614
0.39764305517185206,13.696940404425828,13.704521020938763,-0.26065263182408266
0.39764325517185206,13.696925527876688,13.704506209351575,-0.2611571583973331
0.39764345517185207,13.696910622000674,13.704491367797546,-0.2616622279867696
0.3976436551718521,13.69689568675974,13.704476496237168,-0.2621678401475205
0.3976438551718521,13.69688072211583,13.704461594630908,-0.2626739944475864
0.39764405517185203,13.69686572803088,13.70444666293923,-0.2631806904676992
0.39764425517185203,13.696850704466797,13.704431701122559,-0.2636879278018846
0.39764445517185204,13.696835651385486,13.704416709141325,-0.2641957060566186
0.39764465517185205,13.696820568748835,13.704401686955928,-0.26470402485138944
0.39764485517185205,13.696805456518717,13.704386634526758,-0.2652128838185577
0.39764505517185206,13.696790314656997,13.704371551814178,-0.2657222826033557
0.39764525517185206,13.696775143125521,13.704356438778547,-0.26623222086388787
0.39764545517185207,13.696759941886121,13.704341295380326,-0.26674269800750955
0.3976456551718521,13.696744710900614,13.704326121580127,-0.26725371316021296
0.3976458551718521,13.696729450130801,13.704310917338095,-0.26776526638055265
0.39764605517185203,13.696714159538478,13.704295682614623,-0.2682773571502704
0.39764625517185204,13.696698839085416,13.704280417370084,-0.2687899849642508
0.39764645517185204,13.69668348873338,13.704265121564838,-0.2693031493296687
0.39764665517185205,13.696668108444115,13.704249795159226,-0.2698168497665573
0.39764685517185205,13.696652698179356,13.704234438113579,-0.27033108580766635
0.39764705517185206,13.696637257900822,13.704219050388204,-0.27084585699846225
0.39764725517185207,13.696621787570216,13.704203631943393,-0.2713611628971275
0.39764745517185207,13.69660628714923,13.70418818273942,-0.2718770030745611
0.3976476551718521,13.696590756599534,13.704172702736546,-0.27239337711437855
0.397647855171852,13.696575195882797,13.704157191895018,-0.2729102846127685
0.39764805517185203,13.696559604960655,13.704141650175046,-0.2734277251790661
0.39764825517185204,13.696543983794742,13.704126077536852,-0.27394569843489286
0.39764845517185204,13.69652833234668,13.704110473940622,-0.2744642040147301
0.39764865517185205,13.696512650578065,13.704094839346531,-0.2749832415657755
0.39764885517185206,13.696496938450487,13.704079173714739,-0.2755028107479434
0.39764905517185206,13.696481195925521,13.704063477005734,-0.27602291040666554
0.39764925517185207,13.696465422964717,13.704047749179567,-0.27654354051514835
0.3976494551718521,13.696449619529623,13.704031990196361,-0.2770647007367514
0.3976496551718521,13.69643378558176,13.704016200016296,-0.27758639054667583
0.39764985517185203,13.696417921082652,13.704000378599554,-0.2781086094326085
0.39765005517185203,13.696402025993782,13.703984525906272,-0.2786313568953015
0.39765025517185204,13.696386100276642,13.703968641896598,-0.27915463244770333
0.39765045517185205,13.696370143892699,13.70395272653065,-0.27967843561553785
0.39765065517185205,13.6963541568034,13.703936779768533,-0.28020276593715954
0.39765085517185206,13.696338138970185,13.703920801570332,-0.28072762296355364
0.39765105517185206,13.696322090354473,13.703904791896118,-0.2812530062583361
0.39765125517185207,13.696306010917672,13.703888750705953,-0.2817789153977536
0.3976514551718521,13.696289900621172,13.70387267795987,-0.2823053499706835
0.3976516551718521,13.696273759426347,13.703856573617893,-0.2828323095786338
0.39765185517185203,13.696257587294564,13.70384043764003,-0.28335979383559673
0.39765205517185204,13.696241384187157,13.703824269986265,-0.28388780236863453
0.39765225517185204,13.696225150065459,13.70380807061657,-0.2844163348170011
0.39765245517185205,13.696208884890783,13.70379183949091,-0.28494539083272713
0.39765265517185205,13.696192588624431,13.703775576569459,-0.2854749693864689
0.39765285517185206,13.69617626122768,13.703759281812196,-0.28600507014469745
0.39765305517185207,13.696159902661796,13.703742955178974,-0.2865356929709222
0.39765325517185207,13.696143512888028,13.703726596629764,-0.2870668373211676
0.3976534551718521,13.696127091867613,13.703710206124521,-0.287598502664101
0.397653655171852,13.696110639561777,13.703693783623189,-0.28813068848088386
0.39765385517185203,13.69609415593171,13.703677329085682,-0.2886633942657637
0.39765405517185204,13.69607764093861,13.703660842471917,-0.2891966195251873
0.39765425517185204,13.69606109454364,13.70364432374178,-0.2897303637783916
0.39765445517185205,13.696044516707962,13.703627772855153,-0.290264626557256
0.39765465517185206,13.696027907392713,13.70361118977189,-0.29079940740630233
0.39765485517185206,13.696011266559013,13.703594574451838,-0.2913347058826951
0.39765505517185207,13.695994594167976,13.703577926854827,-0.291870521556241
0.3976552551718521,13.695977890180684,13.703561246940668,-0.2924068540093894
0.3976554551718521,13.695961154558216,13.703544534669156,-0.29294370283723203
0.39765565517185203,13.695944387261637,13.703527790000079,-0.2934810676473541
0.39765585517185204,13.695927588251976,13.703511012893188,-0.29401894806043044
0.39765605517185204,13.695910757490264,13.703494203308242,-0.2945573437093314
0.39765625517185205,13.695893894937518,13.70347736120497,-0.2950962542397184
0.39765645517185205,13.695877000554724,13.7034604865433,-0.2956356785272995
0.39765665517185206,13.69586007430286,13.703443579282977,-0.2961756162523218
0.39765685517185206,13.695843116142886,13.703426639383641,-0.29671606734172523
0.39765705517185207,13.695826126035742,13.703409666805014,-0.2972570312297232
0.3976572551718521,13.695809103942361,13.703392661506816,-0.29779850736328395
0.3976574551718521,13.695792049823652,13.703375623448755,-0.2983404952021305
0.39765765517185203,13.695774963640513,13.703358552590515,-0.29888299421858994
0.39765785517185204,13.695757845353812,13.703341448891761,-0.29942600389819585
0.39765805517185204,13.69574069492442,13.703324312312159,-0.29996952373878505
0.39765825517185205,13.695723512313172,13.703307142811342,-0.3005135532510994
0.39765845517185205,13.695706297480905,13.70328994034894,-0.3010580919586358
0.39765865517185206,13.695689050388422,13.703272704884565,-0.30160313939764566
0.39765885517185207,13.695671770996519,13.70325543637781,-0.3021486951171353
0.39765905517185207,13.695654459265972,13.703238134788256,-0.30269475867886564
0.3976592551718521,13.69563711515754,13.703220800075467,-0.3032413296573526
0.397659455171852,13.69561973863197,13.703203432198999,-0.3037884076397147
0.39765965517185203,13.695602329649981,13.703186031118374,-0.30433599222628094
0.39765985517185204,13.695584888172286,13.70316859679312,-0.3048840830296795
0.39766005517185204,13.695567414159575,13.703151129182736,-0.3054326796754452
0.39766025517185205,13.695549907572527,13.703133628246714,-0.3059817818018676
0.39766045517185206,13.695532368371795,13.703116093944672,-0.3065313882378465
0.39766065517185206,13.695514796518024,13.703098526236149,-0.3070814985041574
0.39766085517185207,13.695497191971832,13.70308092508051,-0.3076321127409629
0.3976610551718521,13.695479554693822,13.70306329043723,-0.30818323035061285
0.3976612551718521,13.695461884644587,13.703045622265764,-0.30873485074867774
0.39766145517185203,13.695444181784703,13.703027920525562,-0.30928697336379546
0.39766165517185204,13.695426446074718,13.703010185176046,-0.30983959763828467
0.39766185517185204,13.695408677475168,13.702992416176631,-0.31039272302722454
0.39766205517185205,13.695390875946577,13.702974613486715,-0.3109463489990687
0.39766225517185205,13.695373041449443,13.70295677706569,-0.311500475035491
0.39766245517185206,13.695355173944254,13.702938906872918,-0.31205510063138636
0.39766265517185206,13.695337273391475,13.702921002867763,-0.3126102252948701
0.39766285517185207,13.695319339751554,13.702903065009563,-0.3131658485472785
0.3976630551718521,13.69530137298492,13.702885093257645,-0.31372196992316836
0.3976632551718521,13.69528337305199,13.702867087571324,-0.3142785889703173
0.39766345517185203,13.695265339913165,13.7028490479099,-0.31483570524956883
0.39766365517185204,13.695247273528812,13.702830974232649,-0.31539331833545126
0.39766385517185204,13.6952291738593,13.702812866498842,-0.31595142781524965
0.39766405517185205,13.695211040864965,13.70279472466774,-0.31651003328962446
0.39766425517185205,13.695192874506137,13.702776548698575,-0.3170691343724567
0.39766445517185206,13.695174674743129,13.702758338550579,-0.3176287306908481
0.39766465517185207,13.69515644153622,13.702740094182962,-0.31818882188512126
0.39766485517185207,13.695138174845697,13.702721815555108,-0.31874940547669545
0.3976650551718521,13.6951198746318,13.702703502626088,-0.3193104829455795
0.39766525517185203,13.69510154085477,13.702685155355097,-0.31987205367475313
0.39766545517185203,13.695083173474814,13.702666773701294,-0.3204341170263406
0.39766565517185204,13.69506477245214,13.70264835762385,-0.3209966723761226
0.39766585517185205,13.695046337746932,13.702629907081919,-0.3215597191141596
0.39766605517185205,13.695027869319352,13.70261142203463,-0.32212325664463587
0.39766625517185206,13.695009367129549,13.702592902441106,-0.32268728438585964
0.39766645517185206,13.694990831137648,13.702574348260455,-0.323251801770263
0.39766665517185207,13.694972261303759,13.702555759451775,-0.32381680824440184
0.3976668551718521,13.694953657587972,13.702537135974142,-0.32438230326895606
0.3976670551718521,13.694935019950359,13.702518477786626,-0.32494828631872946
0.39766725517185203,13.694916348350985,13.702499784848289,-0.3255147568824923
0.39766745517185204,13.694897642749867,13.702481057118154,-0.3260817144636107
0.39766765517185204,13.694878903107032,13.702462294555263,-0.3266491585791027
0.39766785517185205,13.694860129382477,13.702443497118617,-0.32721708876026767
0.39766805517185205,13.694841321536186,13.702424664767223,-0.3277855045525289
0.39766825517185206,13.694822479528119,13.702405797460068,-0.3283544055154334
0.39766845517185206,13.694803603318224,13.702386895156119,-0.32892379122265214
0.39766865517185207,13.694784692866417,13.702367957814339,-0.3294936612619799
0.3976688551718521,13.694765748132616,13.702348985393673,-0.3300640152353356
0.3976690551718521,13.694746769076705,13.702329977853049,-0.33063485275876164
0.39766925517185203,13.69472775565856,13.702310935151393,-0.33120617346226605
0.39766945517185204,13.694708707838023,13.702291857247602,-0.33177797699045636
0.39766965517185204,13.694689625574942,13.702272744100588,-0.33235026014551616
0.39766985517185205,13.694670508829116,13.702253595669205,-0.33292302482702935
0.39767005517185205,13.694651357560339,13.702234411912308,-0.33349627074394483
0.39767025517185206,13.694632171728395,13.702215192788744,-0.3340699971900646
0.39767045517185207,13.694612951293035,13.70219593825735,-0.33464420347485685
0.39767065517185207,13.694593696214008,13.70217664827695,-0.33521888892345664
0.3976708551718521,13.694574406451032,13.702157322806354,-0.33579405287666503
0.39767105517185203,13.694555081963811,13.70213796180436,-0.33636969469078987
0.39767125517185203,13.69453572271202,13.702118565229746,-0.3369458137382848
0.39767145517185204,13.69451632865533,13.702099133041287,-0.3375224094067905
0.39767165517185205,13.69449689975339,13.70207966519775,-0.3380994810997742
0.39767185517185205,13.694477435965815,13.702060161657872,-0.3386770282363692
0.39767205517185206,13.694457937252219,13.702040622380393,-0.3392550502513751
0.39767225517185206,13.694438403572189,13.702021047324031,-0.33983354659525833
0.39767245517185207,13.694418834885292,13.7020014364475,-0.3404125167341515
0.3976726551718521,13.69439923115108,13.70198178970949,-0.3409919601498537
0.3976728551718521,13.694379592329083,13.701962107068692,-0.34157187633983055
0.39767305517185203,13.694359918378815,13.701942388483777,-0.3421522648170528
0.39767325517185204,13.69434020925976,13.701922633913393,-0.34273312511064097
0.39767345517185204,13.694320464931398,13.701902843316192,-0.3433144567648989
0.39767365517185205,13.69430068535318,13.70188301665081,-0.3438962593399579
0.39767385517185205,13.694280870484544,13.701863153875864,-0.3444785324116155
0.39767405517185206,13.694261020284905,13.701843254949964,-0.3450612755713359
0.39767425517185206,13.69424113471366,13.701823319831702,-0.34564448842624973
0.39767445517185207,13.694221213730188,13.701803348479661,-0.34622817059915384
0.3976746551718521,13.694201257293845,13.701783340852415,-0.3468123217285117
0.3976748551718521,13.694181265363973,13.701763296908517,-0.347396941468453
0.39767505517185203,13.694161237899904,13.701743216606319,-0.34798202701440634
0.39767525517185204,13.694141174860919,13.701723099904271,-0.3485675783430118
0.39767545517185204,13.694121076206304,13.701702946760994,-0.34915359651004413
0.39767565517185205,13.694100941895321,13.701682757134963,-0.34974008075489255
0.39767585517185206,13.694080771887213,13.701662530984645,-0.3503270303337955
0.39767605517185206,13.694060566141202,13.701642268268488,-0.35091444451984144
0.39767625517185207,13.694040324616497,13.701621968944943,-0.35150232260296854
0.3976764551718521,13.694020047272275,13.701601632972434,-0.3520906638899647
0.3976766551718521,13.693999734067704,13.70158126030938,-0.3526794677044673
0.39767685517185203,13.693979384961937,13.701560850914197,-0.3532687333868001
0.39767705517185203,13.693958999914082,13.701540404745268,-0.35385846029462703
0.39767725517185204,13.693938578883259,13.701519921760987,-0.3544486478019715
0.39767745517185205,13.693918121828544,13.701499401919728,-0.3550392952998697
0.39767765517185205,13.693897628709008,13.70147884517985,-0.35563040219620773
0.39767785517185206,13.693877099483698,13.701458251499709,-0.3562219679157214
0.39767805517185206,13.693856534111637,13.701437620837641,-0.3568139918999962
0.39767825517185207,13.693835932551835,13.701416953151977,-0.35740647360746747
0.3976784551718521,13.693815294763278,13.701396248401032,-0.35799941251342
0.3976786551718521,13.693794620704933,13.701375506543116,-0.3585928081099884
0.39767885517185203,13.693773910335759,13.701354727536526,-0.3591866599059922
0.39767905517185204,13.693753163614664,13.701333911339534,-0.35978096742759513
0.39767925517185204,13.693732380500567,13.70131305791042,-0.3603757302173161
0.39767945517185205,13.693711560952355,13.701292167207441,-0.36097094783468864
0.39767965517185205,13.6936907049289,13.701271239188848,-0.36156661985609595
0.39767985517185206,13.693669812389048,13.701250273812882,-0.3621627458747708
0.39768005517185206,13.693648883291631,13.701229271037766,-0.362759325500796
0.39768025517185207,13.693627917595458,13.701208230821715,-0.3633563583611036
0.3976804551718521,13.693606915259322,13.701187153122726,-0.36395384289103305
0.3976806551718521,13.693585876241993,13.701166037898446,-0.36455177660328053
0.39768085517185203,13.693564800502228,13.701144885107464,-0.36515016191743827
0.39768105517185204,13.693543687998742,13.701123694707873,-0.3657489980131457
0.39768125517185204,13.693522538690251,13.701102466657778,-0.36634828408761905
0.39768145517185205,13.693501352535444,13.701081200915258,-0.36694801935631516
0.39768165517185206,13.693480129492995,13.7010598974384,-0.36754820305276625
0.39768185517185206,13.693458869521553,13.701038556185267,-0.36814883442857926
0.39768205517185207,13.69343757257975,13.701017177113917,-0.3687499127534359
0.3976822551718521,13.693416238626192,13.700995760182398,-0.36935143731509285
0.3976824551718521,13.693394867619471,13.700974305348748,-0.36995340741938176
0.39768265517185203,13.693373459518165,13.700952812571,-0.3705558223900421
0.39768285517185203,13.693352014280807,13.700931281807168,-0.3711586815693896
0.39768305517185204,13.693330531865938,13.700909713015262,-0.3717619843173134
0.39768325517185205,13.693309012232058,13.700888106153279,-0.37236573001194484
0.39768345517185205,13.693287455337664,13.700866461179217,-0.37296991804949003
0.39768365517185206,13.693265861141226,13.70084477805105,-0.37357454784423016
0.39768385517185206,13.693244229601186,13.700823056726753,-0.3741796188285211
0.39768405517185207,13.693222560675979,13.700801297164281,-0.3747851304527939
0.3976842551718521,13.69320085432401,13.700779499321591,-0.37539108218555417
0.3976844551718521,13.693179110503666,13.700757663156624,-0.37599747351338286
0.39768465517185203,13.693157329173324,13.700735788627314,-0.3766043039407669
0.39768485517185204,13.693135510291322,13.700713875691578,-0.3772115729907738
0.39768505517185204,13.69311365381599,13.700691924307328,-0.37781928020404054
0.39768525517185205,13.693091759705638,13.700669934432472,-0.3784274251394475
0.39768545517185205,13.693069827918551,13.700647906024898,-0.37903600737395
0.39768565517185206,13.693047858413,13.700625839042495,-0.3796450265025781
0.39768585517185207,13.69302585114723,13.700603733443137,-0.380254482138437
0.39768605517185207,13.693003806079474,13.70058158918331,-0.3808643694702754
0.3976862551718521,13.692981723167938,13.700559406221693,-0.3814746921078474
0.3976864551718521,13.692959602370804,13.700537184516055,-0.38208544927977195
0.39768665517185203,13.692937443646253,13.700514924024137,-0.3826966401194209
0.39768685517185204,13.692915246952412,13.700492624703662,-0.38330826377999044
0.39768705517185204,13.692893012247414,13.700470286512356,-0.3839203194334833
0.39768725517185205,13.692870739489363,13.70044790940793,-0.3845328062713868
0.39768745517185206,13.692848428636346,13.700425493348096,-0.3851457235045038
0.39768765517185206,13.692826079646425,13.700403038290549,-0.38575907036295226
0.39768785517185207,13.692803692477645,13.700380544192981,-0.3863728460961653
0.3976880551718521,13.692781267088028,13.700358011013076,-0.3869870499728915
0.3976882551718521,13.692758803435575,13.700335438708514,-0.38760168128119477
0.39768845517185203,13.69273630147828,13.700312827236962,-0.3882167393282831
0.39768865517185203,13.692713761174089,13.700290176556075,-0.3888322234411923
0.39768885517185204,13.69269118248095,13.700267486623508,-0.38944813296576136
0.39768905517185205,13.692668565356787,13.70024475739691,-0.39006446726731503
0.39768925517185205,13.692645909759495,13.700221988833915,-0.39068122573049335
0.39768945517185206,13.692623215646961,13.700199180892158,-0.39129840775925157
0.39768965517185206,13.692600482977038,13.700176333529258,-0.3919160127768604
0.39768985517185207,13.692577711707573,13.700153446702831,-0.3925340402259056
0.3976900551718521,13.692554901796377,13.700130520370484,-0.39315248956828847
0.3976902551718521,13.692532053201257,13.700107554489819,-0.3937713602852251
0.39769045517185203,13.692509165879994,13.700084549018431,-0.39439065187707534
0.39769065517185204,13.692486239790332,13.700061503913895,-0.39501036386402977
0.39769085517185204,13.692463274890013,13.700038419133795,-0.3956304957850789
0.39769105517185205,13.69244027113676,13.700015294635694,-0.39625104719869986
0.39769125517185205,13.692417228488267,13.699992130377158,-0.39687201768268543
0.39769145517185206,13.69239414690221,13.699968926314467,-0.39749340371486486
0.39769165517185207,13.692371026336254,13.699945682405238,-0.39811520641400033
0.39769185517185207,13.692347866748031,13.699922398607372,-0.3987374263553625
0.3976920551718521,13.692324668095164,13.699899074878271,-0.39936006260387896
0.3976922551718521,13.692301430335238,13.69987571117532,-0.3999831142450518
0.39769245517185203,13.692278153425837,13.699852307455906,-0.4006065803847856
0.39769265517185204,13.6922548373245,13.699828863677395,-0.4012304601500789
0.39769285517185204,13.692231481988767,13.699805379797164,-0.40185475268798615
0.39769305517185205,13.692208087376152,13.699781855772587,-0.4024794571663102
0.39769325517185206,13.692184653444144,13.69975829156102,-0.4031045727734284
0.39769345517185206,13.692161180150212,13.699734687119815,-0.4037300987182937
0.39769365517185207,13.692137667451812,13.699711042406332,-0.40435603423043365
0.3976938551718521,13.692114115306374,13.699687357377918,-0.40498237855995123
0.3976940551718521,13.692090523671302,13.69966363199191,-0.405609130977524
0.39769425517185203,13.692066892503998,13.69963986620565,-0.4062362907742309
0.39769445517185203,13.692043221761816,13.699616059976458,-0.406863857262248
0.39769465517185204,13.692019511402107,13.699592213261665,-0.4074918297738042
0.39769485517185205,13.691995761382206,13.699568326018593,-0.4081202076618774
0.39769505517185205,13.691971971659415,13.699544398204555,-0.4087489903000209
0.39769525517185206,13.691948142191023,13.699520429776861,-0.4093781770823625
0.39769545517185206,13.691924272934294,13.699496420692817,-0.4100077674236057
0.39769565517185207,13.69190036384648,13.699472370909726,-0.4106377607590284
0.3976958551718521,13.691876414884801,13.699448280384876,-0.41126815654448395
0.3976960551718521,13.691852426006463,13.699424149075561,-0.4118989542564007
0.39769625517185203,13.69182839716866,13.69939997693907,-0.41253015339160676
0.39769645517185204,13.69180432832854,13.699375763932666,-0.4131617534680307
0.39769665517185204,13.691780219443254,13.699351510013637,-0.41379375402365093
0.39769685517185205,13.691756070469923,13.69932721513835,-0.4144261528396039
0.39769705517185205,13.691731881365664,13.699302879262875,-0.41505894842028934
0.39769725517185206,13.691707652087565,13.699278502345523,-0.4156921428205068
0.39769745517185207,13.691683382592682,13.699254084343355,-0.41632573503218134
0.39769765517185207,13.69165907283806,13.699229625213444,-0.41695972406909465
0.3976978551718521,13.69163472278072,13.699205124912856,-0.41759410896688454
0.3976980551718521,13.69161033237766,13.699180583398654,-0.4182288887830459
0.39769825517185203,13.69158590158587,13.699156000627907,-0.4188640625967534
0.39769845517185204,13.691561430362293,13.69913137655766,-0.41949962950956743
0.39769865517185204,13.691536918663878,13.699106711144974,-0.42013558864437583
0.39769885517185205,13.691512366447542,13.69908200434691,-0.42077193914609934
0.39769905517185206,13.691487773670188,13.699057256120511,-0.42140868018151506
0.39769925517185206,13.69146314028869,13.69903246642283,-0.422045810939257
0.39769945517185207,13.691438466259909,13.699007635210918,-0.4226833306298154
0.3976996551718521,13.69141375154068,13.698982762441815,-0.42332123848553704
0.3976998551718521,13.691388996087824,13.69895784807257,-0.423959533760625
0.39770005517185203,13.691364199858146,13.698932892060224,-0.4245982157309623
0.39770025517185204,13.691339362808407,13.698907894361803,-0.42523728369481956
0.39770045517185204,13.691314484895369,13.698882854934347,-0.42587673697179246
0.39770065517185205,13.691289566075772,13.698857773734893,-0.42651657490351047
0.39770085517185205,13.691264606306332,13.698832650720469,-0.4271567968534596
0.39770105517185206,13.691239605543744,13.698807485848105,-0.4277974022069823
0.39770125517185206,13.691214563744685,13.698782279074829,-0.42843839037127746
0.39770145517185207,13.691189480865809,13.698757030357662,-0.4290797607754008
0.3977016551718521,13.69116435686375,13.698731739653626,-0.42972151287026417
0.3977018551718521,13.691139191695124,13.69870640691974,-0.4303636461286363
0.39770205517185203,13.691113985316532,13.698681032113027,-0.4310061600449637
0.39770225517185204,13.691088737684533,13.698655615190262,-0.43164905375031043
0.39770245517185204,13.691063448755695,13.69863015610549,-0.43229232293086056
0.39770265517185205,13.69103811848657,13.69860465481767,-0.4329359713046121
0.39770285517185205,13.69101274683367,13.69857911128358,-0.43357999778682843
0.39770305517185206,13.690987333753483,13.69855352546,-0.43422440131593
0.39770325517185207,13.690961879202492,13.698527897303705,-0.4348691808534938
0.39770345517185207,13.690936383137139,13.698502226771472,-0.4355143353842535
0.3977036551718521,13.690910845513866,13.698476513820085,-0.4361598639160993
0.3977038551718521,13.69088526628908,13.69845075840632,-0.43680576548007816
0.39770405517185203,13.690859645419188,13.69842496048697,-0.4374520391302145
0.39770425517185204,13.690833982860543,13.698399120018799,-0.43809868394422746
0.39770445517185204,13.690808278569511,13.698373236958597,-0.4387456990224547
0.39770465517185205,13.690782532502425,13.69834731126315,-0.43939308348856987
0.39770485517185206,13.690756744615594,13.69832134288924,-0.4400408364894034
0.39770505517185206,13.690730914865318,13.698295331793657,-0.4406889571949424
0.39770525517185207,13.690705043207869,13.698269277933184,-0.44133744479833065
0.3977054551718521,13.6906791295995,13.698243181264608,-0.44198629851586857
0.3977056551718521,13.690653173996449,13.69821704174472,-0.4426355175870132
0.39770585517185203,13.690627176354935,13.698190859330314,-0.4432851012741982
0.39770605517185204,13.69060113663114,13.698164633978166,-0.44393504886355445
0.39770625517185204,13.690575054781243,13.698138365645075,-0.44458535966382895
0.39770645517185205,13.690548930761404,13.698112054287831,-0.4452360330071054
0.39770665517185205,13.690522764527755,13.69808569986323,-0.44588706824862456
0.39770685517185206,13.690496556036413,13.69805930232806,-0.4465384647667835
0.39770705517185206,13.69047030524347,13.698032861639119,-0.4471902219631362
0.39770725517185207,13.690444012105006,13.6980063777532,-0.447842339262393
0.3977074551718521,13.690417676577075,13.697979850627103,-0.44849481611242126
0.3977076551718521,13.690391298615712,13.697953280217623,-0.4491476519842448
0.39770785517185203,13.69036487817695,13.69792666647826,-0.4498008436053968
0.39770805517185204,13.690338415216788,13.697900009366942,-0.45045439223861544
0.39770825517185204,13.690311909691207,13.697873308840974,-0.45110829758600746
0.39770845517185205,13.690285361556166,13.697846564856857,-0.45176255858178815
0.39770865517185205,13.690258770767601,13.697819777371103,-0.45241717418054456
0.39770885517185206,13.690232137281427,13.697792946340234,-0.4530721433572361
0.39770905517185207,13.69020546105355,13.697766071720775,-0.45372746510719464
0.39770925517185207,13.690178742039848,13.697739153469252,-0.4543831384461238
0.3977094551718521,13.690151980196182,13.697712191542214,-0.4550391624100996
0.3977096551718521,13.690125175478395,13.697685185896196,-0.45569553605557017
0.39770985517185203,13.690098327842312,13.697658136487762,-0.4563522584591737
0.39771005517185204,13.690071437243727,13.697631043273455,-0.4570093287184671
0.39771025517185205,13.69004450363843,13.697603906209844,-0.4576667459508329
0.39771045517185205,13.690017526982185,13.697576725253507,-0.4583245092942082
0.39771065517185206,13.689990507230739,13.697549500361017,-0.4589826179069017
0.39771085517185206,13.689963444339817,13.697522231488962,-0.459641070967595
0.39771105517185207,13.689936338265124,13.69749491859393,-0.46029986767534137
0.3977112551718521,13.689909188962355,13.697467561632525,-0.46095900724956657
0.3977114551718521,13.68988199638717,13.697440160561346,-0.4616184889300682
0.39771165517185203,13.689854760495232,13.697412715337014,-0.4622783119768332
0.39771185517185204,13.689827481242151,13.697385225916133,-0.4629384756707701
0.39771205517185204,13.689800158583552,13.697357692255332,-0.4635989793126101
0.39771225517185205,13.689772792475024,13.697330114311246,-0.4642598222236396
0.39771245517185205,13.689745382872136,13.697302492040512,-0.46492100374551765
0.39771265517185206,13.689717929730444,13.697274825399031,-0.46558252263478
0.39771285517185206,13.689690433005495,13.697247114340719,-0.46624437703557725
0.39771305517185207,13.689662892652818,13.697219358824169,-0.4669065684155925
0.3977132551718521,13.689635308627908,13.697191558805683,-0.46756909564622495
0.3977134551718521,13.689607680886244,13.69716371424156,-0.4682319576195668
0.39771365517185203,13.689580009383294,13.697135825088125,-0.4688951532482188
0.39771385517185204,13.689552294074481,13.697107891301687,-0.469558681466027
0.39771405517185204,13.689524534915236,13.697079912838594,-0.47022254122697815
0.39771425517185205,13.689496731860965,13.697051889655192,-0.47088673150593596
0.39771445517185205,13.68946888486705,13.697023821707837,-0.47155125129845693
0.39771465517185206,13.689440993888864,13.696995708952896,-0.4722160996207904
0.39771485517185207,13.689413058881753,13.696967551346752,-0.47288127550987885
0.39771505517185207,13.689385079801045,13.696939348845788,-0.4735467780233575
0.3977152551718521,13.689357056602057,13.696911101406409,-0.47421260623955425
0.3977154551718521,13.689328989240082,13.696882808985025,-0.47487875925749023
0.39771565517185203,13.689300877670405,13.696854471538062,-0.4755452361966943
0.39771585517185204,13.689272721848264,13.696826089021936,-0.47621203619794317
0.39771605517185205,13.689244521728908,13.696797661393099,-0.4768791584221515
0.39771625517185205,13.689216277267555,13.696769188608002,-0.477546602051112
0.39771645517185206,13.68918798841941,13.69674067062311,-0.47821436628730984
0.39771665517185206,13.68915965513966,13.696712107394893,-0.47888245035392357
0.39771685517185207,13.689131277383462,13.696683498879835,-0.47955085349482435
0.3977170551718521,13.68910285510597,13.696654845034432,-0.4802195749745761
0.3977172551718521,13.689074388262311,13.696626145815191,-0.480888614078436
0.39771745517185203,13.689045876807604,13.696597401178634,-0.4815579701121681
0.39771765517185204,13.689017320696923,13.696568611078487,-0.48222764075524954
0.39771785517185204,13.688988719885382,13.696539775471235,-0.48289762661773655
0.39771805517185205,13.688960074328033,13.696510894314288,-0.48356792758254796
0.39771825517185205,13.688931383979922,13.696481967563775,-0.48423854247449255
0.39771845517185206,13.688902648796066,13.696452995175836,-0.4849094701397217
0.39771865517185206,13.68887386873147,13.696423977106631,-0.4855807094457299
0.39771885517185207,13.68884504374112,13.69639491331233,-0.48625225928135485
0.3977190551718521,13.688816173779985,13.696365803749122,-0.48692411855677653
0.3977192551718521,13.688787258803021,13.696336648373206,-0.4875962862035185
0.39771945517185203,13.688758298765164,13.696307447140805,-0.48826876117426016
0.39771965517185204,13.68872929362132,13.696278200008132,-0.48894154244358395
0.39771985517185204,13.688700243326394,13.696248906931443,-0.4896146290068554
0.39772005517185205,13.688671147835272,13.696219567866992,-0.49028801988096943
0.39772025517185206,13.688642007102818,13.696190182771051,-0.49096171410416406
0.39772045517185206,13.688612821083883,13.696160751599914,-0.4916357107360202
0.39772065517185207,13.688583589733293,13.696131274309879,-0.4923100088574617
0.3977208551718521,13.688554313005868,13.696101750857261,-0.49298460757075513
0.3977210551718521,13.688524990856399,13.696072181198394,-0.49365950599951014
0.39772125517185203,13.688495623239682,13.696042565289627,-0.49433470328849227
0.39772145517185203,13.688466210110454,13.696012903087306,-0.4950101986043714
0.39772165517185204,13.688436751423474,13.695983194547816,-0.49568599113459894
0.39772185517185205,13.688407247133465,13.69595343962754,-0.49636208008815624
0.39772205517185205,13.688377697195145,13.695923638282883,-0.49703846469536755
0.39772225517185206,13.6883481015632,13.695893790470263,-0.4977151442079001
0.39772245517185206,13.68831846019231,13.69586389614576,-0.4983921176871233
0.39772265517185207,13.688288773037142,13.695833955261113,-0.4990693827014972
0.3977228551718521,13.688259040052367,13.695803967775841,-0.49974694110946283
0.3977230551718521,13.688229261192609,13.695773933645926,-0.5004247916727447
0.39772325517185203,13.688199436412491,13.695743852827365,-0.5011029331747675
0.39772345517185204,13.688169565666582,13.695713725276162,-0.50178136442141
0.39772365517185204,13.68813964890947,13.695683550948356,-0.5024600842398748
0.39772385517185205,13.688109686095721,13.695653329799999,-0.5031390914794418
0.39772405517185205,13.688079677179877,13.695623061787161,-0.5038183850112794
0.39772425517185206,13.688049622116464,13.695592746865929,-0.5044979637284454
0.39772445517185206,13.688019520860006,13.695562384992414,-0.505177826545886
0.39772465517185207,13.687989373364992,13.695531976122735,-0.5058579724004366
0.3977248551718521,13.687959179585912,13.695501520213039,-0.5065384002508211
0.3977250551718521,13.687928939477223,13.695471017219486,-0.5072191090776522
0.39772525517185203,13.687898652993393,13.695440467098264,-0.5079000978832433
0.39772545517185204,13.687868320088837,13.695409869805559,-0.5085813656923626
0.39772565517185204,13.687837940717978,13.69537922529759,-0.5092629115511008
0.39772585517185205,13.687807514835226,13.695348533530591,-0.5099447345276262
0.39772605517185206,13.687777042394965,13.695317794460824,-0.5106268337119964
0.39772625517185206,13.687746523351565,13.695287008044552,-0.5113092082161569
0.39772645517185207,13.687715957659382,13.695256174238068,-0.5119918571739434
0.3977266551718521,13.687685345272758,13.695225292997678,-0.5126747797410789
0.3977268551718521,13.687654686146013,13.695194364279713,-0.5133579750951768
0.39772705517185203,13.687623980233466,13.695163388040523,-0.5140414424355484
0.39772725517185203,13.687593227489392,13.695132364236454,-0.5147251809839639
0.39772745517185204,13.687562427868084,13.695101292820977,-0.5154091894131448
0.39772765517185205,13.687531581323826,13.695070173749107,-0.5160934673635499
0.39772785517185205,13.68750068781087,13.695039006979073,-0.5167780143720218
0.39772805517185206,13.687469747283439,13.695007792466743,-0.5174628292532495
0.39772825517185206,13.687438759695757,13.694976530168006,-0.5181479108379985
0.39772845517185207,13.687407725002027,13.69494522003878,-0.5188332579731092
0.3977286551718521,13.687376643156433,13.694913862035001,-0.5195188695214987
0.3977288551718521,13.687345514113153,13.694882456112634,-0.5202047443621594
0.39772905517185203,13.687314337826352,13.694851002227676,-0.520890881389969
0.39772925517185204,13.68728311425016,13.694819500336129,-0.5215772795164529
0.39772945517185204,13.68725184333872,13.69478795039404,-0.5222639376686405
0.39772965517185205,13.68722052504614,13.694756352357475,-0.5229508547898278
0.39772985517185205,13.687189159326529,13.69472470618252,-0.5236380298393866
0.39773005517185206,13.687157746133973,13.694693011825294,-0.5243254617927644
0.39773025517185207,13.687126285422547,13.694661269241939,-0.5250131496414846
0.39773045517185207,13.687094777146308,13.694629478388618,-0.5257010923931464
0.3977306551718521,13.687063221259303,13.694597639221522,-0.5263892890714251
0.3977308551718521,13.687031617715558,13.694565751696869,-0.5270777387160716
0.39773105517185203,13.6869999664691,13.694533815770907,-0.5277664403827212
0.39773125517185204,13.686968267473917,13.694501831399881,-0.5284553931436591
0.39773145517185204,13.686936520683998,13.694469798540098,-0.5291445960866725
0.39773165517185205,13.686904726053323,13.69443771714787,-0.5298340483158158
0.39773185517185206,13.686872883535845,13.694405587176963,-0.5305237485548167
0.39773205517185206,13.686840993085541,13.694373408582774,-0.5312136968033319
0.39773225517185207,13.686809054656344,13.694341181322885,-0.5319038924648039
0.3977324551718521,13.686777068202172,13.69430890535308,-0.5325943343340105
0.3977326551718521,13.686745033676935,13.694276580629156,-0.5332850212214949
0.39773285517185203,13.68671295103453,13.694244207106955,-0.5339759519533737
0.39773305517185203,13.686680820228819,13.694211784742318,-0.5346671253721037
0.39773325517185204,13.686648641213681,13.694179313491146,-0.5353585403353316
0.39773345517185205,13.686616413942973,13.69414679330935,-0.5360501957166613
0.39773365517185205,13.686584138370527,13.694114224152877,-0.5367420904054613
0.39773385517185206,13.686551814450182,13.694081605977699,-0.5374342233068659
0.39773405517185206,13.686519442135749,13.694048938739819,-0.538126593341774
0.39773425517185207,13.686487021381033,13.694016222395266,-0.5388191994468499
0.3977344551718521,13.686454552139827,13.6939834569001,-0.539512040574523
0.3977346551718521,13.686422034365906,13.693950642210401,-0.5402051156929877
0.39773485517185203,13.686389468013045,13.693917778282303,-0.5408984237860113
0.39773505517185204,13.68635685303498,13.693884865071924,-0.5415919638537033
0.39773525517185204,13.68632418938546,13.693851902535448,-0.5422857349113616
0.39773545517185205,13.686291477018209,13.693818890629073,-0.5429797359902411
0.39773565517185205,13.686258715886945,13.693785829309029,-0.543673966137362
0.39773585517185206,13.686225905945367,13.69375271853157,-0.5443684244155096
0.39773605517185207,13.686193047147169,13.693719558252987,-0.5450631099032345
0.39773625517185207,13.686160139446024,13.693686348426567,-0.5457580213966716
0.3977364551718521,13.686127182795625,13.693653089007876,-0.5464531590084479
0.3977366551718521,13.686094177149636,13.693619779954462,-0.5471485220170792
0.39773685517185203,13.6860611224617,13.693586421222024,-0.5478441092002205
0.39773705517185204,13.686028018685434,13.693553012766273,-0.5485399193520003
0.39773725517185204,13.685994865774466,13.69351955454296,-0.5492359512818605
0.39773745517185205,13.685961663682402,13.693486046507875,-0.5499322038153287
0.39773765517185206,13.685928412362841,13.693452488616833,-0.5506286757938266
0.39773785517185206,13.685895111769371,13.69341888082568,-0.5513253660746682
0.39773805517185207,13.685861761855566,13.693385223090292,-0.552022273531061
0.3977382551718521,13.685828362574991,13.693351515366572,-0.5527193970521057
0.3977384551718521,13.6857949138812,13.693317757610464,-0.5534167355427962
0.39773865517185203,13.685761415727743,13.693283949777944,-0.5541142879238253
0.39773885517185203,13.685727868068136,13.693250091824993,-0.5548120531323607
0.39773905517185204,13.685694270855912,13.69321618370765,-0.5555100301208816
0.39773925517185205,13.685660624044576,13.693182225381978,-0.5562082178579545
0.39773945517185205,13.685626927587629,13.693148216804067,-0.5569066153280388
0.39773965517185206,13.685593181438557,13.693114157930044,-0.5576052215314868
0.39773985517185206,13.685559385550844,13.693080048716059,-0.5583040354845443
0.39774005517185207,13.68552553987795,13.6930458891183,-0.5590030562193504
0.3977402551718521,13.68549164437333,13.693011679092978,-0.5597022827839366
0.3977404551718521,13.685457698990431,13.692977418596342,-0.5604017142422282
0.39774065517185203,13.685423703682703,13.692943107581172,-0.5611013495045224
0.39774085517185204,13.685389658403574,13.692908746003232,-0.5618011887685188
0.39774105517185204,13.685355563106478,13.69287433382001,-0.5625012311984958
0.39774125517185205,13.685321417744818,13.692839870987099,-0.5632014755698329
0.39774145517185205,13.685287222271986,13.692805357460129,-0.5639019206739244
0.39774165517185206,13.68525297664137,13.692770793194757,-0.5646025653181799
0.39774185517185207,13.685218680806353,13.692736178146687,-0.5653034083260238
0.39774205517185207,13.685184334720299,13.692701512271638,-0.5660044485368959
0.3977422551718521,13.685149938336565,13.692666795525367,-0.5667056848062512
0.3977424551718521,13.6851154916085,13.692632027863668,-0.567407116005559
0.39774265517185203,13.685080994489462,13.692597209242376,-0.5681087410221098
0.39774285517185204,13.68504644693276,13.692562339617325,-0.5688105587597929
0.39774305517185204,13.68501184889173,13.692527418944406,-0.5695125681379288
0.39774325517185205,13.68497720031968,13.692492447179546,-0.5702147680920475
0.39774345517185206,13.684942501169921,13.692457424278695,-0.5709171575736943
0.39774365517185206,13.684907751395748,13.692422350197837,-0.5716197355504294
0.39774385517185207,13.68487295095045,13.692387224892988,-0.5723225010058283
0.3977440551718521,13.6848380997873,13.692352048320195,-0.5730254529394812
0.3977442551718521,13.684803197859573,13.692316820435542,-0.573728590366994
0.39774445517185203,13.684768245120534,13.692281541195149,-0.5744319123197916
0.39774465517185204,13.684733241523418,13.692246210555146,-0.5751354178459003
0.39774485517185204,13.684698187021478,13.692210828471714,-0.575839106008776
0.39774505517185205,13.68466308156795,13.692175394897058,-0.5765429758604642
0.39774525517185205,13.684627925116096,13.692139909787214,-0.5772470276677004
0.39774545517185206,13.68459271761913,13.692104373099504,-0.5779512605101564
0.39774565517185206,13.68455745903027,13.692068784789408,-0.5786556731773771
0.39774585517185207,13.684522149302714,13.692033144812418,-0.57936026447527
0.3977460551718521,13.684486788389663,13.691997453124081,-0.5800650332261055
0.3977462551718521,13.684451376244299,13.691961709679958,-0.5807699782685164
0.39774645517185203,13.68441591281982,13.691925914435663,-0.5814750984573026
0.39774665517185204,13.684380398069383,13.691890067346806,-0.582180392664214
0.39774685517185204,13.68434483194616,13.691854168369062,-0.5828858597767759
0.39774705517185205,13.684309214403315,13.69181821745813,-0.5835914986990723
0.39774725517185205,13.684273545394007,13.691782214569733,-0.5842973083515497
0.39774745517185206,13.684237824871374,13.691746159659639,-0.5850032876710174
0.39774765517185207,13.684202052788565,13.691710052683637,-0.5857094356106471
0.39774785517185207,13.684166229098711,13.691673893597551,-0.5864157511399739
0.3977480551718521,13.684130353754936,13.691637682357245,-0.5871222332448948
0.3977482551718521,13.68409442671036,13.6916014189186,-0.58782888092767
0.39774845517185203,13.684058447918105,13.691565103237554,-0.5885356932067264
0.39774865517185204,13.684022417331258,13.691528735270037,-0.5892426691174416
0.39774885517185204,13.683986334902926,13.691492314972049,-0.5899498077109679
0.39774905517185205,13.6839502005862,13.691455842299606,-0.5906571080550161
0.39774925517185206,13.683914014334164,13.691419317208759,-0.5913645692336601
0.39774945517185206,13.683877776099903,13.691382739651056,-0.592072190480801
0.39774965517185207,13.683841485836522,13.691346109582785,-0.5927799721112934
0.3977498551718521,13.68380514349709,13.69130942696103,-0.593487913149984
0.3977500551718521,13.683768749034662,13.691272691741073,-0.5941960124232625
0.39775025517185203,13.683732302402312,13.691235903878246,-0.5949042687741949
0.39775045517185204,13.683695803553064,13.691199063327872,-0.5956126810633077
0.39775065517185204,13.683659252439977,13.691162170045336,-0.5963212481674105
0.39775085517185205,13.68362264901609,13.691125223986045,-0.5970299689803814
0.39775105517185205,13.683585993234441,13.691088225105432,-0.5977388424129702
0.39775125517185206,13.683549285048057,13.691051173358968,-0.5984478673927989
0.39775145517185206,13.683512524409968,13.691014068702145,-0.5991570428643614
0.39775165517185207,13.683475711273188,13.690976911090491,-0.5998663677890239
0.3977518551718521,13.683438845590736,13.69093970047956,-0.6005758411450242
0.3977520551718521,13.683401927315623,13.690902436824942,-0.6012854619274722
0.39775225517185203,13.683364956400865,13.690865120082258,-0.6019952291481528
0.39775245517185204,13.683327932799443,13.690827750207138,-0.6027051418363143
0.39775265517185204,13.68329085646436,13.690790327155264,-0.6034151990374854
0.39775285517185205,13.683253727348609,13.69075285088235,-0.6041253998142643
0.39775305517185205,13.683216545405172,13.690715321344127,-0.6048357432461207
0.39775325517185206,13.683179310587033,13.69067773849636,-0.6055462284293966
0.39775345517185207,13.683142022847166,13.690640102294854,-0.6062568544773064
0.39775365517185207,13.683104682138541,13.690602412695425,-0.6069676205199356
0.3977538551718521,13.683067288414136,13.690564669648898,-0.6076785259989204
0.3977540551718521,13.68302984162694,13.690526873111736,-0.608389571271184
0.39775425517185203,13.682992341729925,13.690489023040668,-0.6091007553497708
0.39775445517185204,13.682954788676025,13.690451119390668,-0.6098120771247748
0.39775465517185205,13.682917182418201,13.690413162116778,-0.6105235355034904
0.39775485517185205,13.682879522909404,13.690375151174049,-0.6112351294112022
0.39775505517185206,13.68284181010258,13.690337086517568,-0.6119468577909872
0.39775525517185206,13.682804043950672,13.690298968102434,-0.6126587196037152
0.39775545517185207,13.682766224406615,13.690260795883773,-0.6133707138280482
0.3977556551718521,13.682728351423348,13.690222569816745,-0.6140828394604413
0.3977558551718521,13.682690424953803,13.690184289856527,-0.614795095515142
0.39775605517185203,13.682652444950925,13.690145955958332,-0.6155074810239926
0.39775625517185204,13.682614411367616,13.690107568077371,-0.6162199950372207
0.39775645517185204,13.682576324156809,13.690069126168913,-0.6169326366222545
0.39775665517185205,13.682538183271427,13.690030630188234,-0.6176454048645115
0.39775685517185205,13.682499988664391,13.689992080090644,-0.6183582988672023
0.39775705517185206,13.682461740288609,13.68995347583147,-0.61907131775133
0.39775725517185206,13.682423438096995,13.68991481736607,-0.6197844606556899
0.39775745517185207,13.682385082042456,13.689876104649827,-0.6204977267368705
0.3977576551718521,13.682346672077903,13.689837337638142,-0.6212111151692525
0.3977578551718521,13.682308208156229,13.689798516286457,-0.6219246251450095
0.39775805517185203,13.68226969023035,13.689759640550232,-0.6226382558739093
0.39775825517185204,13.682231118253151,13.689720710379422,-0.6233520070312335
0.39775845517185204,13.682192492177565,13.689681725730553,-0.6240658790201712
0.39775865517185205,13.682153811956484,13.689642686559784,-0.6247798708918485
0.39775885517185205,13.682115077542798,13.689603592821692,-0.625493981632017
0.39775905517185206,13.6820762888894,13.689564444470863,-0.6262082102456835
0.39775925517185207,13.682037445949176,13.689525241461917,-0.6269225557571126
0.39775945517185207,13.68199854867501,13.689485983749469,-0.6276370172098256
0.3977596551718521,13.68195959701979,13.689446671288174,-0.6283515936666003
0.3977598551718521,13.681920590936402,13.689407304032684,-0.6290662842094716
0.39776005517185203,13.681881530377733,13.68936788193769,-0.6297810879395327
0.39776025517185204,13.681842415296646,13.689328404957864,-0.6304960039777288
0.39776045517185205,13.681803245646034,13.689288873047929,-0.6312110314636667
0.39776065517185205,13.68176402137877,13.689249286162607,-0.6319261695564087
0.39776085517185206,13.681724742447729,13.689209644256648,-0.6326414174342735
0.39776105517185206,13.681685408805793,13.68916994728481,-0.6333567742948369
0.39776125517185207,13.681646020405825,13.689130195201875,-0.6340722393549315
0.3977614551718521,13.681606577200705,13.689090387962633,-0.6347878118506467
0.3977616551718521,13.681567079143301,13.689050525521901,-0.6355034910373284
0.39776185517185203,13.68152752618649,13.689010607834515,-0.6362192761893812
0.39776205517185204,13.681487918283125,13.688970634855298,-0.6369351666010622
0.39776225517185204,13.681448255386073,13.688930606539127,-0.6376511615852891
0.39776245517185205,13.681408537448203,13.688890522840877,-0.6383672604744359
0.39776265517185205,13.681368764422398,13.68885038370953,-0.639083463200219
0.39776285517185206,13.68132893626154,13.68881018910145,-0.6397997702182749
0.39776305517185206,13.681289052918489,13.688769938971989,-0.6405161806745401
0.39776325517185207,13.681249114346107,13.688729633275093,-0.6412326936932171
0.3977634551718521,13.681209120497261,13.688689271964712,-0.6419493084197624
0.3977636551718521,13.68116907132481,13.688648854994785,-0.6426660240208873
0.39776385517185203,13.681128966781628,13.688608382319288,-0.6433828396843577
0.39776405517185204,13.681088806820558,13.688567853892145,-0.6440997546197906
0.39776425517185204,13.681048591394468,13.688527269667334,-0.6448167680574609
0.39776445517185205,13.681008320456225,13.688486629598822,-0.645533879249096
0.39776465517185206,13.680967993958683,13.688445933640574,-0.6462510874676775
0.39776485517185206,13.680927611854711,13.688405181746564,-0.6469683920074413
0.39776505517185207,13.680887174097162,13.68836437387077,-0.6476857921838779
0.3977652551718521,13.680846680638904,13.688323509967173,-0.6484032873337312
0.3977654551718521,13.680806131432789,13.688282589989758,-0.6491208768149999
0.3977656551718521,13.680765526431683,13.68824161389251,-0.6498385600069365
0.39776585517185203,13.680724865588454,13.688200581629436,-0.6505563363098485
0.39776605517185204,13.680684148855939,13.688159493154512,-0.6512742051458956
0.39776625517185205,13.68064337618701,13.688118348421748,-0.6519921659578934
0.39776645517185205,13.680602547534523,13.688077147385147,-0.6527102182101114
0.39776665517185206,13.68056166285134,13.688035889998721,-0.6534283613880731
0.39776685517185206,13.680520722090316,13.687994576216482,-0.6541465949985563
0.39776705517185207,13.680479725204332,13.687953205986245,-0.6548649192285704
0.3977672551718521,13.680438672146257,13.687911779263887,-0.6555833346213079
0.3977674551718521,13.680397562868949,13.68787029600365,-0.6563018404869045
0.39776765517185203,13.680356397325284,13.68782875615857,-0.6570204361387152
0.39776785517185204,13.680315175468097,13.687787159681628,-0.6577391209147382
0.39776805517185204,13.680273897250261,13.687745506525829,-0.6584578941764181
0.39776825517185205,13.68023256262464,13.687703796644154,-0.6591767553094443
0.39776845517185205,13.680191171544099,13.68766202998956,-0.6598957037235507
0.39776865517185206,13.680149723961497,13.687620206514998,-0.6606147388525156
0.39776885517185206,13.680108219829696,13.687578326173398,-0.6613338601541631
0.39776905517185207,13.680066659101561,13.687536388917682,-0.662053067110361
0.3977692551718521,13.680025041729959,13.687494394700757,-0.6627723592270234
0.3977694551718521,13.679983367667749,13.6874523434755,-0.6634917360341078
0.39776965517185203,13.679941636867808,13.68741023519481,-0.6642111970854175
0.39776985517185204,13.679899849282979,13.687368069811516,-0.6649307419593998
0.39777005517185204,13.679858004866135,13.687325847278478,-0.6656503702579476
0.39777025517185205,13.679816103570145,13.687283567548524,-0.6663700816071986
0.39777045517185206,13.67977414534787,13.687241230574472,-0.6670898756573347
0.39777065517185206,13.679732130152177,13.68719883630912,-0.6678097520825832
0.39777085517185207,13.679690057935934,13.687156384705256,-0.6685297105812162
0.3977710551718521,13.679647928652004,13.687113875715648,-0.6692497508755504
0.3977712551718521,13.679605742253253,13.68707130929306,-0.6699698727119475
0.3977714551718521,13.67956349869258,13.687028685383932,-0.6706900765120706
0.39777165517185203,13.679521197922856,13.68698600394318,-0.6714103629741829
0.39777185517185204,13.679478839896925,13.686943264923496,-0.6721307316511788
0.39777205517185205,13.67943642456767,13.686900468276617,-0.6728511821074665
0.39777225517185205,13.67939395188796,13.686857613954222,-0.6735717139355339
0.39777245517185206,13.679351421810669,13.686814701907942,-0.6742923267557477
0.39777265517185206,13.679308834288664,13.686771732089372,-0.6750130202163539
0.39777285517185207,13.67926618927482,13.686728704450074,-0.6757337939934777
0.3977730551718521,13.679223486722002,13.686685618941556,-0.6764546477911235
0.3977732551718521,13.679180726583084,13.686642475515294,-0.6771755813411752
0.39777345517185203,13.679137908810947,13.686599274122733,-0.6778965944031952
0.39777365517185204,13.679095033358434,13.686556014715242,-0.6786176867652259
0.39777385517185204,13.679052100178433,13.686512697244183,-0.6793388582425886
0.39777405517185205,13.679009109223808,13.686469321660867,-0.6800601086786836
0.39777425517185205,13.678966060447431,13.686425887916565,-0.6807814379447906
0.39777445517185206,13.67892295380217,13.686382395962505,-0.6815028459400686
0.39777465517185207,13.678879789240895,13.686338845749882,-0.6822243325915558
0.39777485517185207,13.678836566716473,13.686295237229837,-0.6829458978541691
0.3977750551718521,13.678793286181776,13.68625157035348,-0.6836675417107054
0.3977752551718521,13.678749947589669,13.68620784507188,-0.6843892641718406
0.39777545517185203,13.678706550893038,13.686164061336074,-0.6851110652759287
0.39777565517185204,13.67866309604472,13.68612021909702,-0.6858329450898052
0.39777585517185204,13.678619582997639,13.686076318299557,-0.6865549042225932
0.39777605517185205,13.678576011704632,13.686032358896924,-0.6872769436319522
0.39777625517185206,13.678532382118567,13.685988340839804,-0.687999063200163
0.39777645517185206,13.678488694192314,13.685944264078115,-0.688721262818786
0.39777665517185207,13.678444947878742,13.685900128561677,-0.6894435424123605
0.3977768551718521,13.678401143130717,13.685855934240246,-0.6901659019384054
0.3977770551718521,13.678357279901102,13.685811681063505,-0.6908883413874195
0.3977772551718521,13.678313358142763,13.685767368981056,-0.6916108607828806
0.39777745517185203,13.67826937780857,13.685722997942431,-0.6923334601810456
0.39777765517185204,13.67822533885136,13.685678567897064,-0.6930561396717528
0.39777785517185205,13.678181241224005,13.685634078794346,-0.693778899377218
0.39777805517185205,13.678137084879353,13.685589530583563,-0.6945017394528373
0.39777825517185206,13.678092869770262,13.68554492321395,-0.6952246600869864
0.39777845517185206,13.678048595849582,13.685500256634652,-0.6959476615010203
0.39777865517185207,13.678004263070164,13.68545553079474,-0.6966707439492732
0.3977788551718521,13.677959871384854,13.685410745643216,-0.6973939077190595
0.3977790551718521,13.677915420746501,13.68536590112899,-0.6981171531306728
0.39777925517185203,13.677870911107954,13.685320997200929,-0.6988404805371853
0.39777945517185204,13.677826342422039,13.685276033807769,-0.6995638903252511
0.39777965517185204,13.6777817146416,13.685231010898221,-0.7002873829139016
0.39777985517185205,13.677737027719482,13.6851859284209,-0.7010109587553484
0.39778005517185205,13.677692281608518,13.68514078632435,-0.7017346183347826
0.39778025517185206,13.67764747626159,13.685095584549646,-0.7024583622238593
0.39778045517185207,13.677602611631471,13.685050323051113,-0.7031821915478976
0.39778065517185207,13.677557687670985,13.685005001776013,-0.7039061070490342
0.3977808551718521,13.67751270433297,13.684959620670956,-0.7046301093336417
0.3977810551718521,13.677467661570255,13.684914179682695,-0.7053541988888736
0.39778125517185203,13.67742255933566,13.684868678758123,-0.7060783760824639
0.39778145517185204,13.677377397581981,13.684823117844225,-0.7068026411635304
0.39778165517185204,13.677332176262034,13.684777496888147,-0.707526994261369
0.39778185517185205,13.677286895328624,13.684731815837154,-0.7082514353862581
0.39778205517185206,13.677241554734541,13.684686074638645,-0.7089759644292565
0.39778225517185206,13.677196154432576,13.684640273240143,-0.7097005811622045
0.39778245517185207,13.677150694375511,13.684594411589307,-0.7104252852377237
0.3977826551718521,13.677105174516125,13.684548489633915,-0.7111500761892164
0.3977828551718521,13.677059594807181,13.684502507321877,-0.7118749534308663
0.3977830551718521,13.67701395520145,13.68445646460124,-0.7125999162576379
0.39778325517185203,13.676968255651696,13.684410361420184,-0.7133249638450756
0.39778345517185204,13.67692249611065,13.684364197726987,-0.7140500952501089
0.39778365517185205,13.67687667653107,13.684317973470087,-0.7147753094098442
0.39778385517185205,13.676830796865694,13.684271688598043,-0.7155006051423711
0.39778405517185206,13.676784857067252,13.684225343059541,-0.7162259811465592
